waste_id,date_id,store_id,product_id,waste_reason_id,quantity_wasted,unit_cost,waste_cost
WST00000001,20250101,ST001,PRD003,Overproduction,2,70.0,140.0
WST00000002,20250101,ST001,PRD008,Overproduction,2,55.0,110.0
WST00000003,20250101,ST001,PRD010,Overproduction,2,100.0,200.0
WST00000004,20250101,ST001,PRD011,Overproduction,3,140.0,420.0
WST00000005,20250101,ST001,PRD013,Overproduction,7,160.0,1120.0
WST00000006,20250101,ST001,PRD015,Overproduction,3,65.0,195.0
WST00000007,20250101,ST001,PRD016,Overproduction,1,95.0,95.0
WST00000008,20250101,ST001,PRD017,Overproduction,1,110.0,110.0
WST00000009,20250101,ST001,PRD018,Quality Issue,1,60.0,60.0
WST00000010,20250101,ST001,PRD019,Overproduction,3,35.0,105.0
WST00000011,20250101,ST001,PRD020,Overproduction,3,55.0,165.0
WST00000012,20250101,ST002,PRD005,Expired,2,35.0,70.0
WST00000013,20250101,ST002,PRD008,Overproduction,1,55.0,55.0
WST00000014,20250101,ST002,PRD011,Overproduction,6,140.0,840.0
WST00000015,20250101,ST002,PRD013,Overproduction,4,160.0,640.0
WST00000016,20250101,ST002,PRD017,Overproduction,1,110.0,110.0
WST00000017,20250101,ST002,PRD018,Overproduction,1,60.0,60.0
WST00000018,20250101,ST002,PRD019,Overproduction,1,35.0,35.0
WST00000019,20250101,ST003,PRD002,Overproduction,3,65.0,195.0
WST00000020,20250101,ST003,PRD004,Overproduction,7,80.0,560.0
WST00000021,20250101,ST003,PRD007,Overproduction,5,80.0,400.0
WST00000022,20250101,ST003,PRD009,Overproduction,3,95.0,285.0
WST00000023,20250101,ST003,PRD010,Overproduction,2,100.0,200.0
WST00000024,20250101,ST003,PRD012,Overproduction,1,180.0,180.0
WST00000025,20250101,ST003,PRD016,Overproduction,2,95.0,190.0
WST00000026,20250101,ST003,PRD018,Overproduction,2,60.0,120.0
WST00000027,20250101,ST004,PRD001,Overproduction,3,45.0,135.0
WST00000028,20250101,ST004,PRD002,Overproduction,7,65.0,455.0
WST00000029,20250101,ST004,PRD005,Overproduction,7,35.0,245.0
WST00000030,20250101,ST004,PRD007,Overproduction,8,80.0,640.0
WST00000031,20250101,ST004,PRD010,Overproduction,2,100.0,200.0
WST00000032,20250101,ST004,PRD014,Overproduction,2,110.0,220.0
WST00000033,20250101,ST004,PRD016,Overproduction,1,95.0,95.0
WST00000034,20250101,ST005,PRD003,Expired,1,70.0,70.0
WST00000035,20250101,ST005,PRD006,Overproduction,3,70.0,210.0
WST00000036,20250101,ST005,PRD008,Expired,4,55.0,220.0
WST00000037,20250101,ST005,PRD011,Overproduction,4,140.0,560.0
WST00000038,20250101,ST005,PRD012,Overproduction,3,180.0,540.0
WST00000039,20250101,ST005,PRD014,Overproduction,2,110.0,220.0
WST00000040,20250101,ST005,PRD020,Overproduction,2,55.0,110.0
WST00000041,20250102,ST001,PRD001,Overproduction,9,45.0,405.0
WST00000042,20250102,ST001,PRD005,Expired,4,35.0,140.0
WST00000043,20250102,ST001,PRD007,Expired,1,80.0,80.0
WST00000044,20250102,ST001,PRD008,Overproduction,3,55.0,165.0
WST00000045,20250102,ST001,PRD009,Overproduction,2,95.0,190.0
WST00000046,20250102,ST001,PRD011,Overproduction,4,140.0,560.0
WST00000047,20250102,ST001,PRD014,Overproduction,2,110.0,220.0
WST00000048,20250102,ST001,PRD019,Overproduction,1,35.0,35.0
WST00000049,20250102,ST001,PRD020,Overproduction,2,55.0,110.0
WST00000050,20250102,ST002,PRD002,Overproduction,4,65.0,260.0
WST00000051,20250102,ST002,PRD008,Overproduction,2,55.0,110.0
WST00000052,20250102,ST002,PRD011,Overproduction,3,140.0,420.0
WST00000053,20250102,ST002,PRD013,Overproduction,2,160.0,320.0
WST00000054,20250102,ST002,PRD014,Overproduction,3,110.0,330.0
WST00000055,20250102,ST002,PRD017,Overproduction,2,110.0,220.0
WST00000056,20250102,ST003,PRD003,Expired,3,70.0,210.0
WST00000057,20250102,ST003,PRD004,Overproduction,2,80.0,160.0
WST00000058,20250102,ST003,PRD008,Overproduction,2,55.0,110.0
WST00000059,20250102,ST003,PRD011,Overproduction,2,140.0,280.0
WST00000060,20250102,ST003,PRD012,Overproduction,1,180.0,180.0
WST00000061,20250102,ST003,PRD015,Overproduction,2,65.0,130.0
WST00000062,20250102,ST003,PRD016,Overproduction,1,95.0,95.0
WST00000063,20250102,ST003,PRD018,Overproduction,3,60.0,180.0
WST00000064,20250102,ST004,PRD001,Overproduction,5,45.0,225.0
WST00000065,20250102,ST004,PRD002,Overproduction,10,65.0,650.0
WST00000066,20250102,ST004,PRD005,Overproduction,5,35.0,175.0
WST00000067,20250102,ST004,PRD006,Overproduction,5,70.0,350.0
WST00000068,20250102,ST004,PRD008,Overproduction,6,55.0,330.0
WST00000069,20250102,ST004,PRD011,Overproduction,1,140.0,140.0
WST00000070,20250102,ST004,PRD014,Overproduction,3,110.0,330.0
WST00000071,20250102,ST004,PRD016,Overproduction,2,95.0,190.0
WST00000072,20250102,ST004,PRD017,Overproduction,1,110.0,110.0
WST00000073,20250102,ST004,PRD018,Overproduction,1,60.0,60.0
WST00000074,20250102,ST004,PRD019,Overproduction,2,35.0,70.0
WST00000075,20250102,ST005,PRD002,Overproduction,2,65.0,130.0
WST00000076,20250102,ST005,PRD003,Expired,1,70.0,70.0
WST00000077,20250102,ST005,PRD004,Expired,1,80.0,80.0
WST00000078,20250102,ST005,PRD006,Expired,3,70.0,210.0
WST00000079,20250102,ST005,PRD007,Overproduction,3,80.0,240.0
WST00000080,20250102,ST005,PRD009,Expired,1,95.0,95.0
WST00000081,20250102,ST005,PRD011,Overproduction,1,140.0,140.0
WST00000082,20250102,ST005,PRD015,Overproduction,3,65.0,195.0
WST00000083,20250102,ST005,PRD016,Overproduction,3,95.0,285.0
WST00000084,20250102,ST005,PRD020,Overproduction,1,55.0,55.0
WST00000085,20250103,ST001,PRD001,Expired,1,45.0,45.0
WST00000086,20250103,ST001,PRD003,Overproduction,2,70.0,140.0
WST00000087,20250103,ST001,PRD006,Overproduction,7,70.0,490.0
WST00000088,20250103,ST001,PRD010,Overproduction,1,100.0,100.0
WST00000089,20250103,ST001,PRD015,Overproduction,4,65.0,260.0
WST00000090,20250103,ST002,PRD001,Overproduction,5,45.0,225.0
WST00000091,20250103,ST002,PRD002,Overproduction,3,65.0,195.0
WST00000092,20250103,ST002,PRD003,Overproduction,5,70.0,350.0
WST00000093,20250103,ST002,PRD004,Overproduction,4,80.0,320.0
WST00000094,20250103,ST002,PRD005,Overproduction,7,35.0,245.0
WST00000095,20250103,ST002,PRD006,Overproduction,4,70.0,280.0
WST00000096,20250103,ST002,PRD009,Overproduction,3,95.0,285.0
WST00000097,20250103,ST002,PRD019,Overproduction,2,35.0,70.0
WST00000098,20250103,ST002,PRD020,Overproduction,2,55.0,110.0
WST00000099,20250103,ST003,PRD003,Overproduction,6,70.0,420.0
WST00000100,20250103,ST003,PRD005,Expired,2,35.0,70.0
WST00000101,20250103,ST003,PRD008,Expired,1,55.0,55.0
WST00000102,20250103,ST003,PRD017,Overproduction,1,110.0,110.0
WST00000103,20250103,ST003,PRD018,Overproduction,1,60.0,60.0
WST00000104,20250103,ST004,PRD001,Overproduction,6,45.0,270.0
WST00000105,20250103,ST004,PRD002,Overproduction,6,65.0,390.0
WST00000106,20250103,ST004,PRD003,Overproduction,4,70.0,280.0
WST00000107,20250103,ST004,PRD004,Overproduction,5,80.0,400.0
WST00000108,20250103,ST004,PRD007,Expired,2,80.0,160.0
WST00000109,20250103,ST004,PRD008,Overproduction,4,55.0,220.0
WST00000110,20250103,ST004,PRD010,Overproduction,1,100.0,100.0
WST00000111,20250103,ST004,PRD011,Overproduction,7,140.0,980.0
WST00000112,20250103,ST004,PRD014,Overproduction,2,110.0,220.0
WST00000113,20250103,ST004,PRD016,Overproduction,1,95.0,95.0
WST00000114,20250103,ST004,PRD018,Overproduction,2,60.0,120.0
WST00000115,20250103,ST004,PRD020,Overproduction,2,55.0,110.0
WST00000116,20250103,ST005,PRD003,Overproduction,6,70.0,420.0
WST00000117,20250103,ST005,PRD005,Overproduction,4,35.0,140.0
WST00000118,20250103,ST005,PRD006,Overproduction,1,70.0,70.0
WST00000119,20250103,ST005,PRD007,Overproduction,7,80.0,560.0
WST00000120,20250103,ST005,PRD011,Preparation Error,1,140.0,140.0
WST00000121,20250103,ST005,PRD013,Overproduction,3,160.0,480.0
WST00000122,20250103,ST005,PRD016,Overproduction,2,95.0,190.0
WST00000123,20250104,ST001,PRD003,Overproduction,9,70.0,630.0
WST00000124,20250104,ST001,PRD006,Expired,3,70.0,210.0
WST00000125,20250104,ST001,PRD008,Expired,3,55.0,165.0
WST00000126,20250104,ST001,PRD009,Overproduction,3,95.0,285.0
WST00000127,20250104,ST001,PRD015,Damaged,1,65.0,65.0
WST00000128,20250104,ST001,PRD016,Overproduction,2,95.0,190.0
WST00000129,20250104,ST002,PRD001,Overproduction,13,45.0,585.0
WST00000130,20250104,ST002,PRD003,Overproduction,4,70.0,280.0
WST00000131,20250104,ST002,PRD004,Overproduction,4,80.0,320.0
WST00000132,20250104,ST002,PRD007,Overproduction,6,80.0,480.0
WST00000133,20250104,ST002,PRD008,Overproduction,4,55.0,220.0
WST00000134,20250104,ST002,PRD012,Overproduction,3,180.0,540.0
WST00000135,20250104,ST002,PRD013,Overproduction,2,160.0,320.0
WST00000136,20250104,ST002,PRD017,Overproduction,3,110.0,330.0
WST00000137,20250104,ST002,PRD018,Overproduction,1,60.0,60.0
WST00000138,20250104,ST002,PRD019,Overproduction,5,35.0,175.0
WST00000139,20250104,ST003,PRD006,Overproduction,4,70.0,280.0
WST00000140,20250104,ST003,PRD007,Overproduction,5,80.0,400.0
WST00000141,20250104,ST003,PRD008,Overproduction,5,55.0,275.0
WST00000142,20250104,ST003,PRD009,Overproduction,2,95.0,190.0
WST00000143,20250104,ST003,PRD011,Overproduction,1,140.0,140.0
WST00000144,20250104,ST003,PRD014,Overproduction,3,110.0,330.0
WST00000145,20250104,ST003,PRD016,Overproduction,1,95.0,95.0
WST00000146,20250104,ST003,PRD017,Overproduction,1,110.0,110.0
WST00000147,20250104,ST003,PRD018,Quality Issue,1,60.0,60.0
WST00000148,20250104,ST004,PRD002,Overproduction,4,65.0,260.0
WST00000149,20250104,ST004,PRD003,Overproduction,9,70.0,630.0
WST00000150,20250104,ST004,PRD007,Overproduction,4,80.0,320.0
WST00000151,20250104,ST004,PRD008,Overproduction,3,55.0,165.0
WST00000152,20250104,ST004,PRD011,Overproduction,3,140.0,420.0
WST00000153,20250104,ST004,PRD014,Overproduction,2,110.0,220.0
WST00000154,20250104,ST004,PRD018,Overproduction,7,60.0,420.0
WST00000155,20250104,ST005,PRD001,Overproduction,4,45.0,180.0
WST00000156,20250104,ST005,PRD003,Overproduction,3,70.0,210.0
WST00000157,20250104,ST005,PRD006,Expired,2,70.0,140.0
WST00000158,20250104,ST005,PRD009,Overproduction,5,95.0,475.0
WST00000159,20250104,ST005,PRD011,Overproduction,4,140.0,560.0
WST00000160,20250104,ST005,PRD012,Overproduction,3,180.0,540.0
WST00000161,20250104,ST005,PRD014,Overproduction,2,110.0,220.0
WST00000162,20250104,ST005,PRD016,Overproduction,1,95.0,95.0
WST00000163,20250104,ST005,PRD017,Overproduction,3,110.0,330.0
WST00000164,20250104,ST005,PRD020,Overproduction,1,55.0,55.0
WST00000165,20250105,ST001,PRD002,Overproduction,5,65.0,325.0
WST00000166,20250105,ST001,PRD010,Overproduction,1,100.0,100.0
WST00000167,20250105,ST001,PRD011,Overproduction,3,140.0,420.0
WST00000168,20250105,ST001,PRD012,Overproduction,4,180.0,720.0
WST00000169,20250105,ST001,PRD013,Overproduction,4,160.0,640.0
WST00000170,20250105,ST001,PRD015,Overproduction,2,65.0,130.0
WST00000171,20250105,ST001,PRD016,Overproduction,2,95.0,190.0
WST00000172,20250105,ST001,PRD018,Overproduction,2,60.0,120.0
WST00000173,20250105,ST001,PRD020,Overproduction,3,55.0,165.0
WST00000174,20250105,ST002,PRD002,Overproduction,5,65.0,325.0
WST00000175,20250105,ST002,PRD003,Overproduction,10,70.0,700.0
WST00000176,20250105,ST002,PRD005,Overproduction,5,35.0,175.0
WST00000177,20250105,ST002,PRD008,Overproduction,7,55.0,385.0
WST00000178,20250105,ST002,PRD009,Overproduction,2,95.0,190.0
WST00000179,20250105,ST002,PRD011,Overproduction,1,140.0,140.0
WST00000180,20250105,ST002,PRD012,Overproduction,2,180.0,360.0
WST00000181,20250105,ST002,PRD016,Overproduction,1,95.0,95.0
WST00000182,20250105,ST002,PRD018,Overproduction,3,60.0,180.0
WST00000183,20250105,ST003,PRD003,Overproduction,3,70.0,210.0
WST00000184,20250105,ST003,PRD007,Expired,1,80.0,80.0
WST00000185,20250105,ST003,PRD010,Expired,1,100.0,100.0
WST00000186,20250105,ST003,PRD011,Overproduction,2,140.0,280.0
WST00000187,20250105,ST003,PRD012,Overproduction,5,180.0,900.0
WST00000188,20250105,ST003,PRD014,Overproduction,2,110.0,220.0
WST00000189,20250105,ST003,PRD016,Overproduction,1,95.0,95.0
WST00000190,20250105,ST003,PRD019,Overproduction,2,35.0,70.0
WST00000191,20250105,ST003,PRD020,Overproduction,1,55.0,55.0
WST00000192,20250105,ST004,PRD001,Overproduction,12,45.0,540.0
WST00000193,20250105,ST004,PRD002,Overproduction,7,65.0,455.0
WST00000194,20250105,ST004,PRD008,Overproduction,5,55.0,275.0
WST00000195,20250105,ST004,PRD009,Overproduction,2,95.0,190.0
WST00000196,20250105,ST004,PRD010,Overproduction,3,100.0,300.0
WST00000197,20250105,ST004,PRD011,Overproduction,5,140.0,700.0
WST00000198,20250105,ST004,PRD012,Overproduction,7,180.0,1260.0
WST00000199,20250105,ST004,PRD014,Overproduction,2,110.0,220.0
WST00000200,20250105,ST004,PRD015,Overproduction,11,65.0,715.0
WST00000201,20250105,ST004,PRD016,Overproduction,2,95.0,190.0
WST00000202,20250105,ST004,PRD017,Overproduction,3,110.0,330.0
WST00000203,20250105,ST005,PRD001,Overproduction,4,45.0,180.0
WST00000204,20250105,ST005,PRD002,Overproduction,6,65.0,390.0
WST00000205,20250105,ST005,PRD005,Overproduction,4,35.0,140.0
WST00000206,20250105,ST005,PRD007,Overproduction,3,80.0,240.0
WST00000207,20250105,ST005,PRD013,Overproduction,3,160.0,480.0
WST00000208,20250105,ST005,PRD014,Overproduction,3,110.0,330.0
WST00000209,20250105,ST005,PRD018,Overproduction,2,60.0,120.0
WST00000210,20250105,ST005,PRD020,Overproduction,3,55.0,165.0
WST00000211,20250106,ST001,PRD002,Overproduction,5,65.0,325.0
WST00000212,20250106,ST001,PRD005,Overproduction,6,35.0,210.0
WST00000213,20250106,ST001,PRD006,Overproduction,5,70.0,350.0
WST00000214,20250106,ST001,PRD012,Overproduction,4,180.0,720.0
WST00000215,20250106,ST001,PRD017,Damaged,1,110.0,110.0
WST00000216,20250106,ST002,PRD001,Overproduction,5,45.0,225.0
WST00000217,20250106,ST002,PRD002,Overproduction,4,65.0,260.0
WST00000218,20250106,ST002,PRD003,Overproduction,6,70.0,420.0
WST00000219,20250106,ST002,PRD005,Overproduction,3,35.0,105.0
WST00000220,20250106,ST002,PRD006,Overproduction,4,70.0,280.0
WST00000221,20250106,ST002,PRD008,Overproduction,3,55.0,165.0
WST00000222,20250106,ST002,PRD010,Overproduction,2,100.0,200.0
WST00000223,20250106,ST002,PRD011,Overproduction,2,140.0,280.0
WST00000224,20250106,ST002,PRD014,Preparation Error,1,110.0,110.0
WST00000225,20250106,ST002,PRD017,Preparation Error,1,110.0,110.0
WST00000226,20250106,ST002,PRD018,Overproduction,2,60.0,120.0
WST00000227,20250106,ST002,PRD019,Overproduction,1,35.0,35.0
WST00000228,20250106,ST002,PRD020,Overproduction,1,55.0,55.0
WST00000229,20250106,ST003,PRD004,Expired,1,80.0,80.0
WST00000230,20250106,ST003,PRD006,Overproduction,2,70.0,140.0
WST00000231,20250106,ST003,PRD009,Overproduction,2,95.0,190.0
WST00000232,20250106,ST003,PRD013,Overproduction,2,160.0,320.0
WST00000233,20250106,ST003,PRD014,Overproduction,2,110.0,220.0
WST00000234,20250106,ST003,PRD015,Preparation Error,1,65.0,65.0
WST00000235,20250106,ST003,PRD020,Overproduction,1,55.0,55.0
WST00000236,20250106,ST004,PRD001,Overproduction,5,45.0,225.0
WST00000237,20250106,ST004,PRD002,Overproduction,6,65.0,390.0
WST00000238,20250106,ST004,PRD004,Overproduction,12,80.0,960.0
WST00000239,20250106,ST004,PRD006,Expired,3,70.0,210.0
WST00000240,20250106,ST004,PRD008,Overproduction,4,55.0,220.0
WST00000241,20250106,ST004,PRD010,Expired,1,100.0,100.0
WST00000242,20250106,ST004,PRD011,Overproduction,2,140.0,280.0
WST00000243,20250106,ST004,PRD013,Preparation Error,1,160.0,160.0
WST00000244,20250106,ST004,PRD014,Overproduction,2,110.0,220.0
WST00000245,20250106,ST004,PRD018,Overproduction,1,60.0,60.0
WST00000246,20250106,ST004,PRD020,Overproduction,1,55.0,55.0
WST00000247,20250106,ST005,PRD002,Overproduction,4,65.0,260.0
WST00000248,20250106,ST005,PRD004,Expired,2,80.0,160.0
WST00000249,20250106,ST005,PRD010,Overproduction,1,100.0,100.0
WST00000250,20250106,ST005,PRD011,Overproduction,2,140.0,280.0
WST00000251,20250106,ST005,PRD014,Overproduction,2,110.0,220.0
WST00000252,20250106,ST005,PRD019,Overproduction,2,35.0,70.0
WST00000253,20250106,ST005,PRD020,Overproduction,1,55.0,55.0
WST00000254,20250107,ST001,PRD001,Overproduction,4,45.0,180.0
WST00000255,20250107,ST001,PRD007,Overproduction,4,80.0,320.0
WST00000256,20250107,ST001,PRD008,Overproduction,7,55.0,385.0
WST00000257,20250107,ST001,PRD009,Overproduction,2,95.0,190.0
WST00000258,20250107,ST001,PRD011,Overproduction,2,140.0,280.0
WST00000259,20250107,ST001,PRD013,Overproduction,4,160.0,640.0
WST00000260,20250107,ST001,PRD014,Overproduction,2,110.0,220.0
WST00000261,20250107,ST001,PRD016,Overproduction,1,95.0,95.0
WST00000262,20250107,ST001,PRD017,Overproduction,2,110.0,220.0
WST00000263,20250107,ST001,PRD018,Damaged,1,60.0,60.0
WST00000264,20250107,ST002,PRD005,Overproduction,8,35.0,280.0
WST00000265,20250107,ST002,PRD006,Expired,1,70.0,70.0
WST00000266,20250107,ST002,PRD008,Overproduction,4,55.0,220.0
WST00000267,20250107,ST002,PRD009,Overproduction,3,95.0,285.0
WST00000268,20250107,ST002,PRD013,Quality Issue,1,160.0,160.0
WST00000269,20250107,ST002,PRD020,Overproduction,2,55.0,110.0
WST00000270,20250107,ST003,PRD003,Overproduction,4,70.0,280.0
WST00000271,20250107,ST003,PRD004,Overproduction,4,80.0,320.0
WST00000272,20250107,ST003,PRD005,Expired,1,35.0,35.0
WST00000273,20250107,ST003,PRD007,Overproduction,4,80.0,320.0
WST00000274,20250107,ST003,PRD009,Overproduction,1,95.0,95.0
WST00000275,20250107,ST003,PRD011,Overproduction,3,140.0,420.0
WST00000276,20250107,ST003,PRD012,Overproduction,2,180.0,360.0
WST00000277,20250107,ST003,PRD013,Overproduction,1,160.0,160.0
WST00000278,20250107,ST003,PRD017,Overproduction,1,110.0,110.0
WST00000279,20250107,ST004,PRD001,Overproduction,3,45.0,135.0
WST00000280,20250107,ST004,PRD003,Expired,2,70.0,140.0
WST00000281,20250107,ST004,PRD005,Overproduction,8,35.0,280.0
WST00000282,20250107,ST004,PRD006,Overproduction,2,70.0,140.0
WST00000283,20250107,ST004,PRD007,Expired,1,80.0,80.0
WST00000284,20250107,ST004,PRD010,Overproduction,2,100.0,200.0
WST00000285,20250107,ST004,PRD012,Overproduction,2,180.0,360.0
WST00000286,20250107,ST004,PRD013,Overproduction,2,160.0,320.0
WST00000287,20250107,ST004,PRD014,Overproduction,4,110.0,440.0
WST00000288,20250107,ST004,PRD017,Overproduction,7,110.0,770.0
WST00000289,20250107,ST004,PRD018,Overproduction,1,60.0,60.0
WST00000290,20250107,ST004,PRD020,Overproduction,3,55.0,165.0
WST00000291,20250107,ST005,PRD002,Overproduction,3,65.0,195.0
WST00000292,20250107,ST005,PRD004,Overproduction,2,80.0,160.0
WST00000293,20250107,ST005,PRD005,Expired,1,35.0,35.0
WST00000294,20250107,ST005,PRD011,Overproduction,3,140.0,420.0
WST00000295,20250107,ST005,PRD012,Overproduction,6,180.0,1080.0
WST00000296,20250107,ST005,PRD014,Overproduction,3,110.0,330.0
WST00000297,20250107,ST005,PRD018,Overproduction,1,60.0,60.0
WST00000298,20250107,ST005,PRD019,Overproduction,1,35.0,35.0
WST00000299,20250108,ST001,PRD002,Expired,1,65.0,65.0
WST00000300,20250108,ST001,PRD004,Overproduction,5,80.0,400.0
WST00000301,20250108,ST001,PRD010,Overproduction,1,100.0,100.0
WST00000302,20250108,ST001,PRD012,Overproduction,4,180.0,720.0
WST00000303,20250108,ST001,PRD014,Overproduction,4,110.0,440.0
WST00000304,20250108,ST001,PRD016,Overproduction,2,95.0,190.0
WST00000305,20250108,ST001,PRD017,Overproduction,1,110.0,110.0
WST00000306,20250108,ST001,PRD018,Overproduction,4,60.0,240.0
WST00000307,20250108,ST001,PRD020,Overproduction,1,55.0,55.0
WST00000308,20250108,ST002,PRD003,Overproduction,7,70.0,490.0
WST00000309,20250108,ST002,PRD005,Expired,1,35.0,35.0
WST00000310,20250108,ST002,PRD008,Overproduction,3,55.0,165.0
WST00000311,20250108,ST002,PRD009,Expired,1,95.0,95.0
WST00000312,20250108,ST002,PRD010,Overproduction,1,100.0,100.0
WST00000313,20250108,ST002,PRD011,Damaged,1,140.0,140.0
WST00000314,20250108,ST002,PRD012,Overproduction,2,180.0,360.0
WST00000315,20250108,ST002,PRD014,Overproduction,5,110.0,550.0
WST00000316,20250108,ST002,PRD015,Overproduction,2,65.0,130.0
WST00000317,20250108,ST002,PRD016,Overproduction,2,95.0,190.0
WST00000318,20250108,ST002,PRD017,Overproduction,1,110.0,110.0
WST00000319,20250108,ST002,PRD020,Overproduction,1,55.0,55.0
WST00000320,20250108,ST003,PRD006,Overproduction,3,70.0,210.0
WST00000321,20250108,ST003,PRD007,Overproduction,6,80.0,480.0
WST00000322,20250108,ST003,PRD008,Overproduction,6,55.0,330.0
WST00000323,20250108,ST003,PRD010,Expired,1,100.0,100.0
WST00000324,20250108,ST003,PRD011,Overproduction,2,140.0,280.0
WST00000325,20250108,ST003,PRD016,Overproduction,1,95.0,95.0
WST00000326,20250108,ST003,PRD017,Overproduction,1,110.0,110.0
WST00000327,20250108,ST004,PRD002,Overproduction,4,65.0,260.0
WST00000328,20250108,ST004,PRD008,Overproduction,6,55.0,330.0
WST00000329,20250108,ST004,PRD009,Overproduction,4,95.0,380.0
WST00000330,20250108,ST004,PRD011,Overproduction,2,140.0,280.0
WST00000331,20250108,ST004,PRD013,Overproduction,1,160.0,160.0
WST00000332,20250108,ST004,PRD014,Overproduction,3,110.0,330.0
WST00000333,20250108,ST004,PRD015,Overproduction,6,65.0,390.0
WST00000334,20250108,ST004,PRD016,Overproduction,2,95.0,190.0
WST00000335,20250108,ST005,PRD003,Overproduction,8,70.0,560.0
WST00000336,20250108,ST005,PRD004,Expired,2,80.0,160.0
WST00000337,20250108,ST005,PRD005,Overproduction,2,35.0,70.0
WST00000338,20250108,ST005,PRD006,Overproduction,6,70.0,420.0
WST00000339,20250108,ST005,PRD009,Overproduction,2,95.0,190.0
WST00000340,20250108,ST005,PRD016,Overproduction,4,95.0,380.0
WST00000341,20250109,ST001,PRD001,Overproduction,10,45.0,450.0
WST00000342,20250109,ST001,PRD002,Overproduction,3,65.0,195.0
WST00000343,20250109,ST001,PRD003,Overproduction,3,70.0,210.0
WST00000344,20250109,ST001,PRD004,Overproduction,4,80.0,320.0
WST00000345,20250109,ST001,PRD006,Overproduction,5,70.0,350.0
WST00000346,20250109,ST001,PRD007,Overproduction,5,80.0,400.0
WST00000347,20250109,ST001,PRD012,Overproduction,1,180.0,180.0
WST00000348,20250109,ST001,PRD017,Overproduction,1,110.0,110.0
WST00000349,20250109,ST001,PRD018,Overproduction,1,60.0,60.0
WST00000350,20250109,ST002,PRD007,Overproduction,6,80.0,480.0
WST00000351,20250109,ST002,PRD008,Expired,1,55.0,55.0
WST00000352,20250109,ST002,PRD010,Overproduction,3,100.0,300.0
WST00000353,20250109,ST002,PRD011,Overproduction,3,140.0,420.0
WST00000354,20250109,ST002,PRD013,Overproduction,2,160.0,320.0
WST00000355,20250109,ST002,PRD017,Overproduction,1,110.0,110.0
WST00000356,20250109,ST003,PRD001,Overproduction,1,45.0,45.0
WST00000357,20250109,ST003,PRD004,Overproduction,3,80.0,240.0
WST00000358,20250109,ST003,PRD005,Overproduction,3,35.0,105.0
WST00000359,20250109,ST003,PRD006,Overproduction,2,70.0,140.0
WST00000360,20250109,ST003,PRD011,Overproduction,1,140.0,140.0
WST00000361,20250109,ST003,PRD014,Overproduction,2,110.0,220.0
WST00000362,20250109,ST003,PRD015,Damaged,1,65.0,65.0
WST00000363,20250109,ST003,PRD016,Overproduction,1,95.0,95.0
WST00000364,20250109,ST003,PRD019,Overproduction,3,35.0,105.0
WST00000365,20250109,ST003,PRD020,Overproduction,1,55.0,55.0
WST00000366,20250109,ST004,PRD003,Overproduction,10,70.0,700.0
WST00000367,20250109,ST004,PRD004,Overproduction,3,80.0,240.0
WST00000368,20250109,ST004,PRD007,Overproduction,3,80.0,240.0
WST00000369,20250109,ST004,PRD009,Overproduction,3,95.0,285.0
WST00000370,20250109,ST004,PRD013,Overproduction,6,160.0,960.0
WST00000371,20250109,ST004,PRD020,Overproduction,4,55.0,220.0
WST00000372,20250109,ST005,PRD002,Expired,1,65.0,65.0
WST00000373,20250109,ST005,PRD008,Overproduction,7,55.0,385.0
WST00000374,20250109,ST005,PRD011,Overproduction,4,140.0,560.0
WST00000375,20250109,ST005,PRD012,Overproduction,5,180.0,900.0
WST00000376,20250109,ST005,PRD014,Overproduction,1,110.0,110.0
WST00000377,20250109,ST005,PRD017,Overproduction,2,110.0,220.0
WST00000378,20250110,ST001,PRD001,Expired,2,45.0,90.0
WST00000379,20250110,ST001,PRD005,Overproduction,3,35.0,105.0
WST00000380,20250110,ST001,PRD007,Overproduction,4,80.0,320.0
WST00000381,20250110,ST001,PRD010,Overproduction,1,100.0,100.0
WST00000382,20250110,ST001,PRD011,Preparation Error,1,140.0,140.0
WST00000383,20250110,ST001,PRD012,Overproduction,4,180.0,720.0
WST00000384,20250110,ST001,PRD013,Overproduction,3,160.0,480.0
WST00000385,20250110,ST001,PRD014,Overproduction,4,110.0,440.0
WST00000386,20250110,ST001,PRD015,Overproduction,3,65.0,195.0
WST00000387,20250110,ST001,PRD017,Overproduction,4,110.0,440.0
WST00000388,20250110,ST001,PRD018,Overproduction,3,60.0,180.0
WST00000389,20250110,ST002,PRD003,Overproduction,6,70.0,420.0
WST00000390,20250110,ST002,PRD008,Overproduction,2,55.0,110.0
WST00000391,20250110,ST002,PRD009,Overproduction,2,95.0,190.0
WST00000392,20250110,ST002,PRD010,Overproduction,4,100.0,400.0
WST00000393,20250110,ST002,PRD011,Overproduction,3,140.0,420.0
WST00000394,20250110,ST002,PRD016,Overproduction,3,95.0,285.0
WST00000395,20250110,ST003,PRD001,Expired,1,45.0,45.0
WST00000396,20250110,ST003,PRD002,Overproduction,2,65.0,130.0
WST00000397,20250110,ST003,PRD004,Overproduction,5,80.0,400.0
WST00000398,20250110,ST003,PRD007,Overproduction,3,80.0,240.0
WST00000399,20250110,ST003,PRD009,Overproduction,1,95.0,95.0
WST00000400,20250110,ST003,PRD012,Overproduction,1,180.0,180.0
WST00000401,20250110,ST004,PRD001,Overproduction,5,45.0,225.0
WST00000402,20250110,ST004,PRD004,Overproduction,5,80.0,400.0
WST00000403,20250110,ST004,PRD006,Overproduction,5,70.0,350.0
WST00000404,20250110,ST004,PRD009,Overproduction,2,95.0,190.0
WST00000405,20250110,ST004,PRD010,Overproduction,3,100.0,300.0
WST00000406,20250110,ST004,PRD012,Overproduction,9,180.0,1620.0
WST00000407,20250110,ST004,PRD014,Overproduction,3,110.0,330.0
WST00000408,20250110,ST004,PRD015,Overproduction,4,65.0,260.0
WST00000409,20250110,ST004,PRD017,Overproduction,2,110.0,220.0
WST00000410,20250110,ST005,PRD003,Overproduction,4,70.0,280.0
WST00000411,20250110,ST005,PRD008,Overproduction,2,55.0,110.0
WST00000412,20250110,ST005,PRD009,Overproduction,3,95.0,285.0
WST00000413,20250110,ST005,PRD012,Overproduction,2,180.0,360.0
WST00000414,20250110,ST005,PRD018,Overproduction,2,60.0,120.0
WST00000415,20250110,ST005,PRD019,Overproduction,2,35.0,70.0
WST00000416,20250111,ST001,PRD004,Overproduction,9,80.0,720.0
WST00000417,20250111,ST001,PRD006,Expired,3,70.0,210.0
WST00000418,20250111,ST001,PRD007,Overproduction,5,80.0,400.0
WST00000419,20250111,ST001,PRD008,Overproduction,5,55.0,275.0
WST00000420,20250111,ST001,PRD013,Overproduction,6,160.0,960.0
WST00000421,20250111,ST001,PRD014,Overproduction,1,110.0,110.0
WST00000422,20250111,ST001,PRD017,Overproduction,2,110.0,220.0
WST00000423,20250111,ST001,PRD018,Overproduction,2,60.0,120.0
WST00000424,20250111,ST002,PRD001,Overproduction,7,45.0,315.0
WST00000425,20250111,ST002,PRD003,Overproduction,6,70.0,420.0
WST00000426,20250111,ST002,PRD007,Overproduction,3,80.0,240.0
WST00000427,20250111,ST002,PRD008,Overproduction,5,55.0,275.0
WST00000428,20250111,ST002,PRD011,Overproduction,2,140.0,280.0
WST00000429,20250111,ST002,PRD014,Damaged,1,110.0,110.0
WST00000430,20250111,ST002,PRD017,Overproduction,2,110.0,220.0
WST00000431,20250111,ST003,PRD001,Expired,1,45.0,45.0
WST00000432,20250111,ST003,PRD006,Overproduction,4,70.0,280.0
WST00000433,20250111,ST003,PRD007,Overproduction,2,80.0,160.0
WST00000434,20250111,ST003,PRD010,Overproduction,1,100.0,100.0
WST00000435,20250111,ST003,PRD013,Overproduction,3,160.0,480.0
WST00000436,20250111,ST003,PRD014,Overproduction,1,110.0,110.0
WST00000437,20250111,ST003,PRD019,Overproduction,3,35.0,105.0
WST00000438,20250111,ST003,PRD020,Damaged,1,55.0,55.0
WST00000439,20250111,ST004,PRD005,Overproduction,5,35.0,175.0
WST00000440,20250111,ST004,PRD006,Overproduction,4,70.0,280.0
WST00000441,20250111,ST004,PRD009,Overproduction,2,95.0,190.0
WST00000442,20250111,ST004,PRD011,Quality Issue,1,140.0,140.0
WST00000443,20250111,ST004,PRD012,Overproduction,5,180.0,900.0
WST00000444,20250111,ST004,PRD013,Overproduction,4,160.0,640.0
WST00000445,20250111,ST004,PRD014,Overproduction,3,110.0,330.0
WST00000446,20250111,ST004,PRD020,Overproduction,1,55.0,55.0
WST00000447,20250111,ST005,PRD003,Overproduction,8,70.0,560.0
WST00000448,20250111,ST005,PRD006,Overproduction,8,70.0,560.0
WST00000449,20250111,ST005,PRD008,Expired,1,55.0,55.0
WST00000450,20250111,ST005,PRD009,Overproduction,2,95.0,190.0
WST00000451,20250111,ST005,PRD010,Overproduction,2,100.0,200.0
WST00000452,20250111,ST005,PRD016,Overproduction,1,95.0,95.0
WST00000453,20250111,ST005,PRD017,Overproduction,2,110.0,220.0
WST00000454,20250111,ST005,PRD020,Overproduction,3,55.0,165.0
WST00000455,20250112,ST001,PRD003,Expired,2,70.0,140.0
WST00000456,20250112,ST001,PRD004,Overproduction,11,80.0,880.0
WST00000457,20250112,ST001,PRD005,Overproduction,6,35.0,210.0
WST00000458,20250112,ST001,PRD007,Overproduction,7,80.0,560.0
WST00000459,20250112,ST001,PRD009,Overproduction,4,95.0,380.0
WST00000460,20250112,ST001,PRD010,Expired,3,100.0,300.0
WST00000461,20250112,ST002,PRD001,Overproduction,7,45.0,315.0
WST00000462,20250112,ST002,PRD002,Expired,1,65.0,65.0
WST00000463,20250112,ST002,PRD011,Overproduction,3,140.0,420.0
WST00000464,20250112,ST002,PRD012,Overproduction,4,180.0,720.0
WST00000465,20250112,ST002,PRD014,Overproduction,1,110.0,110.0
WST00000466,20250112,ST002,PRD015,Overproduction,3,65.0,195.0
WST00000467,20250112,ST002,PRD018,Overproduction,6,60.0,360.0
WST00000468,20250112,ST003,PRD002,Overproduction,3,65.0,195.0
WST00000469,20250112,ST003,PRD004,Expired,2,80.0,160.0
WST00000470,20250112,ST003,PRD005,Overproduction,5,35.0,175.0
WST00000471,20250112,ST003,PRD006,Overproduction,4,70.0,280.0
WST00000472,20250112,ST003,PRD007,Overproduction,4,80.0,320.0
WST00000473,20250112,ST003,PRD009,Overproduction,3,95.0,285.0
WST00000474,20250112,ST003,PRD012,Overproduction,2,180.0,360.0
WST00000475,20250112,ST003,PRD014,Overproduction,1,110.0,110.0
WST00000476,20250112,ST003,PRD016,Overproduction,3,95.0,285.0
WST00000477,20250112,ST003,PRD017,Overproduction,1,110.0,110.0
WST00000478,20250112,ST003,PRD019,Overproduction,1,35.0,35.0
WST00000479,20250112,ST004,PRD003,Overproduction,5,70.0,350.0
WST00000480,20250112,ST004,PRD005,Overproduction,9,35.0,315.0
WST00000481,20250112,ST004,PRD008,Expired,2,55.0,110.0
WST00000482,20250112,ST004,PRD010,Overproduction,2,100.0,200.0
WST00000483,20250112,ST004,PRD011,Damaged,1,140.0,140.0
WST00000484,20250112,ST005,PRD001,Overproduction,5,45.0,225.0
WST00000485,20250112,ST005,PRD003,Overproduction,4,70.0,280.0
WST00000486,20250112,ST005,PRD005,Overproduction,2,35.0,70.0
WST00000487,20250112,ST005,PRD009,Expired,1,95.0,95.0
WST00000488,20250112,ST005,PRD011,Overproduction,1,140.0,140.0
WST00000489,20250112,ST005,PRD012,Overproduction,5,180.0,900.0
WST00000490,20250112,ST005,PRD014,Overproduction,4,110.0,440.0
WST00000491,20250112,ST005,PRD018,Overproduction,2,60.0,120.0
WST00000492,20250112,ST005,PRD020,Overproduction,2,55.0,110.0
WST00000493,20250113,ST001,PRD001,Overproduction,8,45.0,360.0
WST00000494,20250113,ST001,PRD006,Expired,1,70.0,70.0
WST00000495,20250113,ST001,PRD009,Overproduction,2,95.0,190.0
WST00000496,20250113,ST001,PRD010,Overproduction,2,100.0,200.0
WST00000497,20250113,ST001,PRD015,Overproduction,4,65.0,260.0
WST00000498,20250113,ST001,PRD016,Preparation Error,1,95.0,95.0
WST00000499,20250113,ST001,PRD018,Overproduction,4,60.0,240.0
WST00000500,20250113,ST001,PRD020,Overproduction,3,55.0,165.0
WST00000501,20250113,ST002,PRD003,Overproduction,4,70.0,280.0
WST00000502,20250113,ST002,PRD006,Overproduction,2,70.0,140.0
WST00000503,20250113,ST002,PRD008,Overproduction,2,55.0,110.0
WST00000504,20250113,ST002,PRD009,Overproduction,1,95.0,95.0
WST00000505,20250113,ST002,PRD010,Overproduction,3,100.0,300.0
WST00000506,20250113,ST002,PRD013,Overproduction,2,160.0,320.0
WST00000507,20250113,ST002,PRD014,Overproduction,4,110.0,440.0
WST00000508,20250113,ST002,PRD015,Preparation Error,1,65.0,65.0
WST00000509,20250113,ST002,PRD017,Overproduction,2,110.0,220.0
WST00000510,20250113,ST003,PRD004,Overproduction,5,80.0,400.0
WST00000511,20250113,ST003,PRD006,Overproduction,3,70.0,210.0
WST00000512,20250113,ST003,PRD007,Overproduction,4,80.0,320.0
WST00000513,20250113,ST003,PRD008,Overproduction,2,55.0,110.0
WST00000514,20250113,ST003,PRD009,Overproduction,1,95.0,95.0
WST00000515,20250113,ST003,PRD010,Overproduction,1,100.0,100.0
WST00000516,20250113,ST003,PRD011,Overproduction,1,140.0,140.0
WST00000517,20250113,ST003,PRD015,Overproduction,2,65.0,130.0
WST00000518,20250113,ST003,PRD017,Overproduction,2,110.0,220.0
WST00000519,20250113,ST003,PRD018,Overproduction,1,60.0,60.0
WST00000520,20250113,ST003,PRD020,Overproduction,1,55.0,55.0
WST00000521,20250113,ST004,PRD006,Expired,1,70.0,70.0
WST00000522,20250113,ST004,PRD010,Overproduction,4,100.0,400.0
WST00000523,20250113,ST004,PRD013,Overproduction,3,160.0,480.0
WST00000524,20250113,ST004,PRD016,Overproduction,1,95.0,95.0
WST00000525,20250113,ST005,PRD006,Overproduction,4,70.0,280.0
WST00000526,20250113,ST005,PRD013,Overproduction,3,160.0,480.0
WST00000527,20250113,ST005,PRD016,Overproduction,2,95.0,190.0
WST00000528,20250113,ST005,PRD018,Overproduction,4,60.0,240.0
WST00000529,20250113,ST005,PRD020,Overproduction,2,55.0,110.0
WST00000530,20250114,ST001,PRD004,Expired,1,80.0,80.0
WST00000531,20250114,ST001,PRD005,Overproduction,4,35.0,140.0
WST00000532,20250114,ST001,PRD006,Overproduction,9,70.0,630.0
WST00000533,20250114,ST001,PRD009,Overproduction,2,95.0,190.0
WST00000534,20250114,ST001,PRD011,Overproduction,3,140.0,420.0
WST00000535,20250114,ST001,PRD014,Overproduction,5,110.0,550.0
WST00000536,20250114,ST001,PRD015,Overproduction,3,65.0,195.0
WST00000537,20250114,ST001,PRD016,Overproduction,3,95.0,285.0
WST00000538,20250114,ST001,PRD018,Overproduction,4,60.0,240.0
WST00000539,20250114,ST001,PRD019,Overproduction,2,35.0,70.0
WST00000540,20250114,ST002,PRD002,Overproduction,6,65.0,390.0
WST00000541,20250114,ST002,PRD003,Expired,1,70.0,70.0
WST00000542,20250114,ST002,PRD010,Overproduction,2,100.0,200.0
WST00000543,20250114,ST002,PRD012,Overproduction,2,180.0,360.0
WST00000544,20250114,ST002,PRD017,Overproduction,1,110.0,110.0
WST00000545,20250114,ST002,PRD018,Overproduction,2,60.0,120.0
WST00000546,20250114,ST002,PRD020,Overproduction,1,55.0,55.0
WST00000547,20250114,ST003,PRD005,Overproduction,4,35.0,140.0
WST00000548,20250114,ST003,PRD012,Overproduction,2,180.0,360.0
WST00000549,20250114,ST003,PRD014,Overproduction,1,110.0,110.0
WST00000550,20250114,ST003,PRD017,Overproduction,1,110.0,110.0
WST00000551,20250114,ST003,PRD018,Overproduction,2,60.0,120.0
WST00000552,20250114,ST004,PRD003,Overproduction,9,70.0,630.0
WST00000553,20250114,ST004,PRD004,Overproduction,8,80.0,640.0
WST00000554,20250114,ST004,PRD005,Overproduction,5,35.0,175.0
WST00000555,20250114,ST004,PRD007,Overproduction,8,80.0,640.0
WST00000556,20250114,ST004,PRD014,Overproduction,1,110.0,110.0
WST00000557,20250114,ST004,PRD017,Overproduction,4,110.0,440.0
WST00000558,20250114,ST004,PRD018,Overproduction,2,60.0,120.0
WST00000559,20250114,ST004,PRD019,Overproduction,2,35.0,70.0
WST00000560,20250114,ST005,PRD003,Overproduction,7,70.0,490.0
WST00000561,20250114,ST005,PRD005,Overproduction,7,35.0,245.0
WST00000562,20250114,ST005,PRD007,Overproduction,6,80.0,480.0
WST00000563,20250114,ST005,PRD009,Overproduction,2,95.0,190.0
WST00000564,20250114,ST005,PRD011,Overproduction,2,140.0,280.0
WST00000565,20250114,ST005,PRD013,Overproduction,5,160.0,800.0
WST00000566,20250114,ST005,PRD014,Overproduction,3,110.0,330.0
WST00000567,20250114,ST005,PRD020,Overproduction,1,55.0,55.0
WST00000568,20250115,ST001,PRD003,Overproduction,10,70.0,700.0
WST00000569,20250115,ST001,PRD005,Overproduction,7,35.0,245.0
WST00000570,20250115,ST001,PRD007,Expired,1,80.0,80.0
WST00000571,20250115,ST001,PRD009,Overproduction,4,95.0,380.0
WST00000572,20250115,ST001,PRD011,Overproduction,2,140.0,280.0
WST00000573,20250115,ST001,PRD014,Overproduction,3,110.0,330.0
WST00000574,20250115,ST001,PRD017,Overproduction,1,110.0,110.0
WST00000575,20250115,ST001,PRD020,Overproduction,1,55.0,55.0
WST00000576,20250115,ST002,PRD002,Overproduction,4,65.0,260.0
WST00000577,20250115,ST002,PRD005,Overproduction,2,35.0,70.0
WST00000578,20250115,ST002,PRD009,Overproduction,1,95.0,95.0
WST00000579,20250115,ST002,PRD014,Damaged,1,110.0,110.0
WST00000580,20250115,ST002,PRD015,Overproduction,1,65.0,65.0
WST00000581,20250115,ST002,PRD016,Overproduction,3,95.0,285.0
WST00000582,20250115,ST002,PRD017,Overproduction,4,110.0,440.0
WST00000583,20250115,ST002,PRD019,Overproduction,1,35.0,35.0
WST00000584,20250115,ST003,PRD003,Expired,1,70.0,70.0
WST00000585,20250115,ST003,PRD004,Overproduction,4,80.0,320.0
WST00000586,20250115,ST003,PRD005,Overproduction,6,35.0,210.0
WST00000587,20250115,ST003,PRD006,Overproduction,2,70.0,140.0
WST00000588,20250115,ST003,PRD008,Overproduction,5,55.0,275.0
WST00000589,20250115,ST003,PRD011,Overproduction,1,140.0,140.0
WST00000590,20250115,ST003,PRD012,Overproduction,2,180.0,360.0
WST00000591,20250115,ST003,PRD014,Overproduction,2,110.0,220.0
WST00000592,20250115,ST003,PRD015,Overproduction,1,65.0,65.0
WST00000593,20250115,ST003,PRD016,Overproduction,1,95.0,95.0
WST00000594,20250115,ST003,PRD017,Overproduction,1,110.0,110.0
WST00000595,20250115,ST003,PRD019,Overproduction,1,35.0,35.0
WST00000596,20250115,ST004,PRD005,Overproduction,5,35.0,175.0
WST00000597,20250115,ST004,PRD006,Overproduction,8,70.0,560.0
WST00000598,20250115,ST004,PRD008,Overproduction,5,55.0,275.0
WST00000599,20250115,ST004,PRD009,Overproduction,3,95.0,285.0
WST00000600,20250115,ST004,PRD010,Overproduction,3,100.0,300.0
WST00000601,20250115,ST004,PRD011,Overproduction,4,140.0,560.0
WST00000602,20250115,ST004,PRD014,Overproduction,1,110.0,110.0
WST00000603,20250115,ST004,PRD015,Overproduction,7,65.0,455.0
WST00000604,20250115,ST004,PRD017,Overproduction,2,110.0,220.0
WST00000605,20250115,ST005,PRD002,Overproduction,7,65.0,455.0
WST00000606,20250115,ST005,PRD004,Overproduction,5,80.0,400.0
WST00000607,20250115,ST005,PRD005,Overproduction,4,35.0,140.0
WST00000608,20250115,ST005,PRD006,Overproduction,3,70.0,210.0
WST00000609,20250115,ST005,PRD007,Overproduction,2,80.0,160.0
WST00000610,20250115,ST005,PRD009,Expired,1,95.0,95.0
WST00000611,20250115,ST005,PRD012,Overproduction,3,180.0,540.0
WST00000612,20250115,ST005,PRD017,Overproduction,3,110.0,330.0
WST00000613,20250115,ST005,PRD018,Overproduction,1,60.0,60.0
WST00000614,20250115,ST005,PRD019,Damaged,1,35.0,35.0
WST00000615,20250116,ST001,PRD001,Overproduction,9,45.0,405.0
WST00000616,20250116,ST001,PRD005,Overproduction,3,35.0,105.0
WST00000617,20250116,ST001,PRD007,Overproduction,4,80.0,320.0
WST00000618,20250116,ST001,PRD008,Overproduction,3,55.0,165.0
WST00000619,20250116,ST001,PRD011,Overproduction,2,140.0,280.0
WST00000620,20250116,ST001,PRD012,Overproduction,2,180.0,360.0
WST00000621,20250116,ST001,PRD015,Overproduction,2,65.0,130.0
WST00000622,20250116,ST002,PRD001,Overproduction,2,45.0,90.0
WST00000623,20250116,ST002,PRD006,Expired,1,70.0,70.0
WST00000624,20250116,ST002,PRD015,Overproduction,7,65.0,455.0
WST00000625,20250116,ST002,PRD016,Overproduction,1,95.0,95.0
WST00000626,20250116,ST002,PRD017,Overproduction,1,110.0,110.0
WST00000627,20250116,ST002,PRD018,Overproduction,1,60.0,60.0
WST00000628,20250116,ST002,PRD019,Overproduction,1,35.0,35.0
WST00000629,20250116,ST003,PRD001,Overproduction,6,45.0,270.0
WST00000630,20250116,ST003,PRD002,Overproduction,3,65.0,195.0
WST00000631,20250116,ST003,PRD003,Overproduction,3,70.0,210.0
WST00000632,20250116,ST003,PRD004,Expired,1,80.0,80.0
WST00000633,20250116,ST003,PRD006,Overproduction,5,70.0,350.0
WST00000634,20250116,ST003,PRD007,Overproduction,3,80.0,240.0
WST00000635,20250116,ST003,PRD009,Overproduction,2,95.0,190.0
WST00000636,20250116,ST003,PRD010,Overproduction,1,100.0,100.0
WST00000637,20250116,ST003,PRD012,Overproduction,2,180.0,360.0
WST00000638,20250116,ST003,PRD016,Overproduction,3,95.0,285.0
WST00000639,20250116,ST003,PRD019,Overproduction,2,35.0,70.0
WST00000640,20250116,ST003,PRD020,Overproduction,1,55.0,55.0
WST00000641,20250116,ST004,PRD001,Expired,1,45.0,45.0
WST00000642,20250116,ST004,PRD007,Overproduction,4,80.0,320.0
WST00000643,20250116,ST004,PRD010,Overproduction,6,100.0,600.0
WST00000644,20250116,ST004,PRD011,Overproduction,1,140.0,140.0
WST00000645,20250116,ST004,PRD012,Overproduction,3,180.0,540.0
WST00000646,20250116,ST004,PRD016,Overproduction,1,95.0,95.0
WST00000647,20250116,ST004,PRD017,Overproduction,3,110.0,330.0
WST00000648,20250116,ST004,PRD020,Overproduction,4,55.0,220.0
WST00000649,20250116,ST005,PRD001,Overproduction,5,45.0,225.0
WST00000650,20250116,ST005,PRD002,Overproduction,3,65.0,195.0
WST00000651,20250116,ST005,PRD005,Overproduction,3,35.0,105.0
WST00000652,20250116,ST005,PRD007,Overproduction,2,80.0,160.0
WST00000653,20250116,ST005,PRD009,Overproduction,3,95.0,285.0
WST00000654,20250116,ST005,PRD017,Overproduction,2,110.0,220.0
WST00000655,20250116,ST005,PRD020,Overproduction,2,55.0,110.0
WST00000656,20250117,ST001,PRD001,Overproduction,4,45.0,180.0
WST00000657,20250117,ST001,PRD004,Expired,1,80.0,80.0
WST00000658,20250117,ST001,PRD005,Overproduction,9,35.0,315.0
WST00000659,20250117,ST001,PRD009,Overproduction,1,95.0,95.0
WST00000660,20250117,ST001,PRD012,Overproduction,2,180.0,360.0
WST00000661,20250117,ST001,PRD015,Overproduction,5,65.0,325.0
WST00000662,20250117,ST001,PRD016,Overproduction,1,95.0,95.0
WST00000663,20250117,ST001,PRD019,Overproduction,2,35.0,70.0
WST00000664,20250117,ST002,PRD001,Overproduction,8,45.0,360.0
WST00000665,20250117,ST002,PRD003,Overproduction,8,70.0,560.0
WST00000666,20250117,ST002,PRD004,Overproduction,5,80.0,400.0
WST00000667,20250117,ST002,PRD005,Overproduction,2,35.0,70.0
WST00000668,20250117,ST002,PRD006,Overproduction,1,70.0,70.0
WST00000669,20250117,ST002,PRD007,Overproduction,4,80.0,320.0
WST00000670,20250117,ST002,PRD011,Overproduction,1,140.0,140.0
WST00000671,20250117,ST002,PRD013,Overproduction,6,160.0,960.0
WST00000672,20250117,ST002,PRD015,Overproduction,9,65.0,585.0
WST00000673,20250117,ST002,PRD018,Overproduction,2,60.0,120.0
WST00000674,20250117,ST003,PRD001,Expired,1,45.0,45.0
WST00000675,20250117,ST003,PRD002,Expired,1,65.0,65.0
WST00000676,20250117,ST003,PRD004,Expired,1,80.0,80.0
WST00000677,20250117,ST003,PRD006,Overproduction,4,70.0,280.0
WST00000678,20250117,ST003,PRD008,Overproduction,2,55.0,110.0
WST00000679,20250117,ST003,PRD013,Overproduction,2,160.0,320.0
WST00000680,20250117,ST003,PRD015,Overproduction,3,65.0,195.0
WST00000681,20250117,ST003,PRD020,Overproduction,1,55.0,55.0
WST00000682,20250117,ST004,PRD003,Overproduction,10,70.0,700.0
WST00000683,20250117,ST004,PRD006,Expired,2,70.0,140.0
WST00000684,20250117,ST004,PRD012,Overproduction,3,180.0,540.0
WST00000685,20250117,ST004,PRD015,Overproduction,7,65.0,455.0
WST00000686,20250117,ST004,PRD018,Overproduction,5,60.0,300.0
WST00000687,20250117,ST005,PRD001,Overproduction,4,45.0,180.0
WST00000688,20250117,ST005,PRD004,Overproduction,4,80.0,320.0
WST00000689,20250117,ST005,PRD006,Overproduction,3,70.0,210.0
WST00000690,20250117,ST005,PRD008,Overproduction,2,55.0,110.0
WST00000691,20250117,ST005,PRD011,Overproduction,2,140.0,280.0
WST00000692,20250117,ST005,PRD012,Quality Issue,1,180.0,180.0
WST00000693,20250117,ST005,PRD013,Damaged,1,160.0,160.0
WST00000694,20250118,ST001,PRD003,Overproduction,10,70.0,700.0
WST00000695,20250118,ST001,PRD005,Overproduction,11,35.0,385.0
WST00000696,20250118,ST001,PRD010,Overproduction,1,100.0,100.0
WST00000697,20250118,ST001,PRD019,Overproduction,2,35.0,70.0
WST00000698,20250118,ST002,PRD002,Overproduction,5,65.0,325.0
WST00000699,20250118,ST002,PRD004,Overproduction,10,80.0,800.0
WST00000700,20250118,ST002,PRD005,Expired,2,35.0,70.0
WST00000701,20250118,ST002,PRD007,Overproduction,4,80.0,320.0
WST00000702,20250118,ST002,PRD009,Overproduction,3,95.0,285.0
WST00000703,20250118,ST002,PRD012,Overproduction,5,180.0,900.0
WST00000704,20250118,ST002,PRD013,Overproduction,2,160.0,320.0
WST00000705,20250118,ST002,PRD014,Overproduction,2,110.0,220.0
WST00000706,20250118,ST002,PRD017,Overproduction,1,110.0,110.0
WST00000707,20250118,ST002,PRD018,Overproduction,1,60.0,60.0
WST00000708,20250118,ST002,PRD019,Overproduction,2,35.0,70.0
WST00000709,20250118,ST002,PRD020,Overproduction,2,55.0,110.0
WST00000710,20250118,ST003,PRD001,Expired,2,45.0,90.0
WST00000711,20250118,ST003,PRD005,Overproduction,3,35.0,105.0
WST00000712,20250118,ST003,PRD006,Overproduction,3,70.0,210.0
WST00000713,20250118,ST003,PRD008,Overproduction,4,55.0,220.0
WST00000714,20250118,ST003,PRD009,Overproduction,1,95.0,95.0
WST00000715,20250118,ST003,PRD011,Overproduction,1,140.0,140.0
WST00000716,20250118,ST003,PRD017,Overproduction,1,110.0,110.0
WST00000717,20250118,ST004,PRD003,Overproduction,4,70.0,280.0
WST00000718,20250118,ST004,PRD011,Overproduction,2,140.0,280.0
WST00000719,20250118,ST004,PRD017,Overproduction,1,110.0,110.0
WST00000720,20250118,ST005,PRD001,Overproduction,5,45.0,225.0
WST00000721,20250118,ST005,PRD002,Overproduction,3,65.0,195.0
WST00000722,20250118,ST005,PRD003,Overproduction,7,70.0,490.0
WST00000723,20250118,ST005,PRD006,Overproduction,6,70.0,420.0
WST00000724,20250118,ST005,PRD008,Overproduction,5,55.0,275.0
WST00000725,20250118,ST005,PRD009,Overproduction,2,95.0,190.0
WST00000726,20250118,ST005,PRD011,Overproduction,2,140.0,280.0
WST00000727,20250118,ST005,PRD013,Overproduction,4,160.0,640.0
WST00000728,20250118,ST005,PRD014,Overproduction,3,110.0,330.0
WST00000729,20250118,ST005,PRD015,Overproduction,4,65.0,260.0
WST00000730,20250118,ST005,PRD018,Overproduction,2,60.0,120.0
WST00000731,20250118,ST005,PRD019,Overproduction,3,35.0,105.0
WST00000732,20250118,ST005,PRD020,Overproduction,5,55.0,275.0
WST00000733,20250119,ST001,PRD004,Overproduction,6,80.0,480.0
WST00000734,20250119,ST001,PRD005,Overproduction,6,35.0,210.0
WST00000735,20250119,ST001,PRD010,Overproduction,4,100.0,400.0
WST00000736,20250119,ST001,PRD012,Overproduction,3,180.0,540.0
WST00000737,20250119,ST001,PRD017,Overproduction,3,110.0,330.0
WST00000738,20250119,ST001,PRD018,Preparation Error,1,60.0,60.0
WST00000739,20250119,ST002,PRD001,Overproduction,5,45.0,225.0
WST00000740,20250119,ST002,PRD002,Overproduction,3,65.0,195.0
WST00000741,20250119,ST002,PRD005,Overproduction,4,35.0,140.0
WST00000742,20250119,ST002,PRD007,Overproduction,6,80.0,480.0
WST00000743,20250119,ST002,PRD010,Overproduction,2,100.0,200.0
WST00000744,20250119,ST002,PRD011,Overproduction,2,140.0,280.0
WST00000745,20250119,ST002,PRD012,Overproduction,2,180.0,360.0
WST00000746,20250119,ST002,PRD013,Overproduction,3,160.0,480.0
WST00000747,20250119,ST002,PRD014,Overproduction,2,110.0,220.0
WST00000748,20250119,ST002,PRD015,Overproduction,5,65.0,325.0
WST00000749,20250119,ST003,PRD005,Overproduction,2,35.0,70.0
WST00000750,20250119,ST003,PRD010,Expired,1,100.0,100.0
WST00000751,20250119,ST003,PRD015,Overproduction,1,65.0,65.0
WST00000752,20250119,ST003,PRD016,Overproduction,1,95.0,95.0
WST00000753,20250119,ST003,PRD019,Overproduction,1,35.0,35.0
WST00000754,20250119,ST003,PRD020,Overproduction,3,55.0,165.0
WST00000755,20250119,ST004,PRD002,Overproduction,8,65.0,520.0
WST00000756,20250119,ST004,PRD003,Expired,2,70.0,140.0
WST00000757,20250119,ST004,PRD004,Overproduction,11,80.0,880.0
WST00000758,20250119,ST004,PRD007,Overproduction,7,80.0,560.0
WST00000759,20250119,ST004,PRD012,Overproduction,8,180.0,1440.0
WST00000760,20250119,ST004,PRD014,Overproduction,2,110.0,220.0
WST00000761,20250119,ST004,PRD015,Overproduction,6,65.0,390.0
WST00000762,20250119,ST004,PRD016,Overproduction,1,95.0,95.0
WST00000763,20250119,ST004,PRD017,Overproduction,1,110.0,110.0
WST00000764,20250119,ST004,PRD020,Overproduction,4,55.0,220.0
WST00000765,20250119,ST005,PRD006,Overproduction,2,70.0,140.0
WST00000766,20250119,ST005,PRD007,Overproduction,3,80.0,240.0
WST00000767,20250119,ST005,PRD011,Overproduction,4,140.0,560.0
WST00000768,20250119,ST005,PRD015,Overproduction,3,65.0,195.0
WST00000769,20250119,ST005,PRD016,Overproduction,1,95.0,95.0
WST00000770,20250119,ST005,PRD017,Overproduction,3,110.0,330.0
WST00000771,20250119,ST005,PRD018,Overproduction,2,60.0,120.0
WST00000772,20250120,ST001,PRD002,Expired,6,65.0,390.0
WST00000773,20250120,ST001,PRD003,Overproduction,8,70.0,560.0
WST00000774,20250120,ST001,PRD004,Overproduction,7,80.0,560.0
WST00000775,20250120,ST001,PRD008,Overproduction,3,55.0,165.0
WST00000776,20250120,ST001,PRD010,Overproduction,2,100.0,200.0
WST00000777,20250120,ST001,PRD011,Overproduction,6,140.0,840.0
WST00000778,20250120,ST001,PRD018,Overproduction,4,60.0,240.0
WST00000779,20250120,ST002,PRD005,Expired,3,35.0,105.0
WST00000780,20250120,ST002,PRD007,Overproduction,3,80.0,240.0
WST00000781,20250120,ST002,PRD010,Overproduction,2,100.0,200.0
WST00000782,20250120,ST002,PRD011,Overproduction,2,140.0,280.0
WST00000783,20250120,ST002,PRD013,Overproduction,3,160.0,480.0
WST00000784,20250120,ST002,PRD017,Overproduction,1,110.0,110.0
WST00000785,20250120,ST002,PRD019,Overproduction,5,35.0,175.0
WST00000786,20250120,ST002,PRD020,Overproduction,1,55.0,55.0
WST00000787,20250120,ST003,PRD002,Overproduction,2,65.0,130.0
WST00000788,20250120,ST003,PRD004,Expired,1,80.0,80.0
WST00000789,20250120,ST003,PRD005,Overproduction,3,35.0,105.0
WST00000790,20250120,ST003,PRD006,Overproduction,6,70.0,420.0
WST00000791,20250120,ST003,PRD009,Overproduction,4,95.0,380.0
WST00000792,20250120,ST003,PRD010,Overproduction,2,100.0,200.0
WST00000793,20250120,ST003,PRD015,Overproduction,1,65.0,65.0
WST00000794,20250120,ST003,PRD020,Preparation Error,1,55.0,55.0
WST00000795,20250120,ST004,PRD003,Overproduction,5,70.0,350.0
WST00000796,20250120,ST004,PRD004,Expired,2,80.0,160.0
WST00000797,20250120,ST004,PRD005,Overproduction,5,35.0,175.0
WST00000798,20250120,ST004,PRD014,Overproduction,2,110.0,220.0
WST00000799,20250120,ST005,PRD007,Overproduction,7,80.0,560.0
WST00000800,20250120,ST005,PRD009,Overproduction,1,95.0,95.0
WST00000801,20250120,ST005,PRD010,Overproduction,2,100.0,200.0
WST00000802,20250120,ST005,PRD016,Overproduction,1,95.0,95.0
WST00000803,20250121,ST001,PRD003,Overproduction,4,70.0,280.0
WST00000804,20250121,ST001,PRD004,Overproduction,3,80.0,240.0
WST00000805,20250121,ST001,PRD008,Overproduction,3,55.0,165.0
WST00000806,20250121,ST001,PRD009,Overproduction,3,95.0,285.0
WST00000807,20250121,ST001,PRD010,Overproduction,4,100.0,400.0
WST00000808,20250121,ST001,PRD013,Overproduction,1,160.0,160.0
WST00000809,20250121,ST001,PRD014,Overproduction,2,110.0,220.0
WST00000810,20250121,ST001,PRD016,Overproduction,2,95.0,190.0
WST00000811,20250121,ST001,PRD018,Overproduction,4,60.0,240.0
WST00000812,20250121,ST002,PRD004,Overproduction,4,80.0,320.0
WST00000813,20250121,ST002,PRD005,Overproduction,2,35.0,70.0
WST00000814,20250121,ST002,PRD008,Expired,1,55.0,55.0
WST00000815,20250121,ST002,PRD009,Overproduction,2,95.0,190.0
WST00000816,20250121,ST002,PRD010,Overproduction,2,100.0,200.0
WST00000817,20250121,ST002,PRD011,Preparation Error,1,140.0,140.0
WST00000818,20250121,ST002,PRD014,Overproduction,2,110.0,220.0
WST00000819,20250121,ST002,PRD016,Overproduction,2,95.0,190.0
WST00000820,20250121,ST002,PRD018,Overproduction,2,60.0,120.0
WST00000821,20250121,ST003,PRD003,Overproduction,5,70.0,350.0
WST00000822,20250121,ST003,PRD004,Overproduction,9,80.0,720.0
WST00000823,20250121,ST003,PRD007,Overproduction,1,80.0,80.0
WST00000824,20250121,ST003,PRD013,Overproduction,2,160.0,320.0
WST00000825,20250121,ST003,PRD017,Preparation Error,1,110.0,110.0
WST00000826,20250121,ST003,PRD018,Overproduction,1,60.0,60.0
WST00000827,20250121,ST003,PRD019,Overproduction,1,35.0,35.0
WST00000828,20250121,ST004,PRD001,Overproduction,9,45.0,405.0
WST00000829,20250121,ST004,PRD004,Expired,1,80.0,80.0
WST00000830,20250121,ST004,PRD005,Overproduction,7,35.0,245.0
WST00000831,20250121,ST004,PRD006,Overproduction,7,70.0,490.0
WST00000832,20250121,ST004,PRD008,Overproduction,4,55.0,220.0
WST00000833,20250121,ST004,PRD009,Overproduction,6,95.0,570.0
WST00000834,20250121,ST004,PRD010,Overproduction,1,100.0,100.0
WST00000835,20250121,ST004,PRD011,Quality Issue,1,140.0,140.0
WST00000836,20250121,ST004,PRD014,Overproduction,3,110.0,330.0
WST00000837,20250121,ST004,PRD016,Overproduction,2,95.0,190.0
WST00000838,20250121,ST004,PRD019,Overproduction,2,35.0,70.0
WST00000839,20250121,ST005,PRD002,Overproduction,5,65.0,325.0
WST00000840,20250121,ST005,PRD003,Overproduction,4,70.0,280.0
WST00000841,20250121,ST005,PRD004,Overproduction,5,80.0,400.0
WST00000842,20250121,ST005,PRD006,Overproduction,4,70.0,280.0
WST00000843,20250121,ST005,PRD008,Expired,1,55.0,55.0
WST00000844,20250121,ST005,PRD010,Overproduction,1,100.0,100.0
WST00000845,20250121,ST005,PRD011,Overproduction,1,140.0,140.0
WST00000846,20250121,ST005,PRD015,Overproduction,3,65.0,195.0
WST00000847,20250121,ST005,PRD016,Overproduction,2,95.0,190.0
WST00000848,20250121,ST005,PRD017,Overproduction,1,110.0,110.0
WST00000849,20250122,ST001,PRD003,Overproduction,8,70.0,560.0
WST00000850,20250122,ST002,PRD001,Overproduction,11,45.0,495.0
WST00000851,20250122,ST002,PRD003,Overproduction,3,70.0,210.0
WST00000852,20250122,ST002,PRD010,Overproduction,2,100.0,200.0
WST00000853,20250122,ST002,PRD012,Overproduction,5,180.0,900.0
WST00000854,20250122,ST002,PRD015,Overproduction,4,65.0,260.0
WST00000855,20250122,ST002,PRD016,Overproduction,1,95.0,95.0
WST00000856,20250122,ST002,PRD017,Overproduction,2,110.0,220.0
WST00000857,20250122,ST003,PRD006,Expired,3,70.0,210.0
WST00000858,20250122,ST003,PRD009,Overproduction,2,95.0,190.0
WST00000859,20250122,ST003,PRD011,Overproduction,2,140.0,280.0
WST00000860,20250122,ST003,PRD012,Overproduction,2,180.0,360.0
WST00000861,20250122,ST003,PRD015,Overproduction,5,65.0,325.0
WST00000862,20250122,ST003,PRD017,Damaged,1,110.0,110.0
WST00000863,20250122,ST003,PRD019,Overproduction,1,35.0,35.0
WST00000864,20250122,ST004,PRD004,Overproduction,7,80.0,560.0
WST00000865,20250122,ST004,PRD005,Expired,5,35.0,175.0
WST00000866,20250122,ST004,PRD007,Expired,2,80.0,160.0
WST00000867,20250122,ST004,PRD008,Expired,3,55.0,165.0
WST00000868,20250122,ST004,PRD010,Overproduction,2,100.0,200.0
WST00000869,20250122,ST004,PRD013,Overproduction,2,160.0,320.0
WST00000870,20250122,ST004,PRD017,Overproduction,2,110.0,220.0
WST00000871,20250122,ST004,PRD019,Overproduction,6,35.0,210.0
WST00000872,20250122,ST005,PRD009,Overproduction,3,95.0,285.0
WST00000873,20250122,ST005,PRD010,Overproduction,1,100.0,100.0
WST00000874,20250122,ST005,PRD011,Overproduction,2,140.0,280.0
WST00000875,20250122,ST005,PRD014,Overproduction,2,110.0,220.0
WST00000876,20250122,ST005,PRD020,Overproduction,1,55.0,55.0
WST00000877,20250123,ST001,PRD003,Overproduction,9,70.0,630.0
WST00000878,20250123,ST001,PRD006,Overproduction,5,70.0,350.0
WST00000879,20250123,ST001,PRD009,Overproduction,6,95.0,570.0
WST00000880,20250123,ST001,PRD012,Overproduction,4,180.0,720.0
WST00000881,20250123,ST001,PRD015,Overproduction,2,65.0,130.0
WST00000882,20250123,ST001,PRD016,Damaged,1,95.0,95.0
WST00000883,20250123,ST001,PRD019,Overproduction,5,35.0,175.0
WST00000884,20250123,ST002,PRD002,Overproduction,6,65.0,390.0
WST00000885,20250123,ST002,PRD008,Expired,2,55.0,110.0
WST00000886,20250123,ST002,PRD011,Overproduction,1,140.0,140.0
WST00000887,20250123,ST002,PRD012,Overproduction,6,180.0,1080.0
WST00000888,20250123,ST002,PRD014,Overproduction,2,110.0,220.0
WST00000889,20250123,ST002,PRD016,Overproduction,3,95.0,285.0
WST00000890,20250123,ST002,PRD017,Overproduction,2,110.0,220.0
WST00000891,20250123,ST002,PRD019,Overproduction,2,35.0,70.0
WST00000892,20250123,ST003,PRD005,Expired,1,35.0,35.0
WST00000893,20250123,ST003,PRD006,Overproduction,2,70.0,140.0
WST00000894,20250123,ST003,PRD012,Overproduction,2,180.0,360.0
WST00000895,20250123,ST003,PRD014,Overproduction,1,110.0,110.0
WST00000896,20250123,ST003,PRD017,Damaged,1,110.0,110.0
WST00000897,20250123,ST003,PRD020,Overproduction,2,55.0,110.0
WST00000898,20250123,ST004,PRD001,Overproduction,3,45.0,135.0
WST00000899,20250123,ST004,PRD003,Overproduction,3,70.0,210.0
WST00000900,20250123,ST004,PRD004,Expired,3,80.0,240.0
WST00000901,20250123,ST004,PRD009,Overproduction,1,95.0,95.0
WST00000902,20250123,ST004,PRD011,Overproduction,2,140.0,280.0
WST00000903,20250123,ST004,PRD013,Overproduction,3,160.0,480.0
WST00000904,20250123,ST004,PRD016,Overproduction,3,95.0,285.0
WST00000905,20250123,ST004,PRD020,Quality Issue,1,55.0,55.0
WST00000906,20250123,ST005,PRD001,Overproduction,3,45.0,135.0
WST00000907,20250123,ST005,PRD004,Overproduction,6,80.0,480.0
WST00000908,20250123,ST005,PRD011,Overproduction,2,140.0,280.0
WST00000909,20250123,ST005,PRD012,Overproduction,4,180.0,720.0
WST00000910,20250123,ST005,PRD013,Damaged,1,160.0,160.0
WST00000911,20250123,ST005,PRD014,Overproduction,2,110.0,220.0
WST00000912,20250123,ST005,PRD017,Overproduction,1,110.0,110.0
WST00000913,20250123,ST005,PRD019,Overproduction,2,35.0,70.0
WST00000914,20250124,ST001,PRD001,Expired,3,45.0,135.0
WST00000915,20250124,ST001,PRD002,Overproduction,6,65.0,390.0
WST00000916,20250124,ST001,PRD010,Overproduction,5,100.0,500.0
WST00000917,20250124,ST001,PRD011,Overproduction,3,140.0,420.0
WST00000918,20250124,ST001,PRD013,Overproduction,2,160.0,320.0
WST00000919,20250124,ST001,PRD014,Overproduction,3,110.0,330.0
WST00000920,20250124,ST001,PRD020,Overproduction,1,55.0,55.0
WST00000921,20250124,ST002,PRD007,Overproduction,2,80.0,160.0
WST00000922,20250124,ST002,PRD014,Damaged,1,110.0,110.0
WST00000923,20250124,ST002,PRD018,Overproduction,1,60.0,60.0
WST00000924,20250124,ST002,PRD020,Overproduction,2,55.0,110.0
WST00000925,20250124,ST003,PRD001,Overproduction,2,45.0,90.0
WST00000926,20250124,ST003,PRD006,Overproduction,1,70.0,70.0
WST00000927,20250124,ST003,PRD010,Overproduction,1,100.0,100.0
WST00000928,20250124,ST003,PRD012,Overproduction,5,180.0,900.0
WST00000929,20250124,ST003,PRD013,Overproduction,2,160.0,320.0
WST00000930,20250124,ST003,PRD018,Damaged,1,60.0,60.0
WST00000931,20250124,ST004,PRD002,Expired,1,65.0,65.0
WST00000932,20250124,ST004,PRD004,Overproduction,6,80.0,480.0
WST00000933,20250124,ST004,PRD008,Overproduction,4,55.0,220.0
WST00000934,20250124,ST004,PRD010,Expired,1,100.0,100.0
WST00000935,20250124,ST004,PRD013,Overproduction,5,160.0,800.0
WST00000936,20250124,ST005,PRD001,Overproduction,3,45.0,135.0
WST00000937,20250124,ST005,PRD002,Overproduction,3,65.0,195.0
WST00000938,20250124,ST005,PRD003,Overproduction,7,70.0,490.0
WST00000939,20250124,ST005,PRD004,Expired,2,80.0,160.0
WST00000940,20250124,ST005,PRD008,Expired,1,55.0,55.0
WST00000941,20250124,ST005,PRD009,Overproduction,1,95.0,95.0
WST00000942,20250124,ST005,PRD012,Overproduction,3,180.0,540.0
WST00000943,20250124,ST005,PRD015,Overproduction,3,65.0,195.0
WST00000944,20250124,ST005,PRD018,Overproduction,5,60.0,300.0
WST00000945,20250124,ST005,PRD020,Overproduction,3,55.0,165.0
WST00000946,20250125,ST001,PRD001,Overproduction,4,45.0,180.0
WST00000947,20250125,ST001,PRD003,Overproduction,10,70.0,700.0
WST00000948,20250125,ST001,PRD004,Overproduction,5,80.0,400.0
WST00000949,20250125,ST001,PRD006,Expired,2,70.0,140.0
WST00000950,20250125,ST001,PRD007,Overproduction,7,80.0,560.0
WST00000951,20250125,ST001,PRD008,Expired,1,55.0,55.0
WST00000952,20250125,ST001,PRD010,Overproduction,3,100.0,300.0
WST00000953,20250125,ST001,PRD016,Overproduction,1,95.0,95.0
WST00000954,20250125,ST001,PRD017,Overproduction,3,110.0,330.0
WST00000955,20250125,ST002,PRD002,Overproduction,6,65.0,390.0
WST00000956,20250125,ST002,PRD004,Overproduction,8,80.0,640.0
WST00000957,20250125,ST002,PRD010,Overproduction,3,100.0,300.0
WST00000958,20250125,ST002,PRD012,Overproduction,2,180.0,360.0
WST00000959,20250125,ST002,PRD016,Overproduction,2,95.0,190.0
WST00000960,20250125,ST002,PRD020,Overproduction,4,55.0,220.0
WST00000961,20250125,ST003,PRD006,Overproduction,4,70.0,280.0
WST00000962,20250125,ST003,PRD009,Overproduction,1,95.0,95.0
WST00000963,20250125,ST003,PRD012,Overproduction,4,180.0,720.0
WST00000964,20250125,ST003,PRD017,Overproduction,1,110.0,110.0
WST00000965,20250125,ST003,PRD019,Overproduction,3,35.0,105.0
WST00000966,20250125,ST003,PRD020,Overproduction,1,55.0,55.0
WST00000967,20250125,ST004,PRD004,Overproduction,6,80.0,480.0
WST00000968,20250125,ST004,PRD010,Overproduction,2,100.0,200.0
WST00000969,20250125,ST004,PRD015,Overproduction,3,65.0,195.0
WST00000970,20250125,ST004,PRD017,Preparation Error,1,110.0,110.0
WST00000971,20250125,ST004,PRD018,Overproduction,3,60.0,180.0
WST00000972,20250125,ST004,PRD019,Overproduction,2,35.0,70.0
WST00000973,20250125,ST004,PRD020,Overproduction,2,55.0,110.0
WST00000974,20250125,ST005,PRD002,Overproduction,3,65.0,195.0
WST00000975,20250125,ST005,PRD003,Overproduction,6,70.0,420.0
WST00000976,20250125,ST005,PRD004,Expired,3,80.0,240.0
WST00000977,20250125,ST005,PRD006,Overproduction,2,70.0,140.0
WST00000978,20250125,ST005,PRD013,Overproduction,2,160.0,320.0
WST00000979,20250125,ST005,PRD015,Overproduction,3,65.0,195.0
WST00000980,20250125,ST005,PRD017,Overproduction,4,110.0,440.0
WST00000981,20250125,ST005,PRD020,Overproduction,5,55.0,275.0
WST00000982,20250126,ST001,PRD002,Expired,5,65.0,325.0
WST00000983,20250126,ST001,PRD003,Expired,1,70.0,70.0
WST00000984,20250126,ST001,PRD004,Expired,3,80.0,240.0
WST00000985,20250126,ST001,PRD005,Overproduction,8,35.0,280.0
WST00000986,20250126,ST001,PRD008,Overproduction,5,55.0,275.0
WST00000987,20250126,ST001,PRD010,Expired,2,100.0,200.0
WST00000988,20250126,ST001,PRD012,Preparation Error,1,180.0,180.0
WST00000989,20250126,ST001,PRD016,Overproduction,2,95.0,190.0
WST00000990,20250126,ST001,PRD019,Overproduction,2,35.0,70.0
WST00000991,20250126,ST001,PRD020,Overproduction,2,55.0,110.0
WST00000992,20250126,ST002,PRD002,Overproduction,5,65.0,325.0
WST00000993,20250126,ST002,PRD003,Expired,1,70.0,70.0
WST00000994,20250126,ST002,PRD005,Overproduction,3,35.0,105.0
WST00000995,20250126,ST002,PRD008,Overproduction,2,55.0,110.0
WST00000996,20250126,ST002,PRD009,Overproduction,5,95.0,475.0
WST00000997,20250126,ST002,PRD010,Overproduction,3,100.0,300.0
WST00000998,20250126,ST002,PRD012,Overproduction,2,180.0,360.0
WST00000999,20250126,ST002,PRD014,Overproduction,2,110.0,220.0
WST00001000,20250126,ST002,PRD015,Overproduction,4,65.0,260.0
WST00001001,20250126,ST002,PRD019,Overproduction,4,35.0,140.0
WST00001002,20250126,ST003,PRD001,Overproduction,6,45.0,270.0
WST00001003,20250126,ST003,PRD002,Overproduction,8,65.0,520.0
WST00001004,20250126,ST003,PRD005,Overproduction,7,35.0,245.0
WST00001005,20250126,ST003,PRD006,Overproduction,1,70.0,70.0
WST00001006,20250126,ST003,PRD008,Overproduction,4,55.0,220.0
WST00001007,20250126,ST003,PRD009,Expired,1,95.0,95.0
WST00001008,20250126,ST003,PRD010,Expired,1,100.0,100.0
WST00001009,20250126,ST003,PRD011,Overproduction,2,140.0,280.0
WST00001010,20250126,ST003,PRD013,Overproduction,2,160.0,320.0
WST00001011,20250126,ST003,PRD018,Overproduction,3,60.0,180.0
WST00001012,20250126,ST004,PRD008,Expired,2,55.0,110.0
WST00001013,20250126,ST004,PRD013,Quality Issue,1,160.0,160.0
WST00001014,20250126,ST004,PRD014,Overproduction,5,110.0,550.0
WST00001015,20250126,ST004,PRD016,Overproduction,2,95.0,190.0
WST00001016,20250126,ST004,PRD017,Overproduction,2,110.0,220.0
WST00001017,20250126,ST004,PRD018,Overproduction,4,60.0,240.0
WST00001018,20250126,ST004,PRD020,Overproduction,3,55.0,165.0
WST00001019,20250126,ST005,PRD002,Overproduction,4,65.0,260.0
WST00001020,20250126,ST005,PRD003,Expired,1,70.0,70.0
WST00001021,20250126,ST005,PRD005,Overproduction,6,35.0,210.0
WST00001022,20250126,ST005,PRD007,Overproduction,4,80.0,320.0
WST00001023,20250126,ST005,PRD008,Overproduction,5,55.0,275.0
WST00001024,20250126,ST005,PRD014,Overproduction,2,110.0,220.0
WST00001025,20250126,ST005,PRD015,Overproduction,2,65.0,130.0
WST00001026,20250126,ST005,PRD018,Overproduction,2,60.0,120.0
WST00001027,20250126,ST005,PRD020,Overproduction,6,55.0,330.0
WST00001028,20250127,ST001,PRD001,Overproduction,3,45.0,135.0
WST00001029,20250127,ST001,PRD002,Overproduction,6,65.0,390.0
WST00001030,20250127,ST001,PRD010,Overproduction,3,100.0,300.0
WST00001031,20250127,ST001,PRD013,Overproduction,10,160.0,1600.0
WST00001032,20250127,ST001,PRD014,Overproduction,5,110.0,550.0
WST00001033,20250127,ST001,PRD020,Overproduction,4,55.0,220.0
WST00001034,20250127,ST002,PRD001,Overproduction,9,45.0,405.0
WST00001035,20250127,ST002,PRD002,Overproduction,7,65.0,455.0
WST00001036,20250127,ST002,PRD004,Overproduction,3,80.0,240.0
WST00001037,20250127,ST002,PRD006,Expired,1,70.0,70.0
WST00001038,20250127,ST002,PRD008,Overproduction,2,55.0,110.0
WST00001039,20250127,ST002,PRD009,Overproduction,2,95.0,190.0
WST00001040,20250127,ST002,PRD013,Overproduction,2,160.0,320.0
WST00001041,20250127,ST002,PRD016,Overproduction,1,95.0,95.0
WST00001042,20250127,ST002,PRD017,Overproduction,2,110.0,220.0
WST00001043,20250127,ST003,PRD001,Overproduction,3,45.0,135.0
WST00001044,20250127,ST003,PRD002,Expired,4,65.0,260.0
WST00001045,20250127,ST003,PRD009,Overproduction,1,95.0,95.0
WST00001046,20250127,ST003,PRD012,Overproduction,3,180.0,540.0
WST00001047,20250127,ST003,PRD014,Overproduction,1,110.0,110.0
WST00001048,20250127,ST003,PRD016,Overproduction,1,95.0,95.0
WST00001049,20250127,ST003,PRD020,Overproduction,1,55.0,55.0
WST00001050,20250127,ST004,PRD002,Overproduction,6,65.0,390.0
WST00001051,20250127,ST004,PRD004,Overproduction,4,80.0,320.0
WST00001052,20250127,ST004,PRD006,Overproduction,4,70.0,280.0
WST00001053,20250127,ST004,PRD007,Overproduction,14,80.0,1120.0
WST00001054,20250127,ST004,PRD009,Overproduction,5,95.0,475.0
WST00001055,20250127,ST004,PRD010,Overproduction,2,100.0,200.0
WST00001056,20250127,ST004,PRD013,Overproduction,10,160.0,1600.0
WST00001057,20250127,ST004,PRD016,Overproduction,2,95.0,190.0
WST00001058,20250127,ST004,PRD018,Overproduction,2,60.0,120.0
WST00001059,20250127,ST005,PRD003,Expired,1,70.0,70.0
WST00001060,20250127,ST005,PRD004,Overproduction,4,80.0,320.0
WST00001061,20250127,ST005,PRD006,Overproduction,4,70.0,280.0
WST00001062,20250127,ST005,PRD007,Overproduction,4,80.0,320.0
WST00001063,20250127,ST005,PRD015,Overproduction,1,65.0,65.0
WST00001064,20250127,ST005,PRD016,Quality Issue,1,95.0,95.0
WST00001065,20250127,ST005,PRD018,Overproduction,3,60.0,180.0
WST00001066,20250127,ST005,PRD019,Overproduction,2,35.0,70.0
WST00001067,20250127,ST005,PRD020,Overproduction,4,55.0,220.0
WST00001068,20250128,ST001,PRD001,Expired,1,45.0,45.0
WST00001069,20250128,ST001,PRD002,Overproduction,7,65.0,455.0
WST00001070,20250128,ST001,PRD003,Overproduction,7,70.0,490.0
WST00001071,20250128,ST001,PRD004,Overproduction,10,80.0,800.0
WST00001072,20250128,ST001,PRD008,Overproduction,2,55.0,110.0
WST00001073,20250128,ST001,PRD012,Overproduction,2,180.0,360.0
WST00001074,20250128,ST001,PRD018,Overproduction,4,60.0,240.0
WST00001075,20250128,ST001,PRD019,Overproduction,3,35.0,105.0
WST00001076,20250128,ST002,PRD002,Overproduction,4,65.0,260.0
WST00001077,20250128,ST002,PRD003,Overproduction,4,70.0,280.0
WST00001078,20250128,ST002,PRD004,Overproduction,3,80.0,240.0
WST00001079,20250128,ST002,PRD006,Overproduction,5,70.0,350.0
WST00001080,20250128,ST002,PRD007,Overproduction,4,80.0,320.0
WST00001081,20250128,ST002,PRD008,Expired,1,55.0,55.0
WST00001082,20250128,ST002,PRD009,Overproduction,2,95.0,190.0
WST00001083,20250128,ST002,PRD011,Overproduction,1,140.0,140.0
WST00001084,20250128,ST002,PRD013,Overproduction,2,160.0,320.0
WST00001085,20250128,ST002,PRD015,Overproduction,4,65.0,260.0
WST00001086,20250128,ST002,PRD019,Overproduction,2,35.0,70.0
WST00001087,20250128,ST003,PRD004,Overproduction,2,80.0,160.0
WST00001088,20250128,ST003,PRD006,Overproduction,3,70.0,210.0
WST00001089,20250128,ST003,PRD007,Overproduction,2,80.0,160.0
WST00001090,20250128,ST003,PRD008,Expired,2,55.0,110.0
WST00001091,20250128,ST003,PRD009,Overproduction,2,95.0,190.0
WST00001092,20250128,ST003,PRD010,Overproduction,1,100.0,100.0
WST00001093,20250128,ST003,PRD012,Overproduction,2,180.0,360.0
WST00001094,20250128,ST003,PRD013,Overproduction,2,160.0,320.0
WST00001095,20250128,ST003,PRD016,Overproduction,1,95.0,95.0
WST00001096,20250128,ST003,PRD017,Overproduction,1,110.0,110.0
WST00001097,20250128,ST003,PRD019,Overproduction,2,35.0,70.0
WST00001098,20250128,ST004,PRD002,Overproduction,7,65.0,455.0
WST00001099,20250128,ST004,PRD010,Overproduction,3,100.0,300.0
WST00001100,20250128,ST004,PRD011,Overproduction,1,140.0,140.0
WST00001101,20250128,ST004,PRD014,Overproduction,3,110.0,330.0
WST00001102,20250128,ST004,PRD016,Overproduction,3,95.0,285.0
WST00001103,20250128,ST004,PRD017,Overproduction,2,110.0,220.0
WST00001104,20250128,ST004,PRD020,Overproduction,3,55.0,165.0
WST00001105,20250128,ST005,PRD005,Overproduction,4,35.0,140.0
WST00001106,20250128,ST005,PRD008,Overproduction,3,55.0,165.0
WST00001107,20250128,ST005,PRD009,Overproduction,2,95.0,190.0
WST00001108,20250128,ST005,PRD011,Overproduction,5,140.0,700.0
WST00001109,20250128,ST005,PRD013,Overproduction,2,160.0,320.0
WST00001110,20250128,ST005,PRD018,Overproduction,1,60.0,60.0
WST00001111,20250128,ST005,PRD020,Overproduction,3,55.0,165.0
WST00001112,20250129,ST001,PRD004,Overproduction,9,80.0,720.0
WST00001113,20250129,ST001,PRD005,Overproduction,10,35.0,350.0
WST00001114,20250129,ST001,PRD011,Overproduction,2,140.0,280.0
WST00001115,20250129,ST001,PRD012,Overproduction,1,180.0,180.0
WST00001116,20250129,ST001,PRD016,Overproduction,2,95.0,190.0
WST00001117,20250129,ST001,PRD018,Damaged,1,60.0,60.0
WST00001118,20250129,ST001,PRD020,Overproduction,1,55.0,55.0
WST00001119,20250129,ST002,PRD005,Overproduction,6,35.0,210.0
WST00001120,20250129,ST002,PRD007,Overproduction,5,80.0,400.0
WST00001121,20250129,ST002,PRD008,Overproduction,3,55.0,165.0
WST00001122,20250129,ST002,PRD010,Overproduction,2,100.0,200.0
WST00001123,20250129,ST002,PRD013,Overproduction,2,160.0,320.0
WST00001124,20250129,ST002,PRD015,Overproduction,2,65.0,130.0
WST00001125,20250129,ST002,PRD017,Overproduction,1,110.0,110.0
WST00001126,20250129,ST003,PRD001,Overproduction,3,45.0,135.0
WST00001127,20250129,ST003,PRD007,Overproduction,3,80.0,240.0
WST00001128,20250129,ST003,PRD008,Overproduction,3,55.0,165.0
WST00001129,20250129,ST003,PRD010,Overproduction,1,100.0,100.0
WST00001130,20250129,ST003,PRD011,Overproduction,2,140.0,280.0
WST00001131,20250129,ST003,PRD012,Overproduction,5,180.0,900.0
WST00001132,20250129,ST003,PRD013,Overproduction,2,160.0,320.0
WST00001133,20250129,ST003,PRD014,Overproduction,1,110.0,110.0
WST00001134,20250129,ST003,PRD016,Overproduction,1,95.0,95.0
WST00001135,20250129,ST004,PRD002,Expired,3,65.0,195.0
WST00001136,20250129,ST004,PRD003,Overproduction,5,70.0,350.0
WST00001137,20250129,ST004,PRD006,Overproduction,6,70.0,420.0
WST00001138,20250129,ST004,PRD009,Expired,1,95.0,95.0
WST00001139,20250129,ST004,PRD010,Overproduction,4,100.0,400.0
WST00001140,20250129,ST004,PRD012,Overproduction,2,180.0,360.0
WST00001141,20250129,ST004,PRD013,Quality Issue,1,160.0,160.0
WST00001142,20250129,ST004,PRD015,Overproduction,6,65.0,390.0
WST00001143,20250129,ST004,PRD019,Overproduction,3,35.0,105.0
WST00001144,20250129,ST004,PRD020,Overproduction,2,55.0,110.0
WST00001145,20250129,ST005,PRD003,Overproduction,5,70.0,350.0
WST00001146,20250129,ST005,PRD004,Overproduction,2,80.0,160.0
WST00001147,20250129,ST005,PRD009,Overproduction,3,95.0,285.0
WST00001148,20250129,ST005,PRD011,Overproduction,2,140.0,280.0
WST00001149,20250129,ST005,PRD012,Overproduction,2,180.0,360.0
WST00001150,20250129,ST005,PRD013,Overproduction,1,160.0,160.0
WST00001151,20250129,ST005,PRD017,Overproduction,1,110.0,110.0
WST00001152,20250129,ST005,PRD019,Overproduction,1,35.0,35.0
WST00001153,20250130,ST001,PRD001,Overproduction,6,45.0,270.0
WST00001154,20250130,ST001,PRD002,Overproduction,6,65.0,390.0
WST00001155,20250130,ST001,PRD005,Overproduction,4,35.0,140.0
WST00001156,20250130,ST001,PRD006,Overproduction,3,70.0,210.0
WST00001157,20250130,ST001,PRD007,Expired,1,80.0,80.0
WST00001158,20250130,ST001,PRD008,Overproduction,3,55.0,165.0
WST00001159,20250130,ST001,PRD019,Overproduction,3,35.0,105.0
WST00001160,20250130,ST002,PRD003,Overproduction,3,70.0,210.0
WST00001161,20250130,ST002,PRD004,Expired,1,80.0,80.0
WST00001162,20250130,ST002,PRD007,Overproduction,2,80.0,160.0
WST00001163,20250130,ST002,PRD008,Overproduction,5,55.0,275.0
WST00001164,20250130,ST002,PRD009,Overproduction,1,95.0,95.0
WST00001165,20250130,ST003,PRD001,Overproduction,2,45.0,90.0
WST00001166,20250130,ST003,PRD004,Overproduction,3,80.0,240.0
WST00001167,20250130,ST003,PRD005,Expired,1,35.0,35.0
WST00001168,20250130,ST003,PRD006,Overproduction,2,70.0,140.0
WST00001169,20250130,ST003,PRD008,Overproduction,5,55.0,275.0
WST00001170,20250130,ST003,PRD011,Overproduction,2,140.0,280.0
WST00001171,20250130,ST003,PRD013,Overproduction,3,160.0,480.0
WST00001172,20250130,ST003,PRD017,Damaged,1,110.0,110.0
WST00001173,20250130,ST003,PRD020,Overproduction,3,55.0,165.0
WST00001174,20250130,ST004,PRD002,Overproduction,2,65.0,130.0
WST00001175,20250130,ST004,PRD006,Expired,5,70.0,350.0
WST00001176,20250130,ST004,PRD007,Overproduction,11,80.0,880.0
WST00001177,20250130,ST004,PRD009,Overproduction,6,95.0,570.0
WST00001178,20250130,ST004,PRD010,Overproduction,2,100.0,200.0
WST00001179,20250130,ST004,PRD013,Overproduction,5,160.0,800.0
WST00001180,20250130,ST004,PRD018,Overproduction,2,60.0,120.0
WST00001181,20250130,ST005,PRD002,Overproduction,2,65.0,130.0
WST00001182,20250130,ST005,PRD003,Expired,2,70.0,140.0
WST00001183,20250130,ST005,PRD006,Overproduction,3,70.0,210.0
WST00001184,20250130,ST005,PRD007,Overproduction,3,80.0,240.0
WST00001185,20250130,ST005,PRD011,Overproduction,3,140.0,420.0
WST00001186,20250130,ST005,PRD012,Overproduction,3,180.0,540.0
WST00001187,20250130,ST005,PRD013,Overproduction,2,160.0,320.0
WST00001188,20250130,ST005,PRD017,Overproduction,1,110.0,110.0
WST00001189,20250130,ST005,PRD019,Overproduction,1,35.0,35.0
WST00001190,20250131,ST001,PRD001,Expired,2,45.0,90.0
WST00001191,20250131,ST001,PRD006,Overproduction,4,70.0,280.0
WST00001192,20250131,ST001,PRD007,Overproduction,12,80.0,960.0
WST00001193,20250131,ST001,PRD008,Expired,2,55.0,110.0
WST00001194,20250131,ST001,PRD009,Overproduction,2,95.0,190.0
WST00001195,20250131,ST001,PRD012,Quality Issue,1,180.0,180.0
WST00001196,20250131,ST001,PRD014,Overproduction,3,110.0,330.0
WST00001197,20250131,ST001,PRD017,Overproduction,2,110.0,220.0
WST00001198,20250131,ST001,PRD019,Quality Issue,1,35.0,35.0
WST00001199,20250131,ST002,PRD002,Overproduction,3,65.0,195.0
WST00001200,20250131,ST002,PRD004,Overproduction,9,80.0,720.0
WST00001201,20250131,ST002,PRD005,Overproduction,3,35.0,105.0
WST00001202,20250131,ST002,PRD006,Expired,1,70.0,70.0
WST00001203,20250131,ST002,PRD012,Overproduction,3,180.0,540.0
WST00001204,20250131,ST002,PRD013,Overproduction,2,160.0,320.0
WST00001205,20250131,ST002,PRD015,Overproduction,1,65.0,65.0
WST00001206,20250131,ST002,PRD018,Overproduction,1,60.0,60.0
WST00001207,20250131,ST002,PRD019,Overproduction,3,35.0,105.0
WST00001208,20250131,ST003,PRD003,Overproduction,6,70.0,420.0
WST00001209,20250131,ST003,PRD010,Overproduction,2,100.0,200.0
WST00001210,20250131,ST003,PRD011,Overproduction,1,140.0,140.0
WST00001211,20250131,ST003,PRD013,Overproduction,2,160.0,320.0
WST00001212,20250131,ST003,PRD015,Overproduction,1,65.0,65.0
WST00001213,20250131,ST004,PRD001,Overproduction,8,45.0,360.0
WST00001214,20250131,ST004,PRD004,Expired,2,80.0,160.0
WST00001215,20250131,ST004,PRD005,Overproduction,10,35.0,350.0
WST00001216,20250131,ST004,PRD007,Overproduction,3,80.0,240.0
WST00001217,20250131,ST004,PRD010,Expired,1,100.0,100.0
WST00001218,20250131,ST004,PRD016,Overproduction,1,95.0,95.0
WST00001219,20250131,ST004,PRD017,Overproduction,3,110.0,330.0
WST00001220,20250131,ST004,PRD018,Overproduction,1,60.0,60.0
WST00001221,20250131,ST004,PRD020,Overproduction,3,55.0,165.0
WST00001222,20250131,ST005,PRD001,Overproduction,4,45.0,180.0
WST00001223,20250131,ST005,PRD003,Expired,1,70.0,70.0
WST00001224,20250131,ST005,PRD004,Expired,3,80.0,240.0
WST00001225,20250131,ST005,PRD006,Expired,1,70.0,70.0
WST00001226,20250131,ST005,PRD011,Overproduction,4,140.0,560.0
WST00001227,20250131,ST005,PRD015,Overproduction,4,65.0,260.0
WST00001228,20250131,ST005,PRD016,Overproduction,1,95.0,95.0
WST00001229,20250131,ST005,PRD019,Overproduction,3,35.0,105.0
WST00001230,20250201,ST001,PRD005,Overproduction,8,35.0,280.0
WST00001231,20250201,ST001,PRD006,Expired,3,70.0,210.0
WST00001232,20250201,ST001,PRD009,Overproduction,2,95.0,190.0
WST00001233,20250201,ST001,PRD010,Overproduction,3,100.0,300.0
WST00001234,20250201,ST001,PRD011,Damaged,1,140.0,140.0
WST00001235,20250201,ST001,PRD013,Overproduction,4,160.0,640.0
WST00001236,20250201,ST001,PRD015,Overproduction,3,65.0,195.0
WST00001237,20250201,ST001,PRD017,Overproduction,1,110.0,110.0
WST00001238,20250201,ST001,PRD019,Overproduction,3,35.0,105.0
WST00001239,20250201,ST002,PRD003,Expired,4,70.0,280.0
WST00001240,20250201,ST002,PRD004,Overproduction,4,80.0,320.0
WST00001241,20250201,ST002,PRD007,Expired,2,80.0,160.0
WST00001242,20250201,ST002,PRD008,Overproduction,6,55.0,330.0
WST00001243,20250201,ST002,PRD010,Overproduction,2,100.0,200.0
WST00001244,20250201,ST002,PRD012,Overproduction,1,180.0,180.0
WST00001245,20250201,ST002,PRD015,Overproduction,4,65.0,260.0
WST00001246,20250201,ST002,PRD018,Overproduction,7,60.0,420.0
WST00001247,20250201,ST002,PRD019,Overproduction,1,35.0,35.0
WST00001248,20250201,ST003,PRD001,Overproduction,3,45.0,135.0
WST00001249,20250201,ST003,PRD007,Overproduction,2,80.0,160.0
WST00001250,20250201,ST003,PRD008,Expired,1,55.0,55.0
WST00001251,20250201,ST003,PRD011,Overproduction,1,140.0,140.0
WST00001252,20250201,ST003,PRD012,Overproduction,2,180.0,360.0
WST00001253,20250201,ST003,PRD014,Overproduction,1,110.0,110.0
WST00001254,20250201,ST003,PRD016,Overproduction,1,95.0,95.0
WST00001255,20250201,ST003,PRD017,Overproduction,1,110.0,110.0
WST00001256,20250201,ST003,PRD018,Overproduction,2,60.0,120.0
WST00001257,20250201,ST004,PRD004,Expired,1,80.0,80.0
WST00001258,20250201,ST004,PRD015,Overproduction,3,65.0,195.0
WST00001259,20250201,ST004,PRD017,Overproduction,2,110.0,220.0
WST00001260,20250201,ST004,PRD020,Overproduction,6,55.0,330.0
WST00001261,20250201,ST005,PRD001,Expired,1,45.0,45.0
WST00001262,20250201,ST005,PRD002,Expired,2,65.0,130.0
WST00001263,20250201,ST005,PRD003,Overproduction,5,70.0,350.0
WST00001264,20250201,ST005,PRD005,Overproduction,7,35.0,245.0
WST00001265,20250201,ST005,PRD006,Overproduction,2,70.0,140.0
WST00001266,20250201,ST005,PRD007,Overproduction,11,80.0,880.0
WST00001267,20250201,ST005,PRD010,Overproduction,2,100.0,200.0
WST00001268,20250201,ST005,PRD012,Overproduction,1,180.0,180.0
WST00001269,20250201,ST005,PRD016,Quality Issue,1,95.0,95.0
WST00001270,20250201,ST005,PRD019,Overproduction,4,35.0,140.0
WST00001271,20250201,ST005,PRD020,Overproduction,4,55.0,220.0
WST00001272,20250202,ST001,PRD003,Overproduction,5,70.0,350.0
WST00001273,20250202,ST001,PRD004,Overproduction,9,80.0,720.0
WST00001274,20250202,ST001,PRD005,Overproduction,8,35.0,280.0
WST00001275,20250202,ST001,PRD006,Overproduction,3,70.0,210.0
WST00001276,20250202,ST001,PRD008,Overproduction,4,55.0,220.0
WST00001277,20250202,ST001,PRD009,Expired,4,95.0,380.0
WST00001278,20250202,ST001,PRD010,Overproduction,3,100.0,300.0
WST00001279,20250202,ST001,PRD014,Overproduction,4,110.0,440.0
WST00001280,20250202,ST001,PRD016,Overproduction,3,95.0,285.0
WST00001281,20250202,ST001,PRD017,Overproduction,5,110.0,550.0
WST00001282,20250202,ST001,PRD019,Overproduction,2,35.0,70.0
WST00001283,20250202,ST001,PRD020,Overproduction,7,55.0,385.0
WST00001284,20250202,ST002,PRD001,Expired,3,45.0,135.0
WST00001285,20250202,ST002,PRD002,Overproduction,5,65.0,325.0
WST00001286,20250202,ST002,PRD003,Overproduction,4,70.0,280.0
WST00001287,20250202,ST002,PRD004,Expired,2,80.0,160.0
WST00001288,20250202,ST002,PRD006,Overproduction,8,70.0,560.0
WST00001289,20250202,ST002,PRD009,Overproduction,2,95.0,190.0
WST00001290,20250202,ST002,PRD013,Overproduction,3,160.0,480.0
WST00001291,20250202,ST002,PRD014,Overproduction,5,110.0,550.0
WST00001292,20250202,ST002,PRD015,Overproduction,5,65.0,325.0
WST00001293,20250202,ST002,PRD016,Overproduction,1,95.0,95.0
WST00001294,20250202,ST002,PRD017,Overproduction,1,110.0,110.0
WST00001295,20250202,ST002,PRD019,Overproduction,3,35.0,105.0
WST00001296,20250202,ST003,PRD002,Overproduction,5,65.0,325.0
WST00001297,20250202,ST003,PRD004,Overproduction,3,80.0,240.0
WST00001298,20250202,ST003,PRD005,Overproduction,3,35.0,105.0
WST00001299,20250202,ST003,PRD006,Overproduction,2,70.0,140.0
WST00001300,20250202,ST003,PRD007,Expired,1,80.0,80.0
WST00001301,20250202,ST003,PRD010,Expired,1,100.0,100.0
WST00001302,20250202,ST003,PRD016,Overproduction,1,95.0,95.0
WST00001303,20250202,ST003,PRD018,Overproduction,2,60.0,120.0
WST00001304,20250202,ST003,PRD019,Overproduction,1,35.0,35.0
WST00001305,20250202,ST004,PRD003,Overproduction,11,70.0,770.0
WST00001306,20250202,ST004,PRD007,Overproduction,2,80.0,160.0
WST00001307,20250202,ST004,PRD008,Overproduction,4,55.0,220.0
WST00001308,20250202,ST004,PRD009,Overproduction,2,95.0,190.0
WST00001309,20250202,ST004,PRD012,Overproduction,16,180.0,2880.0
WST00001310,20250202,ST004,PRD013,Overproduction,10,160.0,1600.0
WST00001311,20250202,ST004,PRD016,Overproduction,1,95.0,95.0
WST00001312,20250202,ST004,PRD018,Overproduction,3,60.0,180.0
WST00001313,20250202,ST004,PRD020,Overproduction,2,55.0,110.0
WST00001314,20250202,ST005,PRD001,Overproduction,4,45.0,180.0
WST00001315,20250202,ST005,PRD005,Overproduction,15,35.0,525.0
WST00001316,20250202,ST005,PRD006,Overproduction,7,70.0,490.0
WST00001317,20250202,ST005,PRD008,Overproduction,7,55.0,385.0
WST00001318,20250202,ST005,PRD010,Overproduction,2,100.0,200.0
WST00001319,20250202,ST005,PRD011,Overproduction,5,140.0,700.0
WST00001320,20250202,ST005,PRD013,Overproduction,4,160.0,640.0
WST00001321,20250202,ST005,PRD018,Overproduction,1,60.0,60.0
WST00001322,20250203,ST001,PRD001,Overproduction,8,45.0,360.0
WST00001323,20250203,ST001,PRD003,Overproduction,6,70.0,420.0
WST00001324,20250203,ST001,PRD007,Overproduction,9,80.0,720.0
WST00001325,20250203,ST001,PRD010,Overproduction,2,100.0,200.0
WST00001326,20250203,ST001,PRD013,Overproduction,2,160.0,320.0
WST00001327,20250203,ST001,PRD014,Overproduction,3,110.0,330.0
WST00001328,20250203,ST001,PRD016,Overproduction,3,95.0,285.0
WST00001329,20250203,ST001,PRD017,Overproduction,4,110.0,440.0
WST00001330,20250203,ST001,PRD019,Overproduction,3,35.0,105.0
WST00001331,20250203,ST002,PRD001,Overproduction,4,45.0,180.0
WST00001332,20250203,ST002,PRD008,Overproduction,3,55.0,165.0
WST00001333,20250203,ST002,PRD009,Overproduction,2,95.0,190.0
WST00001334,20250203,ST002,PRD010,Overproduction,2,100.0,200.0
WST00001335,20250203,ST002,PRD011,Overproduction,2,140.0,280.0
WST00001336,20250203,ST002,PRD016,Overproduction,1,95.0,95.0
WST00001337,20250203,ST002,PRD017,Overproduction,1,110.0,110.0
WST00001338,20250203,ST002,PRD018,Overproduction,1,60.0,60.0
WST00001339,20250203,ST002,PRD020,Overproduction,2,55.0,110.0
WST00001340,20250203,ST003,PRD001,Expired,1,45.0,45.0
WST00001341,20250203,ST003,PRD005,Expired,1,35.0,35.0
WST00001342,20250203,ST003,PRD007,Expired,1,80.0,80.0
WST00001343,20250203,ST003,PRD010,Overproduction,3,100.0,300.0
WST00001344,20250203,ST003,PRD015,Preparation Error,1,65.0,65.0
WST00001345,20250203,ST003,PRD018,Overproduction,1,60.0,60.0
WST00001346,20250203,ST004,PRD003,Expired,3,70.0,210.0
WST00001347,20250203,ST004,PRD004,Overproduction,7,80.0,560.0
WST00001348,20250203,ST004,PRD006,Overproduction,7,70.0,490.0
WST00001349,20250203,ST004,PRD010,Overproduction,1,100.0,100.0
WST00001350,20250203,ST004,PRD011,Overproduction,6,140.0,840.0
WST00001351,20250203,ST004,PRD012,Overproduction,2,180.0,360.0
WST00001352,20250203,ST004,PRD013,Overproduction,3,160.0,480.0
WST00001353,20250203,ST004,PRD019,Overproduction,3,35.0,105.0
WST00001354,20250203,ST004,PRD020,Overproduction,1,55.0,55.0
WST00001355,20250203,ST005,PRD006,Overproduction,4,70.0,280.0
WST00001356,20250203,ST005,PRD009,Overproduction,2,95.0,190.0
WST00001357,20250203,ST005,PRD011,Overproduction,2,140.0,280.0
WST00001358,20250203,ST005,PRD012,Overproduction,6,180.0,1080.0
WST00001359,20250203,ST005,PRD013,Overproduction,3,160.0,480.0
WST00001360,20250203,ST005,PRD016,Overproduction,1,95.0,95.0
WST00001361,20250203,ST005,PRD017,Overproduction,3,110.0,330.0
WST00001362,20250203,ST005,PRD018,Preparation Error,1,60.0,60.0
WST00001363,20250204,ST001,PRD001,Overproduction,11,45.0,495.0
WST00001364,20250204,ST001,PRD003,Overproduction,4,70.0,280.0
WST00001365,20250204,ST001,PRD004,Expired,4,80.0,320.0
WST00001366,20250204,ST001,PRD009,Overproduction,2,95.0,190.0
WST00001367,20250204,ST001,PRD011,Overproduction,2,140.0,280.0
WST00001368,20250204,ST001,PRD012,Overproduction,3,180.0,540.0
WST00001369,20250204,ST001,PRD013,Overproduction,4,160.0,640.0
WST00001370,20250204,ST001,PRD014,Overproduction,8,110.0,880.0
WST00001371,20250204,ST001,PRD016,Overproduction,1,95.0,95.0
WST00001372,20250204,ST001,PRD019,Preparation Error,1,35.0,35.0
WST00001373,20250204,ST002,PRD002,Overproduction,4,65.0,260.0
WST00001374,20250204,ST002,PRD004,Overproduction,4,80.0,320.0
WST00001375,20250204,ST002,PRD006,Expired,1,70.0,70.0
WST00001376,20250204,ST002,PRD011,Overproduction,3,140.0,420.0
WST00001377,20250204,ST002,PRD012,Overproduction,2,180.0,360.0
WST00001378,20250204,ST002,PRD013,Overproduction,2,160.0,320.0
WST00001379,20250204,ST002,PRD016,Overproduction,1,95.0,95.0
WST00001380,20250204,ST002,PRD017,Overproduction,2,110.0,220.0
WST00001381,20250204,ST002,PRD019,Overproduction,1,35.0,35.0
WST00001382,20250204,ST002,PRD020,Overproduction,2,55.0,110.0
WST00001383,20250204,ST003,PRD005,Overproduction,4,35.0,140.0
WST00001384,20250204,ST003,PRD010,Overproduction,1,100.0,100.0
WST00001385,20250204,ST003,PRD012,Overproduction,2,180.0,360.0
WST00001386,20250204,ST003,PRD015,Overproduction,2,65.0,130.0
WST00001387,20250204,ST003,PRD016,Overproduction,1,95.0,95.0
WST00001388,20250204,ST003,PRD019,Overproduction,1,35.0,35.0
WST00001389,20250204,ST004,PRD002,Overproduction,5,65.0,325.0
WST00001390,20250204,ST004,PRD003,Overproduction,8,70.0,560.0
WST00001391,20250204,ST004,PRD005,Overproduction,9,35.0,315.0
WST00001392,20250204,ST004,PRD009,Overproduction,3,95.0,285.0
WST00001393,20250204,ST004,PRD011,Overproduction,2,140.0,280.0
WST00001394,20250204,ST004,PRD012,Overproduction,1,180.0,180.0
WST00001395,20250204,ST004,PRD014,Overproduction,5,110.0,550.0
WST00001396,20250204,ST004,PRD015,Overproduction,5,65.0,325.0
WST00001397,20250204,ST004,PRD016,Overproduction,2,95.0,190.0
WST00001398,20250204,ST004,PRD019,Overproduction,2,35.0,70.0
WST00001399,20250204,ST005,PRD006,Overproduction,4,70.0,280.0
WST00001400,20250204,ST005,PRD007,Overproduction,2,80.0,160.0
WST00001401,20250204,ST005,PRD012,Overproduction,1,180.0,180.0
WST00001402,20250204,ST005,PRD013,Overproduction,6,160.0,960.0
WST00001403,20250204,ST005,PRD014,Overproduction,2,110.0,220.0
WST00001404,20250204,ST005,PRD015,Overproduction,1,65.0,65.0
WST00001405,20250204,ST005,PRD018,Overproduction,2,60.0,120.0
WST00001406,20250204,ST005,PRD019,Overproduction,1,35.0,35.0
WST00001407,20250205,ST001,PRD002,Overproduction,6,65.0,390.0
WST00001408,20250205,ST001,PRD008,Expired,1,55.0,55.0
WST00001409,20250205,ST001,PRD010,Expired,1,100.0,100.0
WST00001410,20250205,ST001,PRD012,Overproduction,4,180.0,720.0
WST00001411,20250205,ST001,PRD016,Overproduction,2,95.0,190.0
WST00001412,20250205,ST001,PRD018,Overproduction,1,60.0,60.0
WST00001413,20250205,ST002,PRD007,Overproduction,4,80.0,320.0
WST00001414,20250205,ST002,PRD012,Overproduction,1,180.0,180.0
WST00001415,20250205,ST002,PRD013,Overproduction,2,160.0,320.0
WST00001416,20250205,ST002,PRD014,Overproduction,2,110.0,220.0
WST00001417,20250205,ST002,PRD015,Overproduction,1,65.0,65.0
WST00001418,20250205,ST003,PRD001,Overproduction,2,45.0,90.0
WST00001419,20250205,ST003,PRD002,Overproduction,3,65.0,195.0
WST00001420,20250205,ST003,PRD003,Overproduction,4,70.0,280.0
WST00001421,20250205,ST003,PRD004,Overproduction,1,80.0,80.0
WST00001422,20250205,ST003,PRD005,Overproduction,2,35.0,70.0
WST00001423,20250205,ST003,PRD008,Expired,2,55.0,110.0
WST00001424,20250205,ST003,PRD011,Overproduction,2,140.0,280.0
WST00001425,20250205,ST003,PRD012,Overproduction,1,180.0,180.0
WST00001426,20250205,ST003,PRD015,Overproduction,3,65.0,195.0
WST00001427,20250205,ST003,PRD016,Overproduction,1,95.0,95.0
WST00001428,20250205,ST003,PRD018,Damaged,1,60.0,60.0
WST00001429,20250205,ST003,PRD020,Overproduction,1,55.0,55.0
WST00001430,20250205,ST004,PRD010,Expired,1,100.0,100.0
WST00001431,20250205,ST004,PRD012,Overproduction,3,180.0,540.0
WST00001432,20250205,ST004,PRD018,Overproduction,2,60.0,120.0
WST00001433,20250205,ST004,PRD019,Overproduction,5,35.0,175.0
WST00001434,20250205,ST005,PRD001,Overproduction,2,45.0,90.0
WST00001435,20250205,ST005,PRD003,Expired,2,70.0,140.0
WST00001436,20250205,ST005,PRD004,Overproduction,4,80.0,320.0
WST00001437,20250205,ST005,PRD005,Overproduction,4,35.0,140.0
WST00001438,20250205,ST005,PRD007,Overproduction,3,80.0,240.0
WST00001439,20250205,ST005,PRD009,Overproduction,1,95.0,95.0
WST00001440,20250205,ST005,PRD010,Overproduction,2,100.0,200.0
WST00001441,20250205,ST005,PRD011,Overproduction,5,140.0,700.0
WST00001442,20250205,ST005,PRD012,Overproduction,1,180.0,180.0
WST00001443,20250205,ST005,PRD014,Overproduction,3,110.0,330.0
WST00001444,20250205,ST005,PRD016,Overproduction,2,95.0,190.0
WST00001445,20250206,ST001,PRD001,Overproduction,7,45.0,315.0
WST00001446,20250206,ST001,PRD002,Expired,3,65.0,195.0
WST00001447,20250206,ST001,PRD003,Expired,1,70.0,70.0
WST00001448,20250206,ST001,PRD005,Overproduction,5,35.0,175.0
WST00001449,20250206,ST001,PRD009,Overproduction,2,95.0,190.0
WST00001450,20250206,ST001,PRD011,Overproduction,5,140.0,700.0
WST00001451,20250206,ST001,PRD012,Overproduction,3,180.0,540.0
WST00001452,20250206,ST001,PRD013,Overproduction,3,160.0,480.0
WST00001453,20250206,ST001,PRD015,Overproduction,9,65.0,585.0
WST00001454,20250206,ST001,PRD016,Quality Issue,1,95.0,95.0
WST00001455,20250206,ST001,PRD017,Overproduction,3,110.0,330.0
WST00001456,20250206,ST001,PRD019,Overproduction,3,35.0,105.0
WST00001457,20250206,ST002,PRD001,Overproduction,4,45.0,180.0
WST00001458,20250206,ST002,PRD006,Overproduction,1,70.0,70.0
WST00001459,20250206,ST002,PRD009,Overproduction,1,95.0,95.0
WST00001460,20250206,ST002,PRD013,Overproduction,1,160.0,160.0
WST00001461,20250206,ST002,PRD014,Overproduction,3,110.0,330.0
WST00001462,20250206,ST002,PRD019,Overproduction,1,35.0,35.0
WST00001463,20250206,ST002,PRD020,Overproduction,1,55.0,55.0
WST00001464,20250206,ST003,PRD001,Overproduction,1,45.0,45.0
WST00001465,20250206,ST003,PRD003,Expired,1,70.0,70.0
WST00001466,20250206,ST003,PRD004,Overproduction,3,80.0,240.0
WST00001467,20250206,ST003,PRD006,Overproduction,2,70.0,140.0
WST00001468,20250206,ST003,PRD008,Expired,1,55.0,55.0
WST00001469,20250206,ST003,PRD009,Overproduction,2,95.0,190.0
WST00001470,20250206,ST003,PRD015,Overproduction,1,65.0,65.0
WST00001471,20250206,ST003,PRD019,Preparation Error,1,35.0,35.0
WST00001472,20250206,ST003,PRD020,Overproduction,1,55.0,55.0
WST00001473,20250206,ST004,PRD005,Overproduction,11,35.0,385.0
WST00001474,20250206,ST004,PRD006,Overproduction,4,70.0,280.0
WST00001475,20250206,ST004,PRD007,Expired,2,80.0,160.0
WST00001476,20250206,ST004,PRD010,Overproduction,2,100.0,200.0
WST00001477,20250206,ST004,PRD014,Overproduction,1,110.0,110.0
WST00001478,20250206,ST004,PRD020,Overproduction,2,55.0,110.0
WST00001479,20250206,ST005,PRD001,Expired,2,45.0,90.0
WST00001480,20250206,ST005,PRD002,Overproduction,2,65.0,130.0
WST00001481,20250206,ST005,PRD007,Overproduction,1,80.0,80.0
WST00001482,20250206,ST005,PRD009,Expired,1,95.0,95.0
WST00001483,20250206,ST005,PRD010,Overproduction,1,100.0,100.0
WST00001484,20250206,ST005,PRD012,Overproduction,7,180.0,1260.0
WST00001485,20250206,ST005,PRD014,Overproduction,1,110.0,110.0
WST00001486,20250206,ST005,PRD017,Overproduction,1,110.0,110.0
WST00001487,20250206,ST005,PRD019,Overproduction,6,35.0,210.0
WST00001488,20250207,ST001,PRD002,Overproduction,4,65.0,260.0
WST00001489,20250207,ST001,PRD003,Overproduction,10,70.0,700.0
WST00001490,20250207,ST001,PRD004,Overproduction,12,80.0,960.0
WST00001491,20250207,ST001,PRD006,Overproduction,12,70.0,840.0
WST00001492,20250207,ST001,PRD008,Expired,3,55.0,165.0
WST00001493,20250207,ST001,PRD013,Overproduction,2,160.0,320.0
WST00001494,20250207,ST001,PRD014,Overproduction,2,110.0,220.0
WST00001495,20250207,ST001,PRD019,Overproduction,1,35.0,35.0
WST00001496,20250207,ST002,PRD002,Overproduction,4,65.0,260.0
WST00001497,20250207,ST002,PRD005,Overproduction,9,35.0,315.0
WST00001498,20250207,ST002,PRD010,Overproduction,2,100.0,200.0
WST00001499,20250207,ST002,PRD011,Overproduction,3,140.0,420.0
WST00001500,20250207,ST002,PRD012,Overproduction,5,180.0,900.0
WST00001501,20250207,ST002,PRD013,Overproduction,1,160.0,160.0
WST00001502,20250207,ST002,PRD015,Overproduction,4,65.0,260.0
WST00001503,20250207,ST002,PRD017,Overproduction,1,110.0,110.0
WST00001504,20250207,ST002,PRD019,Overproduction,1,35.0,35.0
WST00001505,20250207,ST002,PRD020,Overproduction,1,55.0,55.0
WST00001506,20250207,ST003,PRD002,Overproduction,8,65.0,520.0
WST00001507,20250207,ST003,PRD003,Overproduction,3,70.0,210.0
WST00001508,20250207,ST003,PRD004,Overproduction,4,80.0,320.0
WST00001509,20250207,ST003,PRD006,Expired,1,70.0,70.0
WST00001510,20250207,ST003,PRD007,Overproduction,1,80.0,80.0
WST00001511,20250207,ST003,PRD008,Overproduction,2,55.0,110.0
WST00001512,20250207,ST003,PRD011,Overproduction,2,140.0,280.0
WST00001513,20250207,ST003,PRD016,Overproduction,2,95.0,190.0
WST00001514,20250207,ST003,PRD018,Overproduction,1,60.0,60.0
WST00001515,20250207,ST004,PRD005,Overproduction,6,35.0,210.0
WST00001516,20250207,ST004,PRD009,Overproduction,2,95.0,190.0
WST00001517,20250207,ST004,PRD010,Overproduction,2,100.0,200.0
WST00001518,20250207,ST004,PRD011,Overproduction,1,140.0,140.0
WST00001519,20250207,ST004,PRD015,Overproduction,4,65.0,260.0
WST00001520,20250207,ST004,PRD017,Overproduction,5,110.0,550.0
WST00001521,20250207,ST004,PRD018,Overproduction,2,60.0,120.0
WST00001522,20250207,ST004,PRD019,Overproduction,1,35.0,35.0
WST00001523,20250207,ST005,PRD001,Overproduction,4,45.0,180.0
WST00001524,20250207,ST005,PRD002,Expired,1,65.0,65.0
WST00001525,20250207,ST005,PRD003,Overproduction,2,70.0,140.0
WST00001526,20250207,ST005,PRD004,Expired,2,80.0,160.0
WST00001527,20250207,ST005,PRD008,Overproduction,3,55.0,165.0
WST00001528,20250207,ST005,PRD009,Overproduction,3,95.0,285.0
WST00001529,20250207,ST005,PRD010,Overproduction,2,100.0,200.0
WST00001530,20250207,ST005,PRD014,Damaged,1,110.0,110.0
WST00001531,20250207,ST005,PRD017,Overproduction,2,110.0,220.0
WST00001532,20250208,ST001,PRD002,Overproduction,5,65.0,325.0
WST00001533,20250208,ST001,PRD003,Overproduction,8,70.0,560.0
WST00001534,20250208,ST001,PRD005,Overproduction,5,35.0,175.0
WST00001535,20250208,ST001,PRD006,Overproduction,8,70.0,560.0
WST00001536,20250208,ST001,PRD010,Overproduction,1,100.0,100.0
WST00001537,20250208,ST002,PRD002,Overproduction,7,65.0,455.0
WST00001538,20250208,ST002,PRD005,Expired,1,35.0,35.0
WST00001539,20250208,ST002,PRD006,Overproduction,4,70.0,280.0
WST00001540,20250208,ST002,PRD011,Overproduction,2,140.0,280.0
WST00001541,20250208,ST002,PRD012,Overproduction,2,180.0,360.0
WST00001542,20250208,ST002,PRD016,Overproduction,1,95.0,95.0
WST00001543,20250208,ST002,PRD017,Overproduction,1,110.0,110.0
WST00001544,20250208,ST002,PRD019,Overproduction,3,35.0,105.0
WST00001545,20250208,ST003,PRD002,Expired,1,65.0,65.0
WST00001546,20250208,ST003,PRD005,Expired,1,35.0,35.0
WST00001547,20250208,ST003,PRD006,Overproduction,4,70.0,280.0
WST00001548,20250208,ST003,PRD008,Overproduction,3,55.0,165.0
WST00001549,20250208,ST003,PRD009,Overproduction,3,95.0,285.0
WST00001550,20250208,ST003,PRD014,Overproduction,3,110.0,330.0
WST00001551,20250208,ST003,PRD016,Overproduction,1,95.0,95.0
WST00001552,20250208,ST003,PRD018,Overproduction,2,60.0,120.0
WST00001553,20250208,ST003,PRD019,Overproduction,1,35.0,35.0
WST00001554,20250208,ST004,PRD003,Overproduction,6,70.0,420.0
WST00001555,20250208,ST004,PRD007,Overproduction,8,80.0,640.0
WST00001556,20250208,ST004,PRD011,Overproduction,3,140.0,420.0
WST00001557,20250208,ST004,PRD012,Overproduction,5,180.0,900.0
WST00001558,20250208,ST004,PRD013,Overproduction,5,160.0,800.0
WST00001559,20250208,ST004,PRD016,Overproduction,4,95.0,380.0
WST00001560,20250208,ST004,PRD017,Overproduction,4,110.0,440.0
WST00001561,20250208,ST005,PRD002,Overproduction,13,65.0,845.0
WST00001562,20250208,ST005,PRD008,Overproduction,6,55.0,330.0
WST00001563,20250208,ST005,PRD013,Overproduction,5,160.0,800.0
WST00001564,20250208,ST005,PRD016,Overproduction,3,95.0,285.0
WST00001565,20250208,ST005,PRD018,Overproduction,3,60.0,180.0
WST00001566,20250208,ST005,PRD020,Overproduction,2,55.0,110.0
WST00001567,20250209,ST001,PRD001,Overproduction,9,45.0,405.0
WST00001568,20250209,ST001,PRD002,Overproduction,8,65.0,520.0
WST00001569,20250209,ST001,PRD004,Overproduction,8,80.0,640.0
WST00001570,20250209,ST001,PRD005,Overproduction,9,35.0,315.0
WST00001571,20250209,ST001,PRD009,Overproduction,3,95.0,285.0
WST00001572,20250209,ST001,PRD011,Overproduction,2,140.0,280.0
WST00001573,20250209,ST001,PRD012,Overproduction,3,180.0,540.0
WST00001574,20250209,ST001,PRD017,Overproduction,2,110.0,220.0
WST00001575,20250209,ST001,PRD018,Overproduction,2,60.0,120.0
WST00001576,20250209,ST001,PRD020,Overproduction,3,55.0,165.0
WST00001577,20250209,ST002,PRD001,Overproduction,13,45.0,585.0
WST00001578,20250209,ST002,PRD003,Overproduction,4,70.0,280.0
WST00001579,20250209,ST002,PRD005,Overproduction,5,35.0,175.0
WST00001580,20250209,ST002,PRD007,Overproduction,3,80.0,240.0
WST00001581,20250209,ST002,PRD010,Overproduction,3,100.0,300.0
WST00001582,20250209,ST002,PRD014,Overproduction,3,110.0,330.0
WST00001583,20250209,ST002,PRD016,Overproduction,2,95.0,190.0
WST00001584,20250209,ST003,PRD002,Overproduction,3,65.0,195.0
WST00001585,20250209,ST003,PRD005,Overproduction,3,35.0,105.0
WST00001586,20250209,ST003,PRD008,Overproduction,5,55.0,275.0
WST00001587,20250209,ST003,PRD010,Overproduction,1,100.0,100.0
WST00001588,20250209,ST003,PRD016,Overproduction,1,95.0,95.0
WST00001589,20250209,ST003,PRD017,Overproduction,1,110.0,110.0
WST00001590,20250209,ST003,PRD018,Overproduction,2,60.0,120.0
WST00001591,20250209,ST003,PRD020,Quality Issue,1,55.0,55.0
WST00001592,20250209,ST004,PRD002,Overproduction,6,65.0,390.0
WST00001593,20250209,ST004,PRD005,Overproduction,10,35.0,350.0
WST00001594,20250209,ST004,PRD007,Overproduction,6,80.0,480.0
WST00001595,20250209,ST004,PRD008,Overproduction,4,55.0,220.0
WST00001596,20250209,ST004,PRD009,Overproduction,2,95.0,190.0
WST00001597,20250209,ST004,PRD011,Overproduction,3,140.0,420.0
WST00001598,20250209,ST004,PRD012,Overproduction,4,180.0,720.0
WST00001599,20250209,ST004,PRD015,Overproduction,5,65.0,325.0
WST00001600,20250209,ST004,PRD016,Overproduction,1,95.0,95.0
WST00001601,20250209,ST004,PRD017,Overproduction,5,110.0,550.0
WST00001602,20250209,ST004,PRD018,Overproduction,3,60.0,180.0
WST00001603,20250209,ST004,PRD019,Overproduction,1,35.0,35.0
WST00001604,20250209,ST005,PRD003,Overproduction,6,70.0,420.0
WST00001605,20250209,ST005,PRD007,Overproduction,3,80.0,240.0
WST00001606,20250209,ST005,PRD009,Overproduction,2,95.0,190.0
WST00001607,20250209,ST005,PRD011,Overproduction,4,140.0,560.0
WST00001608,20250209,ST005,PRD013,Overproduction,1,160.0,160.0
WST00001609,20250209,ST005,PRD014,Overproduction,3,110.0,330.0
WST00001610,20250210,ST001,PRD003,Overproduction,3,70.0,210.0
WST00001611,20250210,ST001,PRD006,Expired,1,70.0,70.0
WST00001612,20250210,ST001,PRD007,Expired,1,80.0,80.0
WST00001613,20250210,ST001,PRD010,Overproduction,1,100.0,100.0
WST00001614,20250210,ST001,PRD013,Overproduction,3,160.0,480.0
WST00001615,20250210,ST001,PRD014,Overproduction,3,110.0,330.0
WST00001616,20250210,ST001,PRD017,Overproduction,3,110.0,330.0
WST00001617,20250210,ST001,PRD018,Overproduction,4,60.0,240.0
WST00001618,20250210,ST002,PRD002,Overproduction,3,65.0,195.0
WST00001619,20250210,ST002,PRD003,Overproduction,4,70.0,280.0
WST00001620,20250210,ST002,PRD004,Overproduction,8,80.0,640.0
WST00001621,20250210,ST002,PRD006,Overproduction,2,70.0,140.0
WST00001622,20250210,ST002,PRD010,Overproduction,3,100.0,300.0
WST00001623,20250210,ST002,PRD017,Overproduction,6,110.0,660.0
WST00001624,20250210,ST002,PRD018,Overproduction,3,60.0,180.0
WST00001625,20250210,ST002,PRD019,Overproduction,2,35.0,70.0
WST00001626,20250210,ST003,PRD002,Overproduction,3,65.0,195.0
WST00001627,20250210,ST003,PRD004,Expired,1,80.0,80.0
WST00001628,20250210,ST003,PRD005,Overproduction,2,35.0,70.0
WST00001629,20250210,ST003,PRD009,Overproduction,2,95.0,190.0
WST00001630,20250210,ST003,PRD012,Overproduction,4,180.0,720.0
WST00001631,20250210,ST003,PRD013,Overproduction,1,160.0,160.0
WST00001632,20250210,ST003,PRD015,Overproduction,1,65.0,65.0
WST00001633,20250210,ST003,PRD018,Overproduction,2,60.0,120.0
WST00001634,20250210,ST003,PRD019,Overproduction,1,35.0,35.0
WST00001635,20250210,ST003,PRD020,Overproduction,2,55.0,110.0
WST00001636,20250210,ST004,PRD002,Overproduction,3,65.0,195.0
WST00001637,20250210,ST004,PRD004,Overproduction,11,80.0,880.0
WST00001638,20250210,ST004,PRD007,Overproduction,9,80.0,720.0
WST00001639,20250210,ST004,PRD009,Expired,1,95.0,95.0
WST00001640,20250210,ST004,PRD010,Overproduction,5,100.0,500.0
WST00001641,20250210,ST004,PRD012,Overproduction,1,180.0,180.0
WST00001642,20250210,ST004,PRD013,Overproduction,3,160.0,480.0
WST00001643,20250210,ST004,PRD015,Overproduction,3,65.0,195.0
WST00001644,20250210,ST004,PRD019,Overproduction,2,35.0,70.0
WST00001645,20250210,ST004,PRD020,Damaged,1,55.0,55.0
WST00001646,20250210,ST005,PRD002,Overproduction,5,65.0,325.0
WST00001647,20250210,ST005,PRD003,Overproduction,4,70.0,280.0
WST00001648,20250210,ST005,PRD006,Overproduction,4,70.0,280.0
WST00001649,20250210,ST005,PRD007,Overproduction,4,80.0,320.0
WST00001650,20250210,ST005,PRD009,Overproduction,2,95.0,190.0
WST00001651,20250210,ST005,PRD010,Overproduction,1,100.0,100.0
WST00001652,20250210,ST005,PRD011,Overproduction,2,140.0,280.0
WST00001653,20250210,ST005,PRD013,Overproduction,2,160.0,320.0
WST00001654,20250210,ST005,PRD015,Overproduction,4,65.0,260.0
WST00001655,20250210,ST005,PRD016,Overproduction,2,95.0,190.0
WST00001656,20250210,ST005,PRD018,Overproduction,3,60.0,180.0
WST00001657,20250210,ST005,PRD019,Overproduction,3,35.0,105.0
WST00001658,20250211,ST001,PRD002,Overproduction,6,65.0,390.0
WST00001659,20250211,ST001,PRD005,Overproduction,12,35.0,420.0
WST00001660,20250211,ST001,PRD011,Overproduction,2,140.0,280.0
WST00001661,20250211,ST001,PRD012,Overproduction,2,180.0,360.0
WST00001662,20250211,ST001,PRD015,Overproduction,4,65.0,260.0
WST00001663,20250211,ST001,PRD016,Overproduction,2,95.0,190.0
WST00001664,20250211,ST001,PRD018,Overproduction,1,60.0,60.0
WST00001665,20250211,ST001,PRD019,Overproduction,3,35.0,105.0
WST00001666,20250211,ST002,PRD002,Overproduction,6,65.0,390.0
WST00001667,20250211,ST002,PRD004,Overproduction,6,80.0,480.0
WST00001668,20250211,ST002,PRD005,Overproduction,4,35.0,140.0
WST00001669,20250211,ST002,PRD006,Overproduction,5,70.0,350.0
WST00001670,20250211,ST002,PRD010,Overproduction,1,100.0,100.0
WST00001671,20250211,ST002,PRD013,Overproduction,4,160.0,640.0
WST00001672,20250211,ST002,PRD015,Overproduction,1,65.0,65.0
WST00001673,20250211,ST002,PRD018,Overproduction,2,60.0,120.0
WST00001674,20250211,ST002,PRD019,Overproduction,1,35.0,35.0
WST00001675,20250211,ST003,PRD001,Overproduction,3,45.0,135.0
WST00001676,20250211,ST003,PRD002,Expired,1,65.0,65.0
WST00001677,20250211,ST003,PRD003,Overproduction,4,70.0,280.0
WST00001678,20250211,ST003,PRD005,Overproduction,4,35.0,140.0
WST00001679,20250211,ST003,PRD008,Expired,1,55.0,55.0
WST00001680,20250211,ST003,PRD011,Overproduction,1,140.0,140.0
WST00001681,20250211,ST003,PRD012,Overproduction,2,180.0,360.0
WST00001682,20250211,ST003,PRD016,Overproduction,3,95.0,285.0
WST00001683,20250211,ST003,PRD019,Overproduction,1,35.0,35.0
WST00001684,20250211,ST003,PRD020,Overproduction,2,55.0,110.0
WST00001685,20250211,ST004,PRD001,Expired,2,45.0,90.0
WST00001686,20250211,ST004,PRD005,Overproduction,8,35.0,280.0
WST00001687,20250211,ST004,PRD009,Expired,1,95.0,95.0
WST00001688,20250211,ST004,PRD012,Overproduction,3,180.0,540.0
WST00001689,20250211,ST004,PRD014,Overproduction,5,110.0,550.0
WST00001690,20250211,ST004,PRD016,Overproduction,2,95.0,190.0
WST00001691,20250211,ST005,PRD002,Expired,1,65.0,65.0
WST00001692,20250211,ST005,PRD005,Overproduction,4,35.0,140.0
WST00001693,20250211,ST005,PRD007,Overproduction,3,80.0,240.0
WST00001694,20250211,ST005,PRD010,Expired,1,100.0,100.0
WST00001695,20250211,ST005,PRD011,Preparation Error,1,140.0,140.0
WST00001696,20250211,ST005,PRD012,Overproduction,2,180.0,360.0
WST00001697,20250211,ST005,PRD014,Overproduction,2,110.0,220.0
WST00001698,20250211,ST005,PRD015,Overproduction,3,65.0,195.0
WST00001699,20250211,ST005,PRD017,Overproduction,2,110.0,220.0
WST00001700,20250211,ST005,PRD018,Overproduction,2,60.0,120.0
WST00001701,20250212,ST001,PRD004,Overproduction,12,80.0,960.0
WST00001702,20250212,ST001,PRD007,Overproduction,8,80.0,640.0
WST00001703,20250212,ST001,PRD010,Overproduction,7,100.0,700.0
WST00001704,20250212,ST001,PRD012,Overproduction,3,180.0,540.0
WST00001705,20250212,ST001,PRD015,Overproduction,3,65.0,195.0
WST00001706,20250212,ST001,PRD017,Overproduction,2,110.0,220.0
WST00001707,20250212,ST001,PRD018,Overproduction,6,60.0,360.0
WST00001708,20250212,ST001,PRD020,Overproduction,4,55.0,220.0
WST00001709,20250212,ST002,PRD001,Overproduction,7,45.0,315.0
WST00001710,20250212,ST002,PRD002,Overproduction,5,65.0,325.0
WST00001711,20250212,ST002,PRD004,Overproduction,4,80.0,320.0
WST00001712,20250212,ST002,PRD005,Overproduction,3,35.0,105.0
WST00001713,20250212,ST002,PRD006,Expired,2,70.0,140.0
WST00001714,20250212,ST002,PRD007,Overproduction,2,80.0,160.0
WST00001715,20250212,ST002,PRD008,Overproduction,5,55.0,275.0
WST00001716,20250212,ST002,PRD010,Overproduction,1,100.0,100.0
WST00001717,20250212,ST002,PRD011,Overproduction,3,140.0,420.0
WST00001718,20250212,ST002,PRD014,Overproduction,1,110.0,110.0
WST00001719,20250212,ST002,PRD017,Overproduction,2,110.0,220.0
WST00001720,20250212,ST002,PRD018,Overproduction,1,60.0,60.0
WST00001721,20250212,ST003,PRD001,Overproduction,6,45.0,270.0
WST00001722,20250212,ST003,PRD003,Overproduction,6,70.0,420.0
WST00001723,20250212,ST003,PRD004,Overproduction,1,80.0,80.0
WST00001724,20250212,ST003,PRD006,Expired,1,70.0,70.0
WST00001725,20250212,ST003,PRD009,Overproduction,2,95.0,190.0
WST00001726,20250212,ST003,PRD019,Overproduction,2,35.0,70.0
WST00001727,20250212,ST004,PRD004,Overproduction,8,80.0,640.0
WST00001728,20250212,ST004,PRD009,Overproduction,1,95.0,95.0
WST00001729,20250212,ST004,PRD010,Overproduction,6,100.0,600.0
WST00001730,20250212,ST004,PRD012,Overproduction,2,180.0,360.0
WST00001731,20250212,ST004,PRD018,Overproduction,1,60.0,60.0
WST00001732,20250212,ST004,PRD020,Overproduction,2,55.0,110.0
WST00001733,20250212,ST005,PRD002,Expired,1,65.0,65.0
WST00001734,20250212,ST005,PRD003,Overproduction,10,70.0,700.0
WST00001735,20250212,ST005,PRD006,Overproduction,3,70.0,210.0
WST00001736,20250212,ST005,PRD008,Overproduction,4,55.0,220.0
WST00001737,20250212,ST005,PRD009,Expired,1,95.0,95.0
WST00001738,20250212,ST005,PRD011,Overproduction,6,140.0,840.0
WST00001739,20250212,ST005,PRD012,Damaged,1,180.0,180.0
WST00001740,20250212,ST005,PRD015,Damaged,1,65.0,65.0
WST00001741,20250213,ST001,PRD004,Overproduction,2,80.0,160.0
WST00001742,20250213,ST001,PRD008,Overproduction,3,55.0,165.0
WST00001743,20250213,ST001,PRD009,Expired,1,95.0,95.0
WST00001744,20250213,ST001,PRD010,Expired,1,100.0,100.0
WST00001745,20250213,ST001,PRD011,Quality Issue,1,140.0,140.0
WST00001746,20250213,ST001,PRD016,Overproduction,3,95.0,285.0
WST00001747,20250213,ST001,PRD018,Overproduction,2,60.0,120.0
WST00001748,20250213,ST001,PRD020,Overproduction,6,55.0,330.0
WST00001749,20250213,ST002,PRD003,Expired,1,70.0,70.0
WST00001750,20250213,ST002,PRD004,Overproduction,6,80.0,480.0
WST00001751,20250213,ST002,PRD005,Overproduction,12,35.0,420.0
WST00001752,20250213,ST002,PRD006,Overproduction,3,70.0,210.0
WST00001753,20250213,ST002,PRD007,Overproduction,2,80.0,160.0
WST00001754,20250213,ST002,PRD009,Overproduction,4,95.0,380.0
WST00001755,20250213,ST002,PRD013,Overproduction,2,160.0,320.0
WST00001756,20250213,ST002,PRD014,Overproduction,3,110.0,330.0
WST00001757,20250213,ST002,PRD015,Overproduction,3,65.0,195.0
WST00001758,20250213,ST002,PRD016,Overproduction,1,95.0,95.0
WST00001759,20250213,ST002,PRD017,Overproduction,1,110.0,110.0
WST00001760,20250213,ST002,PRD018,Overproduction,2,60.0,120.0
WST00001761,20250213,ST003,PRD001,Overproduction,4,45.0,180.0
WST00001762,20250213,ST003,PRD002,Overproduction,4,65.0,260.0
WST00001763,20250213,ST003,PRD003,Overproduction,1,70.0,70.0
WST00001764,20250213,ST003,PRD005,Overproduction,3,35.0,105.0
WST00001765,20250213,ST003,PRD009,Overproduction,3,95.0,285.0
WST00001766,20250213,ST003,PRD010,Overproduction,1,100.0,100.0
WST00001767,20250213,ST003,PRD015,Overproduction,3,65.0,195.0
WST00001768,20250213,ST003,PRD016,Overproduction,1,95.0,95.0
WST00001769,20250213,ST003,PRD019,Overproduction,1,35.0,35.0
WST00001770,20250213,ST003,PRD020,Overproduction,1,55.0,55.0
WST00001771,20250213,ST004,PRD001,Overproduction,7,45.0,315.0
WST00001772,20250213,ST004,PRD002,Overproduction,9,65.0,585.0
WST00001773,20250213,ST004,PRD004,Overproduction,8,80.0,640.0
WST00001774,20250213,ST004,PRD005,Overproduction,4,35.0,140.0
WST00001775,20250213,ST004,PRD007,Overproduction,5,80.0,400.0
WST00001776,20250213,ST004,PRD009,Overproduction,4,95.0,380.0
WST00001777,20250213,ST004,PRD011,Overproduction,3,140.0,420.0
WST00001778,20250213,ST004,PRD012,Overproduction,1,180.0,180.0
WST00001779,20250213,ST004,PRD014,Overproduction,1,110.0,110.0
WST00001780,20250213,ST004,PRD020,Quality Issue,1,55.0,55.0
WST00001781,20250213,ST005,PRD001,Overproduction,4,45.0,180.0
WST00001782,20250213,ST005,PRD003,Overproduction,6,70.0,420.0
WST00001783,20250213,ST005,PRD005,Overproduction,6,35.0,210.0
WST00001784,20250213,ST005,PRD006,Expired,1,70.0,70.0
WST00001785,20250213,ST005,PRD010,Overproduction,1,100.0,100.0
WST00001786,20250213,ST005,PRD011,Overproduction,1,140.0,140.0
WST00001787,20250213,ST005,PRD018,Overproduction,3,60.0,180.0
WST00001788,20250213,ST005,PRD020,Overproduction,1,55.0,55.0
WST00001789,20250214,ST001,PRD001,Overproduction,4,45.0,180.0
WST00001790,20250214,ST001,PRD004,Overproduction,5,80.0,400.0
WST00001791,20250214,ST001,PRD005,Overproduction,10,35.0,350.0
WST00001792,20250214,ST001,PRD008,Overproduction,7,55.0,385.0
WST00001793,20250214,ST001,PRD010,Overproduction,7,100.0,700.0
WST00001794,20250214,ST001,PRD011,Overproduction,3,140.0,420.0
WST00001795,20250214,ST001,PRD017,Overproduction,2,110.0,220.0
WST00001796,20250214,ST001,PRD018,Overproduction,6,60.0,360.0
WST00001797,20250214,ST001,PRD019,Quality Issue,1,35.0,35.0
WST00001798,20250214,ST002,PRD003,Overproduction,3,70.0,210.0
WST00001799,20250214,ST002,PRD005,Overproduction,3,35.0,105.0
WST00001800,20250214,ST002,PRD007,Overproduction,7,80.0,560.0
WST00001801,20250214,ST002,PRD010,Expired,1,100.0,100.0
WST00001802,20250214,ST002,PRD011,Preparation Error,1,140.0,140.0
WST00001803,20250214,ST002,PRD015,Overproduction,2,65.0,130.0
WST00001804,20250214,ST002,PRD017,Overproduction,1,110.0,110.0
WST00001805,20250214,ST002,PRD018,Overproduction,1,60.0,60.0
WST00001806,20250214,ST002,PRD020,Overproduction,3,55.0,165.0
WST00001807,20250214,ST003,PRD001,Overproduction,3,45.0,135.0
WST00001808,20250214,ST003,PRD002,Overproduction,2,65.0,130.0
WST00001809,20250214,ST003,PRD003,Expired,1,70.0,70.0
WST00001810,20250214,ST003,PRD004,Overproduction,4,80.0,320.0
WST00001811,20250214,ST003,PRD006,Overproduction,2,70.0,140.0
WST00001812,20250214,ST003,PRD007,Overproduction,2,80.0,160.0
WST00001813,20250214,ST003,PRD008,Overproduction,2,55.0,110.0
WST00001814,20250214,ST003,PRD010,Overproduction,2,100.0,200.0
WST00001815,20250214,ST003,PRD014,Overproduction,1,110.0,110.0
WST00001816,20250214,ST003,PRD017,Overproduction,1,110.0,110.0
WST00001817,20250214,ST003,PRD019,Overproduction,2,35.0,70.0
WST00001818,20250214,ST003,PRD020,Overproduction,1,55.0,55.0
WST00001819,20250214,ST004,PRD002,Overproduction,8,65.0,520.0
WST00001820,20250214,ST004,PRD004,Overproduction,2,80.0,160.0
WST00001821,20250214,ST004,PRD005,Overproduction,4,35.0,140.0
WST00001822,20250214,ST004,PRD007,Overproduction,5,80.0,400.0
WST00001823,20250214,ST004,PRD009,Overproduction,4,95.0,380.0
WST00001824,20250214,ST004,PRD012,Overproduction,1,180.0,180.0
WST00001825,20250214,ST004,PRD016,Overproduction,1,95.0,95.0
WST00001826,20250214,ST004,PRD017,Overproduction,1,110.0,110.0
WST00001827,20250214,ST004,PRD019,Overproduction,2,35.0,70.0
WST00001828,20250214,ST004,PRD020,Overproduction,2,55.0,110.0
WST00001829,20250214,ST005,PRD006,Overproduction,3,70.0,210.0
WST00001830,20250214,ST005,PRD009,Overproduction,3,95.0,285.0
WST00001831,20250214,ST005,PRD010,Overproduction,3,100.0,300.0
WST00001832,20250214,ST005,PRD012,Overproduction,2,180.0,360.0
WST00001833,20250214,ST005,PRD015,Overproduction,5,65.0,325.0
WST00001834,20250214,ST005,PRD016,Overproduction,4,95.0,380.0
WST00001835,20250214,ST005,PRD018,Damaged,1,60.0,60.0
WST00001836,20250215,ST001,PRD001,Overproduction,4,45.0,180.0
WST00001837,20250215,ST001,PRD005,Overproduction,9,35.0,315.0
WST00001838,20250215,ST001,PRD006,Overproduction,3,70.0,210.0
WST00001839,20250215,ST001,PRD009,Overproduction,3,95.0,285.0
WST00001840,20250215,ST001,PRD010,Expired,1,100.0,100.0
WST00001841,20250215,ST001,PRD012,Overproduction,6,180.0,1080.0
WST00001842,20250215,ST001,PRD013,Overproduction,4,160.0,640.0
WST00001843,20250215,ST001,PRD019,Overproduction,3,35.0,105.0
WST00001844,20250215,ST002,PRD002,Overproduction,9,65.0,585.0
WST00001845,20250215,ST002,PRD006,Expired,1,70.0,70.0
WST00001846,20250215,ST002,PRD007,Overproduction,4,80.0,320.0
WST00001847,20250215,ST002,PRD010,Overproduction,1,100.0,100.0
WST00001848,20250215,ST002,PRD011,Overproduction,3,140.0,420.0
WST00001849,20250215,ST002,PRD013,Overproduction,4,160.0,640.0
WST00001850,20250215,ST002,PRD016,Overproduction,2,95.0,190.0
WST00001851,20250215,ST002,PRD017,Overproduction,2,110.0,220.0
WST00001852,20250215,ST002,PRD018,Overproduction,2,60.0,120.0
WST00001853,20250215,ST002,PRD019,Overproduction,1,35.0,35.0
WST00001854,20250215,ST002,PRD020,Overproduction,4,55.0,220.0
WST00001855,20250215,ST003,PRD005,Overproduction,4,35.0,140.0
WST00001856,20250215,ST003,PRD007,Overproduction,6,80.0,480.0
WST00001857,20250215,ST003,PRD010,Overproduction,1,100.0,100.0
WST00001858,20250215,ST003,PRD011,Overproduction,2,140.0,280.0
WST00001859,20250215,ST003,PRD014,Overproduction,1,110.0,110.0
WST00001860,20250215,ST003,PRD019,Overproduction,5,35.0,175.0
WST00001861,20250215,ST003,PRD020,Overproduction,2,55.0,110.0
WST00001862,20250215,ST004,PRD004,Overproduction,4,80.0,320.0
WST00001863,20250215,ST004,PRD007,Overproduction,5,80.0,400.0
WST00001864,20250215,ST004,PRD010,Expired,1,100.0,100.0
WST00001865,20250215,ST004,PRD014,Overproduction,4,110.0,440.0
WST00001866,20250215,ST004,PRD017,Overproduction,4,110.0,440.0
WST00001867,20250215,ST004,PRD018,Overproduction,3,60.0,180.0
WST00001868,20250215,ST005,PRD001,Overproduction,2,45.0,90.0
WST00001869,20250215,ST005,PRD002,Overproduction,3,65.0,195.0
WST00001870,20250215,ST005,PRD006,Overproduction,3,70.0,210.0
WST00001871,20250215,ST005,PRD010,Expired,1,100.0,100.0
WST00001872,20250215,ST005,PRD011,Overproduction,4,140.0,560.0
WST00001873,20250215,ST005,PRD014,Overproduction,1,110.0,110.0
WST00001874,20250215,ST005,PRD015,Overproduction,3,65.0,195.0
WST00001875,20250216,ST001,PRD005,Overproduction,11,35.0,385.0
WST00001876,20250216,ST001,PRD006,Overproduction,9,70.0,630.0
WST00001877,20250216,ST001,PRD010,Overproduction,2,100.0,200.0
WST00001878,20250216,ST001,PRD017,Overproduction,4,110.0,440.0
WST00001879,20250216,ST001,PRD018,Overproduction,3,60.0,180.0
WST00001880,20250216,ST002,PRD003,Overproduction,4,70.0,280.0
WST00001881,20250216,ST002,PRD004,Expired,1,80.0,80.0
WST00001882,20250216,ST002,PRD007,Overproduction,8,80.0,640.0
WST00001883,20250216,ST002,PRD008,Expired,2,55.0,110.0
WST00001884,20250216,ST002,PRD009,Overproduction,4,95.0,380.0
WST00001885,20250216,ST002,PRD010,Expired,1,100.0,100.0
WST00001886,20250216,ST002,PRD012,Overproduction,4,180.0,720.0
WST00001887,20250216,ST002,PRD014,Overproduction,3,110.0,330.0
WST00001888,20250216,ST002,PRD019,Overproduction,1,35.0,35.0
WST00001889,20250216,ST002,PRD020,Overproduction,1,55.0,55.0
WST00001890,20250216,ST003,PRD001,Overproduction,3,45.0,135.0
WST00001891,20250216,ST003,PRD004,Expired,1,80.0,80.0
WST00001892,20250216,ST003,PRD005,Overproduction,5,35.0,175.0
WST00001893,20250216,ST003,PRD010,Overproduction,1,100.0,100.0
WST00001894,20250216,ST003,PRD012,Overproduction,2,180.0,360.0
WST00001895,20250216,ST003,PRD013,Overproduction,2,160.0,320.0
WST00001896,20250216,ST003,PRD015,Overproduction,3,65.0,195.0
WST00001897,20250216,ST003,PRD017,Damaged,1,110.0,110.0
WST00001898,20250216,ST004,PRD001,Overproduction,5,45.0,225.0
WST00001899,20250216,ST004,PRD006,Overproduction,6,70.0,420.0
WST00001900,20250216,ST004,PRD010,Overproduction,9,100.0,900.0
WST00001901,20250216,ST004,PRD011,Damaged,1,140.0,140.0
WST00001902,20250216,ST004,PRD013,Overproduction,3,160.0,480.0
WST00001903,20250216,ST004,PRD019,Overproduction,3,35.0,105.0
WST00001904,20250216,ST005,PRD001,Overproduction,8,45.0,360.0
WST00001905,20250216,ST005,PRD003,Overproduction,6,70.0,420.0
WST00001906,20250216,ST005,PRD004,Expired,2,80.0,160.0
WST00001907,20250216,ST005,PRD006,Overproduction,5,70.0,350.0
WST00001908,20250216,ST005,PRD008,Expired,4,55.0,220.0
WST00001909,20250216,ST005,PRD010,Overproduction,1,100.0,100.0
WST00001910,20250216,ST005,PRD011,Overproduction,2,140.0,280.0
WST00001911,20250216,ST005,PRD012,Overproduction,3,180.0,540.0
WST00001912,20250216,ST005,PRD019,Overproduction,2,35.0,70.0
WST00001913,20250216,ST005,PRD020,Overproduction,4,55.0,220.0
WST00001914,20250217,ST001,PRD008,Overproduction,4,55.0,220.0
WST00001915,20250217,ST001,PRD012,Overproduction,4,180.0,720.0
WST00001916,20250217,ST001,PRD013,Overproduction,1,160.0,160.0
WST00001917,20250217,ST001,PRD014,Overproduction,2,110.0,220.0
WST00001918,20250217,ST001,PRD015,Overproduction,2,65.0,130.0
WST00001919,20250217,ST001,PRD017,Overproduction,1,110.0,110.0
WST00001920,20250217,ST001,PRD018,Overproduction,3,60.0,180.0
WST00001921,20250217,ST002,PRD002,Overproduction,3,65.0,195.0
WST00001922,20250217,ST002,PRD003,Overproduction,6,70.0,420.0
WST00001923,20250217,ST002,PRD006,Overproduction,3,70.0,210.0
WST00001924,20250217,ST002,PRD007,Expired,1,80.0,80.0
WST00001925,20250217,ST002,PRD009,Overproduction,2,95.0,190.0
WST00001926,20250217,ST002,PRD010,Overproduction,1,100.0,100.0
WST00001927,20250217,ST002,PRD011,Damaged,1,140.0,140.0
WST00001928,20250217,ST002,PRD013,Overproduction,3,160.0,480.0
WST00001929,20250217,ST002,PRD014,Overproduction,2,110.0,220.0
WST00001930,20250217,ST002,PRD019,Overproduction,3,35.0,105.0
WST00001931,20250217,ST003,PRD001,Overproduction,2,45.0,90.0
WST00001932,20250217,ST003,PRD002,Overproduction,4,65.0,260.0
WST00001933,20250217,ST003,PRD003,Overproduction,5,70.0,350.0
WST00001934,20250217,ST003,PRD007,Overproduction,3,80.0,240.0
WST00001935,20250217,ST003,PRD011,Overproduction,3,140.0,420.0
WST00001936,20250217,ST003,PRD012,Overproduction,3,180.0,540.0
WST00001937,20250217,ST003,PRD015,Overproduction,1,65.0,65.0
WST00001938,20250217,ST003,PRD019,Overproduction,1,35.0,35.0
WST00001939,20250217,ST003,PRD020,Overproduction,1,55.0,55.0
WST00001940,20250217,ST004,PRD002,Overproduction,7,65.0,455.0
WST00001941,20250217,ST004,PRD007,Overproduction,5,80.0,400.0
WST00001942,20250217,ST004,PRD010,Overproduction,2,100.0,200.0
WST00001943,20250217,ST004,PRD011,Damaged,1,140.0,140.0
WST00001944,20250217,ST004,PRD012,Overproduction,2,180.0,360.0
WST00001945,20250217,ST004,PRD016,Overproduction,1,95.0,95.0
WST00001946,20250217,ST004,PRD017,Overproduction,2,110.0,220.0
WST00001947,20250217,ST005,PRD006,Overproduction,3,70.0,210.0
WST00001948,20250217,ST005,PRD009,Expired,1,95.0,95.0
WST00001949,20250217,ST005,PRD010,Expired,1,100.0,100.0
WST00001950,20250217,ST005,PRD011,Overproduction,2,140.0,280.0
WST00001951,20250217,ST005,PRD018,Overproduction,1,60.0,60.0
WST00001952,20250218,ST001,PRD003,Overproduction,3,70.0,210.0
WST00001953,20250218,ST001,PRD007,Overproduction,5,80.0,400.0
WST00001954,20250218,ST001,PRD011,Overproduction,4,140.0,560.0
WST00001955,20250218,ST001,PRD012,Overproduction,1,180.0,180.0
WST00001956,20250218,ST001,PRD015,Overproduction,5,65.0,325.0
WST00001957,20250218,ST001,PRD016,Overproduction,2,95.0,190.0
WST00001958,20250218,ST002,PRD001,Overproduction,2,45.0,90.0
WST00001959,20250218,ST002,PRD004,Overproduction,8,80.0,640.0
WST00001960,20250218,ST002,PRD005,Overproduction,5,35.0,175.0
WST00001961,20250218,ST002,PRD006,Overproduction,3,70.0,210.0
WST00001962,20250218,ST002,PRD009,Overproduction,2,95.0,190.0
WST00001963,20250218,ST002,PRD010,Expired,1,100.0,100.0
WST00001964,20250218,ST002,PRD011,Quality Issue,1,140.0,140.0
WST00001965,20250218,ST002,PRD012,Overproduction,2,180.0,360.0
WST00001966,20250218,ST002,PRD015,Overproduction,3,65.0,195.0
WST00001967,20250218,ST002,PRD016,Overproduction,2,95.0,190.0
WST00001968,20250218,ST002,PRD017,Overproduction,1,110.0,110.0
WST00001969,20250218,ST002,PRD018,Overproduction,2,60.0,120.0
WST00001970,20250218,ST002,PRD020,Overproduction,1,55.0,55.0
WST00001971,20250218,ST003,PRD005,Expired,2,35.0,70.0
WST00001972,20250218,ST003,PRD006,Overproduction,2,70.0,140.0
WST00001973,20250218,ST003,PRD007,Overproduction,4,80.0,320.0
WST00001974,20250218,ST003,PRD008,Expired,1,55.0,55.0
WST00001975,20250218,ST003,PRD012,Overproduction,1,180.0,180.0
WST00001976,20250218,ST003,PRD019,Overproduction,1,35.0,35.0
WST00001977,20250218,ST004,PRD005,Overproduction,4,35.0,140.0
WST00001978,20250218,ST004,PRD009,Overproduction,2,95.0,190.0
WST00001979,20250218,ST004,PRD010,Expired,1,100.0,100.0
WST00001980,20250218,ST004,PRD016,Overproduction,2,95.0,190.0
WST00001981,20250218,ST004,PRD018,Preparation Error,1,60.0,60.0
WST00001982,20250218,ST004,PRD019,Overproduction,2,35.0,70.0
WST00001983,20250218,ST004,PRD020,Quality Issue,1,55.0,55.0
WST00001984,20250218,ST005,PRD002,Overproduction,4,65.0,260.0
WST00001985,20250218,ST005,PRD004,Expired,2,80.0,160.0
WST00001986,20250218,ST005,PRD008,Overproduction,3,55.0,165.0
WST00001987,20250218,ST005,PRD010,Overproduction,2,100.0,200.0
WST00001988,20250218,ST005,PRD017,Overproduction,1,110.0,110.0
WST00001989,20250219,ST001,PRD001,Overproduction,6,45.0,270.0
WST00001990,20250219,ST001,PRD003,Overproduction,5,70.0,350.0
WST00001991,20250219,ST001,PRD004,Expired,2,80.0,160.0
WST00001992,20250219,ST001,PRD006,Expired,2,70.0,140.0
WST00001993,20250219,ST001,PRD011,Overproduction,5,140.0,700.0
WST00001994,20250219,ST001,PRD012,Overproduction,3,180.0,540.0
WST00001995,20250219,ST001,PRD013,Overproduction,7,160.0,1120.0
WST00001996,20250219,ST001,PRD014,Overproduction,3,110.0,330.0
WST00001997,20250219,ST001,PRD018,Overproduction,3,60.0,180.0
WST00001998,20250219,ST001,PRD020,Overproduction,3,55.0,165.0
WST00001999,20250219,ST002,PRD007,Overproduction,6,80.0,480.0
WST00002000,20250219,ST002,PRD009,Overproduction,3,95.0,285.0
WST00002001,20250219,ST002,PRD010,Expired,1,100.0,100.0
WST00002002,20250219,ST002,PRD018,Overproduction,2,60.0,120.0
WST00002003,20250219,ST002,PRD019,Overproduction,1,35.0,35.0
WST00002004,20250219,ST003,PRD003,Overproduction,1,70.0,70.0
WST00002005,20250219,ST003,PRD004,Overproduction,3,80.0,240.0
WST00002006,20250219,ST003,PRD006,Overproduction,3,70.0,210.0
WST00002007,20250219,ST003,PRD011,Overproduction,1,140.0,140.0
WST00002008,20250219,ST003,PRD012,Overproduction,5,180.0,900.0
WST00002009,20250219,ST003,PRD013,Overproduction,1,160.0,160.0
WST00002010,20250219,ST003,PRD014,Overproduction,2,110.0,220.0
WST00002011,20250219,ST003,PRD015,Overproduction,2,65.0,130.0
WST00002012,20250219,ST003,PRD019,Overproduction,2,35.0,70.0
WST00002013,20250219,ST003,PRD020,Overproduction,2,55.0,110.0
WST00002014,20250219,ST004,PRD001,Expired,1,45.0,45.0
WST00002015,20250219,ST004,PRD007,Overproduction,3,80.0,240.0
WST00002016,20250219,ST004,PRD009,Overproduction,1,95.0,95.0
WST00002017,20250219,ST004,PRD010,Overproduction,3,100.0,300.0
WST00002018,20250219,ST004,PRD014,Overproduction,8,110.0,880.0
WST00002019,20250219,ST004,PRD016,Preparation Error,1,95.0,95.0
WST00002020,20250219,ST005,PRD005,Overproduction,3,35.0,105.0
WST00002021,20250219,ST005,PRD008,Overproduction,2,55.0,110.0
WST00002022,20250219,ST005,PRD009,Overproduction,2,95.0,190.0
WST00002023,20250219,ST005,PRD010,Overproduction,1,100.0,100.0
WST00002024,20250219,ST005,PRD018,Overproduction,2,60.0,120.0
WST00002025,20250219,ST005,PRD019,Overproduction,2,35.0,70.0
WST00002026,20250220,ST001,PRD001,Overproduction,20,45.0,900.0
WST00002027,20250220,ST001,PRD002,Overproduction,5,65.0,325.0
WST00002028,20250220,ST001,PRD004,Overproduction,8,80.0,640.0
WST00002029,20250220,ST001,PRD006,Overproduction,5,70.0,350.0
WST00002030,20250220,ST001,PRD011,Overproduction,5,140.0,700.0
WST00002031,20250220,ST001,PRD013,Overproduction,3,160.0,480.0
WST00002032,20250220,ST001,PRD014,Overproduction,4,110.0,440.0
WST00002033,20250220,ST001,PRD015,Overproduction,5,65.0,325.0
WST00002034,20250220,ST001,PRD017,Overproduction,1,110.0,110.0
WST00002035,20250220,ST001,PRD019,Overproduction,2,35.0,70.0
WST00002036,20250220,ST001,PRD020,Overproduction,3,55.0,165.0
WST00002037,20250220,ST002,PRD004,Overproduction,8,80.0,640.0
WST00002038,20250220,ST002,PRD005,Overproduction,5,35.0,175.0
WST00002039,20250220,ST002,PRD006,Overproduction,3,70.0,210.0
WST00002040,20250220,ST002,PRD007,Overproduction,4,80.0,320.0
WST00002041,20250220,ST002,PRD010,Expired,1,100.0,100.0
WST00002042,20250220,ST002,PRD018,Overproduction,1,60.0,60.0
WST00002043,20250220,ST003,PRD001,Overproduction,2,45.0,90.0
WST00002044,20250220,ST003,PRD003,Overproduction,3,70.0,210.0
WST00002045,20250220,ST003,PRD009,Overproduction,2,95.0,190.0
WST00002046,20250220,ST003,PRD010,Overproduction,1,100.0,100.0
WST00002047,20250220,ST003,PRD016,Overproduction,1,95.0,95.0
WST00002048,20250220,ST004,PRD002,Overproduction,8,65.0,520.0
WST00002049,20250220,ST004,PRD003,Overproduction,6,70.0,420.0
WST00002050,20250220,ST004,PRD006,Expired,1,70.0,70.0
WST00002051,20250220,ST004,PRD007,Overproduction,9,80.0,720.0
WST00002052,20250220,ST004,PRD010,Overproduction,6,100.0,600.0
WST00002053,20250220,ST004,PRD011,Overproduction,3,140.0,420.0
WST00002054,20250220,ST004,PRD014,Quality Issue,1,110.0,110.0
WST00002055,20250220,ST004,PRD015,Overproduction,4,65.0,260.0
WST00002056,20250220,ST004,PRD017,Overproduction,3,110.0,330.0
WST00002057,20250220,ST005,PRD001,Overproduction,4,45.0,180.0
WST00002058,20250220,ST005,PRD002,Overproduction,4,65.0,260.0
WST00002059,20250220,ST005,PRD007,Overproduction,3,80.0,240.0
WST00002060,20250220,ST005,PRD008,Overproduction,3,55.0,165.0
WST00002061,20250220,ST005,PRD018,Overproduction,1,60.0,60.0
WST00002062,20250221,ST001,PRD002,Overproduction,7,65.0,455.0
WST00002063,20250221,ST001,PRD008,Overproduction,3,55.0,165.0
WST00002064,20250221,ST001,PRD009,Overproduction,3,95.0,285.0
WST00002065,20250221,ST001,PRD011,Overproduction,2,140.0,280.0
WST00002066,20250221,ST001,PRD012,Preparation Error,1,180.0,180.0
WST00002067,20250221,ST001,PRD016,Overproduction,2,95.0,190.0
WST00002068,20250221,ST001,PRD017,Overproduction,1,110.0,110.0
WST00002069,20250221,ST001,PRD018,Preparation Error,1,60.0,60.0
WST00002070,20250221,ST002,PRD001,Expired,2,45.0,90.0
WST00002071,20250221,ST002,PRD003,Overproduction,4,70.0,280.0
WST00002072,20250221,ST002,PRD006,Expired,1,70.0,70.0
WST00002073,20250221,ST002,PRD007,Expired,1,80.0,80.0
WST00002074,20250221,ST002,PRD008,Overproduction,2,55.0,110.0
WST00002075,20250221,ST002,PRD011,Quality Issue,1,140.0,140.0
WST00002076,20250221,ST002,PRD017,Overproduction,1,110.0,110.0
WST00002077,20250221,ST002,PRD019,Overproduction,3,35.0,105.0
WST00002078,20250221,ST002,PRD020,Quality Issue,1,55.0,55.0
WST00002079,20250221,ST003,PRD001,Expired,1,45.0,45.0
WST00002080,20250221,ST003,PRD002,Overproduction,2,65.0,130.0
WST00002081,20250221,ST003,PRD004,Expired,1,80.0,80.0
WST00002082,20250221,ST003,PRD008,Overproduction,4,55.0,220.0
WST00002083,20250221,ST003,PRD009,Overproduction,2,95.0,190.0
WST00002084,20250221,ST003,PRD010,Overproduction,1,100.0,100.0
WST00002085,20250221,ST003,PRD013,Overproduction,6,160.0,960.0
WST00002086,20250221,ST003,PRD016,Overproduction,1,95.0,95.0
WST00002087,20250221,ST003,PRD017,Overproduction,2,110.0,220.0
WST00002088,20250221,ST003,PRD018,Overproduction,1,60.0,60.0
WST00002089,20250221,ST003,PRD019,Damaged,1,35.0,35.0
WST00002090,20250221,ST004,PRD001,Overproduction,8,45.0,360.0
WST00002091,20250221,ST004,PRD003,Overproduction,4,70.0,280.0
WST00002092,20250221,ST004,PRD009,Overproduction,3,95.0,285.0
WST00002093,20250221,ST004,PRD010,Overproduction,2,100.0,200.0
WST00002094,20250221,ST004,PRD011,Overproduction,4,140.0,560.0
WST00002095,20250221,ST004,PRD015,Overproduction,5,65.0,325.0
WST00002096,20250221,ST004,PRD017,Overproduction,2,110.0,220.0
WST00002097,20250221,ST004,PRD018,Overproduction,1,60.0,60.0
WST00002098,20250221,ST005,PRD002,Overproduction,6,65.0,390.0
WST00002099,20250221,ST005,PRD004,Expired,4,80.0,320.0
WST00002100,20250221,ST005,PRD008,Expired,1,55.0,55.0
WST00002101,20250221,ST005,PRD009,Overproduction,6,95.0,570.0
WST00002102,20250221,ST005,PRD010,Overproduction,2,100.0,200.0
WST00002103,20250221,ST005,PRD012,Overproduction,3,180.0,540.0
WST00002104,20250221,ST005,PRD014,Overproduction,4,110.0,440.0
WST00002105,20250221,ST005,PRD016,Overproduction,2,95.0,190.0
WST00002106,20250221,ST005,PRD019,Overproduction,2,35.0,70.0
WST00002107,20250222,ST001,PRD001,Overproduction,5,45.0,225.0
WST00002108,20250222,ST001,PRD004,Overproduction,18,80.0,1440.0
WST00002109,20250222,ST001,PRD009,Expired,1,95.0,95.0
WST00002110,20250222,ST001,PRD010,Overproduction,4,100.0,400.0
WST00002111,20250222,ST001,PRD011,Overproduction,1,140.0,140.0
WST00002112,20250222,ST001,PRD013,Overproduction,2,160.0,320.0
WST00002113,20250222,ST001,PRD014,Overproduction,5,110.0,550.0
WST00002114,20250222,ST001,PRD018,Overproduction,4,60.0,240.0
WST00002115,20250222,ST001,PRD020,Overproduction,2,55.0,110.0
WST00002116,20250222,ST002,PRD002,Overproduction,6,65.0,390.0
WST00002117,20250222,ST002,PRD003,Overproduction,4,70.0,280.0
WST00002118,20250222,ST002,PRD005,Expired,1,35.0,35.0
WST00002119,20250222,ST002,PRD009,Expired,1,95.0,95.0
WST00002120,20250222,ST002,PRD017,Overproduction,3,110.0,330.0
WST00002121,20250222,ST003,PRD001,Overproduction,3,45.0,135.0
WST00002122,20250222,ST003,PRD005,Overproduction,2,35.0,70.0
WST00002123,20250222,ST003,PRD007,Overproduction,3,80.0,240.0
WST00002124,20250222,ST003,PRD010,Overproduction,2,100.0,200.0
WST00002125,20250222,ST003,PRD011,Overproduction,1,140.0,140.0
WST00002126,20250222,ST003,PRD012,Overproduction,2,180.0,360.0
WST00002127,20250222,ST003,PRD015,Overproduction,1,65.0,65.0
WST00002128,20250222,ST003,PRD018,Overproduction,2,60.0,120.0
WST00002129,20250222,ST003,PRD020,Overproduction,4,55.0,220.0
WST00002130,20250222,ST004,PRD004,Expired,3,80.0,240.0
WST00002131,20250222,ST004,PRD006,Overproduction,7,70.0,490.0
WST00002132,20250222,ST004,PRD008,Overproduction,6,55.0,330.0
WST00002133,20250222,ST004,PRD015,Overproduction,5,65.0,325.0
WST00002134,20250222,ST004,PRD019,Overproduction,4,35.0,140.0
WST00002135,20250222,ST005,PRD002,Overproduction,3,65.0,195.0
WST00002136,20250222,ST005,PRD011,Overproduction,3,140.0,420.0
WST00002137,20250222,ST005,PRD016,Overproduction,1,95.0,95.0
WST00002138,20250222,ST005,PRD018,Overproduction,1,60.0,60.0
WST00002139,20250222,ST005,PRD020,Overproduction,2,55.0,110.0
WST00002140,20250223,ST001,PRD004,Expired,1,80.0,80.0
WST00002141,20250223,ST001,PRD006,Overproduction,2,70.0,140.0
WST00002142,20250223,ST001,PRD011,Overproduction,4,140.0,560.0
WST00002143,20250223,ST001,PRD014,Overproduction,4,110.0,440.0
WST00002144,20250223,ST001,PRD015,Overproduction,5,65.0,325.0
WST00002145,20250223,ST002,PRD003,Expired,1,70.0,70.0
WST00002146,20250223,ST002,PRD007,Overproduction,3,80.0,240.0
WST00002147,20250223,ST002,PRD009,Expired,2,95.0,190.0
WST00002148,20250223,ST002,PRD010,Expired,1,100.0,100.0
WST00002149,20250223,ST002,PRD011,Overproduction,1,140.0,140.0
WST00002150,20250223,ST002,PRD013,Overproduction,2,160.0,320.0
WST00002151,20250223,ST002,PRD014,Overproduction,4,110.0,440.0
WST00002152,20250223,ST002,PRD015,Overproduction,2,65.0,130.0
WST00002153,20250223,ST002,PRD019,Overproduction,1,35.0,35.0
WST00002154,20250223,ST003,PRD004,Expired,2,80.0,160.0
WST00002155,20250223,ST003,PRD005,Overproduction,6,35.0,210.0
WST00002156,20250223,ST003,PRD007,Overproduction,4,80.0,320.0
WST00002157,20250223,ST003,PRD010,Expired,1,100.0,100.0
WST00002158,20250223,ST003,PRD012,Overproduction,2,180.0,360.0
WST00002159,20250223,ST003,PRD014,Overproduction,2,110.0,220.0
WST00002160,20250223,ST003,PRD015,Overproduction,2,65.0,130.0
WST00002161,20250223,ST003,PRD016,Overproduction,2,95.0,190.0
WST00002162,20250223,ST003,PRD018,Overproduction,2,60.0,120.0
WST00002163,20250223,ST003,PRD020,Overproduction,1,55.0,55.0
WST00002164,20250223,ST004,PRD003,Overproduction,11,70.0,770.0
WST00002165,20250223,ST004,PRD004,Overproduction,4,80.0,320.0
WST00002166,20250223,ST004,PRD008,Expired,2,55.0,110.0
WST00002167,20250223,ST004,PRD012,Overproduction,8,180.0,1440.0
WST00002168,20250223,ST004,PRD013,Overproduction,4,160.0,640.0
WST00002169,20250223,ST004,PRD014,Overproduction,3,110.0,330.0
WST00002170,20250223,ST004,PRD016,Overproduction,3,95.0,285.0
WST00002171,20250223,ST004,PRD020,Overproduction,3,55.0,165.0
WST00002172,20250223,ST005,PRD002,Overproduction,10,65.0,650.0
WST00002173,20250223,ST005,PRD013,Overproduction,3,160.0,480.0
WST00002174,20250223,ST005,PRD014,Overproduction,6,110.0,660.0
WST00002175,20250223,ST005,PRD015,Overproduction,5,65.0,325.0
WST00002176,20250223,ST005,PRD017,Overproduction,3,110.0,330.0
WST00002177,20250223,ST005,PRD018,Overproduction,1,60.0,60.0
WST00002178,20250224,ST001,PRD002,Expired,1,65.0,65.0
WST00002179,20250224,ST001,PRD005,Overproduction,6,35.0,210.0
WST00002180,20250224,ST001,PRD008,Overproduction,3,55.0,165.0
WST00002181,20250224,ST001,PRD009,Overproduction,4,95.0,380.0
WST00002182,20250224,ST001,PRD010,Overproduction,3,100.0,300.0
WST00002183,20250224,ST001,PRD011,Overproduction,2,140.0,280.0
WST00002184,20250224,ST001,PRD013,Preparation Error,1,160.0,160.0
WST00002185,20250224,ST001,PRD014,Overproduction,1,110.0,110.0
WST00002186,20250224,ST001,PRD016,Quality Issue,1,95.0,95.0
WST00002187,20250224,ST002,PRD002,Overproduction,2,65.0,130.0
WST00002188,20250224,ST002,PRD006,Overproduction,4,70.0,280.0
WST00002189,20250224,ST002,PRD009,Overproduction,2,95.0,190.0
WST00002190,20250224,ST002,PRD010,Overproduction,3,100.0,300.0
WST00002191,20250224,ST002,PRD011,Overproduction,3,140.0,420.0
WST00002192,20250224,ST002,PRD019,Overproduction,1,35.0,35.0
WST00002193,20250224,ST003,PRD002,Overproduction,1,65.0,65.0
WST00002194,20250224,ST003,PRD003,Overproduction,2,70.0,140.0
WST00002195,20250224,ST003,PRD005,Overproduction,2,35.0,70.0
WST00002196,20250224,ST003,PRD006,Overproduction,3,70.0,210.0
WST00002197,20250224,ST003,PRD008,Overproduction,1,55.0,55.0
WST00002198,20250224,ST003,PRD009,Overproduction,2,95.0,190.0
WST00002199,20250224,ST003,PRD010,Overproduction,1,100.0,100.0
WST00002200,20250224,ST003,PRD015,Damaged,1,65.0,65.0
WST00002201,20250224,ST003,PRD017,Overproduction,1,110.0,110.0
WST00002202,20250224,ST004,PRD003,Overproduction,6,70.0,420.0
WST00002203,20250224,ST004,PRD009,Overproduction,8,95.0,760.0
WST00002204,20250224,ST004,PRD010,Overproduction,5,100.0,500.0
WST00002205,20250224,ST004,PRD012,Overproduction,6,180.0,1080.0
WST00002206,20250224,ST004,PRD014,Overproduction,5,110.0,550.0
WST00002207,20250224,ST004,PRD015,Overproduction,5,65.0,325.0
WST00002208,20250224,ST004,PRD019,Overproduction,5,35.0,175.0
WST00002209,20250224,ST004,PRD020,Overproduction,3,55.0,165.0
WST00002210,20250224,ST005,PRD003,Overproduction,2,70.0,140.0
WST00002211,20250224,ST005,PRD007,Overproduction,3,80.0,240.0
WST00002212,20250224,ST005,PRD009,Expired,1,95.0,95.0
WST00002213,20250224,ST005,PRD010,Overproduction,2,100.0,200.0
WST00002214,20250224,ST005,PRD011,Overproduction,3,140.0,420.0
WST00002215,20250224,ST005,PRD012,Overproduction,5,180.0,900.0
WST00002216,20250224,ST005,PRD015,Overproduction,5,65.0,325.0
WST00002217,20250224,ST005,PRD016,Overproduction,2,95.0,190.0
WST00002218,20250224,ST005,PRD019,Overproduction,2,35.0,70.0
WST00002219,20250225,ST001,PRD003,Overproduction,6,70.0,420.0
WST00002220,20250225,ST001,PRD004,Overproduction,6,80.0,480.0
WST00002221,20250225,ST001,PRD007,Expired,1,80.0,80.0
WST00002222,20250225,ST001,PRD012,Overproduction,2,180.0,360.0
WST00002223,20250225,ST001,PRD015,Overproduction,4,65.0,260.0
WST00002224,20250225,ST001,PRD019,Overproduction,2,35.0,70.0
WST00002225,20250225,ST001,PRD020,Overproduction,1,55.0,55.0
WST00002226,20250225,ST002,PRD002,Overproduction,3,65.0,195.0
WST00002227,20250225,ST002,PRD003,Expired,1,70.0,70.0
WST00002228,20250225,ST002,PRD005,Expired,1,35.0,35.0
WST00002229,20250225,ST002,PRD006,Overproduction,5,70.0,350.0
WST00002230,20250225,ST002,PRD007,Expired,1,80.0,80.0
WST00002231,20250225,ST002,PRD009,Expired,1,95.0,95.0
WST00002232,20250225,ST002,PRD011,Overproduction,2,140.0,280.0
WST00002233,20250225,ST002,PRD015,Overproduction,4,65.0,260.0
WST00002234,20250225,ST003,PRD001,Expired,1,45.0,45.0
WST00002235,20250225,ST003,PRD007,Overproduction,2,80.0,160.0
WST00002236,20250225,ST003,PRD008,Overproduction,3,55.0,165.0
WST00002237,20250225,ST003,PRD009,Overproduction,2,95.0,190.0
WST00002238,20250225,ST003,PRD012,Overproduction,4,180.0,720.0
WST00002239,20250225,ST003,PRD013,Overproduction,3,160.0,480.0
WST00002240,20250225,ST003,PRD014,Overproduction,2,110.0,220.0
WST00002241,20250225,ST003,PRD015,Overproduction,2,65.0,130.0
WST00002242,20250225,ST003,PRD017,Overproduction,1,110.0,110.0
WST00002243,20250225,ST003,PRD018,Overproduction,2,60.0,120.0
WST00002244,20250225,ST003,PRD019,Overproduction,2,35.0,70.0
WST00002245,20250225,ST004,PRD002,Expired,4,65.0,260.0
WST00002246,20250225,ST004,PRD005,Overproduction,5,35.0,175.0
WST00002247,20250225,ST004,PRD006,Overproduction,3,70.0,210.0
WST00002248,20250225,ST004,PRD008,Overproduction,3,55.0,165.0
WST00002249,20250225,ST004,PRD009,Expired,1,95.0,95.0
WST00002250,20250225,ST004,PRD013,Overproduction,8,160.0,1280.0
WST00002251,20250225,ST004,PRD017,Overproduction,3,110.0,330.0
WST00002252,20250225,ST004,PRD019,Preparation Error,1,35.0,35.0
WST00002253,20250225,ST005,PRD006,Overproduction,6,70.0,420.0
WST00002254,20250225,ST005,PRD007,Expired,1,80.0,80.0
WST00002255,20250225,ST005,PRD015,Overproduction,2,65.0,130.0
WST00002256,20250225,ST005,PRD018,Overproduction,1,60.0,60.0
WST00002257,20250226,ST001,PRD002,Overproduction,5,65.0,325.0
WST00002258,20250226,ST001,PRD007,Overproduction,9,80.0,720.0
WST00002259,20250226,ST001,PRD011,Overproduction,3,140.0,420.0
WST00002260,20250226,ST001,PRD012,Overproduction,2,180.0,360.0
WST00002261,20250226,ST001,PRD017,Overproduction,3,110.0,330.0
WST00002262,20250226,ST001,PRD018,Overproduction,2,60.0,120.0
WST00002263,20250226,ST001,PRD020,Overproduction,4,55.0,220.0
WST00002264,20250226,ST002,PRD001,Overproduction,3,45.0,135.0
WST00002265,20250226,ST002,PRD005,Overproduction,4,35.0,140.0
WST00002266,20250226,ST002,PRD006,Overproduction,2,70.0,140.0
WST00002267,20250226,ST002,PRD007,Overproduction,5,80.0,400.0
WST00002268,20250226,ST002,PRD009,Overproduction,1,95.0,95.0
WST00002269,20250226,ST002,PRD010,Overproduction,3,100.0,300.0
WST00002270,20250226,ST002,PRD012,Overproduction,4,180.0,720.0
WST00002271,20250226,ST002,PRD014,Overproduction,2,110.0,220.0
WST00002272,20250226,ST002,PRD015,Overproduction,6,65.0,390.0
WST00002273,20250226,ST002,PRD018,Overproduction,2,60.0,120.0
WST00002274,20250226,ST003,PRD001,Overproduction,7,45.0,315.0
WST00002275,20250226,ST003,PRD002,Overproduction,9,65.0,585.0
WST00002276,20250226,ST003,PRD006,Expired,1,70.0,70.0
WST00002277,20250226,ST003,PRD008,Overproduction,1,55.0,55.0
WST00002278,20250226,ST003,PRD010,Overproduction,1,100.0,100.0
WST00002279,20250226,ST003,PRD011,Overproduction,3,140.0,420.0
WST00002280,20250226,ST003,PRD012,Overproduction,1,180.0,180.0
WST00002281,20250226,ST003,PRD015,Overproduction,1,65.0,65.0
WST00002282,20250226,ST003,PRD018,Overproduction,1,60.0,60.0
WST00002283,20250226,ST004,PRD004,Overproduction,6,80.0,480.0
WST00002284,20250226,ST004,PRD005,Overproduction,4,35.0,140.0
WST00002285,20250226,ST004,PRD009,Overproduction,1,95.0,95.0
WST00002286,20250226,ST004,PRD010,Overproduction,1,100.0,100.0
WST00002287,20250226,ST004,PRD012,Overproduction,4,180.0,720.0
WST00002288,20250226,ST004,PRD018,Overproduction,5,60.0,300.0
WST00002289,20250226,ST005,PRD003,Overproduction,6,70.0,420.0
WST00002290,20250226,ST005,PRD009,Overproduction,2,95.0,190.0
WST00002291,20250226,ST005,PRD010,Overproduction,1,100.0,100.0
WST00002292,20250226,ST005,PRD011,Overproduction,1,140.0,140.0
WST00002293,20250226,ST005,PRD012,Overproduction,4,180.0,720.0
WST00002294,20250226,ST005,PRD013,Overproduction,3,160.0,480.0
WST00002295,20250226,ST005,PRD019,Overproduction,4,35.0,140.0
WST00002296,20250226,ST005,PRD020,Overproduction,3,55.0,165.0
WST00002297,20250227,ST001,PRD001,Expired,4,45.0,180.0
WST00002298,20250227,ST001,PRD003,Overproduction,4,70.0,280.0
WST00002299,20250227,ST001,PRD006,Expired,1,70.0,70.0
WST00002300,20250227,ST001,PRD008,Overproduction,2,55.0,110.0
WST00002301,20250227,ST001,PRD009,Overproduction,4,95.0,380.0
WST00002302,20250227,ST001,PRD013,Overproduction,2,160.0,320.0
WST00002303,20250227,ST001,PRD018,Overproduction,1,60.0,60.0
WST00002304,20250227,ST001,PRD019,Overproduction,2,35.0,70.0
WST00002305,20250227,ST001,PRD020,Overproduction,4,55.0,220.0
WST00002306,20250227,ST002,PRD006,Overproduction,2,70.0,140.0
WST00002307,20250227,ST002,PRD010,Overproduction,1,100.0,100.0
WST00002308,20250227,ST002,PRD011,Overproduction,3,140.0,420.0
WST00002309,20250227,ST002,PRD018,Overproduction,3,60.0,180.0
WST00002310,20250227,ST003,PRD002,Expired,1,65.0,65.0
WST00002311,20250227,ST003,PRD004,Overproduction,3,80.0,240.0
WST00002312,20250227,ST003,PRD005,Overproduction,5,35.0,175.0
WST00002313,20250227,ST003,PRD007,Overproduction,4,80.0,320.0
WST00002314,20250227,ST003,PRD008,Overproduction,1,55.0,55.0
WST00002315,20250227,ST003,PRD009,Expired,1,95.0,95.0
WST00002316,20250227,ST003,PRD010,Overproduction,1,100.0,100.0
WST00002317,20250227,ST003,PRD013,Overproduction,2,160.0,320.0
WST00002318,20250227,ST003,PRD016,Overproduction,1,95.0,95.0
WST00002319,20250227,ST003,PRD018,Overproduction,2,60.0,120.0
WST00002320,20250227,ST004,PRD008,Overproduction,4,55.0,220.0
WST00002321,20250227,ST004,PRD009,Overproduction,3,95.0,285.0
WST00002322,20250227,ST004,PRD010,Overproduction,2,100.0,200.0
WST00002323,20250227,ST004,PRD011,Overproduction,2,140.0,280.0
WST00002324,20250227,ST004,PRD014,Damaged,1,110.0,110.0
WST00002325,20250227,ST004,PRD017,Overproduction,2,110.0,220.0
WST00002326,20250227,ST004,PRD018,Overproduction,1,60.0,60.0
WST00002327,20250227,ST005,PRD005,Expired,1,35.0,35.0
WST00002328,20250227,ST005,PRD006,Overproduction,4,70.0,280.0
WST00002329,20250227,ST005,PRD008,Overproduction,4,55.0,220.0
WST00002330,20250227,ST005,PRD009,Overproduction,1,95.0,95.0
WST00002331,20250227,ST005,PRD010,Expired,1,100.0,100.0
WST00002332,20250227,ST005,PRD012,Quality Issue,1,180.0,180.0
WST00002333,20250227,ST005,PRD017,Overproduction,1,110.0,110.0
WST00002334,20250227,ST005,PRD020,Overproduction,2,55.0,110.0
WST00002335,20250228,ST001,PRD002,Overproduction,6,65.0,390.0
WST00002336,20250228,ST001,PRD003,Overproduction,7,70.0,490.0
WST00002337,20250228,ST001,PRD004,Overproduction,5,80.0,400.0
WST00002338,20250228,ST001,PRD005,Overproduction,6,35.0,210.0
WST00002339,20250228,ST001,PRD007,Overproduction,4,80.0,320.0
WST00002340,20250228,ST001,PRD008,Overproduction,6,55.0,330.0
WST00002341,20250228,ST001,PRD009,Expired,1,95.0,95.0
WST00002342,20250228,ST001,PRD011,Overproduction,2,140.0,280.0
WST00002343,20250228,ST001,PRD014,Overproduction,1,110.0,110.0
WST00002344,20250228,ST002,PRD002,Overproduction,6,65.0,390.0
WST00002345,20250228,ST002,PRD004,Overproduction,4,80.0,320.0
WST00002346,20250228,ST002,PRD007,Overproduction,1,80.0,80.0
WST00002347,20250228,ST002,PRD008,Overproduction,4,55.0,220.0
WST00002348,20250228,ST002,PRD009,Overproduction,1,95.0,95.0
WST00002349,20250228,ST002,PRD013,Overproduction,3,160.0,480.0
WST00002350,20250228,ST002,PRD015,Overproduction,3,65.0,195.0
WST00002351,20250228,ST002,PRD016,Overproduction,1,95.0,95.0
WST00002352,20250228,ST002,PRD018,Overproduction,1,60.0,60.0
WST00002353,20250228,ST003,PRD006,Overproduction,1,70.0,70.0
WST00002354,20250228,ST003,PRD008,Overproduction,1,55.0,55.0
WST00002355,20250228,ST003,PRD011,Overproduction,2,140.0,280.0
WST00002356,20250228,ST003,PRD012,Overproduction,2,180.0,360.0
WST00002357,20250228,ST003,PRD013,Overproduction,4,160.0,640.0
WST00002358,20250228,ST003,PRD014,Overproduction,2,110.0,220.0
WST00002359,20250228,ST003,PRD018,Overproduction,1,60.0,60.0
WST00002360,20250228,ST004,PRD001,Expired,1,45.0,45.0
WST00002361,20250228,ST004,PRD003,Expired,3,70.0,210.0
WST00002362,20250228,ST004,PRD004,Overproduction,7,80.0,560.0
WST00002363,20250228,ST004,PRD008,Overproduction,3,55.0,165.0
WST00002364,20250228,ST004,PRD009,Overproduction,2,95.0,190.0
WST00002365,20250228,ST004,PRD010,Overproduction,1,100.0,100.0
WST00002366,20250228,ST004,PRD013,Overproduction,4,160.0,640.0
WST00002367,20250228,ST004,PRD017,Overproduction,2,110.0,220.0
WST00002368,20250228,ST005,PRD003,Overproduction,9,70.0,630.0
WST00002369,20250228,ST005,PRD007,Overproduction,2,80.0,160.0
WST00002370,20250228,ST005,PRD009,Overproduction,2,95.0,190.0
WST00002371,20250228,ST005,PRD011,Overproduction,2,140.0,280.0
WST00002372,20250228,ST005,PRD013,Overproduction,2,160.0,320.0
WST00002373,20250228,ST005,PRD019,Overproduction,1,35.0,35.0
WST00002374,20250228,ST005,PRD020,Overproduction,1,55.0,55.0
WST00002375,20250301,ST001,PRD003,Overproduction,7,70.0,490.0
WST00002376,20250301,ST001,PRD008,Expired,3,55.0,165.0
WST00002377,20250301,ST001,PRD010,Expired,1,100.0,100.0
WST00002378,20250301,ST001,PRD011,Overproduction,3,140.0,420.0
WST00002379,20250301,ST001,PRD016,Overproduction,2,95.0,190.0
WST00002380,20250301,ST001,PRD017,Overproduction,3,110.0,330.0
WST00002381,20250301,ST001,PRD018,Overproduction,5,60.0,300.0
WST00002382,20250301,ST002,PRD003,Overproduction,4,70.0,280.0
WST00002383,20250301,ST002,PRD008,Overproduction,10,55.0,550.0
WST00002384,20250301,ST002,PRD009,Overproduction,6,95.0,570.0
WST00002385,20250301,ST002,PRD011,Overproduction,2,140.0,280.0
WST00002386,20250301,ST002,PRD012,Overproduction,2,180.0,360.0
WST00002387,20250301,ST002,PRD016,Overproduction,2,95.0,190.0
WST00002388,20250301,ST002,PRD018,Overproduction,3,60.0,180.0
WST00002389,20250301,ST003,PRD001,Overproduction,3,45.0,135.0
WST00002390,20250301,ST003,PRD003,Overproduction,3,70.0,210.0
WST00002391,20250301,ST003,PRD004,Overproduction,4,80.0,320.0
WST00002392,20250301,ST003,PRD005,Overproduction,10,35.0,350.0
WST00002393,20250301,ST003,PRD006,Expired,1,70.0,70.0
WST00002394,20250301,ST003,PRD007,Overproduction,6,80.0,480.0
WST00002395,20250301,ST003,PRD009,Overproduction,1,95.0,95.0
WST00002396,20250301,ST003,PRD012,Overproduction,1,180.0,180.0
WST00002397,20250301,ST003,PRD015,Overproduction,1,65.0,65.0
WST00002398,20250301,ST003,PRD016,Overproduction,1,95.0,95.0
WST00002399,20250301,ST003,PRD017,Overproduction,1,110.0,110.0
WST00002400,20250301,ST003,PRD020,Overproduction,1,55.0,55.0
WST00002401,20250301,ST004,PRD001,Overproduction,3,45.0,135.0
WST00002402,20250301,ST004,PRD002,Overproduction,9,65.0,585.0
WST00002403,20250301,ST004,PRD004,Overproduction,8,80.0,640.0
WST00002404,20250301,ST004,PRD007,Expired,3,80.0,240.0
WST00002405,20250301,ST004,PRD011,Overproduction,5,140.0,700.0
WST00002406,20250301,ST004,PRD013,Overproduction,3,160.0,480.0
WST00002407,20250301,ST004,PRD014,Overproduction,3,110.0,330.0
WST00002408,20250301,ST004,PRD016,Overproduction,4,95.0,380.0
WST00002409,20250301,ST004,PRD017,Overproduction,3,110.0,330.0
WST00002410,20250301,ST004,PRD019,Overproduction,8,35.0,280.0
WST00002411,20250301,ST004,PRD020,Damaged,1,55.0,55.0
WST00002412,20250301,ST005,PRD001,Overproduction,3,45.0,135.0
WST00002413,20250301,ST005,PRD002,Overproduction,10,65.0,650.0
WST00002414,20250301,ST005,PRD003,Expired,1,70.0,70.0
WST00002415,20250301,ST005,PRD004,Overproduction,6,80.0,480.0
WST00002416,20250301,ST005,PRD005,Overproduction,3,35.0,105.0
WST00002417,20250301,ST005,PRD008,Overproduction,5,55.0,275.0
WST00002418,20250301,ST005,PRD011,Overproduction,1,140.0,140.0
WST00002419,20250301,ST005,PRD013,Overproduction,2,160.0,320.0
WST00002420,20250301,ST005,PRD014,Overproduction,2,110.0,220.0
WST00002421,20250301,ST005,PRD015,Overproduction,4,65.0,260.0
WST00002422,20250301,ST005,PRD016,Damaged,1,95.0,95.0
WST00002423,20250301,ST005,PRD017,Overproduction,1,110.0,110.0
WST00002424,20250301,ST005,PRD018,Overproduction,4,60.0,240.0
WST00002425,20250302,ST001,PRD001,Overproduction,13,45.0,585.0
WST00002426,20250302,ST001,PRD002,Expired,2,65.0,130.0
WST00002427,20250302,ST001,PRD003,Expired,1,70.0,70.0
WST00002428,20250302,ST001,PRD004,Overproduction,10,80.0,800.0
WST00002429,20250302,ST001,PRD006,Overproduction,5,70.0,350.0
WST00002430,20250302,ST001,PRD007,Overproduction,6,80.0,480.0
WST00002431,20250302,ST001,PRD011,Overproduction,4,140.0,560.0
WST00002432,20250302,ST001,PRD012,Overproduction,2,180.0,360.0
WST00002433,20250302,ST001,PRD013,Overproduction,3,160.0,480.0
WST00002434,20250302,ST001,PRD014,Overproduction,4,110.0,440.0
WST00002435,20250302,ST002,PRD001,Overproduction,6,45.0,270.0
WST00002436,20250302,ST002,PRD002,Overproduction,7,65.0,455.0
WST00002437,20250302,ST002,PRD003,Overproduction,4,70.0,280.0
WST00002438,20250302,ST002,PRD004,Expired,7,80.0,560.0
WST00002439,20250302,ST002,PRD006,Overproduction,6,70.0,420.0
WST00002440,20250302,ST002,PRD011,Overproduction,6,140.0,840.0
WST00002441,20250302,ST002,PRD012,Overproduction,2,180.0,360.0
WST00002442,20250302,ST002,PRD014,Overproduction,3,110.0,330.0
WST00002443,20250302,ST002,PRD015,Overproduction,1,65.0,65.0
WST00002444,20250302,ST002,PRD017,Overproduction,2,110.0,220.0
WST00002445,20250302,ST002,PRD019,Overproduction,2,35.0,70.0
WST00002446,20250302,ST003,PRD001,Expired,3,45.0,135.0
WST00002447,20250302,ST003,PRD002,Overproduction,4,65.0,260.0
WST00002448,20250302,ST003,PRD003,Overproduction,5,70.0,350.0
WST00002449,20250302,ST003,PRD004,Overproduction,2,80.0,160.0
WST00002450,20250302,ST003,PRD006,Overproduction,2,70.0,140.0
WST00002451,20250302,ST003,PRD008,Expired,1,55.0,55.0
WST00002452,20250302,ST003,PRD009,Overproduction,3,95.0,285.0
WST00002453,20250302,ST003,PRD010,Overproduction,4,100.0,400.0
WST00002454,20250302,ST003,PRD014,Overproduction,1,110.0,110.0
WST00002455,20250302,ST003,PRD017,Overproduction,2,110.0,220.0
WST00002456,20250302,ST003,PRD018,Overproduction,2,60.0,120.0
WST00002457,20250302,ST003,PRD019,Overproduction,4,35.0,140.0
WST00002458,20250302,ST003,PRD020,Overproduction,1,55.0,55.0
WST00002459,20250302,ST004,PRD001,Expired,4,45.0,180.0
WST00002460,20250302,ST004,PRD003,Overproduction,10,70.0,700.0
WST00002461,20250302,ST004,PRD006,Overproduction,9,70.0,630.0
WST00002462,20250302,ST004,PRD007,Expired,1,80.0,80.0
WST00002463,20250302,ST004,PRD008,Overproduction,7,55.0,385.0
WST00002464,20250302,ST004,PRD011,Overproduction,1,140.0,140.0
WST00002465,20250302,ST004,PRD012,Overproduction,6,180.0,1080.0
WST00002466,20250302,ST004,PRD013,Overproduction,5,160.0,800.0
WST00002467,20250302,ST004,PRD017,Overproduction,2,110.0,220.0
WST00002468,20250302,ST004,PRD020,Overproduction,1,55.0,55.0
WST00002469,20250302,ST005,PRD002,Overproduction,3,65.0,195.0
WST00002470,20250302,ST005,PRD003,Overproduction,11,70.0,770.0
WST00002471,20250302,ST005,PRD004,Overproduction,3,80.0,240.0
WST00002472,20250302,ST005,PRD005,Overproduction,7,35.0,245.0
WST00002473,20250302,ST005,PRD006,Overproduction,4,70.0,280.0
WST00002474,20250302,ST005,PRD009,Overproduction,1,95.0,95.0
WST00002475,20250302,ST005,PRD010,Overproduction,2,100.0,200.0
WST00002476,20250302,ST005,PRD013,Overproduction,3,160.0,480.0
WST00002477,20250302,ST005,PRD015,Overproduction,3,65.0,195.0
WST00002478,20250302,ST005,PRD016,Overproduction,1,95.0,95.0
WST00002479,20250302,ST005,PRD017,Overproduction,1,110.0,110.0
WST00002480,20250302,ST005,PRD018,Overproduction,2,60.0,120.0
WST00002481,20250303,ST001,PRD002,Overproduction,6,65.0,390.0
WST00002482,20250303,ST001,PRD003,Overproduction,9,70.0,630.0
WST00002483,20250303,ST001,PRD007,Overproduction,3,80.0,240.0
WST00002484,20250303,ST001,PRD010,Overproduction,10,100.0,1000.0
WST00002485,20250303,ST001,PRD013,Overproduction,3,160.0,480.0
WST00002486,20250303,ST001,PRD018,Overproduction,7,60.0,420.0
WST00002487,20250303,ST001,PRD019,Overproduction,2,35.0,70.0
WST00002488,20250303,ST002,PRD003,Overproduction,5,70.0,350.0
WST00002489,20250303,ST002,PRD004,Overproduction,3,80.0,240.0
WST00002490,20250303,ST002,PRD005,Overproduction,3,35.0,105.0
WST00002491,20250303,ST002,PRD007,Overproduction,2,80.0,160.0
WST00002492,20250303,ST002,PRD009,Overproduction,6,95.0,570.0
WST00002493,20250303,ST002,PRD010,Overproduction,3,100.0,300.0
WST00002494,20250303,ST002,PRD013,Overproduction,2,160.0,320.0
WST00002495,20250303,ST002,PRD014,Overproduction,2,110.0,220.0
WST00002496,20250303,ST002,PRD015,Overproduction,5,65.0,325.0
WST00002497,20250303,ST002,PRD016,Overproduction,2,95.0,190.0
WST00002498,20250303,ST003,PRD002,Expired,1,65.0,65.0
WST00002499,20250303,ST003,PRD003,Overproduction,5,70.0,350.0
WST00002500,20250303,ST003,PRD004,Overproduction,3,80.0,240.0
WST00002501,20250303,ST003,PRD005,Overproduction,2,35.0,70.0
WST00002502,20250303,ST003,PRD012,Overproduction,4,180.0,720.0
WST00002503,20250303,ST003,PRD017,Overproduction,1,110.0,110.0
WST00002504,20250303,ST003,PRD018,Overproduction,3,60.0,180.0
WST00002505,20250303,ST004,PRD001,Overproduction,4,45.0,180.0
WST00002506,20250303,ST004,PRD002,Overproduction,6,65.0,390.0
WST00002507,20250303,ST004,PRD005,Overproduction,2,35.0,70.0
WST00002508,20250303,ST004,PRD006,Overproduction,6,70.0,420.0
WST00002509,20250303,ST004,PRD007,Overproduction,4,80.0,320.0
WST00002510,20250303,ST004,PRD009,Overproduction,6,95.0,570.0
WST00002511,20250303,ST004,PRD011,Overproduction,4,140.0,560.0
WST00002512,20250303,ST004,PRD016,Overproduction,1,95.0,95.0
WST00002513,20250303,ST004,PRD018,Overproduction,4,60.0,240.0
WST00002514,20250303,ST004,PRD019,Overproduction,2,35.0,70.0
WST00002515,20250303,ST005,PRD003,Overproduction,5,70.0,350.0
WST00002516,20250303,ST005,PRD004,Overproduction,1,80.0,80.0
WST00002517,20250303,ST005,PRD006,Overproduction,5,70.0,350.0
WST00002518,20250303,ST005,PRD010,Overproduction,2,100.0,200.0
WST00002519,20250303,ST005,PRD011,Overproduction,2,140.0,280.0
WST00002520,20250303,ST005,PRD012,Preparation Error,1,180.0,180.0
WST00002521,20250303,ST005,PRD019,Overproduction,2,35.0,70.0
WST00002522,20250303,ST005,PRD020,Preparation Error,1,55.0,55.0
WST00002523,20250304,ST001,PRD003,Overproduction,11,70.0,770.0
WST00002524,20250304,ST001,PRD009,Overproduction,2,95.0,190.0
WST00002525,20250304,ST001,PRD015,Overproduction,5,65.0,325.0
WST00002526,20250304,ST001,PRD017,Overproduction,2,110.0,220.0
WST00002527,20250304,ST002,PRD006,Overproduction,2,70.0,140.0
WST00002528,20250304,ST002,PRD007,Overproduction,4,80.0,320.0
WST00002529,20250304,ST002,PRD013,Overproduction,3,160.0,480.0
WST00002530,20250304,ST002,PRD017,Overproduction,1,110.0,110.0
WST00002531,20250304,ST002,PRD020,Overproduction,4,55.0,220.0
WST00002532,20250304,ST003,PRD001,Expired,2,45.0,90.0
WST00002533,20250304,ST003,PRD002,Overproduction,4,65.0,260.0
WST00002534,20250304,ST003,PRD003,Overproduction,1,70.0,70.0
WST00002535,20250304,ST003,PRD007,Overproduction,9,80.0,720.0
WST00002536,20250304,ST003,PRD015,Overproduction,1,65.0,65.0
WST00002537,20250304,ST003,PRD018,Overproduction,1,60.0,60.0
WST00002538,20250304,ST004,PRD001,Overproduction,3,45.0,135.0
WST00002539,20250304,ST004,PRD002,Overproduction,8,65.0,520.0
WST00002540,20250304,ST004,PRD003,Overproduction,6,70.0,420.0
WST00002541,20250304,ST004,PRD007,Overproduction,5,80.0,400.0
WST00002542,20250304,ST004,PRD018,Overproduction,2,60.0,120.0
WST00002543,20250304,ST005,PRD001,Overproduction,3,45.0,135.0
WST00002544,20250304,ST005,PRD002,Overproduction,7,65.0,455.0
WST00002545,20250304,ST005,PRD006,Expired,1,70.0,70.0
WST00002546,20250304,ST005,PRD009,Expired,1,95.0,95.0
WST00002547,20250304,ST005,PRD010,Overproduction,3,100.0,300.0
WST00002548,20250304,ST005,PRD013,Overproduction,1,160.0,160.0
WST00002549,20250304,ST005,PRD017,Overproduction,1,110.0,110.0
WST00002550,20250304,ST005,PRD018,Overproduction,1,60.0,60.0
WST00002551,20250304,ST005,PRD019,Overproduction,3,35.0,105.0
WST00002552,20250305,ST001,PRD004,Overproduction,3,80.0,240.0
WST00002553,20250305,ST001,PRD005,Overproduction,5,35.0,175.0
WST00002554,20250305,ST001,PRD007,Overproduction,7,80.0,560.0
WST00002555,20250305,ST001,PRD008,Overproduction,8,55.0,440.0
WST00002556,20250305,ST001,PRD009,Overproduction,9,95.0,855.0
WST00002557,20250305,ST001,PRD013,Overproduction,2,160.0,320.0
WST00002558,20250305,ST001,PRD014,Overproduction,2,110.0,220.0
WST00002559,20250305,ST001,PRD015,Overproduction,3,65.0,195.0
WST00002560,20250305,ST001,PRD018,Overproduction,2,60.0,120.0
WST00002561,20250305,ST002,PRD001,Overproduction,5,45.0,225.0
WST00002562,20250305,ST002,PRD006,Overproduction,3,70.0,210.0
WST00002563,20250305,ST002,PRD009,Overproduction,2,95.0,190.0
WST00002564,20250305,ST002,PRD010,Expired,1,100.0,100.0
WST00002565,20250305,ST002,PRD013,Overproduction,1,160.0,160.0
WST00002566,20250305,ST002,PRD014,Preparation Error,1,110.0,110.0
WST00002567,20250305,ST002,PRD015,Overproduction,3,65.0,195.0
WST00002568,20250305,ST002,PRD017,Overproduction,2,110.0,220.0
WST00002569,20250305,ST002,PRD020,Overproduction,2,55.0,110.0
WST00002570,20250305,ST003,PRD003,Overproduction,3,70.0,210.0
WST00002571,20250305,ST003,PRD006,Overproduction,3,70.0,210.0
WST00002572,20250305,ST003,PRD009,Overproduction,1,95.0,95.0
WST00002573,20250305,ST003,PRD011,Overproduction,1,140.0,140.0
WST00002574,20250305,ST003,PRD012,Overproduction,4,180.0,720.0
WST00002575,20250305,ST004,PRD008,Overproduction,8,55.0,440.0
WST00002576,20250305,ST004,PRD011,Overproduction,5,140.0,700.0
WST00002577,20250305,ST004,PRD012,Overproduction,1,180.0,180.0
WST00002578,20250305,ST004,PRD013,Overproduction,2,160.0,320.0
WST00002579,20250305,ST004,PRD015,Overproduction,5,65.0,325.0
WST00002580,20250305,ST004,PRD017,Overproduction,2,110.0,220.0
WST00002581,20250305,ST004,PRD020,Overproduction,3,55.0,165.0
WST00002582,20250305,ST005,PRD002,Overproduction,3,65.0,195.0
WST00002583,20250305,ST005,PRD005,Overproduction,4,35.0,140.0
WST00002584,20250305,ST005,PRD006,Overproduction,3,70.0,210.0
WST00002585,20250305,ST005,PRD008,Overproduction,4,55.0,220.0
WST00002586,20250305,ST005,PRD009,Overproduction,1,95.0,95.0
WST00002587,20250305,ST005,PRD010,Overproduction,1,100.0,100.0
WST00002588,20250305,ST005,PRD015,Overproduction,4,65.0,260.0
WST00002589,20250305,ST005,PRD016,Overproduction,1,95.0,95.0
WST00002590,20250305,ST005,PRD017,Overproduction,2,110.0,220.0
WST00002591,20250306,ST001,PRD001,Overproduction,7,45.0,315.0
WST00002592,20250306,ST001,PRD003,Overproduction,5,70.0,350.0
WST00002593,20250306,ST001,PRD009,Overproduction,6,95.0,570.0
WST00002594,20250306,ST001,PRD011,Overproduction,2,140.0,280.0
WST00002595,20250306,ST001,PRD012,Overproduction,5,180.0,900.0
WST00002596,20250306,ST001,PRD013,Overproduction,5,160.0,800.0
WST00002597,20250306,ST001,PRD014,Overproduction,1,110.0,110.0
WST00002598,20250306,ST001,PRD017,Overproduction,4,110.0,440.0
WST00002599,20250306,ST001,PRD020,Overproduction,2,55.0,110.0
WST00002600,20250306,ST002,PRD003,Overproduction,8,70.0,560.0
WST00002601,20250306,ST002,PRD004,Overproduction,5,80.0,400.0
WST00002602,20250306,ST002,PRD005,Overproduction,4,35.0,140.0
WST00002603,20250306,ST002,PRD010,Overproduction,5,100.0,500.0
WST00002604,20250306,ST002,PRD011,Overproduction,1,140.0,140.0
WST00002605,20250306,ST002,PRD014,Overproduction,2,110.0,220.0
WST00002606,20250306,ST003,PRD002,Overproduction,5,65.0,325.0
WST00002607,20250306,ST003,PRD004,Overproduction,4,80.0,320.0
WST00002608,20250306,ST003,PRD006,Overproduction,1,70.0,70.0
WST00002609,20250306,ST003,PRD011,Overproduction,3,140.0,420.0
WST00002610,20250306,ST003,PRD012,Overproduction,1,180.0,180.0
WST00002611,20250306,ST003,PRD013,Overproduction,4,160.0,640.0
WST00002612,20250306,ST003,PRD015,Overproduction,2,65.0,130.0
WST00002613,20250306,ST003,PRD018,Damaged,1,60.0,60.0
WST00002614,20250306,ST004,PRD001,Overproduction,8,45.0,360.0
WST00002615,20250306,ST004,PRD003,Overproduction,7,70.0,490.0
WST00002616,20250306,ST004,PRD004,Overproduction,3,80.0,240.0
WST00002617,20250306,ST004,PRD011,Damaged,1,140.0,140.0
WST00002618,20250306,ST004,PRD012,Damaged,1,180.0,180.0
WST00002619,20250306,ST004,PRD017,Overproduction,1,110.0,110.0
WST00002620,20250306,ST004,PRD018,Overproduction,1,60.0,60.0
WST00002621,20250306,ST005,PRD002,Overproduction,5,65.0,325.0
WST00002622,20250306,ST005,PRD003,Overproduction,6,70.0,420.0
WST00002623,20250306,ST005,PRD005,Overproduction,4,35.0,140.0
WST00002624,20250306,ST005,PRD009,Overproduction,3,95.0,285.0
WST00002625,20250306,ST005,PRD018,Overproduction,1,60.0,60.0
WST00002626,20250307,ST001,PRD001,Overproduction,3,45.0,135.0
WST00002627,20250307,ST001,PRD006,Overproduction,6,70.0,420.0
WST00002628,20250307,ST001,PRD008,Overproduction,10,55.0,550.0
WST00002629,20250307,ST001,PRD015,Overproduction,2,65.0,130.0
WST00002630,20250307,ST001,PRD018,Overproduction,5,60.0,300.0
WST00002631,20250307,ST001,PRD019,Overproduction,1,35.0,35.0
WST00002632,20250307,ST002,PRD001,Overproduction,5,45.0,225.0
WST00002633,20250307,ST002,PRD002,Overproduction,8,65.0,520.0
WST00002634,20250307,ST002,PRD004,Overproduction,2,80.0,160.0
WST00002635,20250307,ST002,PRD005,Overproduction,3,35.0,105.0
WST00002636,20250307,ST002,PRD009,Overproduction,2,95.0,190.0
WST00002637,20250307,ST002,PRD010,Expired,1,100.0,100.0
WST00002638,20250307,ST002,PRD011,Overproduction,4,140.0,560.0
WST00002639,20250307,ST002,PRD012,Overproduction,1,180.0,180.0
WST00002640,20250307,ST002,PRD013,Overproduction,4,160.0,640.0
WST00002641,20250307,ST002,PRD014,Overproduction,3,110.0,330.0
WST00002642,20250307,ST002,PRD019,Overproduction,2,35.0,70.0
WST00002643,20250307,ST003,PRD001,Overproduction,3,45.0,135.0
WST00002644,20250307,ST003,PRD006,Overproduction,1,70.0,70.0
WST00002645,20250307,ST003,PRD007,Overproduction,4,80.0,320.0
WST00002646,20250307,ST003,PRD009,Overproduction,2,95.0,190.0
WST00002647,20250307,ST003,PRD010,Overproduction,1,100.0,100.0
WST00002648,20250307,ST003,PRD012,Overproduction,2,180.0,360.0
WST00002649,20250307,ST003,PRD013,Overproduction,4,160.0,640.0
WST00002650,20250307,ST003,PRD016,Overproduction,1,95.0,95.0
WST00002651,20250307,ST004,PRD001,Overproduction,6,45.0,270.0
WST00002652,20250307,ST004,PRD002,Overproduction,7,65.0,455.0
WST00002653,20250307,ST004,PRD005,Overproduction,11,35.0,385.0
WST00002654,20250307,ST004,PRD006,Overproduction,3,70.0,210.0
WST00002655,20250307,ST004,PRD007,Overproduction,7,80.0,560.0
WST00002656,20250307,ST004,PRD008,Overproduction,2,55.0,110.0
WST00002657,20250307,ST004,PRD009,Overproduction,3,95.0,285.0
WST00002658,20250307,ST004,PRD010,Overproduction,3,100.0,300.0
WST00002659,20250307,ST004,PRD011,Overproduction,1,140.0,140.0
WST00002660,20250307,ST004,PRD013,Overproduction,4,160.0,640.0
WST00002661,20250307,ST004,PRD015,Overproduction,3,65.0,195.0
WST00002662,20250307,ST004,PRD017,Damaged,1,110.0,110.0
WST00002663,20250307,ST004,PRD020,Overproduction,2,55.0,110.0
WST00002664,20250307,ST005,PRD001,Expired,3,45.0,135.0
WST00002665,20250307,ST005,PRD002,Overproduction,6,65.0,390.0
WST00002666,20250307,ST005,PRD004,Overproduction,3,80.0,240.0
WST00002667,20250307,ST005,PRD006,Overproduction,8,70.0,560.0
WST00002668,20250307,ST005,PRD007,Expired,1,80.0,80.0
WST00002669,20250307,ST005,PRD008,Overproduction,3,55.0,165.0
WST00002670,20250307,ST005,PRD010,Overproduction,2,100.0,200.0
WST00002671,20250307,ST005,PRD011,Overproduction,2,140.0,280.0
WST00002672,20250307,ST005,PRD012,Overproduction,4,180.0,720.0
WST00002673,20250307,ST005,PRD014,Overproduction,5,110.0,550.0
WST00002674,20250307,ST005,PRD017,Overproduction,3,110.0,330.0
WST00002675,20250307,ST005,PRD018,Overproduction,2,60.0,120.0
WST00002676,20250307,ST005,PRD019,Overproduction,3,35.0,105.0
WST00002677,20250308,ST001,PRD002,Expired,6,65.0,390.0
WST00002678,20250308,ST001,PRD004,Expired,3,80.0,240.0
WST00002679,20250308,ST001,PRD006,Expired,1,70.0,70.0
WST00002680,20250308,ST001,PRD007,Overproduction,4,80.0,320.0
WST00002681,20250308,ST001,PRD011,Overproduction,3,140.0,420.0
WST00002682,20250308,ST001,PRD014,Overproduction,2,110.0,220.0
WST00002683,20250308,ST001,PRD018,Overproduction,3,60.0,180.0
WST00002684,20250308,ST002,PRD002,Expired,1,65.0,65.0
WST00002685,20250308,ST002,PRD007,Overproduction,2,80.0,160.0
WST00002686,20250308,ST002,PRD008,Expired,1,55.0,55.0
WST00002687,20250308,ST002,PRD009,Overproduction,4,95.0,380.0
WST00002688,20250308,ST002,PRD010,Expired,1,100.0,100.0
WST00002689,20250308,ST002,PRD013,Overproduction,2,160.0,320.0
WST00002690,20250308,ST002,PRD015,Overproduction,1,65.0,65.0
WST00002691,20250308,ST002,PRD016,Overproduction,2,95.0,190.0
WST00002692,20250308,ST002,PRD017,Overproduction,1,110.0,110.0
WST00002693,20250308,ST002,PRD018,Overproduction,2,60.0,120.0
WST00002694,20250308,ST002,PRD020,Overproduction,1,55.0,55.0
WST00002695,20250308,ST003,PRD003,Overproduction,6,70.0,420.0
WST00002696,20250308,ST003,PRD006,Expired,1,70.0,70.0
WST00002697,20250308,ST003,PRD008,Overproduction,2,55.0,110.0
WST00002698,20250308,ST003,PRD013,Overproduction,1,160.0,160.0
WST00002699,20250308,ST003,PRD015,Overproduction,3,65.0,195.0
WST00002700,20250308,ST003,PRD016,Overproduction,1,95.0,95.0
WST00002701,20250308,ST003,PRD019,Overproduction,2,35.0,70.0
WST00002702,20250308,ST004,PRD001,Overproduction,4,45.0,180.0
WST00002703,20250308,ST004,PRD003,Overproduction,10,70.0,700.0
WST00002704,20250308,ST004,PRD005,Expired,5,35.0,175.0
WST00002705,20250308,ST004,PRD009,Expired,2,95.0,190.0
WST00002706,20250308,ST004,PRD011,Overproduction,5,140.0,700.0
WST00002707,20250308,ST004,PRD013,Overproduction,7,160.0,1120.0
WST00002708,20250308,ST004,PRD016,Overproduction,1,95.0,95.0
WST00002709,20250308,ST005,PRD006,Overproduction,3,70.0,210.0
WST00002710,20250308,ST005,PRD007,Overproduction,6,80.0,480.0
WST00002711,20250308,ST005,PRD008,Overproduction,3,55.0,165.0
WST00002712,20250308,ST005,PRD011,Overproduction,1,140.0,140.0
WST00002713,20250308,ST005,PRD014,Overproduction,2,110.0,220.0
WST00002714,20250308,ST005,PRD017,Overproduction,1,110.0,110.0
WST00002715,20250309,ST001,PRD001,Expired,2,45.0,90.0
WST00002716,20250309,ST001,PRD002,Overproduction,12,65.0,780.0
WST00002717,20250309,ST001,PRD004,Overproduction,7,80.0,560.0
WST00002718,20250309,ST001,PRD006,Overproduction,9,70.0,630.0
WST00002719,20250309,ST001,PRD007,Overproduction,6,80.0,480.0
WST00002720,20250309,ST001,PRD012,Overproduction,2,180.0,360.0
WST00002721,20250309,ST001,PRD015,Overproduction,4,65.0,260.0
WST00002722,20250309,ST001,PRD018,Overproduction,5,60.0,300.0
WST00002723,20250309,ST001,PRD020,Overproduction,3,55.0,165.0
WST00002724,20250309,ST002,PRD001,Overproduction,6,45.0,270.0
WST00002725,20250309,ST002,PRD002,Overproduction,6,65.0,390.0
WST00002726,20250309,ST002,PRD005,Expired,3,35.0,105.0
WST00002727,20250309,ST002,PRD009,Overproduction,6,95.0,570.0
WST00002728,20250309,ST002,PRD014,Overproduction,2,110.0,220.0
WST00002729,20250309,ST002,PRD015,Overproduction,2,65.0,130.0
WST00002730,20250309,ST002,PRD016,Overproduction,2,95.0,190.0
WST00002731,20250309,ST002,PRD017,Overproduction,1,110.0,110.0
WST00002732,20250309,ST002,PRD018,Damaged,1,60.0,60.0
WST00002733,20250309,ST002,PRD019,Overproduction,1,35.0,35.0
WST00002734,20250309,ST003,PRD001,Overproduction,9,45.0,405.0
WST00002735,20250309,ST003,PRD007,Expired,1,80.0,80.0
WST00002736,20250309,ST003,PRD009,Overproduction,2,95.0,190.0
WST00002737,20250309,ST003,PRD010,Overproduction,1,100.0,100.0
WST00002738,20250309,ST003,PRD012,Overproduction,1,180.0,180.0
WST00002739,20250309,ST003,PRD013,Overproduction,3,160.0,480.0
WST00002740,20250309,ST003,PRD020,Overproduction,1,55.0,55.0
WST00002741,20250309,ST004,PRD001,Overproduction,6,45.0,270.0
WST00002742,20250309,ST004,PRD002,Expired,2,65.0,130.0
WST00002743,20250309,ST004,PRD003,Overproduction,5,70.0,350.0
WST00002744,20250309,ST004,PRD005,Overproduction,8,35.0,280.0
WST00002745,20250309,ST004,PRD009,Overproduction,2,95.0,190.0
WST00002746,20250309,ST004,PRD011,Overproduction,3,140.0,420.0
WST00002747,20250309,ST004,PRD014,Overproduction,4,110.0,440.0
WST00002748,20250309,ST004,PRD015,Overproduction,4,65.0,260.0
WST00002749,20250309,ST004,PRD017,Overproduction,1,110.0,110.0
WST00002750,20250309,ST004,PRD019,Overproduction,5,35.0,175.0
WST00002751,20250309,ST005,PRD014,Overproduction,1,110.0,110.0
WST00002752,20250309,ST005,PRD016,Overproduction,1,95.0,95.0
WST00002753,20250310,ST001,PRD007,Overproduction,7,80.0,560.0
WST00002754,20250310,ST001,PRD010,Overproduction,4,100.0,400.0
WST00002755,20250310,ST001,PRD012,Overproduction,2,180.0,360.0
WST00002756,20250310,ST001,PRD013,Overproduction,2,160.0,320.0
WST00002757,20250310,ST001,PRD014,Overproduction,4,110.0,440.0
WST00002758,20250310,ST001,PRD016,Overproduction,1,95.0,95.0
WST00002759,20250310,ST001,PRD017,Damaged,1,110.0,110.0
WST00002760,20250310,ST001,PRD020,Overproduction,2,55.0,110.0
WST00002761,20250310,ST002,PRD001,Overproduction,4,45.0,180.0
WST00002762,20250310,ST002,PRD005,Overproduction,7,35.0,245.0
WST00002763,20250310,ST002,PRD006,Overproduction,4,70.0,280.0
WST00002764,20250310,ST002,PRD007,Overproduction,5,80.0,400.0
WST00002765,20250310,ST002,PRD008,Overproduction,3,55.0,165.0
WST00002766,20250310,ST002,PRD014,Overproduction,1,110.0,110.0
WST00002767,20250310,ST002,PRD015,Overproduction,3,65.0,195.0
WST00002768,20250310,ST003,PRD002,Overproduction,3,65.0,195.0
WST00002769,20250310,ST003,PRD008,Overproduction,1,55.0,55.0
WST00002770,20250310,ST003,PRD009,Overproduction,1,95.0,95.0
WST00002771,20250310,ST003,PRD010,Expired,1,100.0,100.0
WST00002772,20250310,ST003,PRD011,Overproduction,1,140.0,140.0
WST00002773,20250310,ST003,PRD012,Overproduction,2,180.0,360.0
WST00002774,20250310,ST003,PRD013,Overproduction,2,160.0,320.0
WST00002775,20250310,ST003,PRD014,Overproduction,1,110.0,110.0
WST00002776,20250310,ST003,PRD017,Overproduction,1,110.0,110.0
WST00002777,20250310,ST004,PRD003,Expired,1,70.0,70.0
WST00002778,20250310,ST004,PRD005,Overproduction,5,35.0,175.0
WST00002779,20250310,ST004,PRD013,Overproduction,4,160.0,640.0
WST00002780,20250310,ST004,PRD015,Damaged,1,65.0,65.0
WST00002781,20250310,ST004,PRD019,Overproduction,9,35.0,315.0
WST00002782,20250310,ST005,PRD007,Overproduction,3,80.0,240.0
WST00002783,20250310,ST005,PRD011,Overproduction,1,140.0,140.0
WST00002784,20250310,ST005,PRD013,Overproduction,3,160.0,480.0
WST00002785,20250310,ST005,PRD015,Overproduction,6,65.0,390.0
WST00002786,20250310,ST005,PRD017,Overproduction,1,110.0,110.0
WST00002787,20250311,ST001,PRD007,Overproduction,3,80.0,240.0
WST00002788,20250311,ST001,PRD010,Overproduction,1,100.0,100.0
WST00002789,20250311,ST001,PRD012,Overproduction,5,180.0,900.0
WST00002790,20250311,ST001,PRD013,Overproduction,5,160.0,800.0
WST00002791,20250311,ST001,PRD014,Overproduction,4,110.0,440.0
WST00002792,20250311,ST001,PRD015,Overproduction,5,65.0,325.0
WST00002793,20250311,ST001,PRD016,Overproduction,1,95.0,95.0
WST00002794,20250311,ST001,PRD018,Overproduction,2,60.0,120.0
WST00002795,20250311,ST001,PRD020,Overproduction,5,55.0,275.0
WST00002796,20250311,ST002,PRD003,Overproduction,5,70.0,350.0
WST00002797,20250311,ST002,PRD004,Overproduction,6,80.0,480.0
WST00002798,20250311,ST002,PRD006,Overproduction,2,70.0,140.0
WST00002799,20250311,ST002,PRD007,Overproduction,3,80.0,240.0
WST00002800,20250311,ST002,PRD008,Overproduction,2,55.0,110.0
WST00002801,20250311,ST002,PRD009,Overproduction,5,95.0,475.0
WST00002802,20250311,ST002,PRD012,Overproduction,2,180.0,360.0
WST00002803,20250311,ST002,PRD015,Overproduction,4,65.0,260.0
WST00002804,20250311,ST003,PRD001,Overproduction,6,45.0,270.0
WST00002805,20250311,ST003,PRD002,Overproduction,4,65.0,260.0
WST00002806,20250311,ST003,PRD011,Overproduction,3,140.0,420.0
WST00002807,20250311,ST003,PRD012,Overproduction,1,180.0,180.0
WST00002808,20250311,ST003,PRD014,Overproduction,3,110.0,330.0
WST00002809,20250311,ST003,PRD015,Overproduction,2,65.0,130.0
WST00002810,20250311,ST003,PRD019,Overproduction,1,35.0,35.0
WST00002811,20250311,ST003,PRD020,Overproduction,1,55.0,55.0
WST00002812,20250311,ST004,PRD005,Overproduction,7,35.0,245.0
WST00002813,20250311,ST004,PRD009,Overproduction,2,95.0,190.0
WST00002814,20250311,ST004,PRD011,Overproduction,2,140.0,280.0
WST00002815,20250311,ST004,PRD012,Overproduction,4,180.0,720.0
WST00002816,20250311,ST004,PRD015,Overproduction,4,65.0,260.0
WST00002817,20250311,ST004,PRD016,Overproduction,1,95.0,95.0
WST00002818,20250311,ST005,PRD003,Overproduction,3,70.0,210.0
WST00002819,20250311,ST005,PRD006,Overproduction,7,70.0,490.0
WST00002820,20250311,ST005,PRD007,Overproduction,3,80.0,240.0
WST00002821,20250311,ST005,PRD014,Preparation Error,1,110.0,110.0
WST00002822,20250311,ST005,PRD016,Overproduction,1,95.0,95.0
WST00002823,20250311,ST005,PRD018,Overproduction,4,60.0,240.0
WST00002824,20250311,ST005,PRD020,Overproduction,3,55.0,165.0
WST00002825,20250312,ST001,PRD002,Overproduction,3,65.0,195.0
WST00002826,20250312,ST001,PRD003,Overproduction,3,70.0,210.0
WST00002827,20250312,ST001,PRD004,Overproduction,4,80.0,320.0
WST00002828,20250312,ST001,PRD005,Overproduction,7,35.0,245.0
WST00002829,20250312,ST001,PRD007,Overproduction,4,80.0,320.0
WST00002830,20250312,ST001,PRD008,Overproduction,6,55.0,330.0
WST00002831,20250312,ST001,PRD010,Overproduction,4,100.0,400.0
WST00002832,20250312,ST001,PRD012,Overproduction,6,180.0,1080.0
WST00002833,20250312,ST001,PRD014,Overproduction,5,110.0,550.0
WST00002834,20250312,ST001,PRD015,Overproduction,2,65.0,130.0
WST00002835,20250312,ST001,PRD017,Overproduction,1,110.0,110.0
WST00002836,20250312,ST001,PRD018,Overproduction,2,60.0,120.0
WST00002837,20250312,ST002,PRD002,Overproduction,3,65.0,195.0
WST00002838,20250312,ST002,PRD003,Overproduction,14,70.0,980.0
WST00002839,20250312,ST002,PRD004,Overproduction,12,80.0,960.0
WST00002840,20250312,ST002,PRD009,Overproduction,4,95.0,380.0
WST00002841,20250312,ST002,PRD014,Overproduction,2,110.0,220.0
WST00002842,20250312,ST002,PRD015,Overproduction,3,65.0,195.0
WST00002843,20250312,ST002,PRD017,Overproduction,2,110.0,220.0
WST00002844,20250312,ST002,PRD020,Overproduction,3,55.0,165.0
WST00002845,20250312,ST003,PRD003,Overproduction,3,70.0,210.0
WST00002846,20250312,ST003,PRD007,Overproduction,2,80.0,160.0
WST00002847,20250312,ST003,PRD010,Expired,1,100.0,100.0
WST00002848,20250312,ST003,PRD011,Overproduction,2,140.0,280.0
WST00002849,20250312,ST003,PRD013,Overproduction,3,160.0,480.0
WST00002850,20250312,ST003,PRD014,Overproduction,1,110.0,110.0
WST00002851,20250312,ST003,PRD016,Overproduction,1,95.0,95.0
WST00002852,20250312,ST003,PRD018,Overproduction,2,60.0,120.0
WST00002853,20250312,ST003,PRD019,Overproduction,2,35.0,70.0
WST00002854,20250312,ST004,PRD002,Overproduction,10,65.0,650.0
WST00002855,20250312,ST004,PRD005,Overproduction,7,35.0,245.0
WST00002856,20250312,ST004,PRD007,Overproduction,7,80.0,560.0
WST00002857,20250312,ST004,PRD008,Overproduction,4,55.0,220.0
WST00002858,20250312,ST004,PRD009,Overproduction,5,95.0,475.0
WST00002859,20250312,ST004,PRD010,Overproduction,4,100.0,400.0
WST00002860,20250312,ST004,PRD013,Overproduction,7,160.0,1120.0
WST00002861,20250312,ST004,PRD015,Quality Issue,1,65.0,65.0
WST00002862,20250312,ST004,PRD017,Overproduction,1,110.0,110.0
WST00002863,20250312,ST004,PRD019,Overproduction,3,35.0,105.0
WST00002864,20250312,ST005,PRD002,Overproduction,5,65.0,325.0
WST00002865,20250312,ST005,PRD003,Overproduction,5,70.0,350.0
WST00002866,20250312,ST005,PRD007,Overproduction,8,80.0,640.0
WST00002867,20250312,ST005,PRD009,Overproduction,3,95.0,285.0
WST00002868,20250312,ST005,PRD010,Overproduction,1,100.0,100.0
WST00002869,20250312,ST005,PRD011,Overproduction,2,140.0,280.0
WST00002870,20250312,ST005,PRD014,Overproduction,8,110.0,880.0
WST00002871,20250312,ST005,PRD018,Overproduction,2,60.0,120.0
WST00002872,20250312,ST005,PRD019,Overproduction,1,35.0,35.0
WST00002873,20250313,ST001,PRD007,Overproduction,4,80.0,320.0
WST00002874,20250313,ST001,PRD008,Overproduction,3,55.0,165.0
WST00002875,20250313,ST001,PRD009,Overproduction,8,95.0,760.0
WST00002876,20250313,ST001,PRD010,Overproduction,4,100.0,400.0
WST00002877,20250313,ST001,PRD014,Overproduction,2,110.0,220.0
WST00002878,20250313,ST001,PRD016,Overproduction,2,95.0,190.0
WST00002879,20250313,ST001,PRD017,Overproduction,1,110.0,110.0
WST00002880,20250313,ST001,PRD018,Overproduction,1,60.0,60.0
WST00002881,20250313,ST001,PRD019,Damaged,1,35.0,35.0
WST00002882,20250313,ST002,PRD001,Overproduction,5,45.0,225.0
WST00002883,20250313,ST002,PRD010,Overproduction,2,100.0,200.0
WST00002884,20250313,ST002,PRD012,Overproduction,2,180.0,360.0
WST00002885,20250313,ST002,PRD013,Overproduction,2,160.0,320.0
WST00002886,20250313,ST002,PRD016,Overproduction,4,95.0,380.0
WST00002887,20250313,ST002,PRD020,Overproduction,1,55.0,55.0
WST00002888,20250313,ST003,PRD005,Overproduction,2,35.0,70.0
WST00002889,20250313,ST003,PRD009,Overproduction,1,95.0,95.0
WST00002890,20250313,ST003,PRD015,Overproduction,3,65.0,195.0
WST00002891,20250313,ST003,PRD016,Overproduction,1,95.0,95.0
WST00002892,20250313,ST003,PRD018,Overproduction,2,60.0,120.0
WST00002893,20250313,ST003,PRD019,Overproduction,1,35.0,35.0
WST00002894,20250313,ST004,PRD003,Overproduction,8,70.0,560.0
WST00002895,20250313,ST004,PRD005,Overproduction,6,35.0,210.0
WST00002896,20250313,ST004,PRD007,Expired,1,80.0,80.0
WST00002897,20250313,ST004,PRD009,Overproduction,4,95.0,380.0
WST00002898,20250313,ST004,PRD010,Expired,3,100.0,300.0
WST00002899,20250313,ST004,PRD013,Overproduction,4,160.0,640.0
WST00002900,20250313,ST004,PRD014,Overproduction,5,110.0,550.0
WST00002901,20250313,ST004,PRD018,Overproduction,1,60.0,60.0
WST00002902,20250313,ST005,PRD002,Overproduction,6,65.0,390.0
WST00002903,20250313,ST005,PRD005,Overproduction,5,35.0,175.0
WST00002904,20250313,ST005,PRD006,Expired,3,70.0,210.0
WST00002905,20250313,ST005,PRD011,Preparation Error,1,140.0,140.0
WST00002906,20250313,ST005,PRD013,Overproduction,4,160.0,640.0
WST00002907,20250313,ST005,PRD014,Overproduction,2,110.0,220.0
WST00002908,20250313,ST005,PRD016,Overproduction,3,95.0,285.0
WST00002909,20250313,ST005,PRD017,Overproduction,1,110.0,110.0
WST00002910,20250313,ST005,PRD018,Overproduction,1,60.0,60.0
WST00002911,20250313,ST005,PRD019,Overproduction,2,35.0,70.0
WST00002912,20250313,ST005,PRD020,Overproduction,3,55.0,165.0
WST00002913,20250314,ST001,PRD001,Overproduction,6,45.0,270.0
WST00002914,20250314,ST001,PRD005,Expired,1,35.0,35.0
WST00002915,20250314,ST001,PRD007,Overproduction,4,80.0,320.0
WST00002916,20250314,ST001,PRD010,Overproduction,2,100.0,200.0
WST00002917,20250314,ST001,PRD011,Overproduction,5,140.0,700.0
WST00002918,20250314,ST001,PRD012,Overproduction,3,180.0,540.0
WST00002919,20250314,ST001,PRD018,Overproduction,3,60.0,180.0
WST00002920,20250314,ST001,PRD019,Overproduction,2,35.0,70.0
WST00002921,20250314,ST002,PRD003,Overproduction,3,70.0,210.0
WST00002922,20250314,ST002,PRD004,Overproduction,5,80.0,400.0
WST00002923,20250314,ST002,PRD005,Overproduction,13,35.0,455.0
WST00002924,20250314,ST002,PRD007,Expired,1,80.0,80.0
WST00002925,20250314,ST002,PRD009,Overproduction,2,95.0,190.0
WST00002926,20250314,ST002,PRD012,Overproduction,4,180.0,720.0
WST00002927,20250314,ST002,PRD013,Overproduction,4,160.0,640.0
WST00002928,20250314,ST002,PRD014,Overproduction,2,110.0,220.0
WST00002929,20250314,ST002,PRD015,Overproduction,1,65.0,65.0
WST00002930,20250314,ST002,PRD018,Overproduction,2,60.0,120.0
WST00002931,20250314,ST002,PRD019,Overproduction,2,35.0,70.0
WST00002932,20250314,ST003,PRD001,Overproduction,9,45.0,405.0
WST00002933,20250314,ST003,PRD003,Overproduction,3,70.0,210.0
WST00002934,20250314,ST003,PRD005,Overproduction,3,35.0,105.0
WST00002935,20250314,ST003,PRD009,Overproduction,2,95.0,190.0
WST00002936,20250314,ST003,PRD010,Overproduction,1,100.0,100.0
WST00002937,20250314,ST003,PRD011,Overproduction,2,140.0,280.0
WST00002938,20250314,ST003,PRD012,Overproduction,2,180.0,360.0
WST00002939,20250314,ST003,PRD020,Overproduction,1,55.0,55.0
WST00002940,20250314,ST004,PRD001,Overproduction,8,45.0,360.0
WST00002941,20250314,ST004,PRD002,Overproduction,7,65.0,455.0
WST00002942,20250314,ST004,PRD003,Overproduction,5,70.0,350.0
WST00002943,20250314,ST004,PRD005,Overproduction,10,35.0,350.0
WST00002944,20250314,ST004,PRD006,Expired,2,70.0,140.0
WST00002945,20250314,ST004,PRD008,Overproduction,5,55.0,275.0
WST00002946,20250314,ST004,PRD010,Overproduction,4,100.0,400.0
WST00002947,20250314,ST004,PRD011,Overproduction,2,140.0,280.0
WST00002948,20250314,ST004,PRD014,Overproduction,1,110.0,110.0
WST00002949,20250314,ST004,PRD016,Overproduction,2,95.0,190.0
WST00002950,20250314,ST004,PRD017,Overproduction,3,110.0,330.0
WST00002951,20250314,ST004,PRD019,Overproduction,2,35.0,70.0
WST00002952,20250314,ST005,PRD001,Overproduction,4,45.0,180.0
WST00002953,20250314,ST005,PRD003,Overproduction,4,70.0,280.0
WST00002954,20250314,ST005,PRD007,Overproduction,3,80.0,240.0
WST00002955,20250314,ST005,PRD009,Overproduction,1,95.0,95.0
WST00002956,20250314,ST005,PRD010,Overproduction,2,100.0,200.0
WST00002957,20250314,ST005,PRD014,Overproduction,4,110.0,440.0
WST00002958,20250314,ST005,PRD015,Overproduction,2,65.0,130.0
WST00002959,20250315,ST001,PRD001,Overproduction,4,45.0,180.0
WST00002960,20250315,ST001,PRD003,Overproduction,15,70.0,1050.0
WST00002961,20250315,ST001,PRD004,Overproduction,8,80.0,640.0
WST00002962,20250315,ST001,PRD005,Expired,1,35.0,35.0
WST00002963,20250315,ST001,PRD006,Overproduction,5,70.0,350.0
WST00002964,20250315,ST001,PRD007,Overproduction,9,80.0,720.0
WST00002965,20250315,ST001,PRD009,Overproduction,2,95.0,190.0
WST00002966,20250315,ST001,PRD013,Preparation Error,1,160.0,160.0
WST00002967,20250315,ST002,PRD009,Overproduction,2,95.0,190.0
WST00002968,20250315,ST002,PRD013,Overproduction,3,160.0,480.0
WST00002969,20250315,ST002,PRD014,Overproduction,2,110.0,220.0
WST00002970,20250315,ST002,PRD016,Overproduction,2,95.0,190.0
WST00002971,20250315,ST002,PRD017,Overproduction,2,110.0,220.0
WST00002972,20250315,ST002,PRD020,Preparation Error,1,55.0,55.0
WST00002973,20250315,ST003,PRD002,Expired,1,65.0,65.0
WST00002974,20250315,ST003,PRD004,Overproduction,3,80.0,240.0
WST00002975,20250315,ST003,PRD005,Overproduction,4,35.0,140.0
WST00002976,20250315,ST003,PRD006,Overproduction,2,70.0,140.0
WST00002977,20250315,ST003,PRD013,Overproduction,3,160.0,480.0
WST00002978,20250315,ST003,PRD016,Overproduction,1,95.0,95.0
WST00002979,20250315,ST003,PRD017,Preparation Error,1,110.0,110.0
WST00002980,20250315,ST003,PRD020,Overproduction,3,55.0,165.0
WST00002981,20250315,ST004,PRD003,Overproduction,12,70.0,840.0
WST00002982,20250315,ST004,PRD006,Expired,3,70.0,210.0
WST00002983,20250315,ST004,PRD008,Overproduction,8,55.0,440.0
WST00002984,20250315,ST004,PRD012,Damaged,1,180.0,180.0
WST00002985,20250315,ST004,PRD014,Overproduction,4,110.0,440.0
WST00002986,20250315,ST004,PRD017,Overproduction,1,110.0,110.0
WST00002987,20250315,ST004,PRD018,Overproduction,3,60.0,180.0
WST00002988,20250315,ST004,PRD019,Overproduction,1,35.0,35.0
WST00002989,20250315,ST005,PRD002,Overproduction,6,65.0,390.0
WST00002990,20250315,ST005,PRD003,Overproduction,6,70.0,420.0
WST00002991,20250315,ST005,PRD005,Overproduction,3,35.0,105.0
WST00002992,20250315,ST005,PRD010,Overproduction,1,100.0,100.0
WST00002993,20250315,ST005,PRD011,Overproduction,4,140.0,560.0
WST00002994,20250315,ST005,PRD017,Overproduction,1,110.0,110.0
WST00002995,20250315,ST005,PRD018,Overproduction,3,60.0,180.0
WST00002996,20250315,ST005,PRD020,Overproduction,2,55.0,110.0
WST00002997,20250316,ST001,PRD003,Overproduction,7,70.0,490.0
WST00002998,20250316,ST001,PRD006,Overproduction,3,70.0,210.0
WST00002999,20250316,ST001,PRD009,Overproduction,2,95.0,190.0
WST00003000,20250316,ST001,PRD013,Overproduction,6,160.0,960.0
WST00003001,20250316,ST001,PRD014,Overproduction,3,110.0,330.0
WST00003002,20250316,ST001,PRD017,Overproduction,1,110.0,110.0
WST00003003,20250316,ST002,PRD006,Overproduction,5,70.0,350.0
WST00003004,20250316,ST002,PRD007,Overproduction,2,80.0,160.0
WST00003005,20250316,ST002,PRD011,Overproduction,2,140.0,280.0
WST00003006,20250316,ST002,PRD014,Overproduction,2,110.0,220.0
WST00003007,20250316,ST002,PRD015,Overproduction,3,65.0,195.0
WST00003008,20250316,ST002,PRD017,Damaged,1,110.0,110.0
WST00003009,20250316,ST003,PRD002,Overproduction,6,65.0,390.0
WST00003010,20250316,ST003,PRD004,Overproduction,4,80.0,320.0
WST00003011,20250316,ST003,PRD005,Expired,2,35.0,70.0
WST00003012,20250316,ST003,PRD013,Overproduction,2,160.0,320.0
WST00003013,20250316,ST003,PRD014,Overproduction,2,110.0,220.0
WST00003014,20250316,ST003,PRD015,Overproduction,1,65.0,65.0
WST00003015,20250316,ST003,PRD016,Overproduction,1,95.0,95.0
WST00003016,20250316,ST003,PRD017,Overproduction,2,110.0,220.0
WST00003017,20250316,ST003,PRD019,Overproduction,2,35.0,70.0
WST00003018,20250316,ST003,PRD020,Overproduction,2,55.0,110.0
WST00003019,20250316,ST004,PRD002,Overproduction,9,65.0,585.0
WST00003020,20250316,ST004,PRD008,Overproduction,6,55.0,330.0
WST00003021,20250316,ST004,PRD009,Overproduction,8,95.0,760.0
WST00003022,20250316,ST004,PRD011,Overproduction,2,140.0,280.0
WST00003023,20250316,ST004,PRD012,Overproduction,2,180.0,360.0
WST00003024,20250316,ST004,PRD015,Overproduction,3,65.0,195.0
WST00003025,20250316,ST004,PRD017,Overproduction,3,110.0,330.0
WST00003026,20250316,ST004,PRD018,Overproduction,3,60.0,180.0
WST00003027,20250316,ST004,PRD019,Overproduction,3,35.0,105.0
WST00003028,20250316,ST004,PRD020,Overproduction,5,55.0,275.0
WST00003029,20250316,ST005,PRD001,Overproduction,4,45.0,180.0
WST00003030,20250316,ST005,PRD006,Expired,2,70.0,140.0
WST00003031,20250316,ST005,PRD007,Overproduction,7,80.0,560.0
WST00003032,20250316,ST005,PRD009,Overproduction,5,95.0,475.0
WST00003033,20250316,ST005,PRD010,Overproduction,2,100.0,200.0
WST00003034,20250316,ST005,PRD011,Overproduction,4,140.0,560.0
WST00003035,20250316,ST005,PRD013,Overproduction,1,160.0,160.0
WST00003036,20250316,ST005,PRD014,Overproduction,2,110.0,220.0
WST00003037,20250316,ST005,PRD019,Overproduction,2,35.0,70.0
WST00003038,20250317,ST001,PRD001,Overproduction,5,45.0,225.0
WST00003039,20250317,ST001,PRD003,Expired,1,70.0,70.0
WST00003040,20250317,ST001,PRD004,Overproduction,7,80.0,560.0
WST00003041,20250317,ST001,PRD005,Overproduction,3,35.0,105.0
WST00003042,20250317,ST001,PRD006,Overproduction,3,70.0,210.0
WST00003043,20250317,ST001,PRD010,Overproduction,2,100.0,200.0
WST00003044,20250317,ST001,PRD011,Overproduction,5,140.0,700.0
WST00003045,20250317,ST001,PRD013,Overproduction,6,160.0,960.0
WST00003046,20250317,ST001,PRD015,Damaged,1,65.0,65.0
WST00003047,20250317,ST001,PRD016,Preparation Error,1,95.0,95.0
WST00003048,20250317,ST001,PRD017,Overproduction,1,110.0,110.0
WST00003049,20250317,ST001,PRD019,Overproduction,4,35.0,140.0
WST00003050,20250317,ST002,PRD002,Overproduction,6,65.0,390.0
WST00003051,20250317,ST002,PRD003,Overproduction,4,70.0,280.0
WST00003052,20250317,ST002,PRD006,Overproduction,1,70.0,70.0
WST00003053,20250317,ST002,PRD008,Overproduction,4,55.0,220.0
WST00003054,20250317,ST002,PRD010,Overproduction,2,100.0,200.0
WST00003055,20250317,ST002,PRD014,Overproduction,5,110.0,550.0
WST00003056,20250317,ST002,PRD015,Overproduction,3,65.0,195.0
WST00003057,20250317,ST002,PRD016,Overproduction,2,95.0,190.0
WST00003058,20250317,ST002,PRD019,Overproduction,2,35.0,70.0
WST00003059,20250317,ST003,PRD003,Expired,1,70.0,70.0
WST00003060,20250317,ST003,PRD009,Overproduction,1,95.0,95.0
WST00003061,20250317,ST003,PRD013,Overproduction,2,160.0,320.0
WST00003062,20250317,ST003,PRD015,Overproduction,3,65.0,195.0
WST00003063,20250317,ST003,PRD019,Overproduction,1,35.0,35.0
WST00003064,20250317,ST003,PRD020,Overproduction,6,55.0,330.0
WST00003065,20250317,ST004,PRD001,Overproduction,5,45.0,225.0
WST00003066,20250317,ST004,PRD004,Expired,2,80.0,160.0
WST00003067,20250317,ST004,PRD005,Overproduction,8,35.0,280.0
WST00003068,20250317,ST004,PRD011,Overproduction,3,140.0,420.0
WST00003069,20250317,ST004,PRD013,Overproduction,5,160.0,800.0
WST00003070,20250317,ST004,PRD017,Overproduction,3,110.0,330.0
WST00003071,20250317,ST004,PRD019,Overproduction,3,35.0,105.0
WST00003072,20250317,ST005,PRD001,Overproduction,6,45.0,270.0
WST00003073,20250317,ST005,PRD004,Expired,1,80.0,80.0
WST00003074,20250317,ST005,PRD005,Overproduction,2,35.0,70.0
WST00003075,20250317,ST005,PRD009,Overproduction,2,95.0,190.0
WST00003076,20250317,ST005,PRD011,Overproduction,2,140.0,280.0
WST00003077,20250317,ST005,PRD012,Overproduction,2,180.0,360.0
WST00003078,20250317,ST005,PRD015,Overproduction,2,65.0,130.0
WST00003079,20250317,ST005,PRD016,Overproduction,2,95.0,190.0
WST00003080,20250317,ST005,PRD019,Overproduction,2,35.0,70.0
WST00003081,20250318,ST001,PRD002,Expired,1,65.0,65.0
WST00003082,20250318,ST001,PRD004,Overproduction,7,80.0,560.0
WST00003083,20250318,ST001,PRD005,Overproduction,12,35.0,420.0
WST00003084,20250318,ST001,PRD009,Overproduction,2,95.0,190.0
WST00003085,20250318,ST001,PRD010,Overproduction,4,100.0,400.0
WST00003086,20250318,ST001,PRD011,Overproduction,4,140.0,560.0
WST00003087,20250318,ST001,PRD012,Overproduction,3,180.0,540.0
WST00003088,20250318,ST001,PRD016,Overproduction,1,95.0,95.0
WST00003089,20250318,ST001,PRD017,Overproduction,1,110.0,110.0
WST00003090,20250318,ST002,PRD002,Overproduction,7,65.0,455.0
WST00003091,20250318,ST002,PRD005,Overproduction,5,35.0,175.0
WST00003092,20250318,ST002,PRD008,Overproduction,2,55.0,110.0
WST00003093,20250318,ST002,PRD012,Overproduction,1,180.0,180.0
WST00003094,20250318,ST002,PRD019,Overproduction,2,35.0,70.0
WST00003095,20250318,ST002,PRD020,Overproduction,3,55.0,165.0
WST00003096,20250318,ST003,PRD001,Expired,1,45.0,45.0
WST00003097,20250318,ST003,PRD009,Overproduction,3,95.0,285.0
WST00003098,20250318,ST003,PRD010,Expired,1,100.0,100.0
WST00003099,20250318,ST003,PRD014,Damaged,1,110.0,110.0
WST00003100,20250318,ST003,PRD016,Overproduction,2,95.0,190.0
WST00003101,20250318,ST003,PRD018,Overproduction,1,60.0,60.0
WST00003102,20250318,ST004,PRD001,Overproduction,5,45.0,225.0
WST00003103,20250318,ST004,PRD003,Overproduction,9,70.0,630.0
WST00003104,20250318,ST004,PRD004,Expired,4,80.0,320.0
WST00003105,20250318,ST004,PRD005,Overproduction,5,35.0,175.0
WST00003106,20250318,ST004,PRD006,Expired,4,70.0,280.0
WST00003107,20250318,ST004,PRD008,Overproduction,10,55.0,550.0
WST00003108,20250318,ST004,PRD010,Overproduction,4,100.0,400.0
WST00003109,20250318,ST004,PRD011,Overproduction,3,140.0,420.0
WST00003110,20250318,ST004,PRD017,Overproduction,2,110.0,220.0
WST00003111,20250318,ST005,PRD003,Overproduction,3,70.0,210.0
WST00003112,20250318,ST005,PRD004,Overproduction,6,80.0,480.0
WST00003113,20250318,ST005,PRD006,Overproduction,5,70.0,350.0
WST00003114,20250318,ST005,PRD007,Overproduction,6,80.0,480.0
WST00003115,20250318,ST005,PRD010,Overproduction,1,100.0,100.0
WST00003116,20250318,ST005,PRD011,Overproduction,1,140.0,140.0
WST00003117,20250318,ST005,PRD012,Overproduction,1,180.0,180.0
WST00003118,20250318,ST005,PRD013,Overproduction,6,160.0,960.0
WST00003119,20250318,ST005,PRD014,Overproduction,2,110.0,220.0
WST00003120,20250318,ST005,PRD015,Overproduction,3,65.0,195.0
WST00003121,20250318,ST005,PRD017,Overproduction,2,110.0,220.0
WST00003122,20250318,ST005,PRD019,Overproduction,1,35.0,35.0
WST00003123,20250318,ST005,PRD020,Overproduction,1,55.0,55.0
WST00003124,20250319,ST001,PRD003,Overproduction,7,70.0,490.0
WST00003125,20250319,ST001,PRD005,Expired,3,35.0,105.0
WST00003126,20250319,ST001,PRD006,Expired,2,70.0,140.0
WST00003127,20250319,ST001,PRD010,Overproduction,2,100.0,200.0
WST00003128,20250319,ST001,PRD013,Overproduction,5,160.0,800.0
WST00003129,20250319,ST001,PRD015,Overproduction,2,65.0,130.0
WST00003130,20250319,ST001,PRD019,Overproduction,3,35.0,105.0
WST00003131,20250319,ST001,PRD020,Overproduction,2,55.0,110.0
WST00003132,20250319,ST002,PRD001,Expired,2,45.0,90.0
WST00003133,20250319,ST002,PRD002,Expired,1,65.0,65.0
WST00003134,20250319,ST002,PRD006,Overproduction,4,70.0,280.0
WST00003135,20250319,ST002,PRD010,Overproduction,2,100.0,200.0
WST00003136,20250319,ST002,PRD013,Damaged,1,160.0,160.0
WST00003137,20250319,ST002,PRD014,Preparation Error,1,110.0,110.0
WST00003138,20250319,ST002,PRD016,Overproduction,1,95.0,95.0
WST00003139,20250319,ST002,PRD019,Overproduction,1,35.0,35.0
WST00003140,20250319,ST003,PRD005,Expired,1,35.0,35.0
WST00003141,20250319,ST003,PRD006,Expired,1,70.0,70.0
WST00003142,20250319,ST003,PRD007,Overproduction,2,80.0,160.0
WST00003143,20250319,ST003,PRD009,Overproduction,2,95.0,190.0
WST00003144,20250319,ST003,PRD013,Overproduction,3,160.0,480.0
WST00003145,20250319,ST003,PRD014,Overproduction,1,110.0,110.0
WST00003146,20250319,ST003,PRD016,Overproduction,1,95.0,95.0
WST00003147,20250319,ST003,PRD020,Overproduction,1,55.0,55.0
WST00003148,20250319,ST004,PRD001,Overproduction,10,45.0,450.0
WST00003149,20250319,ST004,PRD002,Overproduction,6,65.0,390.0
WST00003150,20250319,ST004,PRD003,Overproduction,2,70.0,140.0
WST00003151,20250319,ST004,PRD006,Expired,4,70.0,280.0
WST00003152,20250319,ST004,PRD010,Overproduction,2,100.0,200.0
WST00003153,20250319,ST004,PRD012,Overproduction,9,180.0,1620.0
WST00003154,20250319,ST004,PRD015,Overproduction,2,65.0,130.0
WST00003155,20250319,ST004,PRD018,Overproduction,1,60.0,60.0
WST00003156,20250319,ST004,PRD020,Overproduction,3,55.0,165.0
WST00003157,20250319,ST005,PRD003,Expired,3,70.0,210.0
WST00003158,20250319,ST005,PRD015,Overproduction,5,65.0,325.0
WST00003159,20250319,ST005,PRD019,Overproduction,4,35.0,140.0
WST00003160,20250320,ST001,PRD001,Expired,3,45.0,135.0
WST00003161,20250320,ST001,PRD003,Overproduction,6,70.0,420.0
WST00003162,20250320,ST001,PRD005,Expired,2,35.0,70.0
WST00003163,20250320,ST001,PRD009,Overproduction,2,95.0,190.0
WST00003164,20250320,ST001,PRD010,Overproduction,5,100.0,500.0
WST00003165,20250320,ST001,PRD011,Overproduction,5,140.0,700.0
WST00003166,20250320,ST001,PRD012,Overproduction,4,180.0,720.0
WST00003167,20250320,ST001,PRD015,Overproduction,2,65.0,130.0
WST00003168,20250320,ST001,PRD016,Overproduction,5,95.0,475.0
WST00003169,20250320,ST001,PRD017,Overproduction,2,110.0,220.0
WST00003170,20250320,ST002,PRD001,Overproduction,3,45.0,135.0
WST00003171,20250320,ST002,PRD003,Overproduction,3,70.0,210.0
WST00003172,20250320,ST002,PRD006,Overproduction,3,70.0,210.0
WST00003173,20250320,ST002,PRD007,Overproduction,5,80.0,400.0
WST00003174,20250320,ST002,PRD008,Overproduction,3,55.0,165.0
WST00003175,20250320,ST002,PRD009,Overproduction,3,95.0,285.0
WST00003176,20250320,ST002,PRD011,Overproduction,2,140.0,280.0
WST00003177,20250320,ST002,PRD012,Overproduction,2,180.0,360.0
WST00003178,20250320,ST002,PRD014,Overproduction,2,110.0,220.0
WST00003179,20250320,ST002,PRD018,Overproduction,2,60.0,120.0
WST00003180,20250320,ST003,PRD001,Overproduction,4,45.0,180.0
WST00003181,20250320,ST003,PRD002,Overproduction,2,65.0,130.0
WST00003182,20250320,ST003,PRD003,Overproduction,2,70.0,140.0
WST00003183,20250320,ST003,PRD006,Overproduction,3,70.0,210.0
WST00003184,20250320,ST003,PRD007,Overproduction,2,80.0,160.0
WST00003185,20250320,ST003,PRD009,Overproduction,2,95.0,190.0
WST00003186,20250320,ST003,PRD010,Overproduction,1,100.0,100.0
WST00003187,20250320,ST003,PRD011,Overproduction,3,140.0,420.0
WST00003188,20250320,ST003,PRD015,Overproduction,1,65.0,65.0
WST00003189,20250320,ST003,PRD016,Damaged,1,95.0,95.0
WST00003190,20250320,ST003,PRD019,Overproduction,2,35.0,70.0
WST00003191,20250320,ST003,PRD020,Overproduction,1,55.0,55.0
WST00003192,20250320,ST004,PRD002,Overproduction,10,65.0,650.0
WST00003193,20250320,ST004,PRD003,Overproduction,4,70.0,280.0
WST00003194,20250320,ST004,PRD004,Expired,2,80.0,160.0
WST00003195,20250320,ST004,PRD007,Overproduction,5,80.0,400.0
WST00003196,20250320,ST004,PRD008,Expired,3,55.0,165.0
WST00003197,20250320,ST004,PRD010,Overproduction,5,100.0,500.0
WST00003198,20250320,ST004,PRD011,Quality Issue,1,140.0,140.0
WST00003199,20250320,ST004,PRD019,Overproduction,2,35.0,70.0
WST00003200,20250320,ST005,PRD003,Overproduction,3,70.0,210.0
WST00003201,20250320,ST005,PRD011,Overproduction,4,140.0,560.0
WST00003202,20250320,ST005,PRD012,Overproduction,2,180.0,360.0
WST00003203,20250320,ST005,PRD018,Overproduction,3,60.0,180.0
WST00003204,20250320,ST005,PRD020,Overproduction,3,55.0,165.0
WST00003205,20250321,ST001,PRD002,Overproduction,5,65.0,325.0
WST00003206,20250321,ST001,PRD005,Overproduction,6,35.0,210.0
WST00003207,20250321,ST001,PRD010,Overproduction,5,100.0,500.0
WST00003208,20250321,ST001,PRD012,Overproduction,3,180.0,540.0
WST00003209,20250321,ST001,PRD015,Overproduction,3,65.0,195.0
WST00003210,20250321,ST001,PRD017,Overproduction,2,110.0,220.0
WST00003211,20250321,ST002,PRD001,Overproduction,4,45.0,180.0
WST00003212,20250321,ST002,PRD003,Overproduction,6,70.0,420.0
WST00003213,20250321,ST002,PRD005,Overproduction,4,35.0,140.0
WST00003214,20250321,ST002,PRD010,Overproduction,3,100.0,300.0
WST00003215,20250321,ST002,PRD011,Overproduction,1,140.0,140.0
WST00003216,20250321,ST002,PRD014,Overproduction,3,110.0,330.0
WST00003217,20250321,ST002,PRD016,Overproduction,1,95.0,95.0
WST00003218,20250321,ST002,PRD017,Damaged,1,110.0,110.0
WST00003219,20250321,ST002,PRD018,Overproduction,1,60.0,60.0
WST00003220,20250321,ST002,PRD020,Overproduction,2,55.0,110.0
WST00003221,20250321,ST003,PRD002,Overproduction,3,65.0,195.0
WST00003222,20250321,ST003,PRD006,Overproduction,3,70.0,210.0
WST00003223,20250321,ST003,PRD012,Overproduction,1,180.0,180.0
WST00003224,20250321,ST003,PRD015,Overproduction,2,65.0,130.0
WST00003225,20250321,ST003,PRD017,Overproduction,1,110.0,110.0
WST00003226,20250321,ST003,PRD020,Overproduction,1,55.0,55.0
WST00003227,20250321,ST004,PRD003,Overproduction,12,70.0,840.0
WST00003228,20250321,ST004,PRD019,Overproduction,2,35.0,70.0
WST00003229,20250321,ST005,PRD001,Overproduction,4,45.0,180.0
WST00003230,20250321,ST005,PRD005,Expired,1,35.0,35.0
WST00003231,20250321,ST005,PRD006,Overproduction,5,70.0,350.0
WST00003232,20250321,ST005,PRD008,Overproduction,4,55.0,220.0
WST00003233,20250321,ST005,PRD011,Overproduction,3,140.0,420.0
WST00003234,20250321,ST005,PRD015,Overproduction,2,65.0,130.0
WST00003235,20250321,ST005,PRD016,Overproduction,1,95.0,95.0
WST00003236,20250321,ST005,PRD018,Overproduction,1,60.0,60.0
WST00003237,20250322,ST001,PRD001,Overproduction,6,45.0,270.0
WST00003238,20250322,ST001,PRD002,Expired,2,65.0,130.0
WST00003239,20250322,ST001,PRD004,Overproduction,7,80.0,560.0
WST00003240,20250322,ST001,PRD005,Overproduction,7,35.0,245.0
WST00003241,20250322,ST001,PRD006,Overproduction,7,70.0,490.0
WST00003242,20250322,ST001,PRD007,Overproduction,7,80.0,560.0
WST00003243,20250322,ST001,PRD008,Overproduction,6,55.0,330.0
WST00003244,20250322,ST001,PRD010,Overproduction,2,100.0,200.0
WST00003245,20250322,ST001,PRD019,Overproduction,5,35.0,175.0
WST00003246,20250322,ST001,PRD020,Overproduction,1,55.0,55.0
WST00003247,20250322,ST002,PRD001,Overproduction,15,45.0,675.0
WST00003248,20250322,ST002,PRD003,Overproduction,3,70.0,210.0
WST00003249,20250322,ST002,PRD005,Overproduction,7,35.0,245.0
WST00003250,20250322,ST002,PRD013,Overproduction,5,160.0,800.0
WST00003251,20250322,ST002,PRD014,Overproduction,9,110.0,990.0
WST00003252,20250322,ST002,PRD016,Overproduction,1,95.0,95.0
WST00003253,20250322,ST002,PRD017,Overproduction,2,110.0,220.0
WST00003254,20250322,ST002,PRD018,Overproduction,1,60.0,60.0
WST00003255,20250322,ST002,PRD020,Overproduction,4,55.0,220.0
WST00003256,20250322,ST003,PRD001,Overproduction,3,45.0,135.0
WST00003257,20250322,ST003,PRD002,Overproduction,3,65.0,195.0
WST00003258,20250322,ST003,PRD003,Overproduction,9,70.0,630.0
WST00003259,20250322,ST003,PRD004,Overproduction,5,80.0,400.0
WST00003260,20250322,ST003,PRD005,Overproduction,5,35.0,175.0
WST00003261,20250322,ST003,PRD006,Overproduction,2,70.0,140.0
WST00003262,20250322,ST003,PRD010,Overproduction,3,100.0,300.0
WST00003263,20250322,ST003,PRD015,Damaged,1,65.0,65.0
WST00003264,20250322,ST003,PRD017,Overproduction,2,110.0,220.0
WST00003265,20250322,ST004,PRD001,Overproduction,14,45.0,630.0
WST00003266,20250322,ST004,PRD002,Expired,6,65.0,390.0
WST00003267,20250322,ST004,PRD004,Overproduction,6,80.0,480.0
WST00003268,20250322,ST004,PRD006,Overproduction,3,70.0,210.0
WST00003269,20250322,ST004,PRD007,Overproduction,7,80.0,560.0
WST00003270,20250322,ST004,PRD011,Overproduction,4,140.0,560.0
WST00003271,20250322,ST004,PRD013,Overproduction,6,160.0,960.0
WST00003272,20250322,ST004,PRD015,Overproduction,5,65.0,325.0
WST00003273,20250322,ST004,PRD018,Overproduction,5,60.0,300.0
WST00003274,20250322,ST004,PRD019,Overproduction,3,35.0,105.0
WST00003275,20250322,ST005,PRD001,Overproduction,3,45.0,135.0
WST00003276,20250322,ST005,PRD002,Overproduction,12,65.0,780.0
WST00003277,20250322,ST005,PRD010,Overproduction,1,100.0,100.0
WST00003278,20250322,ST005,PRD011,Overproduction,3,140.0,420.0
WST00003279,20250322,ST005,PRD012,Damaged,1,180.0,180.0
WST00003280,20250322,ST005,PRD014,Overproduction,2,110.0,220.0
WST00003281,20250322,ST005,PRD017,Overproduction,3,110.0,330.0
WST00003282,20250322,ST005,PRD019,Overproduction,4,35.0,140.0
WST00003283,20250322,ST005,PRD020,Overproduction,3,55.0,165.0
WST00003284,20250323,ST001,PRD002,Expired,1,65.0,65.0
WST00003285,20250323,ST001,PRD004,Overproduction,6,80.0,480.0
WST00003286,20250323,ST001,PRD005,Overproduction,11,35.0,385.0
WST00003287,20250323,ST001,PRD006,Expired,1,70.0,70.0
WST00003288,20250323,ST001,PRD007,Overproduction,2,80.0,160.0
WST00003289,20250323,ST001,PRD008,Overproduction,9,55.0,495.0
WST00003290,20250323,ST001,PRD009,Expired,2,95.0,190.0
WST00003291,20250323,ST001,PRD011,Overproduction,5,140.0,700.0
WST00003292,20250323,ST001,PRD012,Overproduction,3,180.0,540.0
WST00003293,20250323,ST001,PRD015,Damaged,1,65.0,65.0
WST00003294,20250323,ST002,PRD002,Expired,1,65.0,65.0
WST00003295,20250323,ST002,PRD005,Overproduction,11,35.0,385.0
WST00003296,20250323,ST002,PRD008,Overproduction,4,55.0,220.0
WST00003297,20250323,ST002,PRD009,Overproduction,2,95.0,190.0
WST00003298,20250323,ST002,PRD010,Overproduction,1,100.0,100.0
WST00003299,20250323,ST002,PRD011,Quality Issue,1,140.0,140.0
WST00003300,20250323,ST002,PRD013,Overproduction,5,160.0,800.0
WST00003301,20250323,ST002,PRD014,Overproduction,4,110.0,440.0
WST00003302,20250323,ST002,PRD015,Overproduction,4,65.0,260.0
WST00003303,20250323,ST002,PRD016,Overproduction,1,95.0,95.0
WST00003304,20250323,ST002,PRD017,Overproduction,2,110.0,220.0
WST00003305,20250323,ST002,PRD018,Overproduction,2,60.0,120.0
WST00003306,20250323,ST003,PRD007,Overproduction,7,80.0,560.0
WST00003307,20250323,ST003,PRD010,Overproduction,1,100.0,100.0
WST00003308,20250323,ST003,PRD014,Overproduction,1,110.0,110.0
WST00003309,20250323,ST003,PRD015,Overproduction,2,65.0,130.0
WST00003310,20250323,ST004,PRD004,Expired,2,80.0,160.0
WST00003311,20250323,ST004,PRD007,Overproduction,4,80.0,320.0
WST00003312,20250323,ST004,PRD008,Expired,4,55.0,220.0
WST00003313,20250323,ST004,PRD010,Overproduction,3,100.0,300.0
WST00003314,20250323,ST004,PRD015,Overproduction,3,65.0,195.0
WST00003315,20250323,ST005,PRD001,Overproduction,12,45.0,540.0
WST00003316,20250323,ST005,PRD002,Overproduction,3,65.0,195.0
WST00003317,20250323,ST005,PRD007,Overproduction,6,80.0,480.0
WST00003318,20250323,ST005,PRD010,Overproduction,4,100.0,400.0
WST00003319,20250323,ST005,PRD012,Overproduction,3,180.0,540.0
WST00003320,20250323,ST005,PRD013,Damaged,1,160.0,160.0
WST00003321,20250323,ST005,PRD017,Overproduction,1,110.0,110.0
WST00003322,20250323,ST005,PRD018,Overproduction,4,60.0,240.0
WST00003323,20250324,ST001,PRD001,Overproduction,5,45.0,225.0
WST00003324,20250324,ST001,PRD004,Overproduction,4,80.0,320.0
WST00003325,20250324,ST001,PRD007,Overproduction,4,80.0,320.0
WST00003326,20250324,ST001,PRD009,Overproduction,3,95.0,285.0
WST00003327,20250324,ST001,PRD010,Overproduction,1,100.0,100.0
WST00003328,20250324,ST001,PRD013,Overproduction,3,160.0,480.0
WST00003329,20250324,ST001,PRD020,Overproduction,6,55.0,330.0
WST00003330,20250324,ST002,PRD004,Overproduction,2,80.0,160.0
WST00003331,20250324,ST002,PRD005,Overproduction,4,35.0,140.0
WST00003332,20250324,ST002,PRD006,Overproduction,2,70.0,140.0
WST00003333,20250324,ST002,PRD008,Expired,1,55.0,55.0
WST00003334,20250324,ST002,PRD015,Overproduction,2,65.0,130.0
WST00003335,20250324,ST002,PRD016,Overproduction,2,95.0,190.0
WST00003336,20250324,ST002,PRD017,Overproduction,2,110.0,220.0
WST00003337,20250324,ST002,PRD019,Overproduction,4,35.0,140.0
WST00003338,20250324,ST003,PRD001,Overproduction,4,45.0,180.0
WST00003339,20250324,ST003,PRD003,Overproduction,3,70.0,210.0
WST00003340,20250324,ST003,PRD006,Overproduction,4,70.0,280.0
WST00003341,20250324,ST003,PRD008,Overproduction,1,55.0,55.0
WST00003342,20250324,ST003,PRD012,Overproduction,3,180.0,540.0
WST00003343,20250324,ST003,PRD013,Overproduction,2,160.0,320.0
WST00003344,20250324,ST003,PRD017,Overproduction,2,110.0,220.0
WST00003345,20250324,ST003,PRD018,Overproduction,1,60.0,60.0
WST00003346,20250324,ST004,PRD002,Overproduction,5,65.0,325.0
WST00003347,20250324,ST004,PRD004,Overproduction,13,80.0,1040.0
WST00003348,20250324,ST004,PRD011,Overproduction,6,140.0,840.0
WST00003349,20250324,ST004,PRD012,Overproduction,4,180.0,720.0
WST00003350,20250324,ST004,PRD016,Overproduction,3,95.0,285.0
WST00003351,20250324,ST004,PRD017,Overproduction,2,110.0,220.0
WST00003352,20250324,ST004,PRD020,Overproduction,2,55.0,110.0
WST00003353,20250324,ST005,PRD007,Overproduction,2,80.0,160.0
WST00003354,20250324,ST005,PRD008,Expired,3,55.0,165.0
WST00003355,20250324,ST005,PRD010,Overproduction,3,100.0,300.0
WST00003356,20250324,ST005,PRD013,Preparation Error,1,160.0,160.0
WST00003357,20250324,ST005,PRD014,Overproduction,6,110.0,660.0
WST00003358,20250324,ST005,PRD015,Overproduction,3,65.0,195.0
WST00003359,20250324,ST005,PRD017,Overproduction,2,110.0,220.0
WST00003360,20250324,ST005,PRD018,Overproduction,2,60.0,120.0
WST00003361,20250324,ST005,PRD019,Quality Issue,1,35.0,35.0
WST00003362,20250324,ST005,PRD020,Overproduction,2,55.0,110.0
WST00003363,20250325,ST001,PRD003,Expired,1,70.0,70.0
WST00003364,20250325,ST001,PRD008,Overproduction,4,55.0,220.0
WST00003365,20250325,ST001,PRD009,Overproduction,4,95.0,380.0
WST00003366,20250325,ST001,PRD015,Overproduction,5,65.0,325.0
WST00003367,20250325,ST001,PRD019,Overproduction,1,35.0,35.0
WST00003368,20250325,ST002,PRD001,Expired,2,45.0,90.0
WST00003369,20250325,ST002,PRD002,Overproduction,4,65.0,260.0
WST00003370,20250325,ST002,PRD003,Expired,2,70.0,140.0
WST00003371,20250325,ST002,PRD007,Expired,1,80.0,80.0
WST00003372,20250325,ST002,PRD008,Overproduction,5,55.0,275.0
WST00003373,20250325,ST002,PRD009,Expired,2,95.0,190.0
WST00003374,20250325,ST002,PRD011,Overproduction,1,140.0,140.0
WST00003375,20250325,ST002,PRD012,Overproduction,3,180.0,540.0
WST00003376,20250325,ST002,PRD015,Overproduction,2,65.0,130.0
WST00003377,20250325,ST002,PRD017,Overproduction,1,110.0,110.0
WST00003378,20250325,ST002,PRD019,Overproduction,2,35.0,70.0
WST00003379,20250325,ST003,PRD001,Overproduction,3,45.0,135.0
WST00003380,20250325,ST003,PRD002,Overproduction,3,65.0,195.0
WST00003381,20250325,ST003,PRD004,Overproduction,6,80.0,480.0
WST00003382,20250325,ST003,PRD005,Expired,1,35.0,35.0
WST00003383,20250325,ST003,PRD007,Overproduction,1,80.0,80.0
WST00003384,20250325,ST003,PRD009,Overproduction,1,95.0,95.0
WST00003385,20250325,ST003,PRD012,Quality Issue,1,180.0,180.0
WST00003386,20250325,ST003,PRD014,Overproduction,2,110.0,220.0
WST00003387,20250325,ST003,PRD018,Overproduction,1,60.0,60.0
WST00003388,20250325,ST004,PRD003,Overproduction,7,70.0,490.0
WST00003389,20250325,ST004,PRD004,Overproduction,6,80.0,480.0
WST00003390,20250325,ST004,PRD006,Overproduction,9,70.0,630.0
WST00003391,20250325,ST004,PRD008,Overproduction,3,55.0,165.0
WST00003392,20250325,ST004,PRD013,Overproduction,3,160.0,480.0
WST00003393,20250325,ST004,PRD015,Overproduction,3,65.0,195.0
WST00003394,20250325,ST004,PRD017,Overproduction,2,110.0,220.0
WST00003395,20250325,ST004,PRD019,Overproduction,2,35.0,70.0
WST00003396,20250325,ST005,PRD004,Overproduction,4,80.0,320.0
WST00003397,20250325,ST005,PRD007,Overproduction,4,80.0,320.0
WST00003398,20250325,ST005,PRD009,Overproduction,2,95.0,190.0
WST00003399,20250325,ST005,PRD011,Overproduction,3,140.0,420.0
WST00003400,20250325,ST005,PRD012,Overproduction,2,180.0,360.0
WST00003401,20250325,ST005,PRD013,Overproduction,5,160.0,800.0
WST00003402,20250325,ST005,PRD016,Overproduction,2,95.0,190.0
WST00003403,20250326,ST001,PRD003,Expired,1,70.0,70.0
WST00003404,20250326,ST001,PRD005,Overproduction,15,35.0,525.0
WST00003405,20250326,ST001,PRD010,Overproduction,2,100.0,200.0
WST00003406,20250326,ST001,PRD013,Overproduction,2,160.0,320.0
WST00003407,20250326,ST001,PRD014,Overproduction,3,110.0,330.0
WST00003408,20250326,ST001,PRD015,Overproduction,2,65.0,130.0
WST00003409,20250326,ST001,PRD016,Overproduction,2,95.0,190.0
WST00003410,20250326,ST001,PRD017,Overproduction,1,110.0,110.0
WST00003411,20250326,ST001,PRD018,Overproduction,1,60.0,60.0
WST00003412,20250326,ST001,PRD020,Overproduction,2,55.0,110.0
WST00003413,20250326,ST002,PRD002,Expired,3,65.0,195.0
WST00003414,20250326,ST002,PRD008,Overproduction,5,55.0,275.0
WST00003415,20250326,ST002,PRD009,Overproduction,1,95.0,95.0
WST00003416,20250326,ST002,PRD014,Overproduction,1,110.0,110.0
WST00003417,20250326,ST002,PRD017,Overproduction,1,110.0,110.0
WST00003418,20250326,ST002,PRD018,Overproduction,3,60.0,180.0
WST00003419,20250326,ST002,PRD019,Overproduction,2,35.0,70.0
WST00003420,20250326,ST003,PRD001,Overproduction,3,45.0,135.0
WST00003421,20250326,ST003,PRD003,Expired,1,70.0,70.0
WST00003422,20250326,ST003,PRD006,Expired,1,70.0,70.0
WST00003423,20250326,ST003,PRD008,Expired,1,55.0,55.0
WST00003424,20250326,ST003,PRD009,Overproduction,2,95.0,190.0
WST00003425,20250326,ST003,PRD011,Overproduction,2,140.0,280.0
WST00003426,20250326,ST003,PRD012,Overproduction,1,180.0,180.0
WST00003427,20250326,ST003,PRD017,Overproduction,2,110.0,220.0
WST00003428,20250326,ST003,PRD018,Overproduction,4,60.0,240.0
WST00003429,20250326,ST003,PRD020,Overproduction,1,55.0,55.0
WST00003430,20250326,ST004,PRD002,Overproduction,5,65.0,325.0
WST00003431,20250326,ST004,PRD003,Overproduction,9,70.0,630.0
WST00003432,20250326,ST004,PRD008,Expired,1,55.0,55.0
WST00003433,20250326,ST004,PRD011,Overproduction,4,140.0,560.0
WST00003434,20250326,ST004,PRD015,Overproduction,1,65.0,65.0
WST00003435,20250326,ST004,PRD016,Overproduction,2,95.0,190.0
WST00003436,20250326,ST004,PRD019,Overproduction,2,35.0,70.0
WST00003437,20250326,ST004,PRD020,Overproduction,2,55.0,110.0
WST00003438,20250326,ST005,PRD002,Overproduction,9,65.0,585.0
WST00003439,20250326,ST005,PRD005,Expired,2,35.0,70.0
WST00003440,20250326,ST005,PRD007,Overproduction,4,80.0,320.0
WST00003441,20250326,ST005,PRD012,Overproduction,2,180.0,360.0
WST00003442,20250326,ST005,PRD015,Overproduction,3,65.0,195.0
WST00003443,20250326,ST005,PRD018,Overproduction,3,60.0,180.0
WST00003444,20250326,ST005,PRD019,Overproduction,1,35.0,35.0
WST00003445,20250327,ST001,PRD001,Expired,1,45.0,45.0
WST00003446,20250327,ST001,PRD004,Overproduction,5,80.0,400.0
WST00003447,20250327,ST001,PRD005,Expired,2,35.0,70.0
WST00003448,20250327,ST001,PRD006,Overproduction,8,70.0,560.0
WST00003449,20250327,ST001,PRD009,Expired,1,95.0,95.0
WST00003450,20250327,ST001,PRD011,Overproduction,5,140.0,700.0
WST00003451,20250327,ST001,PRD012,Overproduction,7,180.0,1260.0
WST00003452,20250327,ST001,PRD016,Overproduction,5,95.0,475.0
WST00003453,20250327,ST001,PRD017,Overproduction,1,110.0,110.0
WST00003454,20250327,ST001,PRD020,Overproduction,6,55.0,330.0
WST00003455,20250327,ST002,PRD001,Overproduction,4,45.0,180.0
WST00003456,20250327,ST002,PRD002,Overproduction,5,65.0,325.0
WST00003457,20250327,ST002,PRD003,Overproduction,8,70.0,560.0
WST00003458,20250327,ST002,PRD004,Expired,4,80.0,320.0
WST00003459,20250327,ST002,PRD008,Overproduction,2,55.0,110.0
WST00003460,20250327,ST002,PRD009,Overproduction,2,95.0,190.0
WST00003461,20250327,ST002,PRD011,Overproduction,5,140.0,700.0
WST00003462,20250327,ST002,PRD013,Overproduction,3,160.0,480.0
WST00003463,20250327,ST002,PRD017,Overproduction,2,110.0,220.0
WST00003464,20250327,ST002,PRD018,Overproduction,2,60.0,120.0
WST00003465,20250327,ST002,PRD020,Overproduction,2,55.0,110.0
WST00003466,20250327,ST003,PRD002,Expired,1,65.0,65.0
WST00003467,20250327,ST003,PRD003,Overproduction,1,70.0,70.0
WST00003468,20250327,ST003,PRD005,Overproduction,3,35.0,105.0
WST00003469,20250327,ST003,PRD008,Overproduction,3,55.0,165.0
WST00003470,20250327,ST003,PRD013,Overproduction,1,160.0,160.0
WST00003471,20250327,ST003,PRD014,Overproduction,1,110.0,110.0
WST00003472,20250327,ST003,PRD017,Quality Issue,1,110.0,110.0
WST00003473,20250327,ST003,PRD019,Overproduction,2,35.0,70.0
WST00003474,20250327,ST003,PRD020,Overproduction,2,55.0,110.0
WST00003475,20250327,ST004,PRD002,Overproduction,4,65.0,260.0
WST00003476,20250327,ST004,PRD006,Overproduction,9,70.0,630.0
WST00003477,20250327,ST004,PRD008,Overproduction,7,55.0,385.0
WST00003478,20250327,ST004,PRD009,Overproduction,7,95.0,665.0
WST00003479,20250327,ST004,PRD010,Overproduction,3,100.0,300.0
WST00003480,20250327,ST004,PRD014,Overproduction,3,110.0,330.0
WST00003481,20250327,ST004,PRD015,Overproduction,3,65.0,195.0
WST00003482,20250327,ST004,PRD016,Overproduction,3,95.0,285.0
WST00003483,20250327,ST005,PRD004,Expired,1,80.0,80.0
WST00003484,20250327,ST005,PRD005,Expired,3,35.0,105.0
WST00003485,20250327,ST005,PRD009,Overproduction,1,95.0,95.0
WST00003486,20250327,ST005,PRD010,Overproduction,2,100.0,200.0
WST00003487,20250327,ST005,PRD011,Overproduction,2,140.0,280.0
WST00003488,20250328,ST001,PRD005,Overproduction,6,35.0,210.0
WST00003489,20250328,ST001,PRD006,Overproduction,6,70.0,420.0
WST00003490,20250328,ST001,PRD007,Overproduction,2,80.0,160.0
WST00003491,20250328,ST001,PRD008,Overproduction,6,55.0,330.0
WST00003492,20250328,ST001,PRD011,Overproduction,1,140.0,140.0
WST00003493,20250328,ST001,PRD014,Overproduction,3,110.0,330.0
WST00003494,20250328,ST002,PRD007,Overproduction,6,80.0,480.0
WST00003495,20250328,ST002,PRD009,Overproduction,2,95.0,190.0
WST00003496,20250328,ST002,PRD011,Overproduction,2,140.0,280.0
WST00003497,20250328,ST002,PRD013,Quality Issue,1,160.0,160.0
WST00003498,20250328,ST002,PRD017,Overproduction,1,110.0,110.0
WST00003499,20250328,ST002,PRD018,Overproduction,1,60.0,60.0
WST00003500,20250328,ST002,PRD019,Overproduction,1,35.0,35.0
WST00003501,20250328,ST003,PRD005,Overproduction,4,35.0,140.0
WST00003502,20250328,ST003,PRD006,Overproduction,3,70.0,210.0
WST00003503,20250328,ST003,PRD008,Overproduction,2,55.0,110.0
WST00003504,20250328,ST003,PRD009,Overproduction,1,95.0,95.0
WST00003505,20250328,ST003,PRD012,Overproduction,4,180.0,720.0
WST00003506,20250328,ST003,PRD015,Overproduction,1,65.0,65.0
WST00003507,20250328,ST003,PRD019,Overproduction,2,35.0,70.0
WST00003508,20250328,ST003,PRD020,Overproduction,2,55.0,110.0
WST00003509,20250328,ST004,PRD001,Overproduction,6,45.0,270.0
WST00003510,20250328,ST004,PRD003,Overproduction,3,70.0,210.0
WST00003511,20250328,ST004,PRD009,Overproduction,7,95.0,665.0
WST00003512,20250328,ST004,PRD013,Preparation Error,1,160.0,160.0
WST00003513,20250328,ST004,PRD019,Overproduction,3,35.0,105.0
WST00003514,20250328,ST004,PRD020,Overproduction,3,55.0,165.0
WST00003515,20250328,ST005,PRD002,Overproduction,6,65.0,390.0
WST00003516,20250328,ST005,PRD003,Overproduction,7,70.0,490.0
WST00003517,20250328,ST005,PRD005,Overproduction,6,35.0,210.0
WST00003518,20250328,ST005,PRD006,Overproduction,2,70.0,140.0
WST00003519,20250328,ST005,PRD007,Overproduction,3,80.0,240.0
WST00003520,20250328,ST005,PRD009,Overproduction,1,95.0,95.0
WST00003521,20250328,ST005,PRD010,Overproduction,2,100.0,200.0
WST00003522,20250328,ST005,PRD014,Overproduction,3,110.0,330.0
WST00003523,20250328,ST005,PRD015,Overproduction,4,65.0,260.0
WST00003524,20250328,ST005,PRD017,Damaged,1,110.0,110.0
WST00003525,20250328,ST005,PRD019,Overproduction,2,35.0,70.0
WST00003526,20250329,ST001,PRD001,Overproduction,13,45.0,585.0
WST00003527,20250329,ST001,PRD005,Overproduction,16,35.0,560.0
WST00003528,20250329,ST001,PRD008,Overproduction,3,55.0,165.0
WST00003529,20250329,ST001,PRD009,Overproduction,3,95.0,285.0
WST00003530,20250329,ST001,PRD010,Overproduction,5,100.0,500.0
WST00003531,20250329,ST001,PRD011,Overproduction,4,140.0,560.0
WST00003532,20250329,ST001,PRD014,Overproduction,4,110.0,440.0
WST00003533,20250329,ST001,PRD015,Overproduction,8,65.0,520.0
WST00003534,20250329,ST001,PRD016,Overproduction,1,95.0,95.0
WST00003535,20250329,ST001,PRD020,Overproduction,3,55.0,165.0
WST00003536,20250329,ST002,PRD001,Overproduction,7,45.0,315.0
WST00003537,20250329,ST002,PRD002,Overproduction,5,65.0,325.0
WST00003538,20250329,ST002,PRD006,Overproduction,7,70.0,490.0
WST00003539,20250329,ST002,PRD007,Expired,1,80.0,80.0
WST00003540,20250329,ST002,PRD010,Overproduction,4,100.0,400.0
WST00003541,20250329,ST002,PRD012,Overproduction,6,180.0,1080.0
WST00003542,20250329,ST002,PRD013,Damaged,1,160.0,160.0
WST00003543,20250329,ST002,PRD015,Overproduction,2,65.0,130.0
WST00003544,20250329,ST002,PRD017,Overproduction,2,110.0,220.0
WST00003545,20250329,ST002,PRD018,Overproduction,2,60.0,120.0
WST00003546,20250329,ST003,PRD002,Expired,1,65.0,65.0
WST00003547,20250329,ST003,PRD003,Overproduction,5,70.0,350.0
WST00003548,20250329,ST003,PRD006,Overproduction,2,70.0,140.0
WST00003549,20250329,ST003,PRD007,Overproduction,3,80.0,240.0
WST00003550,20250329,ST003,PRD010,Overproduction,1,100.0,100.0
WST00003551,20250329,ST003,PRD012,Overproduction,4,180.0,720.0
WST00003552,20250329,ST003,PRD013,Overproduction,2,160.0,320.0
WST00003553,20250329,ST003,PRD014,Overproduction,3,110.0,330.0
WST00003554,20250329,ST003,PRD016,Overproduction,1,95.0,95.0
WST00003555,20250329,ST003,PRD019,Overproduction,2,35.0,70.0
WST00003556,20250329,ST004,PRD001,Overproduction,7,45.0,315.0
WST00003557,20250329,ST004,PRD004,Expired,2,80.0,160.0
WST00003558,20250329,ST004,PRD007,Overproduction,9,80.0,720.0
WST00003559,20250329,ST004,PRD009,Overproduction,2,95.0,190.0
WST00003560,20250329,ST004,PRD010,Overproduction,4,100.0,400.0
WST00003561,20250329,ST004,PRD013,Damaged,1,160.0,160.0
WST00003562,20250329,ST004,PRD015,Overproduction,2,65.0,130.0
WST00003563,20250329,ST004,PRD018,Overproduction,3,60.0,180.0
WST00003564,20250329,ST004,PRD020,Overproduction,5,55.0,275.0
WST00003565,20250329,ST005,PRD002,Overproduction,7,65.0,455.0
WST00003566,20250329,ST005,PRD004,Overproduction,10,80.0,800.0
WST00003567,20250329,ST005,PRD010,Overproduction,5,100.0,500.0
WST00003568,20250329,ST005,PRD011,Overproduction,3,140.0,420.0
WST00003569,20250329,ST005,PRD012,Overproduction,6,180.0,1080.0
WST00003570,20250329,ST005,PRD014,Overproduction,1,110.0,110.0
WST00003571,20250329,ST005,PRD016,Overproduction,1,95.0,95.0
WST00003572,20250330,ST001,PRD001,Overproduction,8,45.0,360.0
WST00003573,20250330,ST001,PRD002,Overproduction,8,65.0,520.0
WST00003574,20250330,ST001,PRD005,Overproduction,5,35.0,175.0
WST00003575,20250330,ST001,PRD007,Overproduction,5,80.0,400.0
WST00003576,20250330,ST001,PRD011,Overproduction,5,140.0,700.0
WST00003577,20250330,ST001,PRD014,Overproduction,3,110.0,330.0
WST00003578,20250330,ST001,PRD015,Overproduction,4,65.0,260.0
WST00003579,20250330,ST001,PRD016,Overproduction,6,95.0,570.0
WST00003580,20250330,ST001,PRD019,Overproduction,3,35.0,105.0
WST00003581,20250330,ST002,PRD001,Expired,1,45.0,45.0
WST00003582,20250330,ST002,PRD002,Overproduction,4,65.0,260.0
WST00003583,20250330,ST002,PRD005,Overproduction,6,35.0,210.0
WST00003584,20250330,ST002,PRD007,Overproduction,7,80.0,560.0
WST00003585,20250330,ST002,PRD009,Overproduction,4,95.0,380.0
WST00003586,20250330,ST002,PRD010,Overproduction,1,100.0,100.0
WST00003587,20250330,ST002,PRD011,Overproduction,7,140.0,980.0
WST00003588,20250330,ST002,PRD013,Overproduction,4,160.0,640.0
WST00003589,20250330,ST002,PRD014,Overproduction,2,110.0,220.0
WST00003590,20250330,ST002,PRD015,Overproduction,8,65.0,520.0
WST00003591,20250330,ST002,PRD017,Overproduction,2,110.0,220.0
WST00003592,20250330,ST002,PRD019,Overproduction,2,35.0,70.0
WST00003593,20250330,ST002,PRD020,Overproduction,3,55.0,165.0
WST00003594,20250330,ST003,PRD003,Expired,1,70.0,70.0
WST00003595,20250330,ST003,PRD007,Overproduction,5,80.0,400.0
WST00003596,20250330,ST003,PRD008,Overproduction,5,55.0,275.0
WST00003597,20250330,ST003,PRD010,Overproduction,1,100.0,100.0
WST00003598,20250330,ST003,PRD014,Overproduction,1,110.0,110.0
WST00003599,20250330,ST003,PRD016,Overproduction,1,95.0,95.0
WST00003600,20250330,ST003,PRD019,Overproduction,3,35.0,105.0
WST00003601,20250330,ST004,PRD002,Overproduction,7,65.0,455.0
WST00003602,20250330,ST004,PRD016,Overproduction,1,95.0,95.0
WST00003603,20250330,ST005,PRD005,Overproduction,3,35.0,105.0
WST00003604,20250330,ST005,PRD007,Overproduction,2,80.0,160.0
WST00003605,20250330,ST005,PRD008,Expired,1,55.0,55.0
WST00003606,20250330,ST005,PRD010,Overproduction,6,100.0,600.0
WST00003607,20250330,ST005,PRD011,Overproduction,7,140.0,980.0
WST00003608,20250330,ST005,PRD012,Overproduction,2,180.0,360.0
WST00003609,20250330,ST005,PRD016,Overproduction,3,95.0,285.0
WST00003610,20250331,ST001,PRD001,Overproduction,2,45.0,90.0
WST00003611,20250331,ST001,PRD002,Expired,3,65.0,195.0
WST00003612,20250331,ST001,PRD004,Overproduction,7,80.0,560.0
WST00003613,20250331,ST001,PRD010,Overproduction,4,100.0,400.0
WST00003614,20250331,ST001,PRD011,Overproduction,2,140.0,280.0
WST00003615,20250331,ST001,PRD012,Overproduction,2,180.0,360.0
WST00003616,20250331,ST001,PRD018,Overproduction,3,60.0,180.0
WST00003617,20250331,ST001,PRD020,Overproduction,5,55.0,275.0
WST00003618,20250331,ST002,PRD010,Overproduction,1,100.0,100.0
WST00003619,20250331,ST002,PRD011,Overproduction,3,140.0,420.0
WST00003620,20250331,ST002,PRD012,Overproduction,1,180.0,180.0
WST00003621,20250331,ST002,PRD014,Overproduction,1,110.0,110.0
WST00003622,20250331,ST002,PRD017,Overproduction,1,110.0,110.0
WST00003623,20250331,ST002,PRD018,Overproduction,1,60.0,60.0
WST00003624,20250331,ST002,PRD020,Overproduction,2,55.0,110.0
WST00003625,20250331,ST003,PRD002,Overproduction,3,65.0,195.0
WST00003626,20250331,ST003,PRD004,Overproduction,2,80.0,160.0
WST00003627,20250331,ST003,PRD006,Overproduction,3,70.0,210.0
WST00003628,20250331,ST003,PRD008,Overproduction,3,55.0,165.0
WST00003629,20250331,ST003,PRD012,Overproduction,2,180.0,360.0
WST00003630,20250331,ST003,PRD013,Overproduction,3,160.0,480.0
WST00003631,20250331,ST003,PRD014,Overproduction,3,110.0,330.0
WST00003632,20250331,ST003,PRD015,Overproduction,3,65.0,195.0
WST00003633,20250331,ST003,PRD018,Overproduction,1,60.0,60.0
WST00003634,20250331,ST004,PRD002,Overproduction,5,65.0,325.0
WST00003635,20250331,ST004,PRD004,Overproduction,3,80.0,240.0
WST00003636,20250331,ST004,PRD006,Overproduction,7,70.0,490.0
WST00003637,20250331,ST004,PRD011,Overproduction,3,140.0,420.0
WST00003638,20250331,ST004,PRD016,Overproduction,2,95.0,190.0
WST00003639,20250331,ST004,PRD019,Overproduction,4,35.0,140.0
WST00003640,20250331,ST005,PRD001,Overproduction,5,45.0,225.0
WST00003641,20250331,ST005,PRD002,Overproduction,3,65.0,195.0
WST00003642,20250331,ST005,PRD007,Expired,1,80.0,80.0
WST00003643,20250331,ST005,PRD008,Overproduction,4,55.0,220.0
WST00003644,20250331,ST005,PRD014,Preparation Error,1,110.0,110.0
WST00003645,20250331,ST005,PRD016,Overproduction,2,95.0,190.0
WST00003646,20250331,ST005,PRD017,Overproduction,3,110.0,330.0
WST00003647,20250331,ST005,PRD019,Overproduction,1,35.0,35.0
WST00003648,20250331,ST005,PRD020,Overproduction,3,55.0,165.0
