preparation_id,date_id,store_id,product_id,planned_qty,actual_qty,preparation_cost,preparation_time_minutes
PREP00000001,20250101,ST001,PRD001,53,51,2295.0,153.0
PREP00000002,20250101,ST001,PRD002,66,65,4225.0,325.0
PREP00000003,20250101,ST001,PRD003,46,48,3360.0,240.0
PREP00000004,20250101,ST001,PRD004,101,97,7760.0,582.0
PREP00000005,20250101,ST001,PRD005,67,64,2240.0,128.0
PREP00000006,20250101,ST001,PRD006,24,25,1750.0,100.0
PREP00000007,20250101,ST001,PRD007,34,33,2640.0,165.0
PREP00000008,20250101,ST001,PRD008,38,39,2145.0,117.0
PREP00000009,20250101,ST001,PRD009,29,30,2850.0,180.0
PREP00000010,20250101,ST001,PRD010,25,24,2400.0,144.0
PREP00000011,20250101,ST001,PRD011,29,31,4340.0,248.0
PREP00000012,20250101,ST001,PRD012,54,53,9540.0,530.0
PREP00000013,20250101,ST001,PRD013,53,53,8480.0,477.0
PREP00000014,20250101,ST001,PRD014,33,32,3520.0,224.0
PREP00000015,20250101,ST001,PRD015,40,42,2730.0,210.0
PREP00000016,20250101,ST001,PRD016,14,15,1425.0,45.0
PREP00000017,20250101,ST001,PRD017,26,28,3080.0,84.0
PREP00000018,20250101,ST001,PRD018,26,27,1620.0,54.0
PREP00000019,20250101,ST001,PRD019,45,47,1645.0,94.0
PREP00000020,20250101,ST001,PRD020,27,28,1540.0,84.0
PREP00000021,20250101,ST002,PRD001,29,28,1260.0,84.0
PREP00000022,20250101,ST002,PRD002,44,44,2860.0,220.0
PREP00000023,20250101,ST002,PRD003,40,39,2730.0,195.0
PREP00000024,20250101,ST002,PRD004,42,42,3360.0,252.0
PREP00000025,20250101,ST002,PRD005,47,47,1645.0,94.0
PREP00000026,20250101,ST002,PRD006,24,24,1680.0,96.0
PREP00000027,20250101,ST002,PRD007,31,34,2720.0,170.0
PREP00000028,20250101,ST002,PRD008,32,33,1815.0,99.0
PREP00000029,20250101,ST002,PRD009,23,24,2280.0,144.0
PREP00000030,20250101,ST002,PRD010,24,24,2400.0,144.0
PREP00000031,20250101,ST002,PRD011,40,42,5880.0,336.0
PREP00000032,20250101,ST002,PRD012,48,51,9180.0,510.0
PREP00000033,20250101,ST002,PRD013,26,28,4480.0,252.0
PREP00000034,20250101,ST002,PRD014,24,23,2530.0,161.0
PREP00000035,20250101,ST002,PRD015,39,39,2535.0,195.0
PREP00000036,20250101,ST002,PRD016,12,13,1235.0,39.0
PREP00000037,20250101,ST002,PRD017,11,11,1210.0,33.0
PREP00000038,20250101,ST002,PRD018,16,16,960.0,32.0
PREP00000039,20250101,ST002,PRD019,22,22,770.0,44.0
PREP00000040,20250101,ST002,PRD020,13,13,715.0,39.0
PREP00000041,20250101,ST003,PRD001,23,23,1035.0,69.0
PREP00000042,20250101,ST003,PRD002,31,34,2210.0,170.0
PREP00000043,20250101,ST003,PRD003,21,21,1470.0,105.0
PREP00000044,20250101,ST003,PRD004,49,50,4000.0,300.0
PREP00000045,20250101,ST003,PRD005,43,41,1435.0,82.0
PREP00000046,20250101,ST003,PRD006,19,20,1400.0,80.0
PREP00000047,20250101,ST003,PRD007,47,48,3840.0,240.0
PREP00000048,20250101,ST003,PRD008,15,15,825.0,45.0
PREP00000049,20250101,ST003,PRD009,27,28,2660.0,168.0
PREP00000050,20250101,ST003,PRD010,10,11,1100.0,66.0
PREP00000051,20250101,ST003,PRD011,14,15,2100.0,120.0
PREP00000052,20250101,ST003,PRD012,17,18,3240.0,180.0
PREP00000053,20250101,ST003,PRD013,16,17,2720.0,153.0
PREP00000054,20250101,ST003,PRD014,21,21,2310.0,147.0
PREP00000055,20250101,ST003,PRD015,15,16,1040.0,80.0
PREP00000056,20250101,ST003,PRD016,16,16,1520.0,48.0
PREP00000057,20250101,ST003,PRD017,16,16,1760.0,48.0
PREP00000058,20250101,ST003,PRD018,16,17,1020.0,34.0
PREP00000059,20250101,ST003,PRD019,17,18,630.0,36.0
PREP00000060,20250101,ST003,PRD020,13,13,715.0,39.0
PREP00000061,20250101,ST004,PRD001,61,63,2835.0,189.0
PREP00000062,20250101,ST004,PRD002,103,106,6890.0,530.0
PREP00000063,20250101,ST004,PRD003,29,29,2030.0,145.0
PREP00000064,20250101,ST004,PRD004,69,75,6000.0,450.0
PREP00000065,20250101,ST004,PRD005,48,52,1820.0,104.0
PREP00000066,20250101,ST004,PRD006,37,35,2450.0,140.0
PREP00000067,20250101,ST004,PRD007,70,76,6080.0,380.0
PREP00000068,20250101,ST004,PRD008,44,45,2475.0,135.0
PREP00000069,20250101,ST004,PRD009,19,20,1900.0,120.0
PREP00000070,20250101,ST004,PRD010,34,33,3300.0,198.0
PREP00000071,20250101,ST004,PRD011,37,38,5320.0,304.0
PREP00000072,20250101,ST004,PRD012,46,50,9000.0,500.0
PREP00000073,20250101,ST004,PRD013,52,51,8160.0,459.0
PREP00000074,20250101,ST004,PRD014,29,31,3410.0,217.0
PREP00000075,20250101,ST004,PRD015,25,25,1625.0,125.0
PREP00000076,20250101,ST004,PRD016,15,16,1520.0,48.0
PREP00000077,20250101,ST004,PRD017,30,31,3410.0,93.0
PREP00000078,20250101,ST004,PRD018,26,26,1560.0,52.0
PREP00000079,20250101,ST004,PRD019,18,19,665.0,38.0
PREP00000080,20250101,ST004,PRD020,15,15,825.0,45.0
PREP00000081,20250101,ST005,PRD001,43,45,2025.0,135.0
PREP00000082,20250101,ST005,PRD002,56,61,3965.0,305.0
PREP00000083,20250101,ST005,PRD003,42,40,2800.0,200.0
PREP00000084,20250101,ST005,PRD004,28,29,2320.0,174.0
PREP00000085,20250101,ST005,PRD005,27,26,910.0,52.0
PREP00000086,20250101,ST005,PRD006,39,40,2800.0,160.0
PREP00000087,20250101,ST005,PRD007,32,34,2720.0,170.0
PREP00000088,20250101,ST005,PRD008,57,56,3080.0,168.0
PREP00000089,20250101,ST005,PRD009,21,21,1995.0,126.0
PREP00000090,20250101,ST005,PRD010,16,16,1600.0,96.0
PREP00000091,20250101,ST005,PRD011,32,34,4760.0,272.0
PREP00000092,20250101,ST005,PRD012,46,44,7920.0,440.0
PREP00000093,20250101,ST005,PRD013,23,23,3680.0,207.0
PREP00000094,20250101,ST005,PRD014,22,22,2420.0,154.0
PREP00000095,20250101,ST005,PRD015,14,14,910.0,70.0
PREP00000096,20250101,ST005,PRD016,10,10,950.0,30.0
PREP00000097,20250101,ST005,PRD017,12,13,1430.0,39.0
PREP00000098,20250101,ST005,PRD018,29,31,1860.0,62.0
PREP00000099,20250101,ST005,PRD019,33,32,1120.0,64.0
PREP00000100,20250101,ST005,PRD020,20,22,1210.0,66.0
PREP00000101,20250102,ST001,PRD001,56,61,2745.0,183.0
PREP00000102,20250102,ST001,PRD002,63,61,3965.0,305.0
PREP00000103,20250102,ST001,PRD003,57,56,3920.0,280.0
PREP00000104,20250102,ST001,PRD004,34,33,2640.0,198.0
PREP00000105,20250102,ST001,PRD005,76,83,2905.0,166.0
PREP00000106,20250102,ST001,PRD006,49,52,3640.0,208.0
PREP00000107,20250102,ST001,PRD007,37,37,2960.0,185.0
PREP00000108,20250102,ST001,PRD008,32,35,1925.0,105.0
PREP00000109,20250102,ST001,PRD009,30,32,3040.0,192.0
PREP00000110,20250102,ST001,PRD010,15,15,1500.0,90.0
PREP00000111,20250102,ST001,PRD011,28,29,4060.0,232.0
PREP00000112,20250102,ST001,PRD012,39,41,7380.0,410.0
PREP00000113,20250102,ST001,PRD013,15,16,2560.0,144.0
PREP00000114,20250102,ST001,PRD014,23,25,2750.0,175.0
PREP00000115,20250102,ST001,PRD015,29,32,2080.0,160.0
PREP00000116,20250102,ST001,PRD016,14,14,1330.0,42.0
PREP00000117,20250102,ST001,PRD017,26,27,2970.0,81.0
PREP00000118,20250102,ST001,PRD018,34,33,1980.0,66.0
PREP00000119,20250102,ST001,PRD019,21,21,735.0,42.0
PREP00000120,20250102,ST001,PRD020,25,26,1430.0,78.0
PREP00000121,20250102,ST002,PRD001,42,44,1980.0,132.0
PREP00000122,20250102,ST002,PRD002,53,58,3770.0,290.0
PREP00000123,20250102,ST002,PRD003,31,33,2310.0,165.0
PREP00000124,20250102,ST002,PRD004,24,24,1920.0,144.0
PREP00000125,20250102,ST002,PRD005,63,63,2205.0,126.0
PREP00000126,20250102,ST002,PRD006,41,44,3080.0,176.0
PREP00000127,20250102,ST002,PRD007,25,25,2000.0,125.0
PREP00000128,20250102,ST002,PRD008,21,23,1265.0,69.0
PREP00000129,20250102,ST002,PRD009,31,30,2850.0,180.0
PREP00000130,20250102,ST002,PRD010,13,14,1400.0,84.0
PREP00000131,20250102,ST002,PRD011,25,27,3780.0,216.0
PREP00000132,20250102,ST002,PRD012,17,17,3060.0,170.0
PREP00000133,20250102,ST002,PRD013,25,26,4160.0,234.0
PREP00000134,20250102,ST002,PRD014,27,30,3300.0,210.0
PREP00000135,20250102,ST002,PRD015,40,38,2470.0,190.0
PREP00000136,20250102,ST002,PRD016,8,8,760.0,24.0
PREP00000137,20250102,ST002,PRD017,20,22,2420.0,66.0
PREP00000138,20250102,ST002,PRD018,9,9,540.0,18.0
PREP00000139,20250102,ST002,PRD019,11,11,385.0,22.0
PREP00000140,20250102,ST002,PRD020,22,23,1265.0,69.0
PREP00000141,20250102,ST003,PRD001,27,26,1170.0,78.0
PREP00000142,20250102,ST003,PRD002,29,29,1885.0,145.0
PREP00000143,20250102,ST003,PRD003,48,52,3640.0,260.0
PREP00000144,20250102,ST003,PRD004,23,22,1760.0,132.0
PREP00000145,20250102,ST003,PRD005,31,31,1085.0,62.0
PREP00000146,20250102,ST003,PRD006,12,13,910.0,52.0
PREP00000147,20250102,ST003,PRD007,31,31,2480.0,155.0
PREP00000148,20250102,ST003,PRD008,41,42,2310.0,126.0
PREP00000149,20250102,ST003,PRD009,8,8,760.0,48.0
PREP00000150,20250102,ST003,PRD010,15,16,1600.0,96.0
PREP00000151,20250102,ST003,PRD011,17,18,2520.0,144.0
PREP00000152,20250102,ST003,PRD012,17,18,3240.0,180.0
PREP00000153,20250102,ST003,PRD013,15,15,2400.0,135.0
PREP00000154,20250102,ST003,PRD014,11,12,1320.0,84.0
PREP00000155,20250102,ST003,PRD015,20,22,1430.0,110.0
PREP00000156,20250102,ST003,PRD016,15,15,1425.0,45.0
PREP00000157,20250102,ST003,PRD017,13,13,1430.0,39.0
PREP00000158,20250102,ST003,PRD018,23,25,1500.0,50.0
PREP00000159,20250102,ST003,PRD019,18,19,665.0,38.0
PREP00000160,20250102,ST003,PRD020,13,14,770.0,42.0
PREP00000161,20250102,ST004,PRD001,62,68,3060.0,204.0
PREP00000162,20250102,ST004,PRD002,70,76,4940.0,380.0
PREP00000163,20250102,ST004,PRD003,60,64,4480.0,320.0
PREP00000164,20250102,ST004,PRD004,67,73,5840.0,438.0
PREP00000165,20250102,ST004,PRD005,68,73,2555.0,146.0
PREP00000166,20250102,ST004,PRD006,73,72,5040.0,288.0
PREP00000167,20250102,ST004,PRD007,58,56,4480.0,280.0
PREP00000168,20250102,ST004,PRD008,62,67,3685.0,201.0
PREP00000169,20250102,ST004,PRD009,24,26,2470.0,156.0
PREP00000170,20250102,ST004,PRD010,16,16,1600.0,96.0
PREP00000171,20250102,ST004,PRD011,22,22,3080.0,176.0
PREP00000172,20250102,ST004,PRD012,28,27,4860.0,270.0
PREP00000173,20250102,ST004,PRD013,19,21,3360.0,189.0
PREP00000174,20250102,ST004,PRD014,47,47,5170.0,329.0
PREP00000175,20250102,ST004,PRD015,43,43,2795.0,215.0
PREP00000176,20250102,ST004,PRD016,19,20,1900.0,60.0
PREP00000177,20250102,ST004,PRD017,10,10,1100.0,30.0
PREP00000178,20250102,ST004,PRD018,15,15,900.0,30.0
PREP00000179,20250102,ST004,PRD019,19,19,665.0,38.0
PREP00000180,20250102,ST004,PRD020,26,26,1430.0,78.0
PREP00000181,20250102,ST005,PRD001,65,65,2925.0,195.0
PREP00000182,20250102,ST005,PRD002,32,33,2145.0,165.0
PREP00000183,20250102,ST005,PRD003,43,45,3150.0,225.0
PREP00000184,20250102,ST005,PRD004,48,51,4080.0,306.0
PREP00000185,20250102,ST005,PRD005,19,21,735.0,42.0
PREP00000186,20250102,ST005,PRD006,54,57,3990.0,228.0
PREP00000187,20250102,ST005,PRD007,29,30,2400.0,150.0
PREP00000188,20250102,ST005,PRD008,38,36,1980.0,108.0
PREP00000189,20250102,ST005,PRD009,29,29,2755.0,174.0
PREP00000190,20250102,ST005,PRD010,20,22,2200.0,132.0
PREP00000191,20250102,ST005,PRD011,23,23,3220.0,184.0
PREP00000192,20250102,ST005,PRD012,35,35,6300.0,350.0
PREP00000193,20250102,ST005,PRD013,24,24,3840.0,216.0
PREP00000194,20250102,ST005,PRD014,17,17,1870.0,119.0
PREP00000195,20250102,ST005,PRD015,34,36,2340.0,180.0
PREP00000196,20250102,ST005,PRD016,23,24,2280.0,72.0
PREP00000197,20250102,ST005,PRD017,8,8,880.0,24.0
PREP00000198,20250102,ST005,PRD018,24,24,1440.0,48.0
PREP00000199,20250102,ST005,PRD019,25,26,910.0,52.0
PREP00000200,20250102,ST005,PRD020,19,19,1045.0,57.0
PREP00000201,20250103,ST001,PRD001,79,78,3510.0,234.0
PREP00000202,20250103,ST001,PRD002,65,71,4615.0,355.0
PREP00000203,20250103,ST001,PRD003,39,38,2660.0,190.0
PREP00000204,20250103,ST001,PRD004,27,28,2240.0,168.0
PREP00000205,20250103,ST001,PRD005,42,42,1470.0,84.0
PREP00000206,20250103,ST001,PRD006,53,56,3920.0,224.0
PREP00000207,20250103,ST001,PRD007,48,47,3760.0,235.0
PREP00000208,20250103,ST001,PRD008,43,41,2255.0,123.0
PREP00000209,20250103,ST001,PRD009,28,29,2755.0,174.0
PREP00000210,20250103,ST001,PRD010,17,16,1600.0,96.0
PREP00000211,20250103,ST001,PRD011,42,44,6160.0,352.0
PREP00000212,20250103,ST001,PRD012,46,49,8820.0,490.0
PREP00000213,20250103,ST001,PRD013,23,23,3680.0,207.0
PREP00000214,20250103,ST001,PRD014,29,28,3080.0,196.0
PREP00000215,20250103,ST001,PRD015,49,52,3380.0,260.0
PREP00000216,20250103,ST001,PRD016,11,11,1045.0,33.0
PREP00000217,20250103,ST001,PRD017,28,31,3410.0,93.0
PREP00000218,20250103,ST001,PRD018,32,31,1860.0,62.0
PREP00000219,20250103,ST001,PRD019,16,17,595.0,34.0
PREP00000220,20250103,ST001,PRD020,38,41,2255.0,123.0
PREP00000221,20250103,ST002,PRD001,36,40,1800.0,120.0
PREP00000222,20250103,ST002,PRD002,40,44,2860.0,220.0
PREP00000223,20250103,ST002,PRD003,47,49,3430.0,245.0
PREP00000224,20250103,ST002,PRD004,72,74,5920.0,444.0
PREP00000225,20250103,ST002,PRD005,82,85,2975.0,170.0
PREP00000226,20250103,ST002,PRD006,47,50,3500.0,200.0
PREP00000227,20250103,ST002,PRD007,40,40,3200.0,200.0
PREP00000228,20250103,ST002,PRD008,29,30,1650.0,90.0
PREP00000229,20250103,ST002,PRD009,27,28,2660.0,168.0
PREP00000230,20250103,ST002,PRD010,23,23,2300.0,138.0
PREP00000231,20250103,ST002,PRD011,18,18,2520.0,144.0
PREP00000232,20250103,ST002,PRD012,15,15,2700.0,150.0
PREP00000233,20250103,ST002,PRD013,35,34,5440.0,306.0
PREP00000234,20250103,ST002,PRD014,25,26,2860.0,182.0
PREP00000235,20250103,ST002,PRD015,36,35,2275.0,175.0
PREP00000236,20250103,ST002,PRD016,16,17,1615.0,51.0
PREP00000237,20250103,ST002,PRD017,18,18,1980.0,54.0
PREP00000238,20250103,ST002,PRD018,15,16,960.0,32.0
PREP00000239,20250103,ST002,PRD019,21,22,770.0,44.0
PREP00000240,20250103,ST002,PRD020,30,32,1760.0,96.0
PREP00000241,20250103,ST003,PRD001,26,25,1125.0,75.0
PREP00000242,20250103,ST003,PRD002,43,46,2990.0,230.0
PREP00000243,20250103,ST003,PRD003,41,45,3150.0,225.0
PREP00000244,20250103,ST003,PRD004,42,45,3600.0,270.0
PREP00000245,20250103,ST003,PRD005,32,33,1155.0,66.0
PREP00000246,20250103,ST003,PRD006,16,16,1120.0,64.0
PREP00000247,20250103,ST003,PRD007,30,29,2320.0,145.0
PREP00000248,20250103,ST003,PRD008,29,31,1705.0,93.0
PREP00000249,20250103,ST003,PRD009,26,25,2375.0,150.0
PREP00000250,20250103,ST003,PRD010,8,8,800.0,48.0
PREP00000251,20250103,ST003,PRD011,9,9,1260.0,72.0
PREP00000252,20250103,ST003,PRD012,29,30,5400.0,300.0
PREP00000253,20250103,ST003,PRD013,15,16,2560.0,144.0
PREP00000254,20250103,ST003,PRD014,24,24,2640.0,168.0
PREP00000255,20250103,ST003,PRD015,12,12,780.0,60.0
PREP00000256,20250103,ST003,PRD016,7,7,665.0,21.0
PREP00000257,20250103,ST003,PRD017,15,15,1650.0,45.0
PREP00000258,20250103,ST003,PRD018,8,9,540.0,18.0
PREP00000259,20250103,ST003,PRD019,17,16,560.0,32.0
PREP00000260,20250103,ST003,PRD020,11,11,605.0,33.0
PREP00000261,20250103,ST004,PRD001,60,60,2700.0,180.0
PREP00000262,20250103,ST004,PRD002,67,72,4680.0,360.0
PREP00000263,20250103,ST004,PRD003,48,51,3570.0,255.0
PREP00000264,20250103,ST004,PRD004,41,40,3200.0,240.0
PREP00000265,20250103,ST004,PRD005,24,23,805.0,46.0
PREP00000266,20250103,ST004,PRD006,43,45,3150.0,180.0
PREP00000267,20250103,ST004,PRD007,65,64,5120.0,320.0
PREP00000268,20250103,ST004,PRD008,54,58,3190.0,174.0
PREP00000269,20250103,ST004,PRD009,35,36,3420.0,216.0
PREP00000270,20250103,ST004,PRD010,15,15,1500.0,90.0
PREP00000271,20250103,ST004,PRD011,51,56,7840.0,448.0
PREP00000272,20250103,ST004,PRD012,26,25,4500.0,250.0
PREP00000273,20250103,ST004,PRD013,32,34,5440.0,306.0
PREP00000274,20250103,ST004,PRD014,30,30,3300.0,210.0
PREP00000275,20250103,ST004,PRD015,26,25,1625.0,125.0
PREP00000276,20250103,ST004,PRD016,16,17,1615.0,51.0
PREP00000277,20250103,ST004,PRD017,11,12,1320.0,36.0
PREP00000278,20250103,ST004,PRD018,23,24,1440.0,48.0
PREP00000279,20250103,ST004,PRD019,30,33,1155.0,66.0
PREP00000280,20250103,ST004,PRD020,45,45,2475.0,135.0
PREP00000281,20250103,ST005,PRD001,56,56,2520.0,168.0
PREP00000282,20250103,ST005,PRD002,35,35,2275.0,175.0
PREP00000283,20250103,ST005,PRD003,40,43,3010.0,215.0
PREP00000284,20250103,ST005,PRD004,46,50,4000.0,300.0
PREP00000285,20250103,ST005,PRD005,50,54,1890.0,108.0
PREP00000286,20250103,ST005,PRD006,26,26,1820.0,104.0
PREP00000287,20250103,ST005,PRD007,51,56,4480.0,280.0
PREP00000288,20250103,ST005,PRD008,42,45,2475.0,135.0
PREP00000289,20250103,ST005,PRD009,22,22,2090.0,132.0
PREP00000290,20250103,ST005,PRD010,12,13,1300.0,78.0
PREP00000291,20250103,ST005,PRD011,31,33,4620.0,264.0
PREP00000292,20250103,ST005,PRD012,53,51,9180.0,510.0
PREP00000293,20250103,ST005,PRD013,25,25,4000.0,225.0
PREP00000294,20250103,ST005,PRD014,31,32,3520.0,224.0
PREP00000295,20250103,ST005,PRD015,29,28,1820.0,140.0
PREP00000296,20250103,ST005,PRD016,23,22,2090.0,66.0
PREP00000297,20250103,ST005,PRD017,7,7,770.0,21.0
PREP00000298,20250103,ST005,PRD018,16,17,1020.0,34.0
PREP00000299,20250103,ST005,PRD019,29,29,1015.0,58.0
PREP00000300,20250103,ST005,PRD020,18,20,1100.0,60.0
PREP00000301,20250104,ST001,PRD001,81,86,3870.0,258.0
PREP00000302,20250104,ST001,PRD002,49,52,3380.0,260.0
PREP00000303,20250104,ST001,PRD003,91,95,6650.0,475.0
PREP00000304,20250104,ST001,PRD004,59,63,5040.0,378.0
PREP00000305,20250104,ST001,PRD005,79,78,2730.0,156.0
PREP00000306,20250104,ST001,PRD006,70,70,4900.0,280.0
PREP00000307,20250104,ST001,PRD007,47,48,3840.0,240.0
PREP00000308,20250104,ST001,PRD008,81,82,4510.0,246.0
PREP00000309,20250104,ST001,PRD009,37,37,3515.0,222.0
PREP00000310,20250104,ST001,PRD010,59,58,5800.0,348.0
PREP00000311,20250104,ST001,PRD011,25,24,3360.0,192.0
PREP00000312,20250104,ST001,PRD012,53,51,9180.0,510.0
PREP00000313,20250104,ST001,PRD013,61,65,10400.0,585.0
PREP00000314,20250104,ST001,PRD014,18,18,1980.0,126.0
PREP00000315,20250104,ST001,PRD015,34,36,2340.0,180.0
PREP00000316,20250104,ST001,PRD016,24,25,2375.0,75.0
PREP00000317,20250104,ST001,PRD017,15,14,1540.0,42.0
PREP00000318,20250104,ST001,PRD018,33,32,1920.0,64.0
PREP00000319,20250104,ST001,PRD019,25,24,840.0,48.0
PREP00000320,20250104,ST001,PRD020,26,26,1430.0,78.0
PREP00000321,20250104,ST002,PRD001,89,92,4140.0,276.0
PREP00000322,20250104,ST002,PRD002,55,53,3445.0,265.0
PREP00000323,20250104,ST002,PRD003,63,64,4480.0,320.0
PREP00000324,20250104,ST002,PRD004,46,48,3840.0,288.0
PREP00000325,20250104,ST002,PRD005,26,26,910.0,52.0
PREP00000326,20250104,ST002,PRD006,25,24,1680.0,96.0
PREP00000327,20250104,ST002,PRD007,43,44,3520.0,220.0
PREP00000328,20250104,ST002,PRD008,48,48,2640.0,144.0
PREP00000329,20250104,ST002,PRD009,18,19,1805.0,114.0
PREP00000330,20250104,ST002,PRD010,13,13,1300.0,78.0
PREP00000331,20250104,ST002,PRD011,20,20,2800.0,160.0
PREP00000332,20250104,ST002,PRD012,40,39,7020.0,390.0
PREP00000333,20250104,ST002,PRD013,37,39,6240.0,351.0
PREP00000334,20250104,ST002,PRD014,43,42,4620.0,294.0
PREP00000335,20250104,ST002,PRD015,57,58,3770.0,290.0
PREP00000336,20250104,ST002,PRD016,16,17,1615.0,51.0
PREP00000337,20250104,ST002,PRD017,20,20,2200.0,60.0
PREP00000338,20250104,ST002,PRD018,23,24,1440.0,48.0
PREP00000339,20250104,ST002,PRD019,38,42,1470.0,84.0
PREP00000340,20250104,ST002,PRD020,23,23,1265.0,69.0
PREP00000341,20250104,ST003,PRD001,52,51,2295.0,153.0
PREP00000342,20250104,ST003,PRD002,41,39,2535.0,195.0
PREP00000343,20250104,ST003,PRD003,34,35,2450.0,175.0
PREP00000344,20250104,ST003,PRD004,49,49,3920.0,294.0
PREP00000345,20250104,ST003,PRD005,30,32,1120.0,64.0
PREP00000346,20250104,ST003,PRD006,42,43,3010.0,172.0
PREP00000347,20250104,ST003,PRD007,36,39,3120.0,195.0
PREP00000348,20250104,ST003,PRD008,40,42,2310.0,126.0
PREP00000349,20250104,ST003,PRD009,28,31,2945.0,186.0
PREP00000350,20250104,ST003,PRD010,17,18,1800.0,108.0
PREP00000351,20250104,ST003,PRD011,19,21,2940.0,168.0
PREP00000352,20250104,ST003,PRD012,35,34,6120.0,340.0
PREP00000353,20250104,ST003,PRD013,25,25,4000.0,225.0
PREP00000354,20250104,ST003,PRD014,23,24,2640.0,168.0
PREP00000355,20250104,ST003,PRD015,33,32,2080.0,160.0
PREP00000356,20250104,ST003,PRD016,14,15,1425.0,45.0
PREP00000357,20250104,ST003,PRD017,17,17,1870.0,51.0
PREP00000358,20250104,ST003,PRD018,13,13,780.0,26.0
PREP00000359,20250104,ST003,PRD019,11,11,385.0,22.0
PREP00000360,20250104,ST003,PRD020,17,17,935.0,51.0
PREP00000361,20250104,ST004,PRD001,36,39,1755.0,117.0
PREP00000362,20250104,ST004,PRD002,53,55,3575.0,275.0
PREP00000363,20250104,ST004,PRD003,75,82,5740.0,410.0
PREP00000364,20250104,ST004,PRD004,73,72,5760.0,432.0
PREP00000365,20250104,ST004,PRD005,68,72,2520.0,144.0
PREP00000366,20250104,ST004,PRD006,66,69,4830.0,276.0
PREP00000367,20250104,ST004,PRD007,56,55,4400.0,275.0
PREP00000368,20250104,ST004,PRD008,37,39,2145.0,117.0
PREP00000369,20250104,ST004,PRD009,30,29,2755.0,174.0
PREP00000370,20250104,ST004,PRD010,42,42,4200.0,252.0
PREP00000371,20250104,ST004,PRD011,34,37,5180.0,296.0
PREP00000372,20250104,ST004,PRD012,27,28,5040.0,280.0
PREP00000373,20250104,ST004,PRD013,52,57,9120.0,513.0
PREP00000374,20250104,ST004,PRD014,27,28,3080.0,196.0
PREP00000375,20250104,ST004,PRD015,43,43,2795.0,215.0
PREP00000376,20250104,ST004,PRD016,20,22,2090.0,66.0
PREP00000377,20250104,ST004,PRD017,13,13,1430.0,39.0
PREP00000378,20250104,ST004,PRD018,49,51,3060.0,102.0
PREP00000379,20250104,ST004,PRD019,34,34,1190.0,68.0
PREP00000380,20250104,ST004,PRD020,14,14,770.0,42.0
PREP00000381,20250104,ST005,PRD001,46,48,2160.0,144.0
PREP00000382,20250104,ST005,PRD002,59,58,3770.0,290.0
PREP00000383,20250104,ST005,PRD003,43,47,3290.0,235.0
PREP00000384,20250104,ST005,PRD004,60,63,5040.0,378.0
PREP00000385,20250104,ST005,PRD005,59,65,2275.0,130.0
PREP00000386,20250104,ST005,PRD006,46,45,3150.0,180.0
PREP00000387,20250104,ST005,PRD007,22,23,1840.0,115.0
PREP00000388,20250104,ST005,PRD008,35,34,1870.0,102.0
PREP00000389,20250104,ST005,PRD009,29,32,3040.0,192.0
PREP00000390,20250104,ST005,PRD010,32,31,3100.0,186.0
PREP00000391,20250104,ST005,PRD011,30,31,4340.0,248.0
PREP00000392,20250104,ST005,PRD012,34,35,6300.0,350.0
PREP00000393,20250104,ST005,PRD013,32,34,5440.0,306.0
PREP00000394,20250104,ST005,PRD014,21,21,2310.0,147.0
PREP00000395,20250104,ST005,PRD015,31,31,2015.0,155.0
PREP00000396,20250104,ST005,PRD016,15,15,1425.0,45.0
PREP00000397,20250104,ST005,PRD017,22,24,2640.0,72.0
PREP00000398,20250104,ST005,PRD018,19,20,1200.0,40.0
PREP00000399,20250104,ST005,PRD019,28,31,1085.0,62.0
PREP00000400,20250104,ST005,PRD020,24,26,1430.0,78.0
PREP00000401,20250105,ST001,PRD001,72,72,3240.0,216.0
PREP00000402,20250105,ST001,PRD002,57,63,4095.0,315.0
PREP00000403,20250105,ST001,PRD003,63,61,4270.0,305.0
PREP00000404,20250105,ST001,PRD004,83,83,6640.0,498.0
PREP00000405,20250105,ST001,PRD005,43,44,1540.0,88.0
PREP00000406,20250105,ST001,PRD006,46,46,3220.0,184.0
PREP00000407,20250105,ST001,PRD007,58,61,4880.0,305.0
PREP00000408,20250105,ST001,PRD008,60,59,3245.0,177.0
PREP00000409,20250105,ST001,PRD009,29,28,2660.0,168.0
PREP00000410,20250105,ST001,PRD010,25,26,2600.0,156.0
PREP00000411,20250105,ST001,PRD011,48,48,6720.0,384.0
PREP00000412,20250105,ST001,PRD012,50,54,9720.0,540.0
PREP00000413,20250105,ST001,PRD013,31,32,5120.0,288.0
PREP00000414,20250105,ST001,PRD014,22,23,2530.0,161.0
PREP00000415,20250105,ST001,PRD015,26,28,1820.0,140.0
PREP00000416,20250105,ST001,PRD016,25,25,2375.0,75.0
PREP00000417,20250105,ST001,PRD017,43,44,4840.0,132.0
PREP00000418,20250105,ST001,PRD018,24,24,1440.0,48.0
PREP00000419,20250105,ST001,PRD019,38,37,1295.0,74.0
PREP00000420,20250105,ST001,PRD020,42,46,2530.0,138.0
PREP00000421,20250105,ST002,PRD001,78,82,3690.0,246.0
PREP00000422,20250105,ST002,PRD002,65,70,4550.0,350.0
PREP00000423,20250105,ST002,PRD003,67,72,5040.0,360.0
PREP00000424,20250105,ST002,PRD004,72,72,5760.0,432.0
PREP00000425,20250105,ST002,PRD005,48,51,1785.0,102.0
PREP00000426,20250105,ST002,PRD006,66,63,4410.0,252.0
PREP00000427,20250105,ST002,PRD007,50,52,4160.0,260.0
PREP00000428,20250105,ST002,PRD008,68,75,4125.0,225.0
PREP00000429,20250105,ST002,PRD009,32,32,3040.0,192.0
PREP00000430,20250105,ST002,PRD010,16,17,1700.0,102.0
PREP00000431,20250105,ST002,PRD011,17,17,2380.0,136.0
PREP00000432,20250105,ST002,PRD012,30,33,5940.0,330.0
PREP00000433,20250105,ST002,PRD013,20,21,3360.0,189.0
PREP00000434,20250105,ST002,PRD014,23,23,2530.0,161.0
PREP00000435,20250105,ST002,PRD015,17,18,1170.0,90.0
PREP00000436,20250105,ST002,PRD016,16,17,1615.0,51.0
PREP00000437,20250105,ST002,PRD017,23,22,2420.0,66.0
PREP00000438,20250105,ST002,PRD018,17,18,1080.0,36.0
PREP00000439,20250105,ST002,PRD019,26,28,980.0,56.0
PREP00000440,20250105,ST002,PRD020,24,24,1320.0,72.0
PREP00000441,20250105,ST003,PRD001,39,39,1755.0,117.0
PREP00000442,20250105,ST003,PRD002,20,21,1365.0,105.0
PREP00000443,20250105,ST003,PRD003,46,48,3360.0,240.0
PREP00000444,20250105,ST003,PRD004,28,28,2240.0,168.0
PREP00000445,20250105,ST003,PRD005,23,24,840.0,48.0
PREP00000446,20250105,ST003,PRD006,21,21,1470.0,84.0
PREP00000447,20250105,ST003,PRD007,33,36,2880.0,180.0
PREP00000448,20250105,ST003,PRD008,33,33,1815.0,99.0
PREP00000449,20250105,ST003,PRD009,19,19,1805.0,114.0
PREP00000450,20250105,ST003,PRD010,27,28,2800.0,168.0
PREP00000451,20250105,ST003,PRD011,41,41,5740.0,328.0
PREP00000452,20250105,ST003,PRD012,31,33,5940.0,330.0
PREP00000453,20250105,ST003,PRD013,25,26,4160.0,234.0
PREP00000454,20250105,ST003,PRD014,18,19,2090.0,133.0
PREP00000455,20250105,ST003,PRD015,16,17,1105.0,85.0
PREP00000456,20250105,ST003,PRD016,19,21,1995.0,63.0
PREP00000457,20250105,ST003,PRD017,14,15,1650.0,45.0
PREP00000458,20250105,ST003,PRD018,11,11,660.0,22.0
PREP00000459,20250105,ST003,PRD019,23,24,840.0,48.0
PREP00000460,20250105,ST003,PRD020,17,18,990.0,54.0
PREP00000461,20250105,ST004,PRD001,104,112,5040.0,336.0
PREP00000462,20250105,ST004,PRD002,67,73,4745.0,365.0
PREP00000463,20250105,ST004,PRD003,59,59,4130.0,295.0
PREP00000464,20250105,ST004,PRD004,69,72,5760.0,432.0
PREP00000465,20250105,ST004,PRD005,123,119,4165.0,238.0
PREP00000466,20250105,ST004,PRD006,70,74,5180.0,296.0
PREP00000467,20250105,ST004,PRD007,44,43,3440.0,215.0
PREP00000468,20250105,ST004,PRD008,64,70,3850.0,210.0
PREP00000469,20250105,ST004,PRD009,21,23,2185.0,138.0
PREP00000470,20250105,ST004,PRD010,30,30,3000.0,180.0
PREP00000471,20250105,ST004,PRD011,46,47,6580.0,376.0
PREP00000472,20250105,ST004,PRD012,59,63,11340.0,630.0
PREP00000473,20250105,ST004,PRD013,31,30,4800.0,270.0
PREP00000474,20250105,ST004,PRD014,19,18,1980.0,126.0
PREP00000475,20250105,ST004,PRD015,67,72,4680.0,360.0
PREP00000476,20250105,ST004,PRD016,18,20,1900.0,60.0
PREP00000477,20250105,ST004,PRD017,32,34,3740.0,102.0
PREP00000478,20250105,ST004,PRD018,25,27,1620.0,54.0
PREP00000479,20250105,ST004,PRD019,21,22,770.0,44.0
PREP00000480,20250105,ST004,PRD020,33,35,1925.0,105.0
PREP00000481,20250105,ST005,PRD001,74,77,3465.0,231.0
PREP00000482,20250105,ST005,PRD002,57,62,4030.0,310.0
PREP00000483,20250105,ST005,PRD003,26,26,1820.0,130.0
PREP00000484,20250105,ST005,PRD004,66,71,5680.0,426.0
PREP00000485,20250105,ST005,PRD005,73,79,2765.0,158.0
PREP00000486,20250105,ST005,PRD006,31,30,2100.0,120.0
PREP00000487,20250105,ST005,PRD007,26,28,2240.0,140.0
PREP00000488,20250105,ST005,PRD008,51,52,2860.0,156.0
PREP00000489,20250105,ST005,PRD009,24,26,2470.0,156.0
PREP00000490,20250105,ST005,PRD010,15,15,1500.0,90.0
PREP00000491,20250105,ST005,PRD011,22,24,3360.0,192.0
PREP00000492,20250105,ST005,PRD012,21,21,3780.0,210.0
PREP00000493,20250105,ST005,PRD013,38,40,6400.0,360.0
PREP00000494,20250105,ST005,PRD014,45,46,5060.0,322.0
PREP00000495,20250105,ST005,PRD015,62,60,3900.0,300.0
PREP00000496,20250105,ST005,PRD016,25,24,2280.0,72.0
PREP00000497,20250105,ST005,PRD017,14,14,1540.0,42.0
PREP00000498,20250105,ST005,PRD018,31,30,1800.0,60.0
PREP00000499,20250105,ST005,PRD019,21,21,735.0,42.0
PREP00000500,20250105,ST005,PRD020,28,30,1650.0,90.0
PREP00000501,20250106,ST001,PRD001,69,73,3285.0,219.0
PREP00000502,20250106,ST001,PRD002,60,66,4290.0,330.0
PREP00000503,20250106,ST001,PRD003,66,67,4690.0,335.0
PREP00000504,20250106,ST001,PRD004,65,63,5040.0,378.0
PREP00000505,20250106,ST001,PRD005,68,69,2415.0,138.0
PREP00000506,20250106,ST001,PRD006,56,59,4130.0,236.0
PREP00000507,20250106,ST001,PRD007,61,58,4640.0,290.0
PREP00000508,20250106,ST001,PRD008,61,60,3300.0,180.0
PREP00000509,20250106,ST001,PRD009,22,23,2185.0,138.0
PREP00000510,20250106,ST001,PRD010,11,12,1200.0,72.0
PREP00000511,20250106,ST001,PRD011,27,27,3780.0,216.0
PREP00000512,20250106,ST001,PRD012,52,52,9360.0,520.0
PREP00000513,20250106,ST001,PRD013,39,42,6720.0,378.0
PREP00000514,20250106,ST001,PRD014,32,35,3850.0,245.0
PREP00000515,20250106,ST001,PRD015,38,37,2405.0,185.0
PREP00000516,20250106,ST001,PRD016,17,17,1615.0,51.0
PREP00000517,20250106,ST001,PRD017,23,22,2420.0,66.0
PREP00000518,20250106,ST001,PRD018,27,29,1740.0,58.0
PREP00000519,20250106,ST001,PRD019,26,26,910.0,52.0
PREP00000520,20250106,ST001,PRD020,26,25,1375.0,75.0
PREP00000521,20250106,ST002,PRD001,70,72,3240.0,216.0
PREP00000522,20250106,ST002,PRD002,44,45,2925.0,225.0
PREP00000523,20250106,ST002,PRD003,56,58,4060.0,290.0
PREP00000524,20250106,ST002,PRD004,21,22,1760.0,132.0
PREP00000525,20250106,ST002,PRD005,32,31,1085.0,62.0
PREP00000526,20250106,ST002,PRD006,35,38,2660.0,152.0
PREP00000527,20250106,ST002,PRD007,41,42,3360.0,210.0
PREP00000528,20250106,ST002,PRD008,36,35,1925.0,105.0
PREP00000529,20250106,ST002,PRD009,34,34,3230.0,204.0
PREP00000530,20250106,ST002,PRD010,24,25,2500.0,150.0
PREP00000531,20250106,ST002,PRD011,29,28,3920.0,224.0
PREP00000532,20250106,ST002,PRD012,28,29,5220.0,290.0
PREP00000533,20250106,ST002,PRD013,21,21,3360.0,189.0
PREP00000534,20250106,ST002,PRD014,33,34,3740.0,238.0
PREP00000535,20250106,ST002,PRD015,24,26,1690.0,130.0
PREP00000536,20250106,ST002,PRD016,16,16,1520.0,48.0
PREP00000537,20250106,ST002,PRD017,21,20,2200.0,60.0
PREP00000538,20250106,ST002,PRD018,25,27,1620.0,54.0
PREP00000539,20250106,ST002,PRD019,13,14,490.0,28.0
PREP00000540,20250106,ST002,PRD020,19,19,1045.0,57.0
PREP00000541,20250106,ST003,PRD001,36,35,1575.0,105.0
PREP00000542,20250106,ST003,PRD002,28,29,1885.0,145.0
PREP00000543,20250106,ST003,PRD003,38,37,2590.0,185.0
PREP00000544,20250106,ST003,PRD004,27,28,2240.0,168.0
PREP00000545,20250106,ST003,PRD005,43,42,1470.0,84.0
PREP00000546,20250106,ST003,PRD006,39,37,2590.0,148.0
PREP00000547,20250106,ST003,PRD007,50,48,3840.0,240.0
PREP00000548,20250106,ST003,PRD008,16,17,935.0,51.0
PREP00000549,20250106,ST003,PRD009,23,24,2280.0,144.0
PREP00000550,20250106,ST003,PRD010,13,13,1300.0,78.0
PREP00000551,20250106,ST003,PRD011,16,15,2100.0,120.0
PREP00000552,20250106,ST003,PRD012,15,16,2880.0,160.0
PREP00000553,20250106,ST003,PRD013,15,16,2560.0,144.0
PREP00000554,20250106,ST003,PRD014,19,21,2310.0,147.0
PREP00000555,20250106,ST003,PRD015,13,13,845.0,65.0
PREP00000556,20250106,ST003,PRD016,15,15,1425.0,45.0
PREP00000557,20250106,ST003,PRD017,14,14,1540.0,42.0
PREP00000558,20250106,ST003,PRD018,17,18,1080.0,36.0
PREP00000559,20250106,ST003,PRD019,14,15,525.0,30.0
PREP00000560,20250106,ST003,PRD020,13,14,770.0,42.0
PREP00000561,20250106,ST004,PRD001,58,64,2880.0,192.0
PREP00000562,20250106,ST004,PRD002,84,88,5720.0,440.0
PREP00000563,20250106,ST004,PRD003,81,77,5390.0,385.0
PREP00000564,20250106,ST004,PRD004,87,93,7440.0,558.0
PREP00000565,20250106,ST004,PRD005,69,67,2345.0,134.0
PREP00000566,20250106,ST004,PRD006,49,49,3430.0,196.0
PREP00000567,20250106,ST004,PRD007,42,40,3200.0,200.0
PREP00000568,20250106,ST004,PRD008,34,35,1925.0,105.0
PREP00000569,20250106,ST004,PRD009,20,19,1805.0,114.0
PREP00000570,20250106,ST004,PRD010,35,33,3300.0,198.0
PREP00000571,20250106,ST004,PRD011,20,20,2800.0,160.0
PREP00000572,20250106,ST004,PRD012,37,37,6660.0,370.0
PREP00000573,20250106,ST004,PRD013,28,30,4800.0,270.0
PREP00000574,20250106,ST004,PRD014,27,28,3080.0,196.0
PREP00000575,20250106,ST004,PRD015,24,23,1495.0,115.0
PREP00000576,20250106,ST004,PRD016,16,17,1615.0,51.0
PREP00000577,20250106,ST004,PRD017,32,32,3520.0,96.0
PREP00000578,20250106,ST004,PRD018,18,18,1080.0,36.0
PREP00000579,20250106,ST004,PRD019,26,26,910.0,52.0
PREP00000580,20250106,ST004,PRD020,20,19,1045.0,57.0
PREP00000581,20250106,ST005,PRD001,26,26,1170.0,78.0
PREP00000582,20250106,ST005,PRD002,45,46,2990.0,230.0
PREP00000583,20250106,ST005,PRD003,36,34,2380.0,170.0
PREP00000584,20250106,ST005,PRD004,63,66,5280.0,396.0
PREP00000585,20250106,ST005,PRD005,26,26,910.0,52.0
PREP00000586,20250106,ST005,PRD006,28,27,1890.0,108.0
PREP00000587,20250106,ST005,PRD007,26,26,2080.0,130.0
PREP00000588,20250106,ST005,PRD008,34,36,1980.0,108.0
PREP00000589,20250106,ST005,PRD009,17,17,1615.0,102.0
PREP00000590,20250106,ST005,PRD010,18,18,1800.0,108.0
PREP00000591,20250106,ST005,PRD011,19,20,2800.0,160.0
PREP00000592,20250106,ST005,PRD012,18,19,3420.0,190.0
PREP00000593,20250106,ST005,PRD013,24,23,3680.0,207.0
PREP00000594,20250106,ST005,PRD014,17,18,1980.0,126.0
PREP00000595,20250106,ST005,PRD015,30,31,2015.0,155.0
PREP00000596,20250106,ST005,PRD016,10,10,950.0,30.0
PREP00000597,20250106,ST005,PRD017,17,16,1760.0,48.0
PREP00000598,20250106,ST005,PRD018,18,19,1140.0,38.0
PREP00000599,20250106,ST005,PRD019,19,20,700.0,40.0
PREP00000600,20250106,ST005,PRD020,13,13,715.0,39.0
PREP00000601,20250107,ST001,PRD001,44,43,1935.0,129.0
PREP00000602,20250107,ST001,PRD002,43,44,2860.0,220.0
PREP00000603,20250107,ST001,PRD003,78,78,5460.0,390.0
PREP00000604,20250107,ST001,PRD004,46,46,3680.0,276.0
PREP00000605,20250107,ST001,PRD005,55,56,1960.0,112.0
PREP00000606,20250107,ST001,PRD006,35,36,2520.0,144.0
PREP00000607,20250107,ST001,PRD007,40,40,3200.0,200.0
PREP00000608,20250107,ST001,PRD008,72,77,4235.0,231.0
PREP00000609,20250107,ST001,PRD009,24,24,2280.0,144.0
PREP00000610,20250107,ST001,PRD010,25,24,2400.0,144.0
PREP00000611,20250107,ST001,PRD011,29,31,4340.0,248.0
PREP00000612,20250107,ST001,PRD012,33,32,5760.0,320.0
PREP00000613,20250107,ST001,PRD013,43,44,7040.0,396.0
PREP00000614,20250107,ST001,PRD014,39,41,4510.0,287.0
PREP00000615,20250107,ST001,PRD015,58,63,4095.0,315.0
PREP00000616,20250107,ST001,PRD016,13,14,1330.0,42.0
PREP00000617,20250107,ST001,PRD017,24,26,2860.0,78.0
PREP00000618,20250107,ST001,PRD018,26,25,1500.0,50.0
PREP00000619,20250107,ST001,PRD019,17,17,595.0,34.0
PREP00000620,20250107,ST001,PRD020,15,15,825.0,45.0
PREP00000621,20250107,ST002,PRD001,38,39,1755.0,117.0
PREP00000622,20250107,ST002,PRD002,32,33,2145.0,165.0
PREP00000623,20250107,ST002,PRD003,47,51,3570.0,255.0
PREP00000624,20250107,ST002,PRD004,36,39,3120.0,234.0
PREP00000625,20250107,ST002,PRD005,63,66,2310.0,132.0
PREP00000626,20250107,ST002,PRD006,28,29,2030.0,116.0
PREP00000627,20250107,ST002,PRD007,35,37,2960.0,185.0
PREP00000628,20250107,ST002,PRD008,53,54,2970.0,162.0
PREP00000629,20250107,ST002,PRD009,22,23,2185.0,138.0
PREP00000630,20250107,ST002,PRD010,10,10,1000.0,60.0
PREP00000631,20250107,ST002,PRD011,35,34,4760.0,272.0
PREP00000632,20250107,ST002,PRD012,22,24,4320.0,240.0
PREP00000633,20250107,ST002,PRD013,20,21,3360.0,189.0
PREP00000634,20250107,ST002,PRD014,34,33,3630.0,231.0
PREP00000635,20250107,ST002,PRD015,24,24,1560.0,120.0
PREP00000636,20250107,ST002,PRD016,11,11,1045.0,33.0
PREP00000637,20250107,ST002,PRD017,6,6,660.0,18.0
PREP00000638,20250107,ST002,PRD018,14,14,840.0,28.0
PREP00000639,20250107,ST002,PRD019,16,17,595.0,34.0
PREP00000640,20250107,ST002,PRD020,24,25,1375.0,75.0
PREP00000641,20250107,ST003,PRD001,44,42,1890.0,126.0
PREP00000642,20250107,ST003,PRD002,35,35,2275.0,175.0
PREP00000643,20250107,ST003,PRD003,41,43,3010.0,215.0
PREP00000644,20250107,ST003,PRD004,50,54,4320.0,324.0
PREP00000645,20250107,ST003,PRD005,42,44,1540.0,88.0
PREP00000646,20250107,ST003,PRD006,32,32,2240.0,128.0
PREP00000647,20250107,ST003,PRD007,43,45,3600.0,225.0
PREP00000648,20250107,ST003,PRD008,26,27,1485.0,81.0
PREP00000649,20250107,ST003,PRD009,13,13,1235.0,78.0
PREP00000650,20250107,ST003,PRD010,10,11,1100.0,66.0
PREP00000651,20250107,ST003,PRD011,31,33,4620.0,264.0
PREP00000652,20250107,ST003,PRD012,21,22,3960.0,220.0
PREP00000653,20250107,ST003,PRD013,19,20,3200.0,180.0
PREP00000654,20250107,ST003,PRD014,20,20,2200.0,140.0
PREP00000655,20250107,ST003,PRD015,21,21,1365.0,105.0
PREP00000656,20250107,ST003,PRD016,12,12,1140.0,36.0
PREP00000657,20250107,ST003,PRD017,17,17,1870.0,51.0
PREP00000658,20250107,ST003,PRD018,12,12,720.0,24.0
PREP00000659,20250107,ST003,PRD019,10,11,385.0,22.0
PREP00000660,20250107,ST003,PRD020,10,11,605.0,33.0
PREP00000661,20250107,ST004,PRD001,41,44,1980.0,132.0
PREP00000662,20250107,ST004,PRD002,58,58,3770.0,290.0
PREP00000663,20250107,ST004,PRD003,59,57,3990.0,285.0
PREP00000664,20250107,ST004,PRD004,39,38,3040.0,228.0
PREP00000665,20250107,ST004,PRD005,56,60,2100.0,120.0
PREP00000666,20250107,ST004,PRD006,39,38,2660.0,152.0
PREP00000667,20250107,ST004,PRD007,24,24,1920.0,120.0
PREP00000668,20250107,ST004,PRD008,39,38,2090.0,114.0
PREP00000669,20250107,ST004,PRD009,31,31,2945.0,186.0
PREP00000670,20250107,ST004,PRD010,24,24,2400.0,144.0
PREP00000671,20250107,ST004,PRD011,22,22,3080.0,176.0
PREP00000672,20250107,ST004,PRD012,28,29,5220.0,290.0
PREP00000673,20250107,ST004,PRD013,31,31,4960.0,279.0
PREP00000674,20250107,ST004,PRD014,45,49,5390.0,343.0
PREP00000675,20250107,ST004,PRD015,41,41,2665.0,205.0
PREP00000676,20250107,ST004,PRD016,21,22,2090.0,66.0
PREP00000677,20250107,ST004,PRD017,40,43,4730.0,129.0
PREP00000678,20250107,ST004,PRD018,20,19,1140.0,38.0
PREP00000679,20250107,ST004,PRD019,16,17,595.0,34.0
PREP00000680,20250107,ST004,PRD020,22,23,1265.0,69.0
PREP00000681,20250107,ST005,PRD001,43,46,2070.0,138.0
PREP00000682,20250107,ST005,PRD002,37,37,2405.0,185.0
PREP00000683,20250107,ST005,PRD003,69,68,4760.0,340.0
PREP00000684,20250107,ST005,PRD004,36,35,2800.0,210.0
PREP00000685,20250107,ST005,PRD005,42,46,1610.0,92.0
PREP00000686,20250107,ST005,PRD006,30,31,2170.0,124.0
PREP00000687,20250107,ST005,PRD007,37,35,2800.0,175.0
PREP00000688,20250107,ST005,PRD008,30,31,1705.0,93.0
PREP00000689,20250107,ST005,PRD009,23,25,2375.0,150.0
PREP00000690,20250107,ST005,PRD010,18,17,1700.0,102.0
PREP00000691,20250107,ST005,PRD011,20,22,3080.0,176.0
PREP00000692,20250107,ST005,PRD012,51,55,9900.0,550.0
PREP00000693,20250107,ST005,PRD013,27,27,4320.0,243.0
PREP00000694,20250107,ST005,PRD014,32,34,3740.0,238.0
PREP00000695,20250107,ST005,PRD015,23,24,1560.0,120.0
PREP00000696,20250107,ST005,PRD016,12,11,1045.0,33.0
PREP00000697,20250107,ST005,PRD017,9,9,990.0,27.0
PREP00000698,20250107,ST005,PRD018,18,19,1140.0,38.0
PREP00000699,20250107,ST005,PRD019,13,13,455.0,26.0
PREP00000700,20250107,ST005,PRD020,23,23,1265.0,69.0
PREP00000701,20250108,ST001,PRD001,58,56,2520.0,168.0
PREP00000702,20250108,ST001,PRD002,61,65,4225.0,325.0
PREP00000703,20250108,ST001,PRD003,84,81,5670.0,405.0
PREP00000704,20250108,ST001,PRD004,40,42,3360.0,252.0
PREP00000705,20250108,ST001,PRD005,52,53,1855.0,106.0
PREP00000706,20250108,ST001,PRD006,28,27,1890.0,108.0
PREP00000707,20250108,ST001,PRD007,23,24,1920.0,120.0
PREP00000708,20250108,ST001,PRD008,47,48,2640.0,144.0
PREP00000709,20250108,ST001,PRD009,54,52,4940.0,312.0
PREP00000710,20250108,ST001,PRD010,25,24,2400.0,144.0
PREP00000711,20250108,ST001,PRD011,43,44,6160.0,352.0
PREP00000712,20250108,ST001,PRD012,41,42,7560.0,420.0
PREP00000713,20250108,ST001,PRD013,34,35,5600.0,315.0
PREP00000714,20250108,ST001,PRD014,36,39,4290.0,273.0
PREP00000715,20250108,ST001,PRD015,39,37,2405.0,185.0
PREP00000716,20250108,ST001,PRD016,23,23,2185.0,69.0
PREP00000717,20250108,ST001,PRD017,17,18,1980.0,54.0
PREP00000718,20250108,ST001,PRD018,41,43,2580.0,86.0
PREP00000719,20250108,ST001,PRD019,29,28,980.0,56.0
PREP00000720,20250108,ST001,PRD020,16,17,935.0,51.0
PREP00000721,20250108,ST002,PRD001,24,26,1170.0,78.0
PREP00000722,20250108,ST002,PRD002,35,37,2405.0,185.0
PREP00000723,20250108,ST002,PRD003,60,64,4480.0,320.0
PREP00000724,20250108,ST002,PRD004,40,43,3440.0,258.0
PREP00000725,20250108,ST002,PRD005,27,27,945.0,54.0
PREP00000726,20250108,ST002,PRD006,33,32,2240.0,128.0
PREP00000727,20250108,ST002,PRD007,20,22,1760.0,110.0
PREP00000728,20250108,ST002,PRD008,39,43,2365.0,129.0
PREP00000729,20250108,ST002,PRD009,34,34,3230.0,204.0
PREP00000730,20250108,ST002,PRD010,16,16,1600.0,96.0
PREP00000731,20250108,ST002,PRD011,34,36,5040.0,288.0
PREP00000732,20250108,ST002,PRD012,24,24,4320.0,240.0
PREP00000733,20250108,ST002,PRD013,27,27,4320.0,243.0
PREP00000734,20250108,ST002,PRD014,40,42,4620.0,294.0
PREP00000735,20250108,ST002,PRD015,35,35,2275.0,175.0
PREP00000736,20250108,ST002,PRD016,24,25,2375.0,75.0
PREP00000737,20250108,ST002,PRD017,14,15,1650.0,45.0
PREP00000738,20250108,ST002,PRD018,21,22,1320.0,44.0
PREP00000739,20250108,ST002,PRD019,34,33,1155.0,66.0
PREP00000740,20250108,ST002,PRD020,12,13,715.0,39.0
PREP00000741,20250108,ST003,PRD001,36,36,1620.0,108.0
PREP00000742,20250108,ST003,PRD002,17,18,1170.0,90.0
PREP00000743,20250108,ST003,PRD003,40,42,2940.0,210.0
PREP00000744,20250108,ST003,PRD004,22,23,1840.0,138.0
PREP00000745,20250108,ST003,PRD005,40,38,1330.0,76.0
PREP00000746,20250108,ST003,PRD006,38,38,2660.0,152.0
PREP00000747,20250108,ST003,PRD007,44,44,3520.0,220.0
PREP00000748,20250108,ST003,PRD008,30,33,1815.0,99.0
PREP00000749,20250108,ST003,PRD009,18,19,1805.0,114.0
PREP00000750,20250108,ST003,PRD010,12,13,1300.0,78.0
PREP00000751,20250108,ST003,PRD011,22,24,3360.0,192.0
PREP00000752,20250108,ST003,PRD012,21,22,3960.0,220.0
PREP00000753,20250108,ST003,PRD013,22,21,3360.0,189.0
PREP00000754,20250108,ST003,PRD014,10,11,1210.0,77.0
PREP00000755,20250108,ST003,PRD015,15,15,975.0,75.0
PREP00000756,20250108,ST003,PRD016,15,16,1520.0,48.0
PREP00000757,20250108,ST003,PRD017,11,12,1320.0,36.0
PREP00000758,20250108,ST003,PRD018,13,14,840.0,28.0
PREP00000759,20250108,ST003,PRD019,14,14,490.0,28.0
PREP00000760,20250108,ST003,PRD020,20,21,1155.0,63.0
PREP00000761,20250108,ST004,PRD001,81,78,3510.0,234.0
PREP00000762,20250108,ST004,PRD002,86,88,5720.0,440.0
PREP00000763,20250108,ST004,PRD003,52,54,3780.0,270.0
PREP00000764,20250108,ST004,PRD004,78,77,6160.0,462.0
PREP00000765,20250108,ST004,PRD005,56,62,2170.0,124.0
PREP00000766,20250108,ST004,PRD006,65,71,4970.0,284.0
PREP00000767,20250108,ST004,PRD007,35,34,2720.0,170.0
PREP00000768,20250108,ST004,PRD008,48,49,2695.0,147.0
PREP00000769,20250108,ST004,PRD009,35,36,3420.0,216.0
PREP00000770,20250108,ST004,PRD010,19,20,2000.0,120.0
PREP00000771,20250108,ST004,PRD011,27,27,3780.0,216.0
PREP00000772,20250108,ST004,PRD012,31,30,5400.0,300.0
PREP00000773,20250108,ST004,PRD013,22,24,3840.0,216.0
PREP00000774,20250108,ST004,PRD014,24,25,2750.0,175.0
PREP00000775,20250108,ST004,PRD015,54,56,3640.0,280.0
PREP00000776,20250108,ST004,PRD016,22,23,2185.0,69.0
PREP00000777,20250108,ST004,PRD017,10,10,1100.0,30.0
PREP00000778,20250108,ST004,PRD018,19,20,1200.0,40.0
PREP00000779,20250108,ST004,PRD019,24,25,875.0,50.0
PREP00000780,20250108,ST004,PRD020,23,25,1375.0,75.0
PREP00000781,20250108,ST005,PRD001,75,78,3510.0,234.0
PREP00000782,20250108,ST005,PRD002,44,44,2860.0,220.0
PREP00000783,20250108,ST005,PRD003,62,66,4620.0,330.0
PREP00000784,20250108,ST005,PRD004,53,56,4480.0,336.0
PREP00000785,20250108,ST005,PRD005,31,30,1050.0,60.0
PREP00000786,20250108,ST005,PRD006,42,44,3080.0,176.0
PREP00000787,20250108,ST005,PRD007,43,45,3600.0,225.0
PREP00000788,20250108,ST005,PRD008,40,43,2365.0,129.0
PREP00000789,20250108,ST005,PRD009,17,18,1710.0,108.0
PREP00000790,20250108,ST005,PRD010,15,16,1600.0,96.0
PREP00000791,20250108,ST005,PRD011,18,20,2800.0,160.0
PREP00000792,20250108,ST005,PRD012,19,18,3240.0,180.0
PREP00000793,20250108,ST005,PRD013,28,27,4320.0,243.0
PREP00000794,20250108,ST005,PRD014,21,22,2420.0,154.0
PREP00000795,20250108,ST005,PRD015,36,39,2535.0,195.0
PREP00000796,20250108,ST005,PRD016,28,30,2850.0,90.0
PREP00000797,20250108,ST005,PRD017,14,15,1650.0,45.0
PREP00000798,20250108,ST005,PRD018,12,12,720.0,24.0
PREP00000799,20250108,ST005,PRD019,22,23,805.0,46.0
PREP00000800,20250108,ST005,PRD020,32,31,1705.0,93.0
PREP00000801,20250109,ST001,PRD001,108,105,4725.0,315.0
PREP00000802,20250109,ST001,PRD002,43,45,2925.0,225.0
PREP00000803,20250109,ST001,PRD003,31,33,2310.0,165.0
PREP00000804,20250109,ST001,PRD004,65,70,5600.0,420.0
PREP00000805,20250109,ST001,PRD005,53,51,1785.0,102.0
PREP00000806,20250109,ST001,PRD006,70,73,5110.0,292.0
PREP00000807,20250109,ST001,PRD007,40,43,3440.0,215.0
PREP00000808,20250109,ST001,PRD008,57,60,3300.0,180.0
PREP00000809,20250109,ST001,PRD009,20,21,1995.0,126.0
PREP00000810,20250109,ST001,PRD010,16,17,1700.0,102.0
PREP00000811,20250109,ST001,PRD011,26,28,3920.0,224.0
PREP00000812,20250109,ST001,PRD012,26,26,4680.0,260.0
PREP00000813,20250109,ST001,PRD013,23,22,3520.0,198.0
PREP00000814,20250109,ST001,PRD014,22,22,2420.0,154.0
PREP00000815,20250109,ST001,PRD015,28,29,1885.0,145.0
PREP00000816,20250109,ST001,PRD016,27,29,2755.0,87.0
PREP00000817,20250109,ST001,PRD017,14,15,1650.0,45.0
PREP00000818,20250109,ST001,PRD018,27,26,1560.0,52.0
PREP00000819,20250109,ST001,PRD019,15,16,560.0,32.0
PREP00000820,20250109,ST001,PRD020,18,18,990.0,54.0
PREP00000821,20250109,ST002,PRD001,41,40,1800.0,120.0
PREP00000822,20250109,ST002,PRD002,38,38,2470.0,190.0
PREP00000823,20250109,ST002,PRD003,68,71,4970.0,355.0
PREP00000824,20250109,ST002,PRD004,33,36,2880.0,216.0
PREP00000825,20250109,ST002,PRD005,40,40,1400.0,80.0
PREP00000826,20250109,ST002,PRD006,27,27,1890.0,108.0
PREP00000827,20250109,ST002,PRD007,51,52,4160.0,260.0
PREP00000828,20250109,ST002,PRD008,22,23,1265.0,69.0
PREP00000829,20250109,ST002,PRD009,13,12,1140.0,72.0
PREP00000830,20250109,ST002,PRD010,29,30,3000.0,180.0
PREP00000831,20250109,ST002,PRD011,26,26,3640.0,208.0
PREP00000832,20250109,ST002,PRD012,18,17,3060.0,170.0
PREP00000833,20250109,ST002,PRD013,20,22,3520.0,198.0
PREP00000834,20250109,ST002,PRD014,22,22,2420.0,154.0
PREP00000835,20250109,ST002,PRD015,32,34,2210.0,170.0
PREP00000836,20250109,ST002,PRD016,20,22,2090.0,66.0
PREP00000837,20250109,ST002,PRD017,11,12,1320.0,36.0
PREP00000838,20250109,ST002,PRD018,21,21,1260.0,42.0
PREP00000839,20250109,ST002,PRD019,20,20,700.0,40.0
PREP00000840,20250109,ST002,PRD020,16,15,825.0,45.0
PREP00000841,20250109,ST003,PRD001,17,18,810.0,54.0
PREP00000842,20250109,ST003,PRD002,28,31,2015.0,155.0
PREP00000843,20250109,ST003,PRD003,22,21,1470.0,105.0
PREP00000844,20250109,ST003,PRD004,29,29,2320.0,174.0
PREP00000845,20250109,ST003,PRD005,44,44,1540.0,88.0
PREP00000846,20250109,ST003,PRD006,21,22,1540.0,88.0
PREP00000847,20250109,ST003,PRD007,29,30,2400.0,150.0
PREP00000848,20250109,ST003,PRD008,30,29,1595.0,87.0
PREP00000849,20250109,ST003,PRD009,16,16,1520.0,96.0
PREP00000850,20250109,ST003,PRD010,20,20,2000.0,120.0
PREP00000851,20250109,ST003,PRD011,22,23,3220.0,184.0
PREP00000852,20250109,ST003,PRD012,20,21,3780.0,210.0
PREP00000853,20250109,ST003,PRD013,19,21,3360.0,189.0
PREP00000854,20250109,ST003,PRD014,24,24,2640.0,168.0
PREP00000855,20250109,ST003,PRD015,20,21,1365.0,105.0
PREP00000856,20250109,ST003,PRD016,15,16,1520.0,48.0
PREP00000857,20250109,ST003,PRD017,11,12,1320.0,36.0
PREP00000858,20250109,ST003,PRD018,13,14,840.0,28.0
PREP00000859,20250109,ST003,PRD019,25,26,910.0,52.0
PREP00000860,20250109,ST003,PRD020,21,22,1210.0,66.0
PREP00000861,20250109,ST004,PRD001,44,42,1890.0,126.0
PREP00000862,20250109,ST004,PRD002,75,82,5330.0,410.0
PREP00000863,20250109,ST004,PRD003,70,75,5250.0,375.0
PREP00000864,20250109,ST004,PRD004,31,33,2640.0,198.0
PREP00000865,20250109,ST004,PRD005,94,92,3220.0,184.0
PREP00000866,20250109,ST004,PRD006,64,67,4690.0,268.0
PREP00000867,20250109,ST004,PRD007,43,42,3360.0,210.0
PREP00000868,20250109,ST004,PRD008,31,30,1650.0,90.0
PREP00000869,20250109,ST004,PRD009,42,41,3895.0,246.0
PREP00000870,20250109,ST004,PRD010,26,26,2600.0,156.0
PREP00000871,20250109,ST004,PRD011,19,20,2800.0,160.0
PREP00000872,20250109,ST004,PRD012,23,25,4500.0,250.0
PREP00000873,20250109,ST004,PRD013,35,38,6080.0,342.0
PREP00000874,20250109,ST004,PRD014,34,33,3630.0,231.0
PREP00000875,20250109,ST004,PRD015,17,17,1105.0,85.0
PREP00000876,20250109,ST004,PRD016,22,23,2185.0,69.0
PREP00000877,20250109,ST004,PRD017,22,22,2420.0,66.0
PREP00000878,20250109,ST004,PRD018,17,18,1080.0,36.0
PREP00000879,20250109,ST004,PRD019,19,19,665.0,38.0
PREP00000880,20250109,ST004,PRD020,36,38,2090.0,114.0
PREP00000881,20250109,ST005,PRD001,45,47,2115.0,141.0
PREP00000882,20250109,ST005,PRD002,48,47,3055.0,235.0
PREP00000883,20250109,ST005,PRD003,28,29,2030.0,145.0
PREP00000884,20250109,ST005,PRD004,59,65,5200.0,390.0
PREP00000885,20250109,ST005,PRD005,39,39,1365.0,78.0
PREP00000886,20250109,ST005,PRD006,17,18,1260.0,72.0
PREP00000887,20250109,ST005,PRD007,42,42,3360.0,210.0
PREP00000888,20250109,ST005,PRD008,45,48,2640.0,144.0
PREP00000889,20250109,ST005,PRD009,17,16,1520.0,96.0
PREP00000890,20250109,ST005,PRD010,20,20,2000.0,120.0
PREP00000891,20250109,ST005,PRD011,22,24,3360.0,192.0
PREP00000892,20250109,ST005,PRD012,43,46,8280.0,460.0
PREP00000893,20250109,ST005,PRD013,21,21,3360.0,189.0
PREP00000894,20250109,ST005,PRD014,31,31,3410.0,217.0
PREP00000895,20250109,ST005,PRD015,22,22,1430.0,110.0
PREP00000896,20250109,ST005,PRD016,15,15,1425.0,45.0
PREP00000897,20250109,ST005,PRD017,20,22,2420.0,66.0
PREP00000898,20250109,ST005,PRD018,12,12,720.0,24.0
PREP00000899,20250109,ST005,PRD019,9,9,315.0,18.0
PREP00000900,20250109,ST005,PRD020,19,20,1100.0,60.0
PREP00000901,20250110,ST001,PRD001,63,66,2970.0,198.0
PREP00000902,20250110,ST001,PRD002,62,63,4095.0,315.0
PREP00000903,20250110,ST001,PRD003,68,66,4620.0,330.0
PREP00000904,20250110,ST001,PRD004,76,72,5760.0,432.0
PREP00000905,20250110,ST001,PRD005,42,46,1610.0,92.0
PREP00000906,20250110,ST001,PRD006,49,53,3710.0,212.0
PREP00000907,20250110,ST001,PRD007,60,61,4880.0,305.0
PREP00000908,20250110,ST001,PRD008,34,37,2035.0,111.0
PREP00000909,20250110,ST001,PRD009,37,39,3705.0,234.0
PREP00000910,20250110,ST001,PRD010,23,22,2200.0,132.0
PREP00000911,20250110,ST001,PRD011,26,27,3780.0,216.0
PREP00000912,20250110,ST001,PRD012,28,31,5580.0,310.0
PREP00000913,20250110,ST001,PRD013,32,31,4960.0,279.0
PREP00000914,20250110,ST001,PRD014,49,48,5280.0,336.0
PREP00000915,20250110,ST001,PRD015,29,32,2080.0,160.0
PREP00000916,20250110,ST001,PRD016,22,23,2185.0,69.0
PREP00000917,20250110,ST001,PRD017,29,32,3520.0,96.0
PREP00000918,20250110,ST001,PRD018,24,26,1560.0,52.0
PREP00000919,20250110,ST001,PRD019,23,24,840.0,48.0
PREP00000920,20250110,ST001,PRD020,24,26,1430.0,78.0
PREP00000921,20250110,ST002,PRD001,48,53,2385.0,159.0
PREP00000922,20250110,ST002,PRD002,44,45,2925.0,225.0
PREP00000923,20250110,ST002,PRD003,58,63,4410.0,315.0
PREP00000924,20250110,ST002,PRD004,59,58,4640.0,348.0
PREP00000925,20250110,ST002,PRD005,30,29,1015.0,58.0
PREP00000926,20250110,ST002,PRD006,40,40,2800.0,160.0
PREP00000927,20250110,ST002,PRD007,31,33,2640.0,165.0
PREP00000928,20250110,ST002,PRD008,31,32,1760.0,96.0
PREP00000929,20250110,ST002,PRD009,27,26,2470.0,156.0
PREP00000930,20250110,ST002,PRD010,29,31,3100.0,186.0
PREP00000931,20250110,ST002,PRD011,19,20,2800.0,160.0
PREP00000932,20250110,ST002,PRD012,22,23,4140.0,230.0
PREP00000933,20250110,ST002,PRD013,20,19,3040.0,171.0
PREP00000934,20250110,ST002,PRD014,25,25,2750.0,175.0
PREP00000935,20250110,ST002,PRD015,39,38,2470.0,190.0
PREP00000936,20250110,ST002,PRD016,29,32,3040.0,96.0
PREP00000937,20250110,ST002,PRD017,14,15,1650.0,45.0
PREP00000938,20250110,ST002,PRD018,23,24,1440.0,48.0
PREP00000939,20250110,ST002,PRD019,17,16,560.0,32.0
PREP00000940,20250110,ST002,PRD020,10,10,550.0,30.0
PREP00000941,20250110,ST003,PRD001,36,37,1665.0,111.0
PREP00000942,20250110,ST003,PRD002,22,23,1495.0,115.0
PREP00000943,20250110,ST003,PRD003,25,24,1680.0,120.0
PREP00000944,20250110,ST003,PRD004,45,45,3600.0,270.0
PREP00000945,20250110,ST003,PRD005,22,22,770.0,44.0
PREP00000946,20250110,ST003,PRD006,26,25,1750.0,100.0
PREP00000947,20250110,ST003,PRD007,30,31,2480.0,155.0
PREP00000948,20250110,ST003,PRD008,24,25,1375.0,75.0
PREP00000949,20250110,ST003,PRD009,17,18,1710.0,108.0
PREP00000950,20250110,ST003,PRD010,10,10,1000.0,60.0
PREP00000951,20250110,ST003,PRD011,19,20,2800.0,160.0
PREP00000952,20250110,ST003,PRD012,19,18,3240.0,180.0
PREP00000953,20250110,ST003,PRD013,14,15,2400.0,135.0
PREP00000954,20250110,ST003,PRD014,22,23,2530.0,161.0
PREP00000955,20250110,ST003,PRD015,23,24,1560.0,120.0
PREP00000956,20250110,ST003,PRD016,12,12,1140.0,36.0
PREP00000957,20250110,ST003,PRD017,7,7,770.0,21.0
PREP00000958,20250110,ST003,PRD018,7,7,420.0,14.0
PREP00000959,20250110,ST003,PRD019,13,13,455.0,26.0
PREP00000960,20250110,ST003,PRD020,14,14,770.0,42.0
PREP00000961,20250110,ST004,PRD001,53,54,2430.0,162.0
PREP00000962,20250110,ST004,PRD002,60,61,3965.0,305.0
PREP00000963,20250110,ST004,PRD003,33,34,2380.0,170.0
PREP00000964,20250110,ST004,PRD004,54,57,4560.0,342.0
PREP00000965,20250110,ST004,PRD005,44,47,1645.0,94.0
PREP00000966,20250110,ST004,PRD006,57,59,4130.0,236.0
PREP00000967,20250110,ST004,PRD007,33,33,2640.0,165.0
PREP00000968,20250110,ST004,PRD008,53,58,3190.0,174.0
PREP00000969,20250110,ST004,PRD009,33,32,3040.0,192.0
PREP00000970,20250110,ST004,PRD010,46,44,4400.0,264.0
PREP00000971,20250110,ST004,PRD011,30,32,4480.0,256.0
PREP00000972,20250110,ST004,PRD012,71,78,14040.0,780.0
PREP00000973,20250110,ST004,PRD013,48,49,7840.0,441.0
PREP00000974,20250110,ST004,PRD014,22,22,2420.0,154.0
PREP00000975,20250110,ST004,PRD015,37,40,2600.0,200.0
PREP00000976,20250110,ST004,PRD016,12,13,1235.0,39.0
PREP00000977,20250110,ST004,PRD017,25,26,2860.0,78.0
PREP00000978,20250110,ST004,PRD018,33,33,1980.0,66.0
PREP00000979,20250110,ST004,PRD019,33,34,1190.0,68.0
PREP00000980,20250110,ST004,PRD020,35,37,2035.0,111.0
PREP00000981,20250110,ST005,PRD001,44,42,1890.0,126.0
PREP00000982,20250110,ST005,PRD002,45,45,2925.0,225.0
PREP00000983,20250110,ST005,PRD003,43,44,3080.0,220.0
PREP00000984,20250110,ST005,PRD004,53,57,4560.0,342.0
PREP00000985,20250110,ST005,PRD005,43,43,1505.0,86.0
PREP00000986,20250110,ST005,PRD006,30,33,2310.0,132.0
PREP00000987,20250110,ST005,PRD007,32,31,2480.0,155.0
PREP00000988,20250110,ST005,PRD008,34,34,1870.0,102.0
PREP00000989,20250110,ST005,PRD009,22,24,2280.0,144.0
PREP00000990,20250110,ST005,PRD010,16,16,1600.0,96.0
PREP00000991,20250110,ST005,PRD011,24,23,3220.0,184.0
PREP00000992,20250110,ST005,PRD012,33,35,6300.0,350.0
PREP00000993,20250110,ST005,PRD013,18,19,3040.0,171.0
PREP00000994,20250110,ST005,PRD014,25,25,2750.0,175.0
PREP00000995,20250110,ST005,PRD015,14,15,975.0,75.0
PREP00000996,20250110,ST005,PRD016,7,7,665.0,21.0
PREP00000997,20250110,ST005,PRD017,25,27,2970.0,81.0
PREP00000998,20250110,ST005,PRD018,25,25,1500.0,50.0
PREP00000999,20250110,ST005,PRD019,24,25,875.0,50.0
PREP00001000,20250110,ST005,PRD020,21,21,1155.0,63.0
PREP00001001,20250111,ST001,PRD001,74,78,3510.0,234.0
PREP00001002,20250111,ST001,PRD002,56,56,3640.0,280.0
PREP00001003,20250111,ST001,PRD003,51,56,3920.0,280.0
PREP00001004,20250111,ST001,PRD004,59,64,5120.0,384.0
PREP00001005,20250111,ST001,PRD005,101,102,3570.0,204.0
PREP00001006,20250111,ST001,PRD006,78,85,5950.0,340.0
PREP00001007,20250111,ST001,PRD007,64,67,5360.0,335.0
PREP00001008,20250111,ST001,PRD008,51,51,2805.0,153.0
PREP00001009,20250111,ST001,PRD009,38,37,3515.0,222.0
PREP00001010,20250111,ST001,PRD010,39,41,4100.0,246.0
PREP00001011,20250111,ST001,PRD011,41,44,6160.0,352.0
PREP00001012,20250111,ST001,PRD012,27,29,5220.0,290.0
PREP00001013,20250111,ST001,PRD013,61,66,10560.0,594.0
PREP00001014,20250111,ST001,PRD014,20,22,2420.0,154.0
PREP00001015,20250111,ST001,PRD015,60,58,3770.0,290.0
PREP00001016,20250111,ST001,PRD016,22,22,2090.0,66.0
PREP00001017,20250111,ST001,PRD017,32,35,3850.0,105.0
PREP00001018,20250111,ST001,PRD018,26,25,1500.0,50.0
PREP00001019,20250111,ST001,PRD019,27,26,910.0,52.0
PREP00001020,20250111,ST001,PRD020,20,21,1155.0,63.0
PREP00001021,20250111,ST002,PRD001,77,83,3735.0,249.0
PREP00001022,20250111,ST002,PRD002,54,57,3705.0,285.0
PREP00001023,20250111,ST002,PRD003,58,60,4200.0,300.0
PREP00001024,20250111,ST002,PRD004,44,48,3840.0,288.0
PREP00001025,20250111,ST002,PRD005,52,57,1995.0,114.0
PREP00001026,20250111,ST002,PRD006,44,48,3360.0,192.0
PREP00001027,20250111,ST002,PRD007,48,46,3680.0,230.0
PREP00001028,20250111,ST002,PRD008,50,51,2805.0,153.0
PREP00001029,20250111,ST002,PRD009,25,26,2470.0,156.0
PREP00001030,20250111,ST002,PRD010,24,26,2600.0,156.0
PREP00001031,20250111,ST002,PRD011,42,45,6300.0,360.0
PREP00001032,20250111,ST002,PRD012,44,45,8100.0,450.0
PREP00001033,20250111,ST002,PRD013,39,39,6240.0,351.0
PREP00001034,20250111,ST002,PRD014,32,33,3630.0,231.0
PREP00001035,20250111,ST002,PRD015,21,23,1495.0,115.0
PREP00001036,20250111,ST002,PRD016,13,14,1330.0,42.0
PREP00001037,20250111,ST002,PRD017,15,15,1650.0,45.0
PREP00001038,20250111,ST002,PRD018,17,18,1080.0,36.0
PREP00001039,20250111,ST002,PRD019,11,11,385.0,22.0
PREP00001040,20250111,ST002,PRD020,21,23,1265.0,69.0
PREP00001041,20250111,ST003,PRD001,47,48,2160.0,144.0
PREP00001042,20250111,ST003,PRD002,26,26,1690.0,130.0
PREP00001043,20250111,ST003,PRD003,61,66,4620.0,330.0
PREP00001044,20250111,ST003,PRD004,27,28,2240.0,168.0
PREP00001045,20250111,ST003,PRD005,47,46,1610.0,92.0
PREP00001046,20250111,ST003,PRD006,33,36,2520.0,144.0
PREP00001047,20250111,ST003,PRD007,31,32,2560.0,160.0
PREP00001048,20250111,ST003,PRD008,25,27,1485.0,81.0
PREP00001049,20250111,ST003,PRD009,18,19,1805.0,114.0
PREP00001050,20250111,ST003,PRD010,14,15,1500.0,90.0
PREP00001051,20250111,ST003,PRD011,29,30,4200.0,240.0
PREP00001052,20250111,ST003,PRD012,30,29,5220.0,290.0
PREP00001053,20250111,ST003,PRD013,27,29,4640.0,261.0
PREP00001054,20250111,ST003,PRD014,21,22,2420.0,154.0
PREP00001055,20250111,ST003,PRD015,29,31,2015.0,155.0
PREP00001056,20250111,ST003,PRD016,11,12,1140.0,36.0
PREP00001057,20250111,ST003,PRD017,18,18,1980.0,54.0
PREP00001058,20250111,ST003,PRD018,14,15,900.0,30.0
PREP00001059,20250111,ST003,PRD019,25,26,910.0,52.0
PREP00001060,20250111,ST003,PRD020,20,20,1100.0,60.0
PREP00001061,20250111,ST004,PRD001,73,75,3375.0,225.0
PREP00001062,20250111,ST004,PRD002,87,90,5850.0,450.0
PREP00001063,20250111,ST004,PRD003,64,70,4900.0,350.0
PREP00001064,20250111,ST004,PRD004,41,44,3520.0,264.0
PREP00001065,20250111,ST004,PRD005,73,78,2730.0,156.0
PREP00001066,20250111,ST004,PRD006,67,65,4550.0,260.0
PREP00001067,20250111,ST004,PRD007,31,30,2400.0,150.0
PREP00001068,20250111,ST004,PRD008,67,69,3795.0,207.0
PREP00001069,20250111,ST004,PRD009,24,24,2280.0,144.0
PREP00001070,20250111,ST004,PRD010,26,26,2600.0,156.0
PREP00001071,20250111,ST004,PRD011,29,30,4200.0,240.0
PREP00001072,20250111,ST004,PRD012,83,82,14760.0,820.0
PREP00001073,20250111,ST004,PRD013,33,36,5760.0,324.0
PREP00001074,20250111,ST004,PRD014,38,41,4510.0,287.0
PREP00001075,20250111,ST004,PRD015,55,53,3445.0,265.0
PREP00001076,20250111,ST004,PRD016,20,21,1995.0,63.0
PREP00001077,20250111,ST004,PRD017,20,19,2090.0,57.0
PREP00001078,20250111,ST004,PRD018,21,22,1320.0,44.0
PREP00001079,20250111,ST004,PRD019,17,18,630.0,36.0
PREP00001080,20250111,ST004,PRD020,22,24,1320.0,72.0
PREP00001081,20250111,ST005,PRD001,49,50,2250.0,150.0
PREP00001082,20250111,ST005,PRD002,49,48,3120.0,240.0
PREP00001083,20250111,ST005,PRD003,60,65,4550.0,325.0
PREP00001084,20250111,ST005,PRD004,58,56,4480.0,336.0
PREP00001085,20250111,ST005,PRD005,62,68,2380.0,136.0
PREP00001086,20250111,ST005,PRD006,57,59,4130.0,236.0
PREP00001087,20250111,ST005,PRD007,22,24,1920.0,120.0
PREP00001088,20250111,ST005,PRD008,32,35,1925.0,105.0
PREP00001089,20250111,ST005,PRD009,21,22,2090.0,132.0
PREP00001090,20250111,ST005,PRD010,24,24,2400.0,144.0
PREP00001091,20250111,ST005,PRD011,26,25,3500.0,200.0
PREP00001092,20250111,ST005,PRD012,40,43,7740.0,430.0
PREP00001093,20250111,ST005,PRD013,27,29,4640.0,261.0
PREP00001094,20250111,ST005,PRD014,21,22,2420.0,154.0
PREP00001095,20250111,ST005,PRD015,31,34,2210.0,170.0
PREP00001096,20250111,ST005,PRD016,24,25,2375.0,75.0
PREP00001097,20250111,ST005,PRD017,22,21,2310.0,63.0
PREP00001098,20250111,ST005,PRD018,20,22,1320.0,44.0
PREP00001099,20250111,ST005,PRD019,24,26,910.0,52.0
PREP00001100,20250111,ST005,PRD020,32,32,1760.0,96.0
PREP00001101,20250112,ST001,PRD001,61,58,2610.0,174.0
PREP00001102,20250112,ST001,PRD002,86,95,6175.0,475.0
PREP00001103,20250112,ST001,PRD003,99,99,6930.0,495.0
PREP00001104,20250112,ST001,PRD004,86,87,6960.0,522.0
PREP00001105,20250112,ST001,PRD005,63,66,2310.0,132.0
PREP00001106,20250112,ST001,PRD006,65,68,4760.0,272.0
PREP00001107,20250112,ST001,PRD007,58,61,4880.0,305.0
PREP00001108,20250112,ST001,PRD008,46,45,2475.0,135.0
PREP00001109,20250112,ST001,PRD009,34,36,3420.0,216.0
PREP00001110,20250112,ST001,PRD010,60,60,6000.0,360.0
PREP00001111,20250112,ST001,PRD011,45,43,6020.0,344.0
PREP00001112,20250112,ST001,PRD012,29,29,5220.0,290.0
PREP00001113,20250112,ST001,PRD013,29,28,4480.0,252.0
PREP00001114,20250112,ST001,PRD014,28,28,3080.0,196.0
PREP00001115,20250112,ST001,PRD015,42,42,2730.0,210.0
PREP00001116,20250112,ST001,PRD016,9,9,855.0,27.0
PREP00001117,20250112,ST001,PRD017,18,19,2090.0,57.0
PREP00001118,20250112,ST001,PRD018,48,48,2880.0,96.0
PREP00001119,20250112,ST001,PRD019,19,19,665.0,38.0
PREP00001120,20250112,ST001,PRD020,28,30,1650.0,90.0
PREP00001121,20250112,ST002,PRD001,58,64,2880.0,192.0
PREP00001122,20250112,ST002,PRD002,57,56,3640.0,280.0
PREP00001123,20250112,ST002,PRD003,37,36,2520.0,180.0
PREP00001124,20250112,ST002,PRD004,53,54,4320.0,324.0
PREP00001125,20250112,ST002,PRD005,33,34,1190.0,68.0
PREP00001126,20250112,ST002,PRD006,31,32,2240.0,128.0
PREP00001127,20250112,ST002,PRD007,24,24,1920.0,120.0
PREP00001128,20250112,ST002,PRD008,33,34,1870.0,102.0
PREP00001129,20250112,ST002,PRD009,37,36,3420.0,216.0
PREP00001130,20250112,ST002,PRD010,29,29,2900.0,174.0
PREP00001131,20250112,ST002,PRD011,43,43,6020.0,344.0
PREP00001132,20250112,ST002,PRD012,37,40,7200.0,400.0
PREP00001133,20250112,ST002,PRD013,34,34,5440.0,306.0
PREP00001134,20250112,ST002,PRD014,19,20,2200.0,140.0
PREP00001135,20250112,ST002,PRD015,25,24,1560.0,120.0
PREP00001136,20250112,ST002,PRD016,21,23,2185.0,69.0
PREP00001137,20250112,ST002,PRD017,8,8,880.0,24.0
PREP00001138,20250112,ST002,PRD018,33,36,2160.0,72.0
PREP00001139,20250112,ST002,PRD019,15,16,560.0,32.0
PREP00001140,20250112,ST002,PRD020,27,28,1540.0,84.0
PREP00001141,20250112,ST003,PRD001,49,49,2205.0,147.0
PREP00001142,20250112,ST003,PRD002,39,39,2535.0,195.0
PREP00001143,20250112,ST003,PRD003,24,25,1750.0,125.0
PREP00001144,20250112,ST003,PRD004,47,48,3840.0,288.0
PREP00001145,20250112,ST003,PRD005,52,54,1890.0,108.0
PREP00001146,20250112,ST003,PRD006,34,35,2450.0,140.0
PREP00001147,20250112,ST003,PRD007,43,44,3520.0,220.0
PREP00001148,20250112,ST003,PRD008,37,39,2145.0,117.0
PREP00001149,20250112,ST003,PRD009,22,24,2280.0,144.0
PREP00001150,20250112,ST003,PRD010,28,29,2900.0,174.0
PREP00001151,20250112,ST003,PRD011,28,28,3920.0,224.0
PREP00001152,20250112,ST003,PRD012,23,24,4320.0,240.0
PREP00001153,20250112,ST003,PRD013,41,39,6240.0,351.0
PREP00001154,20250112,ST003,PRD014,14,14,1540.0,98.0
PREP00001155,20250112,ST003,PRD015,18,18,1170.0,90.0
PREP00001156,20250112,ST003,PRD016,21,22,2090.0,66.0
PREP00001157,20250112,ST003,PRD017,15,16,1760.0,48.0
PREP00001158,20250112,ST003,PRD018,14,15,900.0,30.0
PREP00001159,20250112,ST003,PRD019,17,18,630.0,36.0
PREP00001160,20250112,ST003,PRD020,17,18,990.0,54.0
PREP00001161,20250112,ST004,PRD001,62,62,2790.0,186.0
PREP00001162,20250112,ST004,PRD002,94,90,5850.0,450.0
PREP00001163,20250112,ST004,PRD003,65,68,4760.0,340.0
PREP00001164,20250112,ST004,PRD004,88,94,7520.0,564.0
PREP00001165,20250112,ST004,PRD005,66,67,2345.0,134.0
PREP00001166,20250112,ST004,PRD006,44,44,3080.0,176.0
PREP00001167,20250112,ST004,PRD007,69,71,5680.0,355.0
PREP00001168,20250112,ST004,PRD008,45,47,2585.0,141.0
PREP00001169,20250112,ST004,PRD009,33,33,3135.0,198.0
PREP00001170,20250112,ST004,PRD010,28,29,2900.0,174.0
PREP00001171,20250112,ST004,PRD011,46,46,6440.0,368.0
PREP00001172,20250112,ST004,PRD012,45,43,7740.0,430.0
PREP00001173,20250112,ST004,PRD013,30,33,5280.0,297.0
PREP00001174,20250112,ST004,PRD014,26,28,3080.0,196.0
PREP00001175,20250112,ST004,PRD015,33,33,2145.0,165.0
PREP00001176,20250112,ST004,PRD016,28,27,2565.0,81.0
PREP00001177,20250112,ST004,PRD017,16,16,1760.0,48.0
PREP00001178,20250112,ST004,PRD018,40,42,2520.0,84.0
PREP00001179,20250112,ST004,PRD019,16,16,560.0,32.0
PREP00001180,20250112,ST004,PRD020,16,15,825.0,45.0
PREP00001181,20250112,ST005,PRD001,43,45,2025.0,135.0
PREP00001182,20250112,ST005,PRD002,90,88,5720.0,440.0
PREP00001183,20250112,ST005,PRD003,60,59,4130.0,295.0
PREP00001184,20250112,ST005,PRD004,38,37,2960.0,222.0
PREP00001185,20250112,ST005,PRD005,41,45,1575.0,90.0
PREP00001186,20250112,ST005,PRD006,36,36,2520.0,144.0
PREP00001187,20250112,ST005,PRD007,39,41,3280.0,205.0
PREP00001188,20250112,ST005,PRD008,32,31,1705.0,93.0
PREP00001189,20250112,ST005,PRD009,32,31,2945.0,186.0
PREP00001190,20250112,ST005,PRD010,15,15,1500.0,90.0
PREP00001191,20250112,ST005,PRD011,22,22,3080.0,176.0
PREP00001192,20250112,ST005,PRD012,38,41,7380.0,410.0
PREP00001193,20250112,ST005,PRD013,35,34,5440.0,306.0
PREP00001194,20250112,ST005,PRD014,54,53,5830.0,371.0
PREP00001195,20250112,ST005,PRD015,28,29,1885.0,145.0
PREP00001196,20250112,ST005,PRD016,21,23,2185.0,69.0
PREP00001197,20250112,ST005,PRD017,29,30,3300.0,90.0
PREP00001198,20250112,ST005,PRD018,20,21,1260.0,42.0
PREP00001199,20250112,ST005,PRD019,39,39,1365.0,78.0
PREP00001200,20250112,ST005,PRD020,26,27,1485.0,81.0
PREP00001201,20250113,ST001,PRD001,69,73,3285.0,219.0
PREP00001202,20250113,ST001,PRD002,59,61,3965.0,305.0
PREP00001203,20250113,ST001,PRD003,41,40,2800.0,200.0
PREP00001204,20250113,ST001,PRD004,37,37,2960.0,222.0
PREP00001205,20250113,ST001,PRD005,55,58,2030.0,116.0
PREP00001206,20250113,ST001,PRD006,53,54,3780.0,216.0
PREP00001207,20250113,ST001,PRD007,28,28,2240.0,140.0
PREP00001208,20250113,ST001,PRD008,43,45,2475.0,135.0
PREP00001209,20250113,ST001,PRD009,28,29,2755.0,174.0
PREP00001210,20250113,ST001,PRD010,21,22,2200.0,132.0
PREP00001211,20250113,ST001,PRD011,28,27,3780.0,216.0
PREP00001212,20250113,ST001,PRD012,47,48,8640.0,480.0
PREP00001213,20250113,ST001,PRD013,21,21,3360.0,189.0
PREP00001214,20250113,ST001,PRD014,31,30,3300.0,210.0
PREP00001215,20250113,ST001,PRD015,41,45,2925.0,225.0
PREP00001216,20250113,ST001,PRD016,24,25,2375.0,75.0
PREP00001217,20250113,ST001,PRD017,21,21,2310.0,63.0
PREP00001218,20250113,ST001,PRD018,36,37,2220.0,74.0
PREP00001219,20250113,ST001,PRD019,26,25,875.0,50.0
PREP00001220,20250113,ST001,PRD020,35,35,1925.0,105.0
PREP00001221,20250113,ST002,PRD001,22,23,1035.0,69.0
PREP00001222,20250113,ST002,PRD002,43,44,2860.0,220.0
PREP00001223,20250113,ST002,PRD003,31,33,2310.0,165.0
PREP00001224,20250113,ST002,PRD004,62,60,4800.0,360.0
PREP00001225,20250113,ST002,PRD005,33,35,1225.0,70.0
PREP00001226,20250113,ST002,PRD006,42,42,2940.0,168.0
PREP00001227,20250113,ST002,PRD007,45,43,3440.0,215.0
PREP00001228,20250113,ST002,PRD008,33,34,1870.0,102.0
PREP00001229,20250113,ST002,PRD009,25,24,2280.0,144.0
PREP00001230,20250113,ST002,PRD010,19,20,2000.0,120.0
PREP00001231,20250113,ST002,PRD011,22,24,3360.0,192.0
PREP00001232,20250113,ST002,PRD012,12,12,2160.0,120.0
PREP00001233,20250113,ST002,PRD013,24,24,3840.0,216.0
PREP00001234,20250113,ST002,PRD014,35,37,4070.0,259.0
PREP00001235,20250113,ST002,PRD015,22,24,1560.0,120.0
PREP00001236,20250113,ST002,PRD016,10,10,950.0,30.0
PREP00001237,20250113,ST002,PRD017,16,17,1870.0,51.0
PREP00001238,20250113,ST002,PRD018,10,10,600.0,20.0
PREP00001239,20250113,ST002,PRD019,24,24,840.0,48.0
PREP00001240,20250113,ST002,PRD020,22,22,1210.0,66.0
PREP00001241,20250113,ST003,PRD001,38,39,1755.0,117.0
PREP00001242,20250113,ST003,PRD002,18,19,1235.0,95.0
PREP00001243,20250113,ST003,PRD003,50,50,3500.0,250.0
PREP00001244,20250113,ST003,PRD004,54,59,4720.0,354.0
PREP00001245,20250113,ST003,PRD005,46,44,1540.0,88.0
PREP00001246,20250113,ST003,PRD006,33,35,2450.0,140.0
PREP00001247,20250113,ST003,PRD007,26,29,2320.0,145.0
PREP00001248,20250113,ST003,PRD008,26,25,1375.0,75.0
PREP00001249,20250113,ST003,PRD009,11,11,1045.0,66.0
PREP00001250,20250113,ST003,PRD010,10,11,1100.0,66.0
PREP00001251,20250113,ST003,PRD011,14,15,2100.0,120.0
PREP00001252,20250113,ST003,PRD012,27,28,5040.0,280.0
PREP00001253,20250113,ST003,PRD013,22,22,3520.0,198.0
PREP00001254,20250113,ST003,PRD014,21,22,2420.0,154.0
PREP00001255,20250113,ST003,PRD015,31,30,1950.0,150.0
PREP00001256,20250113,ST003,PRD016,12,12,1140.0,36.0
PREP00001257,20250113,ST003,PRD017,23,23,2530.0,69.0
PREP00001258,20250113,ST003,PRD018,14,14,840.0,28.0
PREP00001259,20250113,ST003,PRD019,9,10,350.0,20.0
PREP00001260,20250113,ST003,PRD020,13,14,770.0,42.0
PREP00001261,20250113,ST004,PRD001,53,56,2520.0,168.0
PREP00001262,20250113,ST004,PRD002,68,65,4225.0,325.0
PREP00001263,20250113,ST004,PRD003,65,64,4480.0,320.0
PREP00001264,20250113,ST004,PRD004,35,34,2720.0,204.0
PREP00001265,20250113,ST004,PRD005,86,92,3220.0,184.0
PREP00001266,20250113,ST004,PRD006,45,47,3290.0,188.0
PREP00001267,20250113,ST004,PRD007,76,78,6240.0,390.0
PREP00001268,20250113,ST004,PRD008,36,38,2090.0,114.0
PREP00001269,20250113,ST004,PRD009,25,24,2280.0,144.0
PREP00001270,20250113,ST004,PRD010,35,36,3600.0,216.0
PREP00001271,20250113,ST004,PRD011,18,19,2660.0,152.0
PREP00001272,20250113,ST004,PRD012,40,38,6840.0,380.0
PREP00001273,20250113,ST004,PRD013,37,36,5760.0,324.0
PREP00001274,20250113,ST004,PRD014,21,20,2200.0,140.0
PREP00001275,20250113,ST004,PRD015,49,48,3120.0,240.0
PREP00001276,20250113,ST004,PRD016,23,23,2185.0,69.0
PREP00001277,20250113,ST004,PRD017,38,38,4180.0,114.0
PREP00001278,20250113,ST004,PRD018,31,34,2040.0,68.0
PREP00001279,20250113,ST004,PRD019,23,23,805.0,46.0
PREP00001280,20250113,ST004,PRD020,14,15,825.0,45.0
PREP00001281,20250113,ST005,PRD001,58,61,2745.0,183.0
PREP00001282,20250113,ST005,PRD002,49,47,3055.0,235.0
PREP00001283,20250113,ST005,PRD003,62,60,4200.0,300.0
PREP00001284,20250113,ST005,PRD004,55,58,4640.0,348.0
PREP00001285,20250113,ST005,PRD005,24,25,875.0,50.0
PREP00001286,20250113,ST005,PRD006,54,59,4130.0,236.0
PREP00001287,20250113,ST005,PRD007,33,32,2560.0,160.0
PREP00001288,20250113,ST005,PRD008,30,30,1650.0,90.0
PREP00001289,20250113,ST005,PRD009,32,31,2945.0,186.0
PREP00001290,20250113,ST005,PRD010,18,19,1900.0,114.0
PREP00001291,20250113,ST005,PRD011,22,23,3220.0,184.0
PREP00001292,20250113,ST005,PRD012,33,32,5760.0,320.0
PREP00001293,20250113,ST005,PRD013,32,31,4960.0,279.0
PREP00001294,20250113,ST005,PRD014,14,13,1430.0,91.0
PREP00001295,20250113,ST005,PRD015,42,43,2795.0,215.0
PREP00001296,20250113,ST005,PRD016,17,18,1710.0,54.0
PREP00001297,20250113,ST005,PRD017,12,12,1320.0,36.0
PREP00001298,20250113,ST005,PRD018,36,39,2340.0,78.0
PREP00001299,20250113,ST005,PRD019,19,18,630.0,36.0
PREP00001300,20250113,ST005,PRD020,21,22,1210.0,66.0
PREP00001301,20250114,ST001,PRD001,42,46,2070.0,138.0
PREP00001302,20250114,ST001,PRD002,45,44,2860.0,220.0
PREP00001303,20250114,ST001,PRD003,66,64,4480.0,320.0
PREP00001304,20250114,ST001,PRD004,55,57,4560.0,342.0
PREP00001305,20250114,ST001,PRD005,71,76,2660.0,152.0
PREP00001306,20250114,ST001,PRD006,70,75,5250.0,300.0
PREP00001307,20250114,ST001,PRD007,75,75,6000.0,375.0
PREP00001308,20250114,ST001,PRD008,56,57,3135.0,171.0
PREP00001309,20250114,ST001,PRD009,33,33,3135.0,198.0
PREP00001310,20250114,ST001,PRD010,26,28,2800.0,168.0
PREP00001311,20250114,ST001,PRD011,43,44,6160.0,352.0
PREP00001312,20250114,ST001,PRD012,24,25,4500.0,250.0
PREP00001313,20250114,ST001,PRD013,34,35,5600.0,315.0
PREP00001314,20250114,ST001,PRD014,34,37,4070.0,259.0
PREP00001315,20250114,ST001,PRD015,61,59,3835.0,295.0
PREP00001316,20250114,ST001,PRD016,30,31,2945.0,93.0
PREP00001317,20250114,ST001,PRD017,19,20,2200.0,60.0
PREP00001318,20250114,ST001,PRD018,35,38,2280.0,76.0
PREP00001319,20250114,ST001,PRD019,27,26,910.0,52.0
PREP00001320,20250114,ST001,PRD020,24,24,1320.0,72.0
PREP00001321,20250114,ST002,PRD001,29,28,1260.0,84.0
PREP00001322,20250114,ST002,PRD002,64,66,4290.0,330.0
PREP00001323,20250114,ST002,PRD003,43,44,3080.0,220.0
PREP00001324,20250114,ST002,PRD004,29,31,2480.0,186.0
PREP00001325,20250114,ST002,PRD005,37,38,1330.0,76.0
PREP00001326,20250114,ST002,PRD006,34,34,2380.0,136.0
PREP00001327,20250114,ST002,PRD007,53,54,4320.0,270.0
PREP00001328,20250114,ST002,PRD008,22,24,1320.0,72.0
PREP00001329,20250114,ST002,PRD009,29,29,2755.0,174.0
PREP00001330,20250114,ST002,PRD010,21,23,2300.0,138.0
PREP00001331,20250114,ST002,PRD011,35,34,4760.0,272.0
PREP00001332,20250114,ST002,PRD012,23,24,4320.0,240.0
PREP00001333,20250114,ST002,PRD013,45,43,6880.0,387.0
PREP00001334,20250114,ST002,PRD014,14,14,1540.0,98.0
PREP00001335,20250114,ST002,PRD015,19,20,1300.0,100.0
PREP00001336,20250114,ST002,PRD016,20,21,1995.0,63.0
PREP00001337,20250114,ST002,PRD017,14,14,1540.0,42.0
PREP00001338,20250114,ST002,PRD018,28,30,1800.0,60.0
PREP00001339,20250114,ST002,PRD019,27,30,1050.0,60.0
PREP00001340,20250114,ST002,PRD020,15,16,880.0,48.0
PREP00001341,20250114,ST003,PRD001,28,27,1215.0,81.0
PREP00001342,20250114,ST003,PRD002,30,32,2080.0,160.0
PREP00001343,20250114,ST003,PRD003,20,22,1540.0,110.0
PREP00001344,20250114,ST003,PRD004,59,56,4480.0,336.0
PREP00001345,20250114,ST003,PRD005,45,45,1575.0,90.0
PREP00001346,20250114,ST003,PRD006,35,37,2590.0,148.0
PREP00001347,20250114,ST003,PRD007,35,34,2720.0,170.0
PREP00001348,20250114,ST003,PRD008,26,26,1430.0,78.0
PREP00001349,20250114,ST003,PRD009,20,21,1995.0,126.0
PREP00001350,20250114,ST003,PRD010,15,15,1500.0,90.0
PREP00001351,20250114,ST003,PRD011,17,18,2520.0,144.0
PREP00001352,20250114,ST003,PRD012,22,22,3960.0,220.0
PREP00001353,20250114,ST003,PRD013,11,11,1760.0,99.0
PREP00001354,20250114,ST003,PRD014,23,23,2530.0,161.0
PREP00001355,20250114,ST003,PRD015,20,20,1300.0,100.0
PREP00001356,20250114,ST003,PRD016,5,5,475.0,15.0
PREP00001357,20250114,ST003,PRD017,12,12,1320.0,36.0
PREP00001358,20250114,ST003,PRD018,24,25,1500.0,50.0
PREP00001359,20250114,ST003,PRD019,10,10,350.0,20.0
PREP00001360,20250114,ST003,PRD020,20,21,1155.0,63.0
PREP00001361,20250114,ST004,PRD001,32,31,1395.0,93.0
PREP00001362,20250114,ST004,PRD002,42,43,2795.0,215.0
PREP00001363,20250114,ST004,PRD003,91,89,6230.0,445.0
PREP00001364,20250114,ST004,PRD004,52,57,4560.0,342.0
PREP00001365,20250114,ST004,PRD005,118,113,3955.0,226.0
PREP00001366,20250114,ST004,PRD006,47,47,3290.0,188.0
PREP00001367,20250114,ST004,PRD007,80,80,6400.0,400.0
PREP00001368,20250114,ST004,PRD008,34,32,1760.0,96.0
PREP00001369,20250114,ST004,PRD009,20,21,1995.0,126.0
PREP00001370,20250114,ST004,PRD010,24,25,2500.0,150.0
PREP00001371,20250114,ST004,PRD011,29,30,4200.0,240.0
PREP00001372,20250114,ST004,PRD012,39,42,7560.0,420.0
PREP00001373,20250114,ST004,PRD013,37,40,6400.0,360.0
PREP00001374,20250114,ST004,PRD014,23,23,2530.0,161.0
PREP00001375,20250114,ST004,PRD015,41,41,2665.0,205.0
PREP00001376,20250114,ST004,PRD016,11,11,1045.0,33.0
PREP00001377,20250114,ST004,PRD017,32,35,3850.0,105.0
PREP00001378,20250114,ST004,PRD018,28,27,1620.0,54.0
PREP00001379,20250114,ST004,PRD019,21,23,805.0,46.0
PREP00001380,20250114,ST004,PRD020,29,28,1540.0,84.0
PREP00001381,20250114,ST005,PRD001,37,36,1620.0,108.0
PREP00001382,20250114,ST005,PRD002,69,66,4290.0,330.0
PREP00001383,20250114,ST005,PRD003,56,59,4130.0,295.0
PREP00001384,20250114,ST005,PRD004,24,26,2080.0,156.0
PREP00001385,20250114,ST005,PRD005,62,64,2240.0,128.0
PREP00001386,20250114,ST005,PRD006,36,36,2520.0,144.0
PREP00001387,20250114,ST005,PRD007,62,60,4800.0,300.0
PREP00001388,20250114,ST005,PRD008,39,38,2090.0,114.0
PREP00001389,20250114,ST005,PRD009,34,33,3135.0,198.0
PREP00001390,20250114,ST005,PRD010,26,26,2600.0,156.0
PREP00001391,20250114,ST005,PRD011,21,21,2940.0,168.0
PREP00001392,20250114,ST005,PRD012,35,35,6300.0,350.0
PREP00001393,20250114,ST005,PRD013,37,39,6240.0,351.0
PREP00001394,20250114,ST005,PRD014,30,30,3300.0,210.0
PREP00001395,20250114,ST005,PRD015,23,22,1430.0,110.0
PREP00001396,20250114,ST005,PRD016,20,21,1995.0,63.0
PREP00001397,20250114,ST005,PRD017,10,10,1100.0,30.0
PREP00001398,20250114,ST005,PRD018,19,19,1140.0,38.0
PREP00001399,20250114,ST005,PRD019,14,14,490.0,28.0
PREP00001400,20250114,ST005,PRD020,12,12,660.0,36.0
PREP00001401,20250115,ST001,PRD001,31,31,1395.0,93.0
PREP00001402,20250115,ST001,PRD002,52,51,3315.0,255.0
PREP00001403,20250115,ST001,PRD003,78,84,5880.0,420.0
PREP00001404,20250115,ST001,PRD004,86,82,6560.0,492.0
PREP00001405,20250115,ST001,PRD005,76,76,2660.0,152.0
PREP00001406,20250115,ST001,PRD006,39,39,2730.0,156.0
PREP00001407,20250115,ST001,PRD007,44,45,3600.0,225.0
PREP00001408,20250115,ST001,PRD008,54,53,2915.0,159.0
PREP00001409,20250115,ST001,PRD009,42,40,3800.0,240.0
PREP00001410,20250115,ST001,PRD010,15,15,1500.0,90.0
PREP00001411,20250115,ST001,PRD011,25,25,3500.0,200.0
PREP00001412,20250115,ST001,PRD012,41,44,7920.0,440.0
PREP00001413,20250115,ST001,PRD013,28,27,4320.0,243.0
PREP00001414,20250115,ST001,PRD014,35,38,4180.0,266.0
PREP00001415,20250115,ST001,PRD015,26,28,1820.0,140.0
PREP00001416,20250115,ST001,PRD016,19,20,1900.0,60.0
PREP00001417,20250115,ST001,PRD017,21,22,2420.0,66.0
PREP00001418,20250115,ST001,PRD018,28,30,1800.0,60.0
PREP00001419,20250115,ST001,PRD019,17,16,560.0,32.0
PREP00001420,20250115,ST001,PRD020,18,18,990.0,54.0
PREP00001421,20250115,ST002,PRD001,33,36,1620.0,108.0
PREP00001422,20250115,ST002,PRD002,66,66,4290.0,330.0
PREP00001423,20250115,ST002,PRD003,33,34,2380.0,170.0
PREP00001424,20250115,ST002,PRD004,50,52,4160.0,312.0
PREP00001425,20250115,ST002,PRD005,32,32,1120.0,64.0
PREP00001426,20250115,ST002,PRD006,23,24,1680.0,96.0
PREP00001427,20250115,ST002,PRD007,38,37,2960.0,185.0
PREP00001428,20250115,ST002,PRD008,30,30,1650.0,90.0
PREP00001429,20250115,ST002,PRD009,23,22,2090.0,132.0
PREP00001430,20250115,ST002,PRD010,12,12,1200.0,72.0
PREP00001431,20250115,ST002,PRD011,15,15,2100.0,120.0
PREP00001432,20250115,ST002,PRD012,42,40,7200.0,400.0
PREP00001433,20250115,ST002,PRD013,29,28,4480.0,252.0
PREP00001434,20250115,ST002,PRD014,19,21,2310.0,147.0
PREP00001435,20250115,ST002,PRD015,17,18,1170.0,90.0
PREP00001436,20250115,ST002,PRD016,19,20,1900.0,60.0
PREP00001437,20250115,ST002,PRD017,26,28,3080.0,84.0
PREP00001438,20250115,ST002,PRD018,30,31,1860.0,62.0
PREP00001439,20250115,ST002,PRD019,13,14,490.0,28.0
PREP00001440,20250115,ST002,PRD020,32,32,1760.0,96.0
PREP00001441,20250115,ST003,PRD001,26,26,1170.0,78.0
PREP00001442,20250115,ST003,PRD002,43,47,3055.0,235.0
PREP00001443,20250115,ST003,PRD003,38,36,2520.0,180.0
PREP00001444,20250115,ST003,PRD004,44,45,3600.0,270.0
PREP00001445,20250115,ST003,PRD005,40,44,1540.0,88.0
PREP00001446,20250115,ST003,PRD006,24,23,1610.0,92.0
PREP00001447,20250115,ST003,PRD007,29,29,2320.0,145.0
PREP00001448,20250115,ST003,PRD008,39,42,2310.0,126.0
PREP00001449,20250115,ST003,PRD009,14,15,1425.0,90.0
PREP00001450,20250115,ST003,PRD010,9,10,1000.0,60.0
PREP00001451,20250115,ST003,PRD011,20,20,2800.0,160.0
PREP00001452,20250115,ST003,PRD012,28,30,5400.0,300.0
PREP00001453,20250115,ST003,PRD013,25,26,4160.0,234.0
PREP00001454,20250115,ST003,PRD014,20,21,2310.0,147.0
PREP00001455,20250115,ST003,PRD015,18,17,1105.0,85.0
PREP00001456,20250115,ST003,PRD016,11,12,1140.0,36.0
PREP00001457,20250115,ST003,PRD017,18,19,2090.0,57.0
PREP00001458,20250115,ST003,PRD018,14,15,900.0,30.0
PREP00001459,20250115,ST003,PRD019,19,19,665.0,38.0
PREP00001460,20250115,ST003,PRD020,12,12,660.0,36.0
PREP00001461,20250115,ST004,PRD001,28,28,1260.0,84.0
PREP00001462,20250115,ST004,PRD002,60,62,4030.0,310.0
PREP00001463,20250115,ST004,PRD003,61,66,4620.0,330.0
PREP00001464,20250115,ST004,PRD004,38,37,2960.0,222.0
PREP00001465,20250115,ST004,PRD005,65,71,2485.0,142.0
PREP00001466,20250115,ST004,PRD006,76,76,5320.0,304.0
PREP00001467,20250115,ST004,PRD007,52,54,4320.0,270.0
PREP00001468,20250115,ST004,PRD008,39,42,2310.0,126.0
PREP00001469,20250115,ST004,PRD009,39,42,3990.0,252.0
PREP00001470,20250115,ST004,PRD010,26,26,2600.0,156.0
PREP00001471,20250115,ST004,PRD011,53,53,7420.0,424.0
PREP00001472,20250115,ST004,PRD012,27,27,4860.0,270.0
PREP00001473,20250115,ST004,PRD013,35,34,5440.0,306.0
PREP00001474,20250115,ST004,PRD014,16,17,1870.0,119.0
PREP00001475,20250115,ST004,PRD015,62,65,4225.0,325.0
PREP00001476,20250115,ST004,PRD016,14,15,1425.0,45.0
PREP00001477,20250115,ST004,PRD017,16,17,1870.0,51.0
PREP00001478,20250115,ST004,PRD018,35,34,2040.0,68.0
PREP00001479,20250115,ST004,PRD019,20,20,700.0,40.0
PREP00001480,20250115,ST004,PRD020,39,41,2255.0,123.0
PREP00001481,20250115,ST005,PRD001,58,61,2745.0,183.0
PREP00001482,20250115,ST005,PRD002,49,54,3510.0,270.0
PREP00001483,20250115,ST005,PRD003,49,54,3780.0,270.0
PREP00001484,20250115,ST005,PRD004,70,67,5360.0,402.0
PREP00001485,20250115,ST005,PRD005,41,45,1575.0,90.0
PREP00001486,20250115,ST005,PRD006,30,29,2030.0,116.0
PREP00001487,20250115,ST005,PRD007,31,34,2720.0,170.0
PREP00001488,20250115,ST005,PRD008,39,41,2255.0,123.0
PREP00001489,20250115,ST005,PRD009,26,29,2755.0,174.0
PREP00001490,20250115,ST005,PRD010,18,19,1900.0,114.0
PREP00001491,20250115,ST005,PRD011,35,37,5180.0,296.0
PREP00001492,20250115,ST005,PRD012,32,35,6300.0,350.0
PREP00001493,20250115,ST005,PRD013,31,31,4960.0,279.0
PREP00001494,20250115,ST005,PRD014,24,23,2530.0,161.0
PREP00001495,20250115,ST005,PRD015,35,34,2210.0,170.0
PREP00001496,20250115,ST005,PRD016,14,14,1330.0,42.0
PREP00001497,20250115,ST005,PRD017,22,24,2640.0,72.0
PREP00001498,20250115,ST005,PRD018,18,18,1080.0,36.0
PREP00001499,20250115,ST005,PRD019,21,22,770.0,44.0
PREP00001500,20250115,ST005,PRD020,17,17,935.0,51.0
PREP00001501,20250116,ST001,PRD001,86,90,4050.0,270.0
PREP00001502,20250116,ST001,PRD002,83,81,5265.0,405.0
PREP00001503,20250116,ST001,PRD003,47,51,3570.0,255.0
PREP00001504,20250116,ST001,PRD004,40,40,3200.0,240.0
PREP00001505,20250116,ST001,PRD005,55,53,1855.0,106.0
PREP00001506,20250116,ST001,PRD006,52,52,3640.0,208.0
PREP00001507,20250116,ST001,PRD007,39,40,3200.0,200.0
PREP00001508,20250116,ST001,PRD008,40,39,2145.0,117.0
PREP00001509,20250116,ST001,PRD009,47,49,4655.0,294.0
PREP00001510,20250116,ST001,PRD010,24,23,2300.0,138.0
PREP00001511,20250116,ST001,PRD011,25,24,3360.0,192.0
PREP00001512,20250116,ST001,PRD012,31,30,5400.0,300.0
PREP00001513,20250116,ST001,PRD013,31,30,4800.0,270.0
PREP00001514,20250116,ST001,PRD014,39,41,4510.0,287.0
PREP00001515,20250116,ST001,PRD015,36,38,2470.0,190.0
PREP00001516,20250116,ST001,PRD016,18,18,1710.0,54.0
PREP00001517,20250116,ST001,PRD017,9,9,990.0,27.0
PREP00001518,20250116,ST001,PRD018,19,20,1200.0,40.0
PREP00001519,20250116,ST001,PRD019,18,18,630.0,36.0
PREP00001520,20250116,ST001,PRD020,15,15,825.0,45.0
PREP00001521,20250116,ST002,PRD001,35,36,1620.0,108.0
PREP00001522,20250116,ST002,PRD002,31,30,1950.0,150.0
PREP00001523,20250116,ST002,PRD003,40,40,2800.0,200.0
PREP00001524,20250116,ST002,PRD004,46,50,4000.0,300.0
PREP00001525,20250116,ST002,PRD005,35,35,1225.0,70.0
PREP00001526,20250116,ST002,PRD006,28,29,2030.0,116.0
PREP00001527,20250116,ST002,PRD007,40,41,3280.0,205.0
PREP00001528,20250116,ST002,PRD008,25,27,1485.0,81.0
PREP00001529,20250116,ST002,PRD009,20,20,1900.0,120.0
PREP00001530,20250116,ST002,PRD010,23,23,2300.0,138.0
PREP00001531,20250116,ST002,PRD011,30,30,4200.0,240.0
PREP00001532,20250116,ST002,PRD012,31,33,5940.0,330.0
PREP00001533,20250116,ST002,PRD013,27,26,4160.0,234.0
PREP00001534,20250116,ST002,PRD014,14,14,1540.0,98.0
PREP00001535,20250116,ST002,PRD015,59,61,3965.0,305.0
PREP00001536,20250116,ST002,PRD016,17,18,1710.0,54.0
PREP00001537,20250116,ST002,PRD017,15,15,1650.0,45.0
PREP00001538,20250116,ST002,PRD018,15,16,960.0,32.0
PREP00001539,20250116,ST002,PRD019,16,17,595.0,34.0
PREP00001540,20250116,ST002,PRD020,23,22,1210.0,66.0
PREP00001541,20250116,ST003,PRD001,41,43,1935.0,129.0
PREP00001542,20250116,ST003,PRD002,32,35,2275.0,175.0
PREP00001543,20250116,ST003,PRD003,32,34,2380.0,170.0
PREP00001544,20250116,ST003,PRD004,25,24,1920.0,144.0
PREP00001545,20250116,ST003,PRD005,36,35,1225.0,70.0
PREP00001546,20250116,ST003,PRD006,30,33,2310.0,132.0
PREP00001547,20250116,ST003,PRD007,39,38,3040.0,190.0
PREP00001548,20250116,ST003,PRD008,22,24,1320.0,72.0
PREP00001549,20250116,ST003,PRD009,22,24,2280.0,144.0
PREP00001550,20250116,ST003,PRD010,17,18,1800.0,108.0
PREP00001551,20250116,ST003,PRD011,24,26,3640.0,208.0
PREP00001552,20250116,ST003,PRD012,24,23,4140.0,230.0
PREP00001553,20250116,ST003,PRD013,13,13,2080.0,117.0
PREP00001554,20250116,ST003,PRD014,18,18,1980.0,126.0
PREP00001555,20250116,ST003,PRD015,29,31,2015.0,155.0
PREP00001556,20250116,ST003,PRD016,19,20,1900.0,60.0
PREP00001557,20250116,ST003,PRD017,8,8,880.0,24.0
PREP00001558,20250116,ST003,PRD018,14,14,840.0,28.0
PREP00001559,20250116,ST003,PRD019,22,23,805.0,46.0
PREP00001560,20250116,ST003,PRD020,12,13,715.0,39.0
PREP00001561,20250116,ST004,PRD001,76,73,3285.0,219.0
PREP00001562,20250116,ST004,PRD002,32,33,2145.0,165.0
PREP00001563,20250116,ST004,PRD003,42,42,2940.0,210.0
PREP00001564,20250116,ST004,PRD004,70,72,5760.0,432.0
PREP00001565,20250116,ST004,PRD005,50,48,1680.0,96.0
PREP00001566,20250116,ST004,PRD006,58,56,3920.0,224.0
PREP00001567,20250116,ST004,PRD007,54,57,4560.0,285.0
PREP00001568,20250116,ST004,PRD008,42,46,2530.0,138.0
PREP00001569,20250116,ST004,PRD009,16,16,1520.0,96.0
PREP00001570,20250116,ST004,PRD010,44,48,4800.0,288.0
PREP00001571,20250116,ST004,PRD011,24,23,3220.0,184.0
PREP00001572,20250116,ST004,PRD012,64,64,11520.0,640.0
PREP00001573,20250116,ST004,PRD013,23,24,3840.0,216.0
PREP00001574,20250116,ST004,PRD014,50,48,5280.0,336.0
PREP00001575,20250116,ST004,PRD015,51,49,3185.0,245.0
PREP00001576,20250116,ST004,PRD016,21,21,1995.0,63.0
PREP00001577,20250116,ST004,PRD017,41,41,4510.0,123.0
PREP00001578,20250116,ST004,PRD018,41,43,2580.0,86.0
PREP00001579,20250116,ST004,PRD019,25,25,875.0,50.0
PREP00001580,20250116,ST004,PRD020,27,29,1595.0,87.0
PREP00001581,20250116,ST005,PRD001,57,62,2790.0,186.0
PREP00001582,20250116,ST005,PRD002,31,32,2080.0,160.0
PREP00001583,20250116,ST005,PRD003,32,32,2240.0,160.0
PREP00001584,20250116,ST005,PRD004,33,32,2560.0,192.0
PREP00001585,20250116,ST005,PRD005,43,47,1645.0,94.0
PREP00001586,20250116,ST005,PRD006,49,48,3360.0,192.0
PREP00001587,20250116,ST005,PRD007,33,35,2800.0,175.0
PREP00001588,20250116,ST005,PRD008,40,41,2255.0,123.0
PREP00001589,20250116,ST005,PRD009,24,25,2375.0,150.0
PREP00001590,20250116,ST005,PRD010,14,15,1500.0,90.0
PREP00001591,20250116,ST005,PRD011,23,24,3360.0,192.0
PREP00001592,20250116,ST005,PRD012,19,18,3240.0,180.0
PREP00001593,20250116,ST005,PRD013,26,27,4320.0,243.0
PREP00001594,20250116,ST005,PRD014,11,12,1320.0,84.0
PREP00001595,20250116,ST005,PRD015,21,21,1365.0,105.0
PREP00001596,20250116,ST005,PRD016,16,17,1615.0,51.0
PREP00001597,20250116,ST005,PRD017,13,14,1540.0,42.0
PREP00001598,20250116,ST005,PRD018,15,15,900.0,30.0
PREP00001599,20250116,ST005,PRD019,26,27,945.0,54.0
PREP00001600,20250116,ST005,PRD020,15,16,880.0,48.0
PREP00001601,20250117,ST001,PRD001,54,57,2565.0,171.0
PREP00001602,20250117,ST001,PRD002,53,54,3510.0,270.0
PREP00001603,20250117,ST001,PRD003,42,45,3150.0,225.0
PREP00001604,20250117,ST001,PRD004,64,61,4880.0,366.0
PREP00001605,20250117,ST001,PRD005,70,73,2555.0,146.0
PREP00001606,20250117,ST001,PRD006,55,52,3640.0,208.0
PREP00001607,20250117,ST001,PRD007,22,24,1920.0,120.0
PREP00001608,20250117,ST001,PRD008,24,26,1430.0,78.0
PREP00001609,20250117,ST001,PRD009,18,18,1710.0,108.0
PREP00001610,20250117,ST001,PRD010,22,22,2200.0,132.0
PREP00001611,20250117,ST001,PRD011,27,28,3920.0,224.0
PREP00001612,20250117,ST001,PRD012,30,32,5760.0,320.0
PREP00001613,20250117,ST001,PRD013,44,42,6720.0,378.0
PREP00001614,20250117,ST001,PRD014,19,20,2200.0,140.0
PREP00001615,20250117,ST001,PRD015,43,43,2795.0,215.0
PREP00001616,20250117,ST001,PRD016,16,17,1615.0,51.0
PREP00001617,20250117,ST001,PRD017,23,22,2420.0,66.0
PREP00001618,20250117,ST001,PRD018,12,13,780.0,26.0
PREP00001619,20250117,ST001,PRD019,29,31,1085.0,62.0
PREP00001620,20250117,ST001,PRD020,14,15,825.0,45.0
PREP00001621,20250117,ST002,PRD001,70,70,3150.0,210.0
PREP00001622,20250117,ST002,PRD002,23,24,1560.0,120.0
PREP00001623,20250117,ST002,PRD003,70,75,5250.0,375.0
PREP00001624,20250117,ST002,PRD004,40,42,3360.0,252.0
PREP00001625,20250117,ST002,PRD005,30,32,1120.0,64.0
PREP00001626,20250117,ST002,PRD006,20,21,1470.0,84.0
PREP00001627,20250117,ST002,PRD007,36,36,2880.0,180.0
PREP00001628,20250117,ST002,PRD008,39,39,2145.0,117.0
PREP00001629,20250117,ST002,PRD009,19,20,1900.0,120.0
PREP00001630,20250117,ST002,PRD010,26,25,2500.0,150.0
PREP00001631,20250117,ST002,PRD011,18,18,2520.0,144.0
PREP00001632,20250117,ST002,PRD012,36,38,6840.0,380.0
PREP00001633,20250117,ST002,PRD013,44,46,7360.0,414.0
PREP00001634,20250117,ST002,PRD014,25,27,2970.0,189.0
PREP00001635,20250117,ST002,PRD015,56,61,3965.0,305.0
PREP00001636,20250117,ST002,PRD016,25,24,2280.0,72.0
PREP00001637,20250117,ST002,PRD017,11,11,1210.0,33.0
PREP00001638,20250117,ST002,PRD018,13,14,840.0,28.0
PREP00001639,20250117,ST002,PRD019,27,28,980.0,56.0
PREP00001640,20250117,ST002,PRD020,17,16,880.0,48.0
PREP00001641,20250117,ST003,PRD001,52,55,2475.0,165.0
PREP00001642,20250117,ST003,PRD002,30,32,2080.0,160.0
PREP00001643,20250117,ST003,PRD003,47,46,3220.0,230.0
PREP00001644,20250117,ST003,PRD004,53,57,4560.0,342.0
PREP00001645,20250117,ST003,PRD005,45,49,1715.0,98.0
PREP00001646,20250117,ST003,PRD006,36,39,2730.0,156.0
PREP00001647,20250117,ST003,PRD007,29,31,2480.0,155.0
PREP00001648,20250117,ST003,PRD008,19,21,1155.0,63.0
PREP00001649,20250117,ST003,PRD009,26,26,2470.0,156.0
PREP00001650,20250117,ST003,PRD010,10,11,1100.0,66.0
PREP00001651,20250117,ST003,PRD011,24,24,3360.0,192.0
PREP00001652,20250117,ST003,PRD012,17,18,3240.0,180.0
PREP00001653,20250117,ST003,PRD013,19,19,3040.0,171.0
PREP00001654,20250117,ST003,PRD014,13,14,1540.0,98.0
PREP00001655,20250117,ST003,PRD015,24,25,1625.0,125.0
PREP00001656,20250117,ST003,PRD016,7,7,665.0,21.0
PREP00001657,20250117,ST003,PRD017,15,14,1540.0,42.0
PREP00001658,20250117,ST003,PRD018,10,11,660.0,22.0
PREP00001659,20250117,ST003,PRD019,15,16,560.0,32.0
PREP00001660,20250117,ST003,PRD020,12,13,715.0,39.0
PREP00001661,20250117,ST004,PRD001,50,52,2340.0,156.0
PREP00001662,20250117,ST004,PRD002,41,41,2665.0,205.0
PREP00001663,20250117,ST004,PRD003,87,88,6160.0,440.0
PREP00001664,20250117,ST004,PRD004,29,28,2240.0,168.0
PREP00001665,20250117,ST004,PRD005,81,77,2695.0,154.0
PREP00001666,20250117,ST004,PRD006,49,53,3710.0,212.0
PREP00001667,20250117,ST004,PRD007,52,55,4400.0,275.0
PREP00001668,20250117,ST004,PRD008,85,84,4620.0,252.0
PREP00001669,20250117,ST004,PRD009,39,39,3705.0,234.0
PREP00001670,20250117,ST004,PRD010,26,26,2600.0,156.0
PREP00001671,20250117,ST004,PRD011,30,29,4060.0,232.0
PREP00001672,20250117,ST004,PRD012,50,50,9000.0,500.0
PREP00001673,20250117,ST004,PRD013,21,22,3520.0,198.0
PREP00001674,20250117,ST004,PRD014,22,22,2420.0,154.0
PREP00001675,20250117,ST004,PRD015,40,44,2860.0,220.0
PREP00001676,20250117,ST004,PRD016,13,14,1330.0,42.0
PREP00001677,20250117,ST004,PRD017,18,18,1980.0,54.0
PREP00001678,20250117,ST004,PRD018,30,33,1980.0,66.0
PREP00001679,20250117,ST004,PRD019,26,26,910.0,52.0
PREP00001680,20250117,ST004,PRD020,24,23,1265.0,69.0
PREP00001681,20250117,ST005,PRD001,48,50,2250.0,150.0
PREP00001682,20250117,ST005,PRD002,45,45,2925.0,225.0
PREP00001683,20250117,ST005,PRD003,50,48,3360.0,240.0
PREP00001684,20250117,ST005,PRD004,71,70,5600.0,420.0
PREP00001685,20250117,ST005,PRD005,43,41,1435.0,82.0
PREP00001686,20250117,ST005,PRD006,35,37,2590.0,148.0
PREP00001687,20250117,ST005,PRD007,27,26,2080.0,130.0
PREP00001688,20250117,ST005,PRD008,33,33,1815.0,99.0
PREP00001689,20250117,ST005,PRD009,24,25,2375.0,150.0
PREP00001690,20250117,ST005,PRD010,11,11,1100.0,66.0
PREP00001691,20250117,ST005,PRD011,18,19,2660.0,152.0
PREP00001692,20250117,ST005,PRD012,44,46,8280.0,460.0
PREP00001693,20250117,ST005,PRD013,21,21,3360.0,189.0
PREP00001694,20250117,ST005,PRD014,14,14,1540.0,98.0
PREP00001695,20250117,ST005,PRD015,21,20,1300.0,100.0
PREP00001696,20250117,ST005,PRD016,18,17,1615.0,51.0
PREP00001697,20250117,ST005,PRD017,21,20,2200.0,60.0
PREP00001698,20250117,ST005,PRD018,13,13,780.0,26.0
PREP00001699,20250117,ST005,PRD019,17,17,595.0,34.0
PREP00001700,20250117,ST005,PRD020,20,21,1155.0,63.0
PREP00001701,20250118,ST001,PRD001,67,64,2880.0,192.0
PREP00001702,20250118,ST001,PRD002,43,42,2730.0,210.0
PREP00001703,20250118,ST001,PRD003,113,113,7910.0,565.0
PREP00001704,20250118,ST001,PRD004,84,88,7040.0,528.0
PREP00001705,20250118,ST001,PRD005,68,73,2555.0,146.0
PREP00001706,20250118,ST001,PRD006,86,84,5880.0,336.0
PREP00001707,20250118,ST001,PRD007,47,48,3840.0,240.0
PREP00001708,20250118,ST001,PRD008,76,73,4015.0,219.0
PREP00001709,20250118,ST001,PRD009,30,30,2850.0,180.0
PREP00001710,20250118,ST001,PRD010,16,16,1600.0,96.0
PREP00001711,20250118,ST001,PRD011,54,52,7280.0,416.0
PREP00001712,20250118,ST001,PRD012,43,41,7380.0,410.0
PREP00001713,20250118,ST001,PRD013,33,35,5600.0,315.0
PREP00001714,20250118,ST001,PRD014,22,23,2530.0,161.0
PREP00001715,20250118,ST001,PRD015,48,51,3315.0,255.0
PREP00001716,20250118,ST001,PRD016,32,34,3230.0,102.0
PREP00001717,20250118,ST001,PRD017,25,24,2640.0,72.0
PREP00001718,20250118,ST001,PRD018,25,25,1500.0,50.0
PREP00001719,20250118,ST001,PRD019,25,27,945.0,54.0
PREP00001720,20250118,ST001,PRD020,21,23,1265.0,69.0
PREP00001721,20250118,ST002,PRD001,54,55,2475.0,165.0
PREP00001722,20250118,ST002,PRD002,44,44,2860.0,220.0
PREP00001723,20250118,ST002,PRD003,73,79,5530.0,395.0
PREP00001724,20250118,ST002,PRD004,77,81,6480.0,486.0
PREP00001725,20250118,ST002,PRD005,60,58,2030.0,116.0
PREP00001726,20250118,ST002,PRD006,28,27,1890.0,108.0
PREP00001727,20250118,ST002,PRD007,52,51,4080.0,255.0
PREP00001728,20250118,ST002,PRD008,52,54,2970.0,162.0
PREP00001729,20250118,ST002,PRD009,39,41,3895.0,246.0
PREP00001730,20250118,ST002,PRD010,22,22,2200.0,132.0
PREP00001731,20250118,ST002,PRD011,31,30,4200.0,240.0
PREP00001732,20250118,ST002,PRD012,61,66,11880.0,660.0
PREP00001733,20250118,ST002,PRD013,35,34,5440.0,306.0
PREP00001734,20250118,ST002,PRD014,27,26,2860.0,182.0
PREP00001735,20250118,ST002,PRD015,32,31,2015.0,155.0
PREP00001736,20250118,ST002,PRD016,19,19,1805.0,57.0
PREP00001737,20250118,ST002,PRD017,15,16,1760.0,48.0
PREP00001738,20250118,ST002,PRD018,13,13,780.0,26.0
PREP00001739,20250118,ST002,PRD019,32,35,1225.0,70.0
PREP00001740,20250118,ST002,PRD020,26,26,1430.0,78.0
PREP00001741,20250118,ST003,PRD001,49,52,2340.0,156.0
PREP00001742,20250118,ST003,PRD002,38,40,2600.0,200.0
PREP00001743,20250118,ST003,PRD003,48,48,3360.0,240.0
PREP00001744,20250118,ST003,PRD004,54,54,4320.0,324.0
PREP00001745,20250118,ST003,PRD005,33,34,1190.0,68.0
PREP00001746,20250118,ST003,PRD006,37,35,2450.0,140.0
PREP00001747,20250118,ST003,PRD007,42,41,3280.0,205.0
PREP00001748,20250118,ST003,PRD008,34,37,2035.0,111.0
PREP00001749,20250118,ST003,PRD009,23,22,2090.0,132.0
PREP00001750,20250118,ST003,PRD010,22,22,2200.0,132.0
PREP00001751,20250118,ST003,PRD011,20,19,2660.0,152.0
PREP00001752,20250118,ST003,PRD012,17,18,3240.0,180.0
PREP00001753,20250118,ST003,PRD013,40,39,6240.0,351.0
PREP00001754,20250118,ST003,PRD014,31,33,3630.0,231.0
PREP00001755,20250118,ST003,PRD015,29,31,2015.0,155.0
PREP00001756,20250118,ST003,PRD016,15,15,1425.0,45.0
PREP00001757,20250118,ST003,PRD017,14,15,1650.0,45.0
PREP00001758,20250118,ST003,PRD018,29,29,1740.0,58.0
PREP00001759,20250118,ST003,PRD019,25,24,840.0,48.0
PREP00001760,20250118,ST003,PRD020,19,20,1100.0,60.0
PREP00001761,20250118,ST004,PRD001,71,71,3195.0,213.0
PREP00001762,20250118,ST004,PRD002,78,77,5005.0,385.0
PREP00001763,20250118,ST004,PRD003,44,48,3360.0,240.0
PREP00001764,20250118,ST004,PRD004,54,52,4160.0,312.0
PREP00001765,20250118,ST004,PRD005,90,92,3220.0,184.0
PREP00001766,20250118,ST004,PRD006,56,58,4060.0,232.0
PREP00001767,20250118,ST004,PRD007,68,71,5680.0,355.0
PREP00001768,20250118,ST004,PRD008,80,77,4235.0,231.0
PREP00001769,20250118,ST004,PRD009,30,29,2755.0,174.0
PREP00001770,20250118,ST004,PRD010,36,39,3900.0,234.0
PREP00001771,20250118,ST004,PRD011,22,22,3080.0,176.0
PREP00001772,20250118,ST004,PRD012,41,43,7740.0,430.0
PREP00001773,20250118,ST004,PRD013,27,26,4160.0,234.0
PREP00001774,20250118,ST004,PRD014,23,24,2640.0,168.0
PREP00001775,20250118,ST004,PRD015,30,29,1885.0,145.0
PREP00001776,20250118,ST004,PRD016,23,22,2090.0,66.0
PREP00001777,20250118,ST004,PRD017,12,12,1320.0,36.0
PREP00001778,20250118,ST004,PRD018,22,23,1380.0,46.0
PREP00001779,20250118,ST004,PRD019,45,43,1505.0,86.0
PREP00001780,20250118,ST004,PRD020,29,32,1760.0,96.0
PREP00001781,20250118,ST005,PRD001,73,76,3420.0,228.0
PREP00001782,20250118,ST005,PRD002,42,43,2795.0,215.0
PREP00001783,20250118,ST005,PRD003,80,87,6090.0,435.0
PREP00001784,20250118,ST005,PRD004,39,40,3200.0,240.0
PREP00001785,20250118,ST005,PRD005,64,61,2135.0,122.0
PREP00001786,20250118,ST005,PRD006,45,48,3360.0,192.0
PREP00001787,20250118,ST005,PRD007,54,55,4400.0,275.0
PREP00001788,20250118,ST005,PRD008,79,77,4235.0,231.0
PREP00001789,20250118,ST005,PRD009,25,26,2470.0,156.0
PREP00001790,20250118,ST005,PRD010,21,21,2100.0,126.0
PREP00001791,20250118,ST005,PRD011,36,39,5460.0,312.0
PREP00001792,20250118,ST005,PRD012,26,26,4680.0,260.0
PREP00001793,20250118,ST005,PRD013,32,35,5600.0,315.0
PREP00001794,20250118,ST005,PRD014,33,33,3630.0,231.0
PREP00001795,20250118,ST005,PRD015,27,30,1950.0,150.0
PREP00001796,20250118,ST005,PRD016,28,27,2565.0,81.0
PREP00001797,20250118,ST005,PRD017,35,37,4070.0,111.0
PREP00001798,20250118,ST005,PRD018,37,37,2220.0,74.0
PREP00001799,20250118,ST005,PRD019,25,27,945.0,54.0
PREP00001800,20250118,ST005,PRD020,33,36,1980.0,108.0
PREP00001801,20250119,ST001,PRD001,49,48,2160.0,144.0
PREP00001802,20250119,ST001,PRD002,90,89,5785.0,445.0
PREP00001803,20250119,ST001,PRD003,56,59,4130.0,295.0
PREP00001804,20250119,ST001,PRD004,43,45,3600.0,270.0
PREP00001805,20250119,ST001,PRD005,97,99,3465.0,198.0
PREP00001806,20250119,ST001,PRD006,43,43,3010.0,172.0
PREP00001807,20250119,ST001,PRD007,36,36,2880.0,180.0
PREP00001808,20250119,ST001,PRD008,61,63,3465.0,189.0
PREP00001809,20250119,ST001,PRD009,56,57,5415.0,342.0
PREP00001810,20250119,ST001,PRD010,31,33,3300.0,198.0
PREP00001811,20250119,ST001,PRD011,22,24,3360.0,192.0
PREP00001812,20250119,ST001,PRD012,38,39,7020.0,390.0
PREP00001813,20250119,ST001,PRD013,55,53,8480.0,477.0
PREP00001814,20250119,ST001,PRD014,32,31,3410.0,217.0
PREP00001815,20250119,ST001,PRD015,82,80,5200.0,400.0
PREP00001816,20250119,ST001,PRD016,30,30,2850.0,90.0
PREP00001817,20250119,ST001,PRD017,20,21,2310.0,63.0
PREP00001818,20250119,ST001,PRD018,32,34,2040.0,68.0
PREP00001819,20250119,ST001,PRD019,41,44,1540.0,88.0
PREP00001820,20250119,ST001,PRD020,46,50,2750.0,150.0
PREP00001821,20250119,ST002,PRD001,54,58,2610.0,174.0
PREP00001822,20250119,ST002,PRD002,45,47,3055.0,235.0
PREP00001823,20250119,ST002,PRD003,41,44,3080.0,220.0
PREP00001824,20250119,ST002,PRD004,84,83,6640.0,498.0
PREP00001825,20250119,ST002,PRD005,29,32,1120.0,64.0
PREP00001826,20250119,ST002,PRD006,34,37,2590.0,148.0
PREP00001827,20250119,ST002,PRD007,51,51,4080.0,255.0
PREP00001828,20250119,ST002,PRD008,44,42,2310.0,126.0
PREP00001829,20250119,ST002,PRD009,27,28,2660.0,168.0
PREP00001830,20250119,ST002,PRD010,20,22,2200.0,132.0
PREP00001831,20250119,ST002,PRD011,24,26,3640.0,208.0
PREP00001832,20250119,ST002,PRD012,34,36,6480.0,360.0
PREP00001833,20250119,ST002,PRD013,39,40,6400.0,360.0
PREP00001834,20250119,ST002,PRD014,26,28,3080.0,196.0
PREP00001835,20250119,ST002,PRD015,51,51,3315.0,255.0
PREP00001836,20250119,ST002,PRD016,17,18,1710.0,54.0
PREP00001837,20250119,ST002,PRD017,17,17,1870.0,51.0
PREP00001838,20250119,ST002,PRD018,14,14,840.0,28.0
PREP00001839,20250119,ST002,PRD019,27,28,980.0,56.0
PREP00001840,20250119,ST002,PRD020,19,20,1100.0,60.0
PREP00001841,20250119,ST003,PRD001,20,20,900.0,60.0
PREP00001842,20250119,ST003,PRD002,28,27,1755.0,135.0
PREP00001843,20250119,ST003,PRD003,26,26,1820.0,130.0
PREP00001844,20250119,ST003,PRD004,37,40,3200.0,240.0
PREP00001845,20250119,ST003,PRD005,23,24,840.0,48.0
PREP00001846,20250119,ST003,PRD006,22,23,1610.0,92.0
PREP00001847,20250119,ST003,PRD007,45,48,3840.0,240.0
PREP00001848,20250119,ST003,PRD008,27,27,1485.0,81.0
PREP00001849,20250119,ST003,PRD009,32,31,2945.0,186.0
PREP00001850,20250119,ST003,PRD010,17,17,1700.0,102.0
PREP00001851,20250119,ST003,PRD011,12,12,1680.0,96.0
PREP00001852,20250119,ST003,PRD012,19,19,3420.0,190.0
PREP00001853,20250119,ST003,PRD013,34,34,5440.0,306.0
PREP00001854,20250119,ST003,PRD014,14,15,1650.0,105.0
PREP00001855,20250119,ST003,PRD015,21,23,1495.0,115.0
PREP00001856,20250119,ST003,PRD016,14,15,1425.0,45.0
PREP00001857,20250119,ST003,PRD017,15,16,1760.0,48.0
PREP00001858,20250119,ST003,PRD018,25,27,1620.0,54.0
PREP00001859,20250119,ST003,PRD019,16,17,595.0,34.0
PREP00001860,20250119,ST003,PRD020,15,16,880.0,48.0
PREP00001861,20250119,ST004,PRD001,65,71,3195.0,213.0
PREP00001862,20250119,ST004,PRD002,96,97,6305.0,485.0
PREP00001863,20250119,ST004,PRD003,79,78,5460.0,390.0
PREP00001864,20250119,ST004,PRD004,100,107,8560.0,642.0
PREP00001865,20250119,ST004,PRD005,78,83,2905.0,166.0
PREP00001866,20250119,ST004,PRD006,44,42,2940.0,168.0
PREP00001867,20250119,ST004,PRD007,73,71,5680.0,355.0
PREP00001868,20250119,ST004,PRD008,44,48,2640.0,144.0
PREP00001869,20250119,ST004,PRD009,34,37,3515.0,222.0
PREP00001870,20250119,ST004,PRD010,39,37,3700.0,222.0
PREP00001871,20250119,ST004,PRD011,25,26,3640.0,208.0
PREP00001872,20250119,ST004,PRD012,58,63,11340.0,630.0
PREP00001873,20250119,ST004,PRD013,33,32,5120.0,288.0
PREP00001874,20250119,ST004,PRD014,30,32,3520.0,224.0
PREP00001875,20250119,ST004,PRD015,53,57,3705.0,285.0
PREP00001876,20250119,ST004,PRD016,14,15,1425.0,45.0
PREP00001877,20250119,ST004,PRD017,18,18,1980.0,54.0
PREP00001878,20250119,ST004,PRD018,33,33,1980.0,66.0
PREP00001879,20250119,ST004,PRD019,21,20,700.0,40.0
PREP00001880,20250119,ST004,PRD020,57,59,3245.0,177.0
PREP00001881,20250119,ST005,PRD001,59,58,2610.0,174.0
PREP00001882,20250119,ST005,PRD002,44,44,2860.0,220.0
PREP00001883,20250119,ST005,PRD003,96,97,6790.0,485.0
PREP00001884,20250119,ST005,PRD004,37,39,3120.0,234.0
PREP00001885,20250119,ST005,PRD005,35,37,1295.0,74.0
PREP00001886,20250119,ST005,PRD006,36,38,2660.0,152.0
PREP00001887,20250119,ST005,PRD007,33,35,2800.0,175.0
PREP00001888,20250119,ST005,PRD008,29,32,1760.0,96.0
PREP00001889,20250119,ST005,PRD009,33,35,3325.0,210.0
PREP00001890,20250119,ST005,PRD010,15,14,1400.0,84.0
PREP00001891,20250119,ST005,PRD011,42,43,6020.0,344.0
PREP00001892,20250119,ST005,PRD012,24,25,4500.0,250.0
PREP00001893,20250119,ST005,PRD013,42,43,6880.0,387.0
PREP00001894,20250119,ST005,PRD014,29,29,3190.0,203.0
PREP00001895,20250119,ST005,PRD015,26,27,1755.0,135.0
PREP00001896,20250119,ST005,PRD016,15,15,1425.0,45.0
PREP00001897,20250119,ST005,PRD017,26,28,3080.0,84.0
PREP00001898,20250119,ST005,PRD018,30,32,1920.0,64.0
PREP00001899,20250119,ST005,PRD019,28,31,1085.0,62.0
PREP00001900,20250119,ST005,PRD020,22,23,1265.0,69.0
PREP00001901,20250120,ST001,PRD001,48,46,2070.0,138.0
PREP00001902,20250120,ST001,PRD002,91,94,6110.0,470.0
PREP00001903,20250120,ST001,PRD003,104,104,7280.0,520.0
PREP00001904,20250120,ST001,PRD004,61,66,5280.0,396.0
PREP00001905,20250120,ST001,PRD005,56,57,1995.0,114.0
PREP00001906,20250120,ST001,PRD006,50,51,3570.0,204.0
PREP00001907,20250120,ST001,PRD007,42,41,3280.0,205.0
PREP00001908,20250120,ST001,PRD008,75,73,4015.0,219.0
PREP00001909,20250120,ST001,PRD009,19,20,1900.0,120.0
PREP00001910,20250120,ST001,PRD010,18,19,1900.0,114.0
PREP00001911,20250120,ST001,PRD011,38,42,5880.0,336.0
PREP00001912,20250120,ST001,PRD012,42,43,7740.0,430.0
PREP00001913,20250120,ST001,PRD013,47,45,7200.0,405.0
PREP00001914,20250120,ST001,PRD014,36,38,4180.0,266.0
PREP00001915,20250120,ST001,PRD015,61,61,3965.0,305.0
PREP00001916,20250120,ST001,PRD016,15,16,1520.0,48.0
PREP00001917,20250120,ST001,PRD017,26,27,2970.0,81.0
PREP00001918,20250120,ST001,PRD018,35,35,2100.0,70.0
PREP00001919,20250120,ST001,PRD019,22,23,805.0,46.0
PREP00001920,20250120,ST001,PRD020,18,19,1045.0,57.0
PREP00001921,20250120,ST002,PRD001,34,34,1530.0,102.0
PREP00001922,20250120,ST002,PRD002,46,47,3055.0,235.0
PREP00001923,20250120,ST002,PRD003,43,42,2940.0,210.0
PREP00001924,20250120,ST002,PRD004,50,53,4240.0,318.0
PREP00001925,20250120,ST002,PRD005,64,69,2415.0,138.0
PREP00001926,20250120,ST002,PRD006,37,39,2730.0,156.0
PREP00001927,20250120,ST002,PRD007,49,50,4000.0,250.0
PREP00001928,20250120,ST002,PRD008,48,48,2640.0,144.0
PREP00001929,20250120,ST002,PRD009,14,14,1330.0,84.0
PREP00001930,20250120,ST002,PRD010,25,27,2700.0,162.0
PREP00001931,20250120,ST002,PRD011,26,25,3500.0,200.0
PREP00001932,20250120,ST002,PRD012,48,47,8460.0,470.0
PREP00001933,20250120,ST002,PRD013,36,35,5600.0,315.0
PREP00001934,20250120,ST002,PRD014,21,20,2200.0,140.0
PREP00001935,20250120,ST002,PRD015,22,21,1365.0,105.0
PREP00001936,20250120,ST002,PRD016,14,14,1330.0,42.0
PREP00001937,20250120,ST002,PRD017,8,9,990.0,27.0
PREP00001938,20250120,ST002,PRD018,20,21,1260.0,42.0
PREP00001939,20250120,ST002,PRD019,39,40,1400.0,80.0
PREP00001940,20250120,ST002,PRD020,16,16,880.0,48.0
PREP00001941,20250120,ST003,PRD001,32,34,1530.0,102.0
PREP00001942,20250120,ST003,PRD002,31,31,2015.0,155.0
PREP00001943,20250120,ST003,PRD003,50,51,3570.0,255.0
PREP00001944,20250120,ST003,PRD004,26,27,2160.0,162.0
PREP00001945,20250120,ST003,PRD005,29,31,1085.0,62.0
PREP00001946,20250120,ST003,PRD006,46,48,3360.0,192.0
PREP00001947,20250120,ST003,PRD007,31,32,2560.0,160.0
PREP00001948,20250120,ST003,PRD008,34,33,1815.0,99.0
PREP00001949,20250120,ST003,PRD009,33,35,3325.0,210.0
PREP00001950,20250120,ST003,PRD010,27,29,2900.0,174.0
PREP00001951,20250120,ST003,PRD011,26,26,3640.0,208.0
PREP00001952,20250120,ST003,PRD012,24,25,4500.0,250.0
PREP00001953,20250120,ST003,PRD013,15,15,2400.0,135.0
PREP00001954,20250120,ST003,PRD014,9,9,990.0,63.0
PREP00001955,20250120,ST003,PRD015,13,13,845.0,65.0
PREP00001956,20250120,ST003,PRD016,11,11,1045.0,33.0
PREP00001957,20250120,ST003,PRD017,13,14,1540.0,42.0
PREP00001958,20250120,ST003,PRD018,12,13,780.0,26.0
PREP00001959,20250120,ST003,PRD019,25,27,945.0,54.0
PREP00001960,20250120,ST003,PRD020,9,9,495.0,27.0
PREP00001961,20250120,ST004,PRD001,66,64,2880.0,192.0
PREP00001962,20250120,ST004,PRD002,47,47,3055.0,235.0
PREP00001963,20250120,ST004,PRD003,83,89,6230.0,445.0
PREP00001964,20250120,ST004,PRD004,91,92,7360.0,552.0
PREP00001965,20250120,ST004,PRD005,49,50,1750.0,100.0
PREP00001966,20250120,ST004,PRD006,47,51,3570.0,204.0
PREP00001967,20250120,ST004,PRD007,27,28,2240.0,140.0
PREP00001968,20250120,ST004,PRD008,47,48,2640.0,144.0
PREP00001969,20250120,ST004,PRD009,24,23,2185.0,138.0
PREP00001970,20250120,ST004,PRD010,21,22,2200.0,132.0
PREP00001971,20250120,ST004,PRD011,32,31,4340.0,248.0
PREP00001972,20250120,ST004,PRD012,55,58,10440.0,580.0
PREP00001973,20250120,ST004,PRD013,22,22,3520.0,198.0
PREP00001974,20250120,ST004,PRD014,20,21,2310.0,147.0
PREP00001975,20250120,ST004,PRD015,41,42,2730.0,210.0
PREP00001976,20250120,ST004,PRD016,12,12,1140.0,36.0
PREP00001977,20250120,ST004,PRD017,15,14,1540.0,42.0
PREP00001978,20250120,ST004,PRD018,22,23,1380.0,46.0
PREP00001979,20250120,ST004,PRD019,24,25,875.0,50.0
PREP00001980,20250120,ST004,PRD020,21,22,1210.0,66.0
PREP00001981,20250120,ST005,PRD001,28,28,1260.0,84.0
PREP00001982,20250120,ST005,PRD002,56,61,3965.0,305.0
PREP00001983,20250120,ST005,PRD003,69,71,4970.0,355.0
PREP00001984,20250120,ST005,PRD004,29,31,2480.0,186.0
PREP00001985,20250120,ST005,PRD005,52,52,1820.0,104.0
PREP00001986,20250120,ST005,PRD006,28,28,1960.0,112.0
PREP00001987,20250120,ST005,PRD007,54,58,4640.0,290.0
PREP00001988,20250120,ST005,PRD008,38,41,2255.0,123.0
PREP00001989,20250120,ST005,PRD009,16,17,1615.0,102.0
PREP00001990,20250120,ST005,PRD010,19,19,1900.0,114.0
PREP00001991,20250120,ST005,PRD011,35,35,4900.0,280.0
PREP00001992,20250120,ST005,PRD012,28,28,5040.0,280.0
PREP00001993,20250120,ST005,PRD013,23,24,3840.0,216.0
PREP00001994,20250120,ST005,PRD014,32,32,3520.0,224.0
PREP00001995,20250120,ST005,PRD015,20,20,1300.0,100.0
PREP00001996,20250120,ST005,PRD016,13,13,1235.0,39.0
PREP00001997,20250120,ST005,PRD017,10,10,1100.0,30.0
PREP00001998,20250120,ST005,PRD018,10,10,600.0,20.0
PREP00001999,20250120,ST005,PRD019,22,21,735.0,42.0
PREP00002000,20250120,ST005,PRD020,10,10,550.0,30.0
PREP00002001,20250121,ST001,PRD001,65,66,2970.0,198.0
PREP00002002,20250121,ST001,PRD002,42,44,2860.0,220.0
PREP00002003,20250121,ST001,PRD003,51,55,3850.0,275.0
PREP00002004,20250121,ST001,PRD004,50,52,4160.0,312.0
PREP00002005,20250121,ST001,PRD005,62,62,2170.0,124.0
PREP00002006,20250121,ST001,PRD006,33,34,2380.0,136.0
PREP00002007,20250121,ST001,PRD007,33,35,2800.0,175.0
PREP00002008,20250121,ST001,PRD008,57,57,3135.0,171.0
PREP00002009,20250121,ST001,PRD009,36,38,3610.0,228.0
PREP00002010,20250121,ST001,PRD010,32,34,3400.0,204.0
PREP00002011,20250121,ST001,PRD011,36,35,4900.0,280.0
PREP00002012,20250121,ST001,PRD012,45,44,7920.0,440.0
PREP00002013,20250121,ST001,PRD013,24,24,3840.0,216.0
PREP00002014,20250121,ST001,PRD014,24,24,2640.0,168.0
PREP00002015,20250121,ST001,PRD015,51,54,3510.0,270.0
PREP00002016,20250121,ST001,PRD016,23,24,2280.0,72.0
PREP00002017,20250121,ST001,PRD017,12,11,1210.0,33.0
PREP00002018,20250121,ST001,PRD018,41,43,2580.0,86.0
PREP00002019,20250121,ST001,PRD019,29,29,1015.0,58.0
PREP00002020,20250121,ST001,PRD020,37,39,2145.0,117.0
PREP00002021,20250121,ST002,PRD001,36,39,1755.0,117.0
PREP00002022,20250121,ST002,PRD002,62,62,4030.0,310.0
PREP00002023,20250121,ST002,PRD003,31,33,2310.0,165.0
PREP00002024,20250121,ST002,PRD004,52,53,4240.0,318.0
PREP00002025,20250121,ST002,PRD005,37,38,1330.0,76.0
PREP00002026,20250121,ST002,PRD006,24,25,1750.0,100.0
PREP00002027,20250121,ST002,PRD007,30,30,2400.0,150.0
PREP00002028,20250121,ST002,PRD008,36,38,2090.0,114.0
PREP00002029,20250121,ST002,PRD009,13,14,1330.0,84.0
PREP00002030,20250121,ST002,PRD010,29,31,3100.0,186.0
PREP00002031,20250121,ST002,PRD011,30,32,4480.0,256.0
PREP00002032,20250121,ST002,PRD012,17,17,3060.0,170.0
PREP00002033,20250121,ST002,PRD013,33,33,5280.0,297.0
PREP00002034,20250121,ST002,PRD014,29,31,3410.0,217.0
PREP00002035,20250121,ST002,PRD015,24,23,1495.0,115.0
PREP00002036,20250121,ST002,PRD016,21,20,1900.0,60.0
PREP00002037,20250121,ST002,PRD017,16,16,1760.0,48.0
PREP00002038,20250121,ST002,PRD018,23,23,1380.0,46.0
PREP00002039,20250121,ST002,PRD019,15,15,525.0,30.0
PREP00002040,20250121,ST002,PRD020,13,12,660.0,36.0
PREP00002041,20250121,ST003,PRD001,26,29,1305.0,87.0
PREP00002042,20250121,ST003,PRD002,43,44,2860.0,220.0
PREP00002043,20250121,ST003,PRD003,39,41,2870.0,205.0
PREP00002044,20250121,ST003,PRD004,48,52,4160.0,312.0
PREP00002045,20250121,ST003,PRD005,33,34,1190.0,68.0
PREP00002046,20250121,ST003,PRD006,20,21,1470.0,84.0
PREP00002047,20250121,ST003,PRD007,16,16,1280.0,80.0
PREP00002048,20250121,ST003,PRD008,22,23,1265.0,69.0
PREP00002049,20250121,ST003,PRD009,18,18,1710.0,108.0
PREP00002050,20250121,ST003,PRD010,11,11,1100.0,66.0
PREP00002051,20250121,ST003,PRD011,17,16,2240.0,128.0
PREP00002052,20250121,ST003,PRD012,21,23,4140.0,230.0
PREP00002053,20250121,ST003,PRD013,23,23,3680.0,207.0
PREP00002054,20250121,ST003,PRD014,21,22,2420.0,154.0
PREP00002055,20250121,ST003,PRD015,21,22,1430.0,110.0
PREP00002056,20250121,ST003,PRD016,11,11,1045.0,33.0
PREP00002057,20250121,ST003,PRD017,9,10,1100.0,30.0
PREP00002058,20250121,ST003,PRD018,11,11,660.0,22.0
PREP00002059,20250121,ST003,PRD019,12,12,420.0,24.0
PREP00002060,20250121,ST003,PRD020,15,15,825.0,45.0
PREP00002061,20250121,ST004,PRD001,67,69,3105.0,207.0
PREP00002062,20250121,ST004,PRD002,83,84,5460.0,420.0
PREP00002063,20250121,ST004,PRD003,52,50,3500.0,250.0
PREP00002064,20250121,ST004,PRD004,51,56,4480.0,336.0
PREP00002065,20250121,ST004,PRD005,75,82,2870.0,164.0
PREP00002066,20250121,ST004,PRD006,43,46,3220.0,184.0
PREP00002067,20250121,ST004,PRD007,62,65,5200.0,325.0
PREP00002068,20250121,ST004,PRD008,53,55,3025.0,165.0
PREP00002069,20250121,ST004,PRD009,51,54,5130.0,324.0
PREP00002070,20250121,ST004,PRD010,17,17,1700.0,102.0
PREP00002071,20250121,ST004,PRD011,31,32,4480.0,256.0
PREP00002072,20250121,ST004,PRD012,25,24,4320.0,240.0
PREP00002073,20250121,ST004,PRD013,41,43,6880.0,387.0
PREP00002074,20250121,ST004,PRD014,36,38,4180.0,266.0
PREP00002075,20250121,ST004,PRD015,27,27,1755.0,135.0
PREP00002076,20250121,ST004,PRD016,20,21,1995.0,63.0
PREP00002077,20250121,ST004,PRD017,26,28,3080.0,84.0
PREP00002078,20250121,ST004,PRD018,18,17,1020.0,34.0
PREP00002079,20250121,ST004,PRD019,25,27,945.0,54.0
PREP00002080,20250121,ST004,PRD020,13,14,770.0,42.0
PREP00002081,20250121,ST005,PRD001,49,49,2205.0,147.0
PREP00002082,20250121,ST005,PRD002,58,57,3705.0,285.0
PREP00002083,20250121,ST005,PRD003,50,53,3710.0,265.0
PREP00002084,20250121,ST005,PRD004,38,39,3120.0,234.0
PREP00002085,20250121,ST005,PRD005,47,50,1750.0,100.0
PREP00002086,20250121,ST005,PRD006,53,52,3640.0,208.0
PREP00002087,20250121,ST005,PRD007,35,35,2800.0,175.0
PREP00002088,20250121,ST005,PRD008,33,32,1760.0,96.0
PREP00002089,20250121,ST005,PRD009,12,13,1235.0,78.0
PREP00002090,20250121,ST005,PRD010,12,13,1300.0,78.0
PREP00002091,20250121,ST005,PRD011,21,22,3080.0,176.0
PREP00002092,20250121,ST005,PRD012,44,42,7560.0,420.0
PREP00002093,20250121,ST005,PRD013,34,35,5600.0,315.0
PREP00002094,20250121,ST005,PRD014,10,11,1210.0,77.0
PREP00002095,20250121,ST005,PRD015,33,36,2340.0,180.0
PREP00002096,20250121,ST005,PRD016,23,25,2375.0,75.0
PREP00002097,20250121,ST005,PRD017,12,12,1320.0,36.0
PREP00002098,20250121,ST005,PRD018,17,18,1080.0,36.0
PREP00002099,20250121,ST005,PRD019,10,11,385.0,22.0
PREP00002100,20250121,ST005,PRD020,22,23,1265.0,69.0
PREP00002101,20250122,ST001,PRD001,46,46,2070.0,138.0
PREP00002102,20250122,ST001,PRD002,57,56,3640.0,280.0
PREP00002103,20250122,ST001,PRD003,56,59,4130.0,295.0
PREP00002104,20250122,ST001,PRD004,58,61,4880.0,366.0
PREP00002105,20250122,ST001,PRD005,31,30,1050.0,60.0
PREP00002106,20250122,ST001,PRD006,58,58,4060.0,232.0
PREP00002107,20250122,ST001,PRD007,59,58,4640.0,290.0
PREP00002108,20250122,ST001,PRD008,40,39,2145.0,117.0
PREP00002109,20250122,ST001,PRD009,20,21,1995.0,126.0
PREP00002110,20250122,ST001,PRD010,24,25,2500.0,150.0
PREP00002111,20250122,ST001,PRD011,16,17,2380.0,136.0
PREP00002112,20250122,ST001,PRD012,33,36,6480.0,360.0
PREP00002113,20250122,ST001,PRD013,22,21,3360.0,189.0
PREP00002114,20250122,ST001,PRD014,15,16,1760.0,112.0
PREP00002115,20250122,ST001,PRD015,15,14,910.0,70.0
PREP00002116,20250122,ST001,PRD016,27,27,2565.0,81.0
PREP00002117,20250122,ST001,PRD017,25,25,2750.0,75.0
PREP00002118,20250122,ST001,PRD018,15,16,960.0,32.0
PREP00002119,20250122,ST001,PRD019,30,32,1120.0,64.0
PREP00002120,20250122,ST001,PRD020,26,27,1485.0,81.0
PREP00002121,20250122,ST002,PRD001,60,65,2925.0,195.0
PREP00002122,20250122,ST002,PRD002,39,41,2665.0,205.0
PREP00002123,20250122,ST002,PRD003,41,41,2870.0,205.0
PREP00002124,20250122,ST002,PRD004,33,34,2720.0,204.0
PREP00002125,20250122,ST002,PRD005,68,72,2520.0,144.0
PREP00002126,20250122,ST002,PRD006,27,29,2030.0,116.0
PREP00002127,20250122,ST002,PRD007,50,52,4160.0,260.0
PREP00002128,20250122,ST002,PRD008,38,38,2090.0,114.0
PREP00002129,20250122,ST002,PRD009,37,38,3610.0,228.0
PREP00002130,20250122,ST002,PRD010,31,31,3100.0,186.0
PREP00002131,20250122,ST002,PRD011,19,18,2520.0,144.0
PREP00002132,20250122,ST002,PRD012,50,55,9900.0,550.0
PREP00002133,20250122,ST002,PRD013,20,21,3360.0,189.0
PREP00002134,20250122,ST002,PRD014,34,33,3630.0,231.0
PREP00002135,20250122,ST002,PRD015,42,42,2730.0,210.0
PREP00002136,20250122,ST002,PRD016,18,18,1710.0,54.0
PREP00002137,20250122,ST002,PRD017,16,17,1870.0,51.0
PREP00002138,20250122,ST002,PRD018,9,9,540.0,18.0
PREP00002139,20250122,ST002,PRD019,21,20,700.0,40.0
PREP00002140,20250122,ST002,PRD020,25,27,1485.0,81.0
PREP00002141,20250122,ST003,PRD001,21,22,990.0,66.0
PREP00002142,20250122,ST003,PRD002,19,20,1300.0,100.0
PREP00002143,20250122,ST003,PRD003,35,34,2380.0,170.0
PREP00002144,20250122,ST003,PRD004,42,42,3360.0,252.0
PREP00002145,20250122,ST003,PRD005,36,36,1260.0,72.0
PREP00002146,20250122,ST003,PRD006,49,49,3430.0,196.0
PREP00002147,20250122,ST003,PRD007,27,29,2320.0,145.0
PREP00002148,20250122,ST003,PRD008,24,25,1375.0,75.0
PREP00002149,20250122,ST003,PRD009,20,20,1900.0,120.0
PREP00002150,20250122,ST003,PRD010,15,14,1400.0,84.0
PREP00002151,20250122,ST003,PRD011,18,19,2660.0,152.0
PREP00002152,20250122,ST003,PRD012,17,18,3240.0,180.0
PREP00002153,20250122,ST003,PRD013,16,16,2560.0,144.0
PREP00002154,20250122,ST003,PRD014,12,12,1320.0,84.0
PREP00002155,20250122,ST003,PRD015,37,38,2470.0,190.0
PREP00002156,20250122,ST003,PRD016,12,12,1140.0,36.0
PREP00002157,20250122,ST003,PRD017,16,15,1650.0,45.0
PREP00002158,20250122,ST003,PRD018,16,16,960.0,32.0
PREP00002159,20250122,ST003,PRD019,12,13,455.0,26.0
PREP00002160,20250122,ST003,PRD020,19,19,1045.0,57.0
PREP00002161,20250122,ST004,PRD001,72,75,3375.0,225.0
PREP00002162,20250122,ST004,PRD002,25,27,1755.0,135.0
PREP00002163,20250122,ST004,PRD003,43,45,3150.0,225.0
PREP00002164,20250122,ST004,PRD004,63,63,5040.0,378.0
PREP00002165,20250122,ST004,PRD005,63,69,2415.0,138.0
PREP00002166,20250122,ST004,PRD006,57,56,3920.0,224.0
PREP00002167,20250122,ST004,PRD007,41,45,3600.0,225.0
PREP00002168,20250122,ST004,PRD008,55,54,2970.0,162.0
PREP00002169,20250122,ST004,PRD009,40,42,3990.0,252.0
PREP00002170,20250122,ST004,PRD010,28,29,2900.0,174.0
PREP00002171,20250122,ST004,PRD011,24,25,3500.0,200.0
PREP00002172,20250122,ST004,PRD012,42,42,7560.0,420.0
PREP00002173,20250122,ST004,PRD013,36,39,6240.0,351.0
PREP00002174,20250122,ST004,PRD014,24,24,2640.0,168.0
PREP00002175,20250122,ST004,PRD015,52,52,3380.0,260.0
PREP00002176,20250122,ST004,PRD016,29,31,2945.0,93.0
PREP00002177,20250122,ST004,PRD017,20,20,2200.0,60.0
PREP00002178,20250122,ST004,PRD018,35,33,1980.0,66.0
PREP00002179,20250122,ST004,PRD019,44,48,1680.0,96.0
PREP00002180,20250122,ST004,PRD020,42,40,2200.0,120.0
PREP00002181,20250122,ST005,PRD001,46,46,2070.0,138.0
PREP00002182,20250122,ST005,PRD002,47,45,2925.0,225.0
PREP00002183,20250122,ST005,PRD003,39,39,2730.0,195.0
PREP00002184,20250122,ST005,PRD004,32,32,2560.0,192.0
PREP00002185,20250122,ST005,PRD005,39,41,1435.0,82.0
PREP00002186,20250122,ST005,PRD006,39,39,2730.0,156.0
PREP00002187,20250122,ST005,PRD007,28,28,2240.0,140.0
PREP00002188,20250122,ST005,PRD008,34,36,1980.0,108.0
PREP00002189,20250122,ST005,PRD009,23,25,2375.0,150.0
PREP00002190,20250122,ST005,PRD010,15,15,1500.0,90.0
PREP00002191,20250122,ST005,PRD011,15,16,2240.0,128.0
PREP00002192,20250122,ST005,PRD012,13,14,2520.0,140.0
PREP00002193,20250122,ST005,PRD013,21,21,3360.0,189.0
PREP00002194,20250122,ST005,PRD014,22,23,2530.0,161.0
PREP00002195,20250122,ST005,PRD015,20,21,1365.0,105.0
PREP00002196,20250122,ST005,PRD016,9,9,855.0,27.0
PREP00002197,20250122,ST005,PRD017,15,15,1650.0,45.0
PREP00002198,20250122,ST005,PRD018,29,28,1680.0,56.0
PREP00002199,20250122,ST005,PRD019,27,29,1015.0,58.0
PREP00002200,20250122,ST005,PRD020,26,26,1430.0,78.0
PREP00002201,20250123,ST001,PRD001,39,40,1800.0,120.0
PREP00002202,20250123,ST001,PRD002,67,67,4355.0,335.0
PREP00002203,20250123,ST001,PRD003,76,84,5880.0,420.0
PREP00002204,20250123,ST001,PRD004,77,82,6560.0,492.0
PREP00002205,20250123,ST001,PRD005,47,51,1785.0,102.0
PREP00002206,20250123,ST001,PRD006,60,58,4060.0,232.0
PREP00002207,20250123,ST001,PRD007,67,64,5120.0,320.0
PREP00002208,20250123,ST001,PRD008,54,53,2915.0,159.0
PREP00002209,20250123,ST001,PRD009,46,49,4655.0,294.0
PREP00002210,20250123,ST001,PRD010,21,20,2000.0,120.0
PREP00002211,20250123,ST001,PRD011,56,55,7700.0,440.0
PREP00002212,20250123,ST001,PRD012,34,35,6300.0,350.0
PREP00002213,20250123,ST001,PRD013,22,21,3360.0,189.0
PREP00002214,20250123,ST001,PRD014,31,33,3630.0,231.0
PREP00002215,20250123,ST001,PRD015,35,38,2470.0,190.0
PREP00002216,20250123,ST001,PRD016,20,21,1995.0,63.0
PREP00002217,20250123,ST001,PRD017,19,19,2090.0,57.0
PREP00002218,20250123,ST001,PRD018,30,29,1740.0,58.0
PREP00002219,20250123,ST001,PRD019,39,40,1400.0,80.0
PREP00002220,20250123,ST001,PRD020,19,20,1100.0,60.0
PREP00002221,20250123,ST002,PRD001,50,54,2430.0,162.0
PREP00002222,20250123,ST002,PRD002,84,83,5395.0,415.0
PREP00002223,20250123,ST002,PRD003,29,30,2100.0,150.0
PREP00002224,20250123,ST002,PRD004,25,24,1920.0,144.0
PREP00002225,20250123,ST002,PRD005,54,52,1820.0,104.0
PREP00002226,20250123,ST002,PRD006,61,58,4060.0,232.0
PREP00002227,20250123,ST002,PRD007,27,29,2320.0,145.0
PREP00002228,20250123,ST002,PRD008,51,53,2915.0,159.0
PREP00002229,20250123,ST002,PRD009,20,19,1805.0,114.0
PREP00002230,20250123,ST002,PRD010,22,21,2100.0,126.0
PREP00002231,20250123,ST002,PRD011,20,22,3080.0,176.0
PREP00002232,20250123,ST002,PRD012,45,47,8460.0,470.0
PREP00002233,20250123,ST002,PRD013,20,21,3360.0,189.0
PREP00002234,20250123,ST002,PRD014,24,26,2860.0,182.0
PREP00002235,20250123,ST002,PRD015,30,30,1950.0,150.0
PREP00002236,20250123,ST002,PRD016,21,22,2090.0,66.0
PREP00002237,20250123,ST002,PRD017,20,21,2310.0,63.0
PREP00002238,20250123,ST002,PRD018,15,15,900.0,30.0
PREP00002239,20250123,ST002,PRD019,23,23,805.0,46.0
PREP00002240,20250123,ST002,PRD020,11,12,660.0,36.0
PREP00002241,20250123,ST003,PRD001,29,29,1305.0,87.0
PREP00002242,20250123,ST003,PRD002,20,21,1365.0,105.0
PREP00002243,20250123,ST003,PRD003,29,28,1960.0,140.0
PREP00002244,20250123,ST003,PRD004,48,51,4080.0,306.0
PREP00002245,20250123,ST003,PRD005,46,49,1715.0,98.0
PREP00002246,20250123,ST003,PRD006,33,34,2380.0,136.0
PREP00002247,20250123,ST003,PRD007,30,29,2320.0,145.0
PREP00002248,20250123,ST003,PRD008,27,27,1485.0,81.0
PREP00002249,20250123,ST003,PRD009,17,16,1520.0,96.0
PREP00002250,20250123,ST003,PRD010,22,22,2200.0,132.0
PREP00002251,20250123,ST003,PRD011,18,17,2380.0,136.0
PREP00002252,20250123,ST003,PRD012,20,21,3780.0,210.0
PREP00002253,20250123,ST003,PRD013,10,11,1760.0,99.0
PREP00002254,20250123,ST003,PRD014,16,16,1760.0,112.0
PREP00002255,20250123,ST003,PRD015,17,17,1105.0,85.0
PREP00002256,20250123,ST003,PRD016,8,8,760.0,24.0
PREP00002257,20250123,ST003,PRD017,21,21,2310.0,63.0
PREP00002258,20250123,ST003,PRD018,21,20,1200.0,40.0
PREP00002259,20250123,ST003,PRD019,14,13,455.0,26.0
PREP00002260,20250123,ST003,PRD020,25,24,1320.0,72.0
PREP00002261,20250123,ST004,PRD001,59,58,2610.0,174.0
PREP00002262,20250123,ST004,PRD002,55,53,3445.0,265.0
PREP00002263,20250123,ST004,PRD003,55,59,4130.0,295.0
PREP00002264,20250123,ST004,PRD004,91,94,7520.0,564.0
PREP00002265,20250123,ST004,PRD005,83,82,2870.0,164.0
PREP00002266,20250123,ST004,PRD006,33,34,2380.0,136.0
PREP00002267,20250123,ST004,PRD007,51,56,4480.0,280.0
PREP00002268,20250123,ST004,PRD008,51,52,2860.0,156.0
PREP00002269,20250123,ST004,PRD009,25,24,2280.0,144.0
PREP00002270,20250123,ST004,PRD010,42,40,4000.0,240.0
PREP00002271,20250123,ST004,PRD011,30,33,4620.0,264.0
PREP00002272,20250123,ST004,PRD012,49,49,8820.0,490.0
PREP00002273,20250123,ST004,PRD013,43,46,7360.0,414.0
PREP00002274,20250123,ST004,PRD014,26,25,2750.0,175.0
PREP00002275,20250123,ST004,PRD015,33,33,2145.0,165.0
PREP00002276,20250123,ST004,PRD016,18,20,1900.0,60.0
PREP00002277,20250123,ST004,PRD017,14,15,1650.0,45.0
PREP00002278,20250123,ST004,PRD018,23,23,1380.0,46.0
PREP00002279,20250123,ST004,PRD019,35,35,1225.0,70.0
PREP00002280,20250123,ST004,PRD020,22,21,1155.0,63.0
PREP00002281,20250123,ST005,PRD001,59,60,2700.0,180.0
PREP00002282,20250123,ST005,PRD002,54,56,3640.0,280.0
PREP00002283,20250123,ST005,PRD003,41,42,2940.0,210.0
PREP00002284,20250123,ST005,PRD004,70,76,6080.0,456.0
PREP00002285,20250123,ST005,PRD005,51,50,1750.0,100.0
PREP00002286,20250123,ST005,PRD006,54,54,3780.0,216.0
PREP00002287,20250123,ST005,PRD007,43,47,3760.0,235.0
PREP00002288,20250123,ST005,PRD008,22,22,1210.0,66.0
PREP00002289,20250123,ST005,PRD009,26,29,2755.0,174.0
PREP00002290,20250123,ST005,PRD010,13,13,1300.0,78.0
PREP00002291,20250123,ST005,PRD011,38,39,5460.0,312.0
PREP00002292,20250123,ST005,PRD012,43,45,8100.0,450.0
PREP00002293,20250123,ST005,PRD013,22,22,3520.0,198.0
PREP00002294,20250123,ST005,PRD014,19,21,2310.0,147.0
PREP00002295,20250123,ST005,PRD015,40,44,2860.0,220.0
PREP00002296,20250123,ST005,PRD016,11,11,1045.0,33.0
PREP00002297,20250123,ST005,PRD017,19,21,2310.0,63.0
PREP00002298,20250123,ST005,PRD018,17,17,1020.0,34.0
PREP00002299,20250123,ST005,PRD019,22,22,770.0,44.0
PREP00002300,20250123,ST005,PRD020,12,12,660.0,36.0
PREP00002301,20250124,ST001,PRD001,52,50,2250.0,150.0
PREP00002302,20250124,ST001,PRD002,67,71,4615.0,355.0
PREP00002303,20250124,ST001,PRD003,37,38,2660.0,190.0
PREP00002304,20250124,ST001,PRD004,95,103,8240.0,618.0
PREP00002305,20250124,ST001,PRD005,37,35,1225.0,70.0
PREP00002306,20250124,ST001,PRD006,49,48,3360.0,192.0
PREP00002307,20250124,ST001,PRD007,30,31,2480.0,155.0
PREP00002308,20250124,ST001,PRD008,26,28,1540.0,84.0
PREP00002309,20250124,ST001,PRD009,37,37,3515.0,222.0
PREP00002310,20250124,ST001,PRD010,34,36,3600.0,216.0
PREP00002311,20250124,ST001,PRD011,26,28,3920.0,224.0
PREP00002312,20250124,ST001,PRD012,24,26,4680.0,260.0
PREP00002313,20250124,ST001,PRD013,36,37,5920.0,333.0
PREP00002314,20250124,ST001,PRD014,42,44,4840.0,308.0
PREP00002315,20250124,ST001,PRD015,44,47,3055.0,235.0
PREP00002316,20250124,ST001,PRD016,26,25,2375.0,75.0
PREP00002317,20250124,ST001,PRD017,13,14,1540.0,42.0
PREP00002318,20250124,ST001,PRD018,15,16,960.0,32.0
PREP00002319,20250124,ST001,PRD019,21,23,805.0,46.0
PREP00002320,20250124,ST001,PRD020,26,26,1430.0,78.0
PREP00002321,20250124,ST002,PRD001,53,55,2475.0,165.0
PREP00002322,20250124,ST002,PRD002,44,47,3055.0,235.0
PREP00002323,20250124,ST002,PRD003,42,42,2940.0,210.0
PREP00002324,20250124,ST002,PRD004,47,48,3840.0,288.0
PREP00002325,20250124,ST002,PRD005,47,48,1680.0,96.0
PREP00002326,20250124,ST002,PRD006,52,50,3500.0,200.0
PREP00002327,20250124,ST002,PRD007,21,21,1680.0,105.0
PREP00002328,20250124,ST002,PRD008,37,38,2090.0,114.0
PREP00002329,20250124,ST002,PRD009,19,19,1805.0,114.0
PREP00002330,20250124,ST002,PRD010,19,19,1900.0,114.0
PREP00002331,20250124,ST002,PRD011,33,32,4480.0,256.0
PREP00002332,20250124,ST002,PRD012,26,25,4500.0,250.0
PREP00002333,20250124,ST002,PRD013,28,27,4320.0,243.0
PREP00002334,20250124,ST002,PRD014,20,21,2310.0,147.0
PREP00002335,20250124,ST002,PRD015,25,24,1560.0,120.0
PREP00002336,20250124,ST002,PRD016,13,13,1235.0,39.0
PREP00002337,20250124,ST002,PRD017,22,22,2420.0,66.0
PREP00002338,20250124,ST002,PRD018,12,13,780.0,26.0
PREP00002339,20250124,ST002,PRD019,21,20,700.0,40.0
PREP00002340,20250124,ST002,PRD020,27,27,1485.0,81.0
PREP00002341,20250124,ST003,PRD001,48,46,2070.0,138.0
PREP00002342,20250124,ST003,PRD002,47,48,3120.0,240.0
PREP00002343,20250124,ST003,PRD003,24,24,1680.0,120.0
PREP00002344,20250124,ST003,PRD004,29,28,2240.0,168.0
PREP00002345,20250124,ST003,PRD005,33,36,1260.0,72.0
PREP00002346,20250124,ST003,PRD006,24,26,1820.0,104.0
PREP00002347,20250124,ST003,PRD007,30,29,2320.0,145.0
PREP00002348,20250124,ST003,PRD008,27,29,1595.0,87.0
PREP00002349,20250124,ST003,PRD009,10,10,950.0,60.0
PREP00002350,20250124,ST003,PRD010,18,19,1900.0,114.0
PREP00002351,20250124,ST003,PRD011,13,12,1680.0,96.0
PREP00002352,20250124,ST003,PRD012,30,33,5940.0,330.0
PREP00002353,20250124,ST003,PRD013,12,13,2080.0,117.0
PREP00002354,20250124,ST003,PRD014,18,19,2090.0,133.0
PREP00002355,20250124,ST003,PRD015,19,19,1235.0,95.0
PREP00002356,20250124,ST003,PRD016,10,10,950.0,30.0
PREP00002357,20250124,ST003,PRD017,9,9,990.0,27.0
PREP00002358,20250124,ST003,PRD018,21,21,1260.0,42.0
PREP00002359,20250124,ST003,PRD019,10,11,385.0,22.0
PREP00002360,20250124,ST003,PRD020,19,20,1100.0,60.0
PREP00002361,20250124,ST004,PRD001,72,75,3375.0,225.0
PREP00002362,20250124,ST004,PRD002,62,59,3835.0,295.0
PREP00002363,20250124,ST004,PRD003,31,31,2170.0,155.0
PREP00002364,20250124,ST004,PRD004,65,68,5440.0,408.0
PREP00002365,20250124,ST004,PRD005,44,46,1610.0,92.0
PREP00002366,20250124,ST004,PRD006,40,40,2800.0,160.0
PREP00002367,20250124,ST004,PRD007,55,59,4720.0,295.0
PREP00002368,20250124,ST004,PRD008,50,54,2970.0,162.0
PREP00002369,20250124,ST004,PRD009,34,37,3515.0,222.0
PREP00002370,20250124,ST004,PRD010,21,21,2100.0,126.0
PREP00002371,20250124,ST004,PRD011,26,29,4060.0,232.0
PREP00002372,20250124,ST004,PRD012,28,28,5040.0,280.0
PREP00002373,20250124,ST004,PRD013,53,55,8800.0,495.0
PREP00002374,20250124,ST004,PRD014,31,32,3520.0,224.0
PREP00002375,20250124,ST004,PRD015,36,39,2535.0,195.0
PREP00002376,20250124,ST004,PRD016,21,21,1995.0,63.0
PREP00002377,20250124,ST004,PRD017,29,29,3190.0,87.0
PREP00002378,20250124,ST004,PRD018,16,16,960.0,32.0
PREP00002379,20250124,ST004,PRD019,27,27,945.0,54.0
PREP00002380,20250124,ST004,PRD020,36,35,1925.0,105.0
PREP00002381,20250124,ST005,PRD001,38,39,1755.0,117.0
PREP00002382,20250124,ST005,PRD002,41,43,2795.0,215.0
PREP00002383,20250124,ST005,PRD003,58,63,4410.0,315.0
PREP00002384,20250124,ST005,PRD004,46,44,3520.0,264.0
PREP00002385,20250124,ST005,PRD005,40,40,1400.0,80.0
PREP00002386,20250124,ST005,PRD006,49,53,3710.0,212.0
PREP00002387,20250124,ST005,PRD007,22,21,1680.0,105.0
PREP00002388,20250124,ST005,PRD008,38,42,2310.0,126.0
PREP00002389,20250124,ST005,PRD009,16,17,1615.0,102.0
PREP00002390,20250124,ST005,PRD010,15,15,1500.0,90.0
PREP00002391,20250124,ST005,PRD011,28,31,4340.0,248.0
PREP00002392,20250124,ST005,PRD012,28,28,5040.0,280.0
PREP00002393,20250124,ST005,PRD013,30,29,4640.0,261.0
PREP00002394,20250124,ST005,PRD014,15,15,1650.0,105.0
PREP00002395,20250124,ST005,PRD015,26,28,1820.0,140.0
PREP00002396,20250124,ST005,PRD016,21,22,2090.0,66.0
PREP00002397,20250124,ST005,PRD017,11,11,1210.0,33.0
PREP00002398,20250124,ST005,PRD018,26,29,1740.0,58.0
PREP00002399,20250124,ST005,PRD019,19,21,735.0,42.0
PREP00002400,20250124,ST005,PRD020,32,32,1760.0,96.0
PREP00002401,20250125,ST001,PRD001,56,61,2745.0,183.0
PREP00002402,20250125,ST001,PRD002,67,67,4355.0,335.0
PREP00002403,20250125,ST001,PRD003,69,73,5110.0,365.0
PREP00002404,20250125,ST001,PRD004,39,42,3360.0,252.0
PREP00002405,20250125,ST001,PRD005,59,60,2100.0,120.0
PREP00002406,20250125,ST001,PRD006,54,59,4130.0,236.0
PREP00002407,20250125,ST001,PRD007,43,47,3760.0,235.0
PREP00002408,20250125,ST001,PRD008,65,69,3795.0,207.0
PREP00002409,20250125,ST001,PRD009,32,31,2945.0,186.0
PREP00002410,20250125,ST001,PRD010,29,30,3000.0,180.0
PREP00002411,20250125,ST001,PRD011,29,30,4200.0,240.0
PREP00002412,20250125,ST001,PRD012,55,54,9720.0,540.0
PREP00002413,20250125,ST001,PRD013,30,30,4800.0,270.0
PREP00002414,20250125,ST001,PRD014,64,65,7150.0,455.0
PREP00002415,20250125,ST001,PRD015,33,34,2210.0,170.0
PREP00002416,20250125,ST001,PRD016,17,17,1615.0,51.0
PREP00002417,20250125,ST001,PRD017,26,27,2970.0,81.0
PREP00002418,20250125,ST001,PRD018,14,14,840.0,28.0
PREP00002419,20250125,ST001,PRD019,24,26,910.0,52.0
PREP00002420,20250125,ST001,PRD020,27,27,1485.0,81.0
PREP00002421,20250125,ST002,PRD001,81,86,3870.0,258.0
PREP00002422,20250125,ST002,PRD002,44,47,3055.0,235.0
PREP00002423,20250125,ST002,PRD003,54,59,4130.0,295.0
PREP00002424,20250125,ST002,PRD004,51,55,4400.0,330.0
PREP00002425,20250125,ST002,PRD005,43,43,1505.0,86.0
PREP00002426,20250125,ST002,PRD006,44,43,3010.0,172.0
PREP00002427,20250125,ST002,PRD007,58,55,4400.0,275.0
PREP00002428,20250125,ST002,PRD008,54,54,2970.0,162.0
PREP00002429,20250125,ST002,PRD009,30,31,2945.0,186.0
PREP00002430,20250125,ST002,PRD010,36,37,3700.0,222.0
PREP00002431,20250125,ST002,PRD011,25,27,3780.0,216.0
PREP00002432,20250125,ST002,PRD012,23,24,4320.0,240.0
PREP00002433,20250125,ST002,PRD013,35,38,6080.0,342.0
PREP00002434,20250125,ST002,PRD014,26,29,3190.0,203.0
PREP00002435,20250125,ST002,PRD015,55,56,3640.0,280.0
PREP00002436,20250125,ST002,PRD016,27,28,2660.0,84.0
PREP00002437,20250125,ST002,PRD017,25,26,2860.0,78.0
PREP00002438,20250125,ST002,PRD018,14,14,840.0,28.0
PREP00002439,20250125,ST002,PRD019,25,25,875.0,50.0
PREP00002440,20250125,ST002,PRD020,34,35,1925.0,105.0
PREP00002441,20250125,ST003,PRD001,52,54,2430.0,162.0
PREP00002442,20250125,ST003,PRD002,36,37,2405.0,185.0
PREP00002443,20250125,ST003,PRD003,42,45,3150.0,225.0
PREP00002444,20250125,ST003,PRD004,52,55,4400.0,330.0
PREP00002445,20250125,ST003,PRD005,34,36,1260.0,72.0
PREP00002446,20250125,ST003,PRD006,33,35,2450.0,140.0
PREP00002447,20250125,ST003,PRD007,32,32,2560.0,160.0
PREP00002448,20250125,ST003,PRD008,50,49,2695.0,147.0
PREP00002449,20250125,ST003,PRD009,18,19,1805.0,114.0
PREP00002450,20250125,ST003,PRD010,10,10,1000.0,60.0
PREP00002451,20250125,ST003,PRD011,17,18,2520.0,144.0
PREP00002452,20250125,ST003,PRD012,28,30,5400.0,300.0
PREP00002453,20250125,ST003,PRD013,40,39,6240.0,351.0
PREP00002454,20250125,ST003,PRD014,14,14,1540.0,98.0
PREP00002455,20250125,ST003,PRD015,19,20,1300.0,100.0
PREP00002456,20250125,ST003,PRD016,8,9,855.0,27.0
PREP00002457,20250125,ST003,PRD017,15,16,1760.0,48.0
PREP00002458,20250125,ST003,PRD018,13,13,780.0,26.0
PREP00002459,20250125,ST003,PRD019,19,21,735.0,42.0
PREP00002460,20250125,ST003,PRD020,22,23,1265.0,69.0
PREP00002461,20250125,ST004,PRD001,103,111,4995.0,333.0
PREP00002462,20250125,ST004,PRD002,54,57,3705.0,285.0
PREP00002463,20250125,ST004,PRD003,71,71,4970.0,355.0
PREP00002464,20250125,ST004,PRD004,75,76,6080.0,456.0
PREP00002465,20250125,ST004,PRD005,105,102,3570.0,204.0
PREP00002466,20250125,ST004,PRD006,46,45,3150.0,180.0
PREP00002467,20250125,ST004,PRD007,58,57,4560.0,285.0
PREP00002468,20250125,ST004,PRD008,48,52,2860.0,156.0
PREP00002469,20250125,ST004,PRD009,57,54,5130.0,324.0
PREP00002470,20250125,ST004,PRD010,47,46,4600.0,276.0
PREP00002471,20250125,ST004,PRD011,29,30,4200.0,240.0
PREP00002472,20250125,ST004,PRD012,40,38,6840.0,380.0
PREP00002473,20250125,ST004,PRD013,56,55,8800.0,495.0
PREP00002474,20250125,ST004,PRD014,46,48,5280.0,336.0
PREP00002475,20250125,ST004,PRD015,36,39,2535.0,195.0
PREP00002476,20250125,ST004,PRD016,20,19,1805.0,57.0
PREP00002477,20250125,ST004,PRD017,42,40,4400.0,120.0
PREP00002478,20250125,ST004,PRD018,48,50,3000.0,100.0
PREP00002479,20250125,ST004,PRD019,28,28,980.0,56.0
PREP00002480,20250125,ST004,PRD020,22,21,1155.0,63.0
PREP00002481,20250125,ST005,PRD001,38,37,1665.0,111.0
PREP00002482,20250125,ST005,PRD002,53,55,3575.0,275.0
PREP00002483,20250125,ST005,PRD003,63,65,4550.0,325.0
PREP00002484,20250125,ST005,PRD004,87,85,6800.0,510.0
PREP00002485,20250125,ST005,PRD005,36,37,1295.0,74.0
PREP00002486,20250125,ST005,PRD006,32,31,2170.0,124.0
PREP00002487,20250125,ST005,PRD007,42,42,3360.0,210.0
PREP00002488,20250125,ST005,PRD008,38,36,1980.0,108.0
PREP00002489,20250125,ST005,PRD009,32,33,3135.0,198.0
PREP00002490,20250125,ST005,PRD010,28,27,2700.0,162.0
PREP00002491,20250125,ST005,PRD011,46,46,6440.0,368.0
PREP00002492,20250125,ST005,PRD012,46,47,8460.0,470.0
PREP00002493,20250125,ST005,PRD013,44,46,7360.0,414.0
PREP00002494,20250125,ST005,PRD014,35,37,4070.0,259.0
PREP00002495,20250125,ST005,PRD015,24,26,1690.0,130.0
PREP00002496,20250125,ST005,PRD016,9,9,855.0,27.0
PREP00002497,20250125,ST005,PRD017,27,30,3300.0,90.0
PREP00002498,20250125,ST005,PRD018,33,34,2040.0,68.0
PREP00002499,20250125,ST005,PRD019,16,16,560.0,32.0
PREP00002500,20250125,ST005,PRD020,40,40,2200.0,120.0
PREP00002501,20250126,ST001,PRD001,37,38,1710.0,114.0
PREP00002502,20250126,ST001,PRD002,81,85,5525.0,425.0
PREP00002503,20250126,ST001,PRD003,53,52,3640.0,260.0
PREP00002504,20250126,ST001,PRD004,61,64,5120.0,384.0
PREP00002505,20250126,ST001,PRD005,83,79,2765.0,158.0
PREP00002506,20250126,ST001,PRD006,46,48,3360.0,192.0
PREP00002507,20250126,ST001,PRD007,31,33,2640.0,165.0
PREP00002508,20250126,ST001,PRD008,55,60,3300.0,180.0
PREP00002509,20250126,ST001,PRD009,55,55,5225.0,330.0
PREP00002510,20250126,ST001,PRD010,41,43,4300.0,258.0
PREP00002511,20250126,ST001,PRD011,28,27,3780.0,216.0
PREP00002512,20250126,ST001,PRD012,49,52,9360.0,520.0
PREP00002513,20250126,ST001,PRD013,48,49,7840.0,441.0
PREP00002514,20250126,ST001,PRD014,49,47,5170.0,329.0
PREP00002515,20250126,ST001,PRD015,61,61,3965.0,305.0
PREP00002516,20250126,ST001,PRD016,22,23,2185.0,69.0
PREP00002517,20250126,ST001,PRD017,29,28,3080.0,84.0
PREP00002518,20250126,ST001,PRD018,19,19,1140.0,38.0
PREP00002519,20250126,ST001,PRD019,20,22,770.0,44.0
PREP00002520,20250126,ST001,PRD020,23,24,1320.0,72.0
PREP00002521,20250126,ST002,PRD001,57,60,2700.0,180.0
PREP00002522,20250126,ST002,PRD002,40,41,2665.0,205.0
PREP00002523,20250126,ST002,PRD003,28,30,2100.0,150.0
PREP00002524,20250126,ST002,PRD004,37,39,3120.0,234.0
PREP00002525,20250126,ST002,PRD005,44,44,1540.0,88.0
PREP00002526,20250126,ST002,PRD006,50,50,3500.0,200.0
PREP00002527,20250126,ST002,PRD007,30,29,2320.0,145.0
PREP00002528,20250126,ST002,PRD008,30,32,1760.0,96.0
PREP00002529,20250126,ST002,PRD009,41,41,3895.0,246.0
PREP00002530,20250126,ST002,PRD010,33,33,3300.0,198.0
PREP00002531,20250126,ST002,PRD011,18,20,2800.0,160.0
PREP00002532,20250126,ST002,PRD012,23,25,4500.0,250.0
PREP00002533,20250126,ST002,PRD013,31,31,4960.0,279.0
PREP00002534,20250126,ST002,PRD014,29,31,3410.0,217.0
PREP00002535,20250126,ST002,PRD015,36,38,2470.0,190.0
PREP00002536,20250126,ST002,PRD016,11,11,1045.0,33.0
PREP00002537,20250126,ST002,PRD017,18,18,1980.0,54.0
PREP00002538,20250126,ST002,PRD018,25,25,1500.0,50.0
PREP00002539,20250126,ST002,PRD019,42,41,1435.0,82.0
PREP00002540,20250126,ST002,PRD020,17,16,880.0,48.0
PREP00002541,20250126,ST003,PRD001,49,52,2340.0,156.0
PREP00002542,20250126,ST003,PRD002,72,73,4745.0,365.0
PREP00002543,20250126,ST003,PRD003,34,35,2450.0,175.0
PREP00002544,20250126,ST003,PRD004,59,58,4640.0,348.0
PREP00002545,20250126,ST003,PRD005,57,60,2100.0,120.0
PREP00002546,20250126,ST003,PRD006,24,26,1820.0,104.0
PREP00002547,20250126,ST003,PRD007,43,46,3680.0,230.0
PREP00002548,20250126,ST003,PRD008,39,43,2365.0,129.0
PREP00002549,20250126,ST003,PRD009,27,26,2470.0,156.0
PREP00002550,20250126,ST003,PRD010,9,9,900.0,54.0
PREP00002551,20250126,ST003,PRD011,23,24,3360.0,192.0
PREP00002552,20250126,ST003,PRD012,15,16,2880.0,160.0
PREP00002553,20250126,ST003,PRD013,25,26,4160.0,234.0
PREP00002554,20250126,ST003,PRD014,11,11,1210.0,77.0
PREP00002555,20250126,ST003,PRD015,17,17,1105.0,85.0
PREP00002556,20250126,ST003,PRD016,14,14,1330.0,42.0
PREP00002557,20250126,ST003,PRD017,16,16,1760.0,48.0
PREP00002558,20250126,ST003,PRD018,29,29,1740.0,58.0
PREP00002559,20250126,ST003,PRD019,11,11,385.0,22.0
PREP00002560,20250126,ST003,PRD020,23,23,1265.0,69.0
PREP00002561,20250126,ST004,PRD001,41,40,1800.0,120.0
PREP00002562,20250126,ST004,PRD002,89,85,5525.0,425.0
PREP00002563,20250126,ST004,PRD003,103,106,7420.0,530.0
PREP00002564,20250126,ST004,PRD004,43,43,3440.0,258.0
PREP00002565,20250126,ST004,PRD005,49,48,1680.0,96.0
PREP00002566,20250126,ST004,PRD006,93,92,6440.0,368.0
PREP00002567,20250126,ST004,PRD007,64,61,4880.0,305.0
PREP00002568,20250126,ST004,PRD008,78,78,4290.0,234.0
PREP00002569,20250126,ST004,PRD009,51,49,4655.0,294.0
PREP00002570,20250126,ST004,PRD010,37,39,3900.0,234.0
PREP00002571,20250126,ST004,PRD011,41,39,5460.0,312.0
PREP00002572,20250126,ST004,PRD012,58,57,10260.0,570.0
PREP00002573,20250126,ST004,PRD013,57,59,9440.0,531.0
PREP00002574,20250126,ST004,PRD014,65,69,7590.0,483.0
PREP00002575,20250126,ST004,PRD015,57,57,3705.0,285.0
PREP00002576,20250126,ST004,PRD016,25,26,2470.0,78.0
PREP00002577,20250126,ST004,PRD017,25,26,2860.0,78.0
PREP00002578,20250126,ST004,PRD018,35,37,2220.0,74.0
PREP00002579,20250126,ST004,PRD019,21,20,700.0,40.0
PREP00002580,20250126,ST004,PRD020,22,24,1320.0,72.0
PREP00002581,20250126,ST005,PRD001,37,38,1710.0,114.0
PREP00002582,20250126,ST005,PRD002,64,68,4420.0,340.0
PREP00002583,20250126,ST005,PRD003,31,31,2170.0,155.0
PREP00002584,20250126,ST005,PRD004,31,33,2640.0,198.0
PREP00002585,20250126,ST005,PRD005,79,86,3010.0,172.0
PREP00002586,20250126,ST005,PRD006,43,45,3150.0,180.0
PREP00002587,20250126,ST005,PRD007,37,40,3200.0,200.0
PREP00002588,20250126,ST005,PRD008,70,71,3905.0,213.0
PREP00002589,20250126,ST005,PRD009,16,16,1520.0,96.0
PREP00002590,20250126,ST005,PRD010,29,30,3000.0,180.0
PREP00002591,20250126,ST005,PRD011,22,23,3220.0,184.0
PREP00002592,20250126,ST005,PRD012,33,32,5760.0,320.0
PREP00002593,20250126,ST005,PRD013,31,33,5280.0,297.0
PREP00002594,20250126,ST005,PRD014,39,39,4290.0,273.0
PREP00002595,20250126,ST005,PRD015,38,41,2665.0,205.0
PREP00002596,20250126,ST005,PRD016,24,24,2280.0,72.0
PREP00002597,20250126,ST005,PRD017,21,22,2420.0,66.0
PREP00002598,20250126,ST005,PRD018,24,26,1560.0,52.0
PREP00002599,20250126,ST005,PRD019,25,25,875.0,50.0
PREP00002600,20250126,ST005,PRD020,48,50,2750.0,150.0
PREP00002601,20250127,ST001,PRD001,59,60,2700.0,180.0
PREP00002602,20250127,ST001,PRD002,52,54,3510.0,270.0
PREP00002603,20250127,ST001,PRD003,40,42,2940.0,210.0
PREP00002604,20250127,ST001,PRD004,47,51,4080.0,306.0
PREP00002605,20250127,ST001,PRD005,44,45,1575.0,90.0
PREP00002606,20250127,ST001,PRD006,43,44,3080.0,176.0
PREP00002607,20250127,ST001,PRD007,57,61,4880.0,305.0
PREP00002608,20250127,ST001,PRD008,21,23,1265.0,69.0
PREP00002609,20250127,ST001,PRD009,19,18,1710.0,108.0
PREP00002610,20250127,ST001,PRD010,32,34,3400.0,204.0
PREP00002611,20250127,ST001,PRD011,16,16,2240.0,128.0
PREP00002612,20250127,ST001,PRD012,65,63,11340.0,630.0
PREP00002613,20250127,ST001,PRD013,60,65,10400.0,585.0
PREP00002614,20250127,ST001,PRD014,34,36,3960.0,252.0
PREP00002615,20250127,ST001,PRD015,26,25,1625.0,125.0
PREP00002616,20250127,ST001,PRD016,21,22,2090.0,66.0
PREP00002617,20250127,ST001,PRD017,13,13,1430.0,39.0
PREP00002618,20250127,ST001,PRD018,18,19,1140.0,38.0
PREP00002619,20250127,ST001,PRD019,18,19,665.0,38.0
PREP00002620,20250127,ST001,PRD020,47,47,2585.0,141.0
PREP00002621,20250127,ST002,PRD001,82,83,3735.0,249.0
PREP00002622,20250127,ST002,PRD002,68,68,4420.0,340.0
PREP00002623,20250127,ST002,PRD003,37,35,2450.0,175.0
PREP00002624,20250127,ST002,PRD004,47,47,3760.0,282.0
PREP00002625,20250127,ST002,PRD005,25,25,875.0,50.0
PREP00002626,20250127,ST002,PRD006,22,23,1610.0,92.0
PREP00002627,20250127,ST002,PRD007,21,22,1760.0,110.0
PREP00002628,20250127,ST002,PRD008,26,26,1430.0,78.0
PREP00002629,20250127,ST002,PRD009,24,26,2470.0,156.0
PREP00002630,20250127,ST002,PRD010,15,16,1600.0,96.0
PREP00002631,20250127,ST002,PRD011,20,20,2800.0,160.0
PREP00002632,20250127,ST002,PRD012,22,22,3960.0,220.0
PREP00002633,20250127,ST002,PRD013,31,33,5280.0,297.0
PREP00002634,20250127,ST002,PRD014,32,31,3410.0,217.0
PREP00002635,20250127,ST002,PRD015,19,21,1365.0,105.0
PREP00002636,20250127,ST002,PRD016,15,15,1425.0,45.0
PREP00002637,20250127,ST002,PRD017,22,23,2530.0,69.0
PREP00002638,20250127,ST002,PRD018,7,7,420.0,14.0
PREP00002639,20250127,ST002,PRD019,27,29,1015.0,58.0
PREP00002640,20250127,ST002,PRD020,22,22,1210.0,66.0
PREP00002641,20250127,ST003,PRD001,42,40,1800.0,120.0
PREP00002642,20250127,ST003,PRD002,48,49,3185.0,245.0
PREP00002643,20250127,ST003,PRD003,29,31,2170.0,155.0
PREP00002644,20250127,ST003,PRD004,41,42,3360.0,252.0
PREP00002645,20250127,ST003,PRD005,29,30,1050.0,60.0
PREP00002646,20250127,ST003,PRD006,34,35,2450.0,140.0
PREP00002647,20250127,ST003,PRD007,22,22,1760.0,110.0
PREP00002648,20250127,ST003,PRD008,41,43,2365.0,129.0
PREP00002649,20250127,ST003,PRD009,15,15,1425.0,90.0
PREP00002650,20250127,ST003,PRD010,16,16,1600.0,96.0
PREP00002651,20250127,ST003,PRD011,14,14,1960.0,112.0
PREP00002652,20250127,ST003,PRD012,19,20,3600.0,200.0
PREP00002653,20250127,ST003,PRD013,22,21,3360.0,189.0
PREP00002654,20250127,ST003,PRD014,16,17,1870.0,119.0
PREP00002655,20250127,ST003,PRD015,29,31,2015.0,155.0
PREP00002656,20250127,ST003,PRD016,12,13,1235.0,39.0
PREP00002657,20250127,ST003,PRD017,8,8,880.0,24.0
PREP00002658,20250127,ST003,PRD018,11,12,720.0,24.0
PREP00002659,20250127,ST003,PRD019,9,9,315.0,18.0
PREP00002660,20250127,ST003,PRD020,19,21,1155.0,63.0
PREP00002661,20250127,ST004,PRD001,37,39,1755.0,117.0
PREP00002662,20250127,ST004,PRD002,82,82,5330.0,410.0
PREP00002663,20250127,ST004,PRD003,46,46,3220.0,230.0
PREP00002664,20250127,ST004,PRD004,55,56,4480.0,336.0
PREP00002665,20250127,ST004,PRD005,59,60,2100.0,120.0
PREP00002666,20250127,ST004,PRD006,58,59,4130.0,236.0
PREP00002667,20250127,ST004,PRD007,81,87,6960.0,435.0
PREP00002668,20250127,ST004,PRD008,58,55,3025.0,165.0
PREP00002669,20250127,ST004,PRD009,49,52,4940.0,312.0
PREP00002670,20250127,ST004,PRD010,39,40,4000.0,240.0
PREP00002671,20250127,ST004,PRD011,27,28,3920.0,224.0
PREP00002672,20250127,ST004,PRD012,23,22,3960.0,220.0
PREP00002673,20250127,ST004,PRD013,62,66,10560.0,594.0
PREP00002674,20250127,ST004,PRD014,51,51,5610.0,357.0
PREP00002675,20250127,ST004,PRD015,37,38,2470.0,190.0
PREP00002676,20250127,ST004,PRD016,24,24,2280.0,72.0
PREP00002677,20250127,ST004,PRD017,21,21,2310.0,63.0
PREP00002678,20250127,ST004,PRD018,29,28,1680.0,56.0
PREP00002679,20250127,ST004,PRD019,18,18,630.0,36.0
PREP00002680,20250127,ST004,PRD020,43,42,2310.0,126.0
PREP00002681,20250127,ST005,PRD001,46,49,2205.0,147.0
PREP00002682,20250127,ST005,PRD002,53,56,3640.0,280.0
PREP00002683,20250127,ST005,PRD003,33,35,2450.0,175.0
PREP00002684,20250127,ST005,PRD004,36,36,2880.0,216.0
PREP00002685,20250127,ST005,PRD005,31,30,1050.0,60.0
PREP00002686,20250127,ST005,PRD006,65,63,4410.0,252.0
PREP00002687,20250127,ST005,PRD007,46,51,4080.0,255.0
PREP00002688,20250127,ST005,PRD008,60,59,3245.0,177.0
PREP00002689,20250127,ST005,PRD009,27,28,2660.0,168.0
PREP00002690,20250127,ST005,PRD010,17,18,1800.0,108.0
PREP00002691,20250127,ST005,PRD011,14,15,2100.0,120.0
PREP00002692,20250127,ST005,PRD012,29,28,5040.0,280.0
PREP00002693,20250127,ST005,PRD013,17,17,2720.0,153.0
PREP00002694,20250127,ST005,PRD014,20,21,2310.0,147.0
PREP00002695,20250127,ST005,PRD015,23,24,1560.0,120.0
PREP00002696,20250127,ST005,PRD016,21,22,2090.0,66.0
PREP00002697,20250127,ST005,PRD017,12,12,1320.0,36.0
PREP00002698,20250127,ST005,PRD018,29,28,1680.0,56.0
PREP00002699,20250127,ST005,PRD019,23,23,805.0,46.0
PREP00002700,20250127,ST005,PRD020,34,37,2035.0,111.0
PREP00002701,20250128,ST001,PRD001,49,47,2115.0,141.0
PREP00002702,20250128,ST001,PRD002,82,86,5590.0,430.0
PREP00002703,20250128,ST001,PRD003,53,54,3780.0,270.0
PREP00002704,20250128,ST001,PRD004,94,101,8080.0,606.0
PREP00002705,20250128,ST001,PRD005,48,48,1680.0,96.0
PREP00002706,20250128,ST001,PRD006,36,38,2660.0,152.0
PREP00002707,20250128,ST001,PRD007,34,36,2880.0,180.0
PREP00002708,20250128,ST001,PRD008,30,32,1760.0,96.0
PREP00002709,20250128,ST001,PRD009,38,37,3515.0,222.0
PREP00002710,20250128,ST001,PRD010,13,14,1400.0,84.0
PREP00002711,20250128,ST001,PRD011,38,39,5460.0,312.0
PREP00002712,20250128,ST001,PRD012,30,32,5760.0,320.0
PREP00002713,20250128,ST001,PRD013,32,31,4960.0,279.0
PREP00002714,20250128,ST001,PRD014,22,22,2420.0,154.0
PREP00002715,20250128,ST001,PRD015,42,42,2730.0,210.0
PREP00002716,20250128,ST001,PRD016,16,15,1425.0,45.0
PREP00002717,20250128,ST001,PRD017,15,16,1760.0,48.0
PREP00002718,20250128,ST001,PRD018,47,51,3060.0,102.0
PREP00002719,20250128,ST001,PRD019,30,31,1085.0,62.0
PREP00002720,20250128,ST001,PRD020,20,19,1045.0,57.0
PREP00002721,20250128,ST002,PRD001,58,56,2520.0,168.0
PREP00002722,20250128,ST002,PRD002,72,78,5070.0,390.0
PREP00002723,20250128,ST002,PRD003,52,57,3990.0,285.0
PREP00002724,20250128,ST002,PRD004,41,43,3440.0,258.0
PREP00002725,20250128,ST002,PRD005,42,43,1505.0,86.0
PREP00002726,20250128,ST002,PRD006,62,65,4550.0,260.0
PREP00002727,20250128,ST002,PRD007,39,39,3120.0,195.0
PREP00002728,20250128,ST002,PRD008,20,22,1210.0,66.0
PREP00002729,20250128,ST002,PRD009,19,19,1805.0,114.0
PREP00002730,20250128,ST002,PRD010,15,14,1400.0,84.0
PREP00002731,20250128,ST002,PRD011,13,13,1820.0,104.0
PREP00002732,20250128,ST002,PRD012,25,24,4320.0,240.0
PREP00002733,20250128,ST002,PRD013,22,22,3520.0,198.0
PREP00002734,20250128,ST002,PRD014,26,27,2970.0,189.0
PREP00002735,20250128,ST002,PRD015,34,35,2275.0,175.0
PREP00002736,20250128,ST002,PRD016,13,13,1235.0,39.0
PREP00002737,20250128,ST002,PRD017,18,19,2090.0,57.0
PREP00002738,20250128,ST002,PRD018,22,23,1380.0,46.0
PREP00002739,20250128,ST002,PRD019,26,27,945.0,54.0
PREP00002740,20250128,ST002,PRD020,9,9,495.0,27.0
PREP00002741,20250128,ST003,PRD001,32,32,1440.0,96.0
PREP00002742,20250128,ST003,PRD002,42,46,2990.0,230.0
PREP00002743,20250128,ST003,PRD003,20,21,1470.0,105.0
PREP00002744,20250128,ST003,PRD004,27,28,2240.0,168.0
PREP00002745,20250128,ST003,PRD005,24,25,875.0,50.0
PREP00002746,20250128,ST003,PRD006,22,23,1610.0,92.0
PREP00002747,20250128,ST003,PRD007,23,25,2000.0,125.0
PREP00002748,20250128,ST003,PRD008,45,46,2530.0,138.0
PREP00002749,20250128,ST003,PRD009,30,32,3040.0,192.0
PREP00002750,20250128,ST003,PRD010,15,15,1500.0,90.0
PREP00002751,20250128,ST003,PRD011,24,26,3640.0,208.0
PREP00002752,20250128,ST003,PRD012,27,28,5040.0,280.0
PREP00002753,20250128,ST003,PRD013,22,24,3840.0,216.0
PREP00002754,20250128,ST003,PRD014,19,20,2200.0,140.0
PREP00002755,20250128,ST003,PRD015,17,18,1170.0,90.0
PREP00002756,20250128,ST003,PRD016,14,13,1235.0,39.0
PREP00002757,20250128,ST003,PRD017,11,12,1320.0,36.0
PREP00002758,20250128,ST003,PRD018,13,13,780.0,26.0
PREP00002759,20250128,ST003,PRD019,27,28,980.0,56.0
PREP00002760,20250128,ST003,PRD020,16,15,825.0,45.0
PREP00002761,20250128,ST004,PRD001,68,67,3015.0,201.0
PREP00002762,20250128,ST004,PRD002,54,59,3835.0,295.0
PREP00002763,20250128,ST004,PRD003,53,53,3710.0,265.0
PREP00002764,20250128,ST004,PRD004,44,46,3680.0,276.0
PREP00002765,20250128,ST004,PRD005,40,39,1365.0,78.0
PREP00002766,20250128,ST004,PRD006,51,54,3780.0,216.0
PREP00002767,20250128,ST004,PRD007,42,43,3440.0,215.0
PREP00002768,20250128,ST004,PRD008,38,39,2145.0,117.0
PREP00002769,20250128,ST004,PRD009,28,29,2755.0,174.0
PREP00002770,20250128,ST004,PRD010,36,37,3700.0,222.0
PREP00002771,20250128,ST004,PRD011,27,26,3640.0,208.0
PREP00002772,20250128,ST004,PRD012,24,26,4680.0,260.0
PREP00002773,20250128,ST004,PRD013,29,28,4480.0,252.0
PREP00002774,20250128,ST004,PRD014,41,43,4730.0,301.0
PREP00002775,20250128,ST004,PRD015,34,36,2340.0,180.0
PREP00002776,20250128,ST004,PRD016,35,34,3230.0,102.0
PREP00002777,20250128,ST004,PRD017,22,24,2640.0,72.0
PREP00002778,20250128,ST004,PRD018,20,19,1140.0,38.0
PREP00002779,20250128,ST004,PRD019,41,42,1470.0,84.0
PREP00002780,20250128,ST004,PRD020,47,45,2475.0,135.0
PREP00002781,20250128,ST005,PRD001,53,51,2295.0,153.0
PREP00002782,20250128,ST005,PRD002,60,57,3705.0,285.0
PREP00002783,20250128,ST005,PRD003,24,26,1820.0,130.0
PREP00002784,20250128,ST005,PRD004,43,42,3360.0,252.0
PREP00002785,20250128,ST005,PRD005,38,41,1435.0,82.0
PREP00002786,20250128,ST005,PRD006,33,34,2380.0,136.0
PREP00002787,20250128,ST005,PRD007,44,43,3440.0,215.0
PREP00002788,20250128,ST005,PRD008,52,53,2915.0,159.0
PREP00002789,20250128,ST005,PRD009,14,15,1425.0,90.0
PREP00002790,20250128,ST005,PRD010,21,21,2100.0,126.0
PREP00002791,20250128,ST005,PRD011,42,44,6160.0,352.0
PREP00002792,20250128,ST005,PRD012,21,23,4140.0,230.0
PREP00002793,20250128,ST005,PRD013,27,29,4640.0,261.0
PREP00002794,20250128,ST005,PRD014,34,34,3740.0,238.0
PREP00002795,20250128,ST005,PRD015,16,16,1040.0,80.0
PREP00002796,20250128,ST005,PRD016,8,8,760.0,24.0
PREP00002797,20250128,ST005,PRD017,18,18,1980.0,54.0
PREP00002798,20250128,ST005,PRD018,24,23,1380.0,46.0
PREP00002799,20250128,ST005,PRD019,12,13,455.0,26.0
PREP00002800,20250128,ST005,PRD020,23,25,1375.0,75.0
PREP00002801,20250129,ST001,PRD001,75,77,3465.0,231.0
PREP00002802,20250129,ST001,PRD002,62,61,3965.0,305.0
PREP00002803,20250129,ST001,PRD003,45,47,3290.0,235.0
PREP00002804,20250129,ST001,PRD004,100,101,8080.0,606.0
PREP00002805,20250129,ST001,PRD005,106,113,3955.0,226.0
PREP00002806,20250129,ST001,PRD006,54,53,3710.0,212.0
PREP00002807,20250129,ST001,PRD007,64,66,5280.0,330.0
PREP00002808,20250129,ST001,PRD008,43,47,2585.0,141.0
PREP00002809,20250129,ST001,PRD009,24,23,2185.0,138.0
PREP00002810,20250129,ST001,PRD010,14,14,1400.0,84.0
PREP00002811,20250129,ST001,PRD011,22,23,3220.0,184.0
PREP00002812,20250129,ST001,PRD012,29,29,5220.0,290.0
PREP00002813,20250129,ST001,PRD013,28,28,4480.0,252.0
PREP00002814,20250129,ST001,PRD014,21,22,2420.0,154.0
PREP00002815,20250129,ST001,PRD015,21,21,1365.0,105.0
PREP00002816,20250129,ST001,PRD016,40,41,3895.0,123.0
PREP00002817,20250129,ST001,PRD017,14,15,1650.0,45.0
PREP00002818,20250129,ST001,PRD018,30,30,1800.0,60.0
PREP00002819,20250129,ST001,PRD019,18,19,665.0,38.0
PREP00002820,20250129,ST001,PRD020,22,24,1320.0,72.0
PREP00002821,20250129,ST002,PRD001,40,39,1755.0,117.0
PREP00002822,20250129,ST002,PRD002,63,60,3900.0,300.0
PREP00002823,20250129,ST002,PRD003,58,58,4060.0,290.0
PREP00002824,20250129,ST002,PRD004,53,53,4240.0,318.0
PREP00002825,20250129,ST002,PRD005,55,59,2065.0,118.0
PREP00002826,20250129,ST002,PRD006,33,35,2450.0,140.0
PREP00002827,20250129,ST002,PRD007,48,47,3760.0,235.0
PREP00002828,20250129,ST002,PRD008,57,58,3190.0,174.0
PREP00002829,20250129,ST002,PRD009,15,16,1520.0,96.0
PREP00002830,20250129,ST002,PRD010,19,20,2000.0,120.0
PREP00002831,20250129,ST002,PRD011,23,23,3220.0,184.0
PREP00002832,20250129,ST002,PRD012,34,34,6120.0,340.0
PREP00002833,20250129,ST002,PRD013,28,28,4480.0,252.0
PREP00002834,20250129,ST002,PRD014,17,18,1980.0,126.0
PREP00002835,20250129,ST002,PRD015,31,31,2015.0,155.0
PREP00002836,20250129,ST002,PRD016,9,9,855.0,27.0
PREP00002837,20250129,ST002,PRD017,14,15,1650.0,45.0
PREP00002838,20250129,ST002,PRD018,12,13,780.0,26.0
PREP00002839,20250129,ST002,PRD019,14,14,490.0,28.0
PREP00002840,20250129,ST002,PRD020,20,21,1155.0,63.0
PREP00002841,20250129,ST003,PRD001,36,39,1755.0,117.0
PREP00002842,20250129,ST003,PRD002,34,33,2145.0,165.0
PREP00002843,20250129,ST003,PRD003,23,22,1540.0,110.0
PREP00002844,20250129,ST003,PRD004,23,25,2000.0,150.0
PREP00002845,20250129,ST003,PRD005,44,43,1505.0,86.0
PREP00002846,20250129,ST003,PRD006,23,25,1750.0,100.0
PREP00002847,20250129,ST003,PRD007,28,30,2400.0,150.0
PREP00002848,20250129,ST003,PRD008,38,40,2200.0,120.0
PREP00002849,20250129,ST003,PRD009,12,13,1235.0,78.0
PREP00002850,20250129,ST003,PRD010,11,11,1100.0,66.0
PREP00002851,20250129,ST003,PRD011,16,16,2240.0,128.0
PREP00002852,20250129,ST003,PRD012,35,36,6480.0,360.0
PREP00002853,20250129,ST003,PRD013,18,18,2880.0,162.0
PREP00002854,20250129,ST003,PRD014,16,17,1870.0,119.0
PREP00002855,20250129,ST003,PRD015,23,23,1495.0,115.0
PREP00002856,20250129,ST003,PRD016,10,11,1045.0,33.0
PREP00002857,20250129,ST003,PRD017,12,12,1320.0,36.0
PREP00002858,20250129,ST003,PRD018,14,13,780.0,26.0
PREP00002859,20250129,ST003,PRD019,12,11,385.0,22.0
PREP00002860,20250129,ST003,PRD020,12,13,715.0,39.0
PREP00002861,20250129,ST004,PRD001,54,56,2520.0,168.0
PREP00002862,20250129,ST004,PRD002,49,52,3380.0,260.0
PREP00002863,20250129,ST004,PRD003,62,63,4410.0,315.0
PREP00002864,20250129,ST004,PRD004,63,65,5200.0,390.0
PREP00002865,20250129,ST004,PRD005,41,43,1505.0,86.0
PREP00002866,20250129,ST004,PRD006,66,64,4480.0,256.0
PREP00002867,20250129,ST004,PRD007,35,37,2960.0,185.0
PREP00002868,20250129,ST004,PRD008,36,37,2035.0,111.0
PREP00002869,20250129,ST004,PRD009,46,49,4655.0,294.0
PREP00002870,20250129,ST004,PRD010,32,34,3400.0,204.0
PREP00002871,20250129,ST004,PRD011,34,35,4900.0,280.0
PREP00002872,20250129,ST004,PRD012,28,30,5400.0,300.0
PREP00002873,20250129,ST004,PRD013,37,40,6400.0,360.0
PREP00002874,20250129,ST004,PRD014,20,20,2200.0,140.0
PREP00002875,20250129,ST004,PRD015,55,59,3835.0,295.0
PREP00002876,20250129,ST004,PRD016,13,14,1330.0,42.0
PREP00002877,20250129,ST004,PRD017,22,21,2310.0,63.0
PREP00002878,20250129,ST004,PRD018,16,16,960.0,32.0
PREP00002879,20250129,ST004,PRD019,32,33,1155.0,66.0
PREP00002880,20250129,ST004,PRD020,25,27,1485.0,81.0
PREP00002881,20250129,ST005,PRD001,30,32,1440.0,96.0
PREP00002882,20250129,ST005,PRD002,55,53,3445.0,265.0
PREP00002883,20250129,ST005,PRD003,36,38,2660.0,190.0
PREP00002884,20250129,ST005,PRD004,51,49,3920.0,294.0
PREP00002885,20250129,ST005,PRD005,43,45,1575.0,90.0
PREP00002886,20250129,ST005,PRD006,32,31,2170.0,124.0
PREP00002887,20250129,ST005,PRD007,29,28,2240.0,140.0
PREP00002888,20250129,ST005,PRD008,42,41,2255.0,123.0
PREP00002889,20250129,ST005,PRD009,36,35,3325.0,210.0
PREP00002890,20250129,ST005,PRD010,18,18,1800.0,108.0
PREP00002891,20250129,ST005,PRD011,17,18,2520.0,144.0
PREP00002892,20250129,ST005,PRD012,19,19,3420.0,190.0
PREP00002893,20250129,ST005,PRD013,18,18,2880.0,162.0
PREP00002894,20250129,ST005,PRD014,34,34,3740.0,238.0
PREP00002895,20250129,ST005,PRD015,29,29,1885.0,145.0
PREP00002896,20250129,ST005,PRD016,13,13,1235.0,39.0
PREP00002897,20250129,ST005,PRD017,18,19,2090.0,57.0
PREP00002898,20250129,ST005,PRD018,19,20,1200.0,40.0
PREP00002899,20250129,ST005,PRD019,19,20,700.0,40.0
PREP00002900,20250129,ST005,PRD020,15,16,880.0,48.0
PREP00002901,20250130,ST001,PRD001,43,47,2115.0,141.0
PREP00002902,20250130,ST001,PRD002,58,63,4095.0,315.0
PREP00002903,20250130,ST001,PRD003,39,42,2940.0,210.0
PREP00002904,20250130,ST001,PRD004,54,52,4160.0,312.0
PREP00002905,20250130,ST001,PRD005,45,45,1575.0,90.0
PREP00002906,20250130,ST001,PRD006,47,45,3150.0,180.0
PREP00002907,20250130,ST001,PRD007,29,31,2480.0,155.0
PREP00002908,20250130,ST001,PRD008,33,36,1980.0,108.0
PREP00002909,20250130,ST001,PRD009,22,23,2185.0,138.0
PREP00002910,20250130,ST001,PRD010,27,30,3000.0,180.0
PREP00002911,20250130,ST001,PRD011,26,25,3500.0,200.0
PREP00002912,20250130,ST001,PRD012,46,47,8460.0,470.0
PREP00002913,20250130,ST001,PRD013,29,29,4640.0,261.0
PREP00002914,20250130,ST001,PRD014,22,24,2640.0,168.0
PREP00002915,20250130,ST001,PRD015,43,47,3055.0,235.0
PREP00002916,20250130,ST001,PRD016,20,20,1900.0,60.0
PREP00002917,20250130,ST001,PRD017,16,17,1870.0,51.0
PREP00002918,20250130,ST001,PRD018,30,31,1860.0,62.0
PREP00002919,20250130,ST001,PRD019,36,39,1365.0,78.0
PREP00002920,20250130,ST001,PRD020,20,20,1100.0,60.0
PREP00002921,20250130,ST002,PRD001,43,46,2070.0,138.0
PREP00002922,20250130,ST002,PRD002,49,48,3120.0,240.0
PREP00002923,20250130,ST002,PRD003,40,44,3080.0,220.0
PREP00002924,20250130,ST002,PRD004,39,37,2960.0,222.0
PREP00002925,20250130,ST002,PRD005,39,40,1400.0,80.0
PREP00002926,20250130,ST002,PRD006,36,39,2730.0,156.0
PREP00002927,20250130,ST002,PRD007,32,32,2560.0,160.0
PREP00002928,20250130,ST002,PRD008,37,40,2200.0,120.0
PREP00002929,20250130,ST002,PRD009,20,21,1995.0,126.0
PREP00002930,20250130,ST002,PRD010,27,27,2700.0,162.0
PREP00002931,20250130,ST002,PRD011,24,24,3360.0,192.0
PREP00002932,20250130,ST002,PRD012,14,14,2520.0,140.0
PREP00002933,20250130,ST002,PRD013,24,25,4000.0,225.0
PREP00002934,20250130,ST002,PRD014,10,10,1100.0,70.0
PREP00002935,20250130,ST002,PRD015,19,19,1235.0,95.0
PREP00002936,20250130,ST002,PRD016,21,20,1900.0,60.0
PREP00002937,20250130,ST002,PRD017,14,15,1650.0,45.0
PREP00002938,20250130,ST002,PRD018,13,13,780.0,26.0
PREP00002939,20250130,ST002,PRD019,27,28,980.0,56.0
PREP00002940,20250130,ST002,PRD020,28,27,1485.0,81.0
PREP00002941,20250130,ST003,PRD001,27,30,1350.0,90.0
PREP00002942,20250130,ST003,PRD002,48,51,3315.0,255.0
PREP00002943,20250130,ST003,PRD003,42,42,2940.0,210.0
PREP00002944,20250130,ST003,PRD004,25,27,2160.0,162.0
PREP00002945,20250130,ST003,PRD005,39,38,1330.0,76.0
PREP00002946,20250130,ST003,PRD006,23,25,1750.0,100.0
PREP00002947,20250130,ST003,PRD007,28,29,2320.0,145.0
PREP00002948,20250130,ST003,PRD008,40,43,2365.0,129.0
PREP00002949,20250130,ST003,PRD009,7,7,665.0,42.0
PREP00002950,20250130,ST003,PRD010,15,15,1500.0,90.0
PREP00002951,20250130,ST003,PRD011,20,20,2800.0,160.0
PREP00002952,20250130,ST003,PRD012,16,15,2700.0,150.0
PREP00002953,20250130,ST003,PRD013,29,30,4800.0,270.0
PREP00002954,20250130,ST003,PRD014,27,29,3190.0,203.0
PREP00002955,20250130,ST003,PRD015,19,18,1170.0,90.0
PREP00002956,20250130,ST003,PRD016,5,5,475.0,15.0
PREP00002957,20250130,ST003,PRD017,11,11,1210.0,33.0
PREP00002958,20250130,ST003,PRD018,11,11,660.0,22.0
PREP00002959,20250130,ST003,PRD019,21,22,770.0,44.0
PREP00002960,20250130,ST003,PRD020,21,23,1265.0,69.0
PREP00002961,20250130,ST004,PRD001,39,38,1710.0,114.0
PREP00002962,20250130,ST004,PRD002,45,45,2925.0,225.0
PREP00002963,20250130,ST004,PRD003,61,61,4270.0,305.0
PREP00002964,20250130,ST004,PRD004,69,76,6080.0,456.0
PREP00002965,20250130,ST004,PRD005,72,69,2415.0,138.0
PREP00002966,20250130,ST004,PRD006,67,68,4760.0,272.0
PREP00002967,20250130,ST004,PRD007,62,66,5280.0,330.0
PREP00002968,20250130,ST004,PRD008,31,33,1815.0,99.0
PREP00002969,20250130,ST004,PRD009,52,53,5035.0,318.0
PREP00002970,20250130,ST004,PRD010,37,36,3600.0,216.0
PREP00002971,20250130,ST004,PRD011,21,20,2800.0,160.0
PREP00002972,20250130,ST004,PRD012,33,34,6120.0,340.0
PREP00002973,20250130,ST004,PRD013,51,56,8960.0,504.0
PREP00002974,20250130,ST004,PRD014,18,20,2200.0,140.0
PREP00002975,20250130,ST004,PRD015,43,41,2665.0,205.0
PREP00002976,20250130,ST004,PRD016,22,24,2280.0,72.0
PREP00002977,20250130,ST004,PRD017,29,30,3300.0,90.0
PREP00002978,20250130,ST004,PRD018,23,24,1440.0,48.0
PREP00002979,20250130,ST004,PRD019,28,27,945.0,54.0
PREP00002980,20250130,ST004,PRD020,34,35,1925.0,105.0
PREP00002981,20250130,ST005,PRD001,22,24,1080.0,72.0
PREP00002982,20250130,ST005,PRD002,44,44,2860.0,220.0
PREP00002983,20250130,ST005,PRD003,29,30,2100.0,150.0
PREP00002984,20250130,ST005,PRD004,40,38,3040.0,228.0
PREP00002985,20250130,ST005,PRD005,32,35,1225.0,70.0
PREP00002986,20250130,ST005,PRD006,52,53,3710.0,212.0
PREP00002987,20250130,ST005,PRD007,50,54,4320.0,270.0
PREP00002988,20250130,ST005,PRD008,45,46,2530.0,138.0
PREP00002989,20250130,ST005,PRD009,21,21,1995.0,126.0
PREP00002990,20250130,ST005,PRD010,11,11,1100.0,66.0
PREP00002991,20250130,ST005,PRD011,40,38,5320.0,304.0
PREP00002992,20250130,ST005,PRD012,28,29,5220.0,290.0
PREP00002993,20250130,ST005,PRD013,28,30,4800.0,270.0
PREP00002994,20250130,ST005,PRD014,12,12,1320.0,84.0
PREP00002995,20250130,ST005,PRD015,33,32,2080.0,160.0
PREP00002996,20250130,ST005,PRD016,12,12,1140.0,36.0
PREP00002997,20250130,ST005,PRD017,11,11,1210.0,33.0
PREP00002998,20250130,ST005,PRD018,20,20,1200.0,40.0
PREP00002999,20250130,ST005,PRD019,30,29,1015.0,58.0
PREP00003000,20250130,ST005,PRD020,9,9,495.0,27.0
PREP00003001,20250131,ST001,PRD001,43,47,2115.0,141.0
PREP00003002,20250131,ST001,PRD002,43,43,2795.0,215.0
PREP00003003,20250131,ST001,PRD003,59,64,4480.0,320.0
PREP00003004,20250131,ST001,PRD004,35,37,2960.0,222.0
PREP00003005,20250131,ST001,PRD005,77,74,2590.0,148.0
PREP00003006,20250131,ST001,PRD006,66,68,4760.0,272.0
PREP00003007,20250131,ST001,PRD007,72,77,6160.0,385.0
PREP00003008,20250131,ST001,PRD008,44,44,2420.0,132.0
PREP00003009,20250131,ST001,PRD009,30,32,3040.0,192.0
PREP00003010,20250131,ST001,PRD010,12,12,1200.0,72.0
PREP00003011,20250131,ST001,PRD011,48,46,6440.0,368.0
PREP00003012,20250131,ST001,PRD012,24,24,4320.0,240.0
PREP00003013,20250131,ST001,PRD013,30,30,4800.0,270.0
PREP00003014,20250131,ST001,PRD014,34,33,3630.0,231.0
PREP00003015,20250131,ST001,PRD015,35,34,2210.0,170.0
PREP00003016,20250131,ST001,PRD016,29,31,2945.0,93.0
PREP00003017,20250131,ST001,PRD017,25,27,2970.0,81.0
PREP00003018,20250131,ST001,PRD018,34,35,2100.0,70.0
PREP00003019,20250131,ST001,PRD019,22,23,805.0,46.0
PREP00003020,20250131,ST001,PRD020,15,15,825.0,45.0
PREP00003021,20250131,ST002,PRD001,29,31,1395.0,93.0
PREP00003022,20250131,ST002,PRD002,49,50,3250.0,250.0
PREP00003023,20250131,ST002,PRD003,22,22,1540.0,110.0
PREP00003024,20250131,ST002,PRD004,55,60,4800.0,360.0
PREP00003025,20250131,ST002,PRD005,46,49,1715.0,98.0
PREP00003026,20250131,ST002,PRD006,26,27,1890.0,108.0
PREP00003027,20250131,ST002,PRD007,28,30,2400.0,150.0
PREP00003028,20250131,ST002,PRD008,44,47,2585.0,141.0
PREP00003029,20250131,ST002,PRD009,20,20,1900.0,120.0
PREP00003030,20250131,ST002,PRD010,14,14,1400.0,84.0
PREP00003031,20250131,ST002,PRD011,19,20,2800.0,160.0
PREP00003032,20250131,ST002,PRD012,33,32,5760.0,320.0
PREP00003033,20250131,ST002,PRD013,20,21,3360.0,189.0
PREP00003034,20250131,ST002,PRD014,13,13,1430.0,91.0
PREP00003035,20250131,ST002,PRD015,20,21,1365.0,105.0
PREP00003036,20250131,ST002,PRD016,6,6,570.0,18.0
PREP00003037,20250131,ST002,PRD017,10,10,1100.0,30.0
PREP00003038,20250131,ST002,PRD018,22,23,1380.0,46.0
PREP00003039,20250131,ST002,PRD019,34,37,1295.0,74.0
PREP00003040,20250131,ST002,PRD020,24,26,1430.0,78.0
PREP00003041,20250131,ST003,PRD001,24,24,1080.0,72.0
PREP00003042,20250131,ST003,PRD002,43,46,2990.0,230.0
PREP00003043,20250131,ST003,PRD003,42,46,3220.0,230.0
PREP00003044,20250131,ST003,PRD004,35,34,2720.0,204.0
PREP00003045,20250131,ST003,PRD005,47,50,1750.0,100.0
PREP00003046,20250131,ST003,PRD006,17,18,1260.0,72.0
PREP00003047,20250131,ST003,PRD007,29,30,2400.0,150.0
PREP00003048,20250131,ST003,PRD008,19,19,1045.0,57.0
PREP00003049,20250131,ST003,PRD009,11,11,1045.0,66.0
PREP00003050,20250131,ST003,PRD010,17,18,1800.0,108.0
PREP00003051,20250131,ST003,PRD011,20,19,2660.0,152.0
PREP00003052,20250131,ST003,PRD012,19,19,3420.0,190.0
PREP00003053,20250131,ST003,PRD013,23,23,3680.0,207.0
PREP00003054,20250131,ST003,PRD014,21,21,2310.0,147.0
PREP00003055,20250131,ST003,PRD015,18,18,1170.0,90.0
PREP00003056,20250131,ST003,PRD016,9,9,855.0,27.0
PREP00003057,20250131,ST003,PRD017,6,6,660.0,18.0
PREP00003058,20250131,ST003,PRD018,12,13,780.0,26.0
PREP00003059,20250131,ST003,PRD019,13,13,455.0,26.0
PREP00003060,20250131,ST003,PRD020,11,12,660.0,36.0
PREP00003061,20250131,ST004,PRD001,76,79,3555.0,237.0
PREP00003062,20250131,ST004,PRD002,62,62,4030.0,310.0
PREP00003063,20250131,ST004,PRD003,29,29,2030.0,145.0
PREP00003064,20250131,ST004,PRD004,62,62,4960.0,372.0
PREP00003065,20250131,ST004,PRD005,115,117,4095.0,234.0
PREP00003066,20250131,ST004,PRD006,31,31,2170.0,124.0
PREP00003067,20250131,ST004,PRD007,44,43,3440.0,215.0
PREP00003068,20250131,ST004,PRD008,28,30,1650.0,90.0
PREP00003069,20250131,ST004,PRD009,24,25,2375.0,150.0
PREP00003070,20250131,ST004,PRD010,17,19,1900.0,114.0
PREP00003071,20250131,ST004,PRD011,39,38,5320.0,304.0
PREP00003072,20250131,ST004,PRD012,41,43,7740.0,430.0
PREP00003073,20250131,ST004,PRD013,19,18,2880.0,162.0
PREP00003074,20250131,ST004,PRD014,30,31,3410.0,217.0
PREP00003075,20250131,ST004,PRD015,30,33,2145.0,165.0
PREP00003076,20250131,ST004,PRD016,21,20,1900.0,60.0
PREP00003077,20250131,ST004,PRD017,32,32,3520.0,96.0
PREP00003078,20250131,ST004,PRD018,17,19,1140.0,38.0
PREP00003079,20250131,ST004,PRD019,14,15,525.0,30.0
PREP00003080,20250131,ST004,PRD020,33,33,1815.0,99.0
PREP00003081,20250131,ST005,PRD001,53,55,2475.0,165.0
PREP00003082,20250131,ST005,PRD002,40,43,2795.0,215.0
PREP00003083,20250131,ST005,PRD003,31,31,2170.0,155.0
PREP00003084,20250131,ST005,PRD004,72,75,6000.0,450.0
PREP00003085,20250131,ST005,PRD005,47,48,1680.0,96.0
PREP00003086,20250131,ST005,PRD006,27,29,2030.0,116.0
PREP00003087,20250131,ST005,PRD007,37,37,2960.0,185.0
PREP00003088,20250131,ST005,PRD008,44,46,2530.0,138.0
PREP00003089,20250131,ST005,PRD009,14,14,1330.0,84.0
PREP00003090,20250131,ST005,PRD010,8,8,800.0,48.0
PREP00003091,20250131,ST005,PRD011,28,31,4340.0,248.0
PREP00003092,20250131,ST005,PRD012,23,24,4320.0,240.0
PREP00003093,20250131,ST005,PRD013,28,29,4640.0,261.0
PREP00003094,20250131,ST005,PRD014,20,19,2090.0,133.0
PREP00003095,20250131,ST005,PRD015,38,40,2600.0,200.0
PREP00003096,20250131,ST005,PRD016,21,21,1995.0,63.0
PREP00003097,20250131,ST005,PRD017,10,10,1100.0,30.0
PREP00003098,20250131,ST005,PRD018,20,20,1200.0,40.0
PREP00003099,20250131,ST005,PRD019,19,20,700.0,40.0
PREP00003100,20250131,ST005,PRD020,12,11,605.0,33.0
PREP00003101,20250201,ST001,PRD001,53,58,2610.0,174.0
PREP00003102,20250201,ST001,PRD002,61,61,3965.0,305.0
PREP00003103,20250201,ST001,PRD003,47,48,3360.0,240.0
PREP00003104,20250201,ST001,PRD004,49,51,4080.0,306.0
PREP00003105,20250201,ST001,PRD005,73,73,2555.0,146.0
PREP00003106,20250201,ST001,PRD006,61,62,4340.0,248.0
PREP00003107,20250201,ST001,PRD007,39,41,3280.0,205.0
PREP00003108,20250201,ST001,PRD008,71,69,3795.0,207.0
PREP00003109,20250201,ST001,PRD009,30,31,2945.0,186.0
PREP00003110,20250201,ST001,PRD010,26,27,2700.0,162.0
PREP00003111,20250201,ST001,PRD011,30,32,4480.0,256.0
PREP00003112,20250201,ST001,PRD012,33,33,5940.0,330.0
PREP00003113,20250201,ST001,PRD013,48,53,8480.0,477.0
PREP00003114,20250201,ST001,PRD014,36,36,3960.0,252.0
PREP00003115,20250201,ST001,PRD015,38,38,2470.0,190.0
PREP00003116,20250201,ST001,PRD016,19,18,1710.0,54.0
PREP00003117,20250201,ST001,PRD017,21,21,2310.0,63.0
PREP00003118,20250201,ST001,PRD018,49,47,2820.0,94.0
PREP00003119,20250201,ST001,PRD019,45,45,1575.0,90.0
PREP00003120,20250201,ST001,PRD020,23,23,1265.0,69.0
PREP00003121,20250201,ST002,PRD001,74,74,3330.0,222.0
PREP00003122,20250201,ST002,PRD002,90,89,5785.0,445.0
PREP00003123,20250201,ST002,PRD003,53,55,3850.0,275.0
PREP00003124,20250201,ST002,PRD004,80,77,6160.0,462.0
PREP00003125,20250201,ST002,PRD005,49,49,1715.0,98.0
PREP00003126,20250201,ST002,PRD006,31,31,2170.0,124.0
PREP00003127,20250201,ST002,PRD007,32,35,2800.0,175.0
PREP00003128,20250201,ST002,PRD008,55,60,3300.0,180.0
PREP00003129,20250201,ST002,PRD009,32,34,3230.0,204.0
PREP00003130,20250201,ST002,PRD010,21,23,2300.0,138.0
PREP00003131,20250201,ST002,PRD011,26,26,3640.0,208.0
PREP00003132,20250201,ST002,PRD012,26,28,5040.0,280.0
PREP00003133,20250201,ST002,PRD013,43,45,7200.0,405.0
PREP00003134,20250201,ST002,PRD014,21,22,2420.0,154.0
PREP00003135,20250201,ST002,PRD015,42,42,2730.0,210.0
PREP00003136,20250201,ST002,PRD016,26,26,2470.0,78.0
PREP00003137,20250201,ST002,PRD017,15,15,1650.0,45.0
PREP00003138,20250201,ST002,PRD018,48,51,3060.0,102.0
PREP00003139,20250201,ST002,PRD019,15,15,525.0,30.0
PREP00003140,20250201,ST002,PRD020,27,26,1430.0,78.0
PREP00003141,20250201,ST003,PRD001,40,40,1800.0,120.0
PREP00003142,20250201,ST003,PRD002,27,29,1885.0,145.0
PREP00003143,20250201,ST003,PRD003,28,30,2100.0,150.0
PREP00003144,20250201,ST003,PRD004,27,27,2160.0,162.0
PREP00003145,20250201,ST003,PRD005,25,27,945.0,54.0
PREP00003146,20250201,ST003,PRD006,25,25,1750.0,100.0
PREP00003147,20250201,ST003,PRD007,34,36,2880.0,180.0
PREP00003148,20250201,ST003,PRD008,25,27,1485.0,81.0
PREP00003149,20250201,ST003,PRD009,26,27,2565.0,162.0
PREP00003150,20250201,ST003,PRD010,14,14,1400.0,84.0
PREP00003151,20250201,ST003,PRD011,18,18,2520.0,144.0
PREP00003152,20250201,ST003,PRD012,20,20,3600.0,200.0
PREP00003153,20250201,ST003,PRD013,28,30,4800.0,270.0
PREP00003154,20250201,ST003,PRD014,16,17,1870.0,119.0
PREP00003155,20250201,ST003,PRD015,27,30,1950.0,150.0
PREP00003156,20250201,ST003,PRD016,15,15,1425.0,45.0
PREP00003157,20250201,ST003,PRD017,11,11,1210.0,33.0
PREP00003158,20250201,ST003,PRD018,23,25,1500.0,50.0
PREP00003159,20250201,ST003,PRD019,13,13,455.0,26.0
PREP00003160,20250201,ST003,PRD020,12,12,660.0,36.0
PREP00003161,20250201,ST004,PRD001,88,86,3870.0,258.0
PREP00003162,20250201,ST004,PRD002,51,54,3510.0,270.0
PREP00003163,20250201,ST004,PRD003,54,55,3850.0,275.0
PREP00003164,20250201,ST004,PRD004,48,52,4160.0,312.0
PREP00003165,20250201,ST004,PRD005,36,35,1225.0,70.0
PREP00003166,20250201,ST004,PRD006,54,58,4060.0,232.0
PREP00003167,20250201,ST004,PRD007,70,69,5520.0,345.0
PREP00003168,20250201,ST004,PRD008,75,76,4180.0,228.0
PREP00003169,20250201,ST004,PRD009,35,34,3230.0,204.0
PREP00003170,20250201,ST004,PRD010,31,33,3300.0,198.0
PREP00003171,20250201,ST004,PRD011,62,64,8960.0,512.0
PREP00003172,20250201,ST004,PRD012,42,44,7920.0,440.0
PREP00003173,20250201,ST004,PRD013,39,38,6080.0,342.0
PREP00003174,20250201,ST004,PRD014,32,32,3520.0,224.0
PREP00003175,20250201,ST004,PRD015,40,42,2730.0,210.0
PREP00003176,20250201,ST004,PRD016,16,17,1615.0,51.0
PREP00003177,20250201,ST004,PRD017,20,20,2200.0,60.0
PREP00003178,20250201,ST004,PRD018,23,25,1500.0,50.0
PREP00003179,20250201,ST004,PRD019,22,23,805.0,46.0
PREP00003180,20250201,ST004,PRD020,38,41,2255.0,123.0
PREP00003181,20250201,ST005,PRD001,60,60,2700.0,180.0
PREP00003182,20250201,ST005,PRD002,57,55,3575.0,275.0
PREP00003183,20250201,ST005,PRD003,52,55,3850.0,275.0
PREP00003184,20250201,ST005,PRD004,62,60,4800.0,360.0
PREP00003185,20250201,ST005,PRD005,45,49,1715.0,98.0
PREP00003186,20250201,ST005,PRD006,34,37,2590.0,148.0
PREP00003187,20250201,ST005,PRD007,64,70,5600.0,350.0
PREP00003188,20250201,ST005,PRD008,45,49,2695.0,147.0
PREP00003189,20250201,ST005,PRD009,20,19,1805.0,114.0
PREP00003190,20250201,ST005,PRD010,23,23,2300.0,138.0
PREP00003191,20250201,ST005,PRD011,30,30,4200.0,240.0
PREP00003192,20250201,ST005,PRD012,29,29,5220.0,290.0
PREP00003193,20250201,ST005,PRD013,23,22,3520.0,198.0
PREP00003194,20250201,ST005,PRD014,24,26,2860.0,182.0
PREP00003195,20250201,ST005,PRD015,47,46,2990.0,230.0
PREP00003196,20250201,ST005,PRD016,21,21,1995.0,63.0
PREP00003197,20250201,ST005,PRD017,12,13,1430.0,39.0
PREP00003198,20250201,ST005,PRD018,17,17,1020.0,34.0
PREP00003199,20250201,ST005,PRD019,27,30,1050.0,60.0
PREP00003200,20250201,ST005,PRD020,35,38,2090.0,114.0
PREP00003201,20250202,ST001,PRD001,87,92,4140.0,276.0
PREP00003202,20250202,ST001,PRD002,90,86,5590.0,430.0
PREP00003203,20250202,ST001,PRD003,66,69,4830.0,345.0
PREP00003204,20250202,ST001,PRD004,88,92,7360.0,552.0
PREP00003205,20250202,ST001,PRD005,54,57,1995.0,114.0
PREP00003206,20250202,ST001,PRD006,47,46,3220.0,184.0
PREP00003207,20250202,ST001,PRD007,30,30,2400.0,150.0
PREP00003208,20250202,ST001,PRD008,54,54,2970.0,162.0
PREP00003209,20250202,ST001,PRD009,63,61,5795.0,366.0
PREP00003210,20250202,ST001,PRD010,24,26,2600.0,156.0
PREP00003211,20250202,ST001,PRD011,44,48,6720.0,384.0
PREP00003212,20250202,ST001,PRD012,67,73,13140.0,730.0
PREP00003213,20250202,ST001,PRD013,57,55,8800.0,495.0
PREP00003214,20250202,ST001,PRD014,58,57,6270.0,399.0
PREP00003215,20250202,ST001,PRD015,54,59,3835.0,295.0
PREP00003216,20250202,ST001,PRD016,29,30,2850.0,90.0
PREP00003217,20250202,ST001,PRD017,43,46,5060.0,138.0
PREP00003218,20250202,ST001,PRD018,19,18,1080.0,36.0
PREP00003219,20250202,ST001,PRD019,28,30,1050.0,60.0
PREP00003220,20250202,ST001,PRD020,50,51,2805.0,153.0
PREP00003221,20250202,ST002,PRD001,61,66,2970.0,198.0
PREP00003222,20250202,ST002,PRD002,64,69,4485.0,345.0
PREP00003223,20250202,ST002,PRD003,54,58,4060.0,290.0
PREP00003224,20250202,ST002,PRD004,54,55,4400.0,330.0
PREP00003225,20250202,ST002,PRD005,30,31,1085.0,62.0
PREP00003226,20250202,ST002,PRD006,58,62,4340.0,248.0
PREP00003227,20250202,ST002,PRD007,40,38,3040.0,190.0
PREP00003228,20250202,ST002,PRD008,29,30,1650.0,90.0
PREP00003229,20250202,ST002,PRD009,23,25,2375.0,150.0
PREP00003230,20250202,ST002,PRD010,10,10,1000.0,60.0
PREP00003231,20250202,ST002,PRD011,37,37,5180.0,296.0
PREP00003232,20250202,ST002,PRD012,30,29,5220.0,290.0
PREP00003233,20250202,ST002,PRD013,49,54,8640.0,486.0
PREP00003234,20250202,ST002,PRD014,39,42,4620.0,294.0
PREP00003235,20250202,ST002,PRD015,40,42,2730.0,210.0
PREP00003236,20250202,ST002,PRD016,16,16,1520.0,48.0
PREP00003237,20250202,ST002,PRD017,16,17,1870.0,51.0
PREP00003238,20250202,ST002,PRD018,25,26,1560.0,52.0
PREP00003239,20250202,ST002,PRD019,34,36,1260.0,72.0
PREP00003240,20250202,ST002,PRD020,12,12,660.0,36.0
PREP00003241,20250202,ST003,PRD001,48,52,2340.0,156.0
PREP00003242,20250202,ST003,PRD002,45,49,3185.0,245.0
PREP00003243,20250202,ST003,PRD003,29,32,2240.0,160.0
PREP00003244,20250202,ST003,PRD004,28,29,2320.0,174.0
PREP00003245,20250202,ST003,PRD005,43,47,1645.0,94.0
PREP00003246,20250202,ST003,PRD006,41,40,2800.0,160.0
PREP00003247,20250202,ST003,PRD007,25,24,1920.0,120.0
PREP00003248,20250202,ST003,PRD008,23,23,1265.0,69.0
PREP00003249,20250202,ST003,PRD009,24,23,2185.0,138.0
PREP00003250,20250202,ST003,PRD010,12,13,1300.0,78.0
PREP00003251,20250202,ST003,PRD011,12,13,1820.0,104.0
PREP00003252,20250202,ST003,PRD012,27,29,5220.0,290.0
PREP00003253,20250202,ST003,PRD013,24,25,4000.0,225.0
PREP00003254,20250202,ST003,PRD014,22,23,2530.0,161.0
PREP00003255,20250202,ST003,PRD015,19,21,1365.0,105.0
PREP00003256,20250202,ST003,PRD016,14,14,1330.0,42.0
PREP00003257,20250202,ST003,PRD017,13,13,1430.0,39.0
PREP00003258,20250202,ST003,PRD018,31,32,1920.0,64.0
PREP00003259,20250202,ST003,PRD019,10,10,350.0,20.0
PREP00003260,20250202,ST003,PRD020,12,12,660.0,36.0
PREP00003261,20250202,ST004,PRD001,82,80,3600.0,240.0
PREP00003262,20250202,ST004,PRD002,66,65,4225.0,325.0
PREP00003263,20250202,ST004,PRD003,104,113,7910.0,565.0
PREP00003264,20250202,ST004,PRD004,52,55,4400.0,330.0
PREP00003265,20250202,ST004,PRD005,62,59,2065.0,118.0
PREP00003266,20250202,ST004,PRD006,65,65,4550.0,260.0
PREP00003267,20250202,ST004,PRD007,39,41,3280.0,205.0
PREP00003268,20250202,ST004,PRD008,60,63,3465.0,189.0
PREP00003269,20250202,ST004,PRD009,30,30,2850.0,180.0
PREP00003270,20250202,ST004,PRD010,21,20,2000.0,120.0
PREP00003271,20250202,ST004,PRD011,36,35,4900.0,280.0
PREP00003272,20250202,ST004,PRD012,84,92,16560.0,920.0
PREP00003273,20250202,ST004,PRD013,67,73,11680.0,657.0
PREP00003274,20250202,ST004,PRD014,64,68,7480.0,476.0
PREP00003275,20250202,ST004,PRD015,43,42,2730.0,210.0
PREP00003276,20250202,ST004,PRD016,18,18,1710.0,54.0
PREP00003277,20250202,ST004,PRD017,12,12,1320.0,36.0
PREP00003278,20250202,ST004,PRD018,25,26,1560.0,52.0
PREP00003279,20250202,ST004,PRD019,34,34,1190.0,68.0
PREP00003280,20250202,ST004,PRD020,36,39,2145.0,117.0
PREP00003281,20250202,ST005,PRD001,88,85,3825.0,255.0
PREP00003282,20250202,ST005,PRD002,50,51,3315.0,255.0
PREP00003283,20250202,ST005,PRD003,63,61,4270.0,305.0
PREP00003284,20250202,ST005,PRD004,45,44,3520.0,264.0
PREP00003285,20250202,ST005,PRD005,98,105,3675.0,210.0
PREP00003286,20250202,ST005,PRD006,57,62,4340.0,248.0
PREP00003287,20250202,ST005,PRD007,34,37,2960.0,185.0
PREP00003288,20250202,ST005,PRD008,68,72,3960.0,216.0
PREP00003289,20250202,ST005,PRD009,27,27,2565.0,162.0
PREP00003290,20250202,ST005,PRD010,18,18,1800.0,108.0
PREP00003291,20250202,ST005,PRD011,34,36,5040.0,288.0
PREP00003292,20250202,ST005,PRD012,33,36,6480.0,360.0
PREP00003293,20250202,ST005,PRD013,38,41,6560.0,369.0
PREP00003294,20250202,ST005,PRD014,26,25,2750.0,175.0
PREP00003295,20250202,ST005,PRD015,23,22,1430.0,110.0
PREP00003296,20250202,ST005,PRD016,19,20,1900.0,60.0
PREP00003297,20250202,ST005,PRD017,12,13,1430.0,39.0
PREP00003298,20250202,ST005,PRD018,17,16,960.0,32.0
PREP00003299,20250202,ST005,PRD019,17,18,630.0,36.0
PREP00003300,20250202,ST005,PRD020,26,27,1485.0,81.0
PREP00003301,20250203,ST001,PRD001,53,57,2565.0,171.0
PREP00003302,20250203,ST001,PRD002,65,63,4095.0,315.0
PREP00003303,20250203,ST001,PRD003,73,71,4970.0,355.0
PREP00003304,20250203,ST001,PRD004,62,64,5120.0,384.0
PREP00003305,20250203,ST001,PRD005,34,37,1295.0,74.0
PREP00003306,20250203,ST001,PRD006,42,44,3080.0,176.0
PREP00003307,20250203,ST001,PRD007,62,64,5120.0,320.0
PREP00003308,20250203,ST001,PRD008,52,53,2915.0,159.0
PREP00003309,20250203,ST001,PRD009,41,44,4180.0,264.0
PREP00003310,20250203,ST001,PRD010,24,26,2600.0,156.0
PREP00003311,20250203,ST001,PRD011,35,37,5180.0,296.0
PREP00003312,20250203,ST001,PRD012,35,35,6300.0,350.0
PREP00003313,20250203,ST001,PRD013,36,39,6240.0,351.0
PREP00003314,20250203,ST001,PRD014,46,45,4950.0,315.0
PREP00003315,20250203,ST001,PRD015,26,28,1820.0,140.0
PREP00003316,20250203,ST001,PRD016,29,30,2850.0,90.0
PREP00003317,20250203,ST001,PRD017,30,31,3410.0,93.0
PREP00003318,20250203,ST001,PRD018,32,35,2100.0,70.0
PREP00003319,20250203,ST001,PRD019,29,32,1120.0,64.0
PREP00003320,20250203,ST001,PRD020,27,29,1595.0,87.0
PREP00003321,20250203,ST002,PRD001,53,58,2610.0,174.0
PREP00003322,20250203,ST002,PRD002,40,39,2535.0,195.0
PREP00003323,20250203,ST002,PRD003,29,30,2100.0,150.0
PREP00003324,20250203,ST002,PRD004,36,34,2720.0,204.0
PREP00003325,20250203,ST002,PRD005,39,43,1505.0,86.0
PREP00003326,20250203,ST002,PRD006,33,33,2310.0,132.0
PREP00003327,20250203,ST002,PRD007,30,33,2640.0,165.0
PREP00003328,20250203,ST002,PRD008,38,37,2035.0,111.0
PREP00003329,20250203,ST002,PRD009,23,22,2090.0,132.0
PREP00003330,20250203,ST002,PRD010,19,19,1900.0,114.0
PREP00003331,20250203,ST002,PRD011,26,27,3780.0,216.0
PREP00003332,20250203,ST002,PRD012,31,32,5760.0,320.0
PREP00003333,20250203,ST002,PRD013,29,31,4960.0,279.0
PREP00003334,20250203,ST002,PRD014,22,23,2530.0,161.0
PREP00003335,20250203,ST002,PRD015,32,34,2210.0,170.0
PREP00003336,20250203,ST002,PRD016,18,18,1710.0,54.0
PREP00003337,20250203,ST002,PRD017,23,25,2750.0,75.0
PREP00003338,20250203,ST002,PRD018,17,18,1080.0,36.0
PREP00003339,20250203,ST002,PRD019,21,22,770.0,44.0
PREP00003340,20250203,ST002,PRD020,25,26,1430.0,78.0
PREP00003341,20250203,ST003,PRD001,23,23,1035.0,69.0
PREP00003342,20250203,ST003,PRD002,26,26,1690.0,130.0
PREP00003343,20250203,ST003,PRD003,35,34,2380.0,170.0
PREP00003344,20250203,ST003,PRD004,43,42,3360.0,252.0
PREP00003345,20250203,ST003,PRD005,29,30,1050.0,60.0
PREP00003346,20250203,ST003,PRD006,45,45,3150.0,180.0
PREP00003347,20250203,ST003,PRD007,17,18,1440.0,90.0
PREP00003348,20250203,ST003,PRD008,23,22,1210.0,66.0
PREP00003349,20250203,ST003,PRD009,10,11,1045.0,66.0
PREP00003350,20250203,ST003,PRD010,28,29,2900.0,174.0
PREP00003351,20250203,ST003,PRD011,14,13,1820.0,104.0
PREP00003352,20250203,ST003,PRD012,21,20,3600.0,200.0
PREP00003353,20250203,ST003,PRD013,10,10,1600.0,90.0
PREP00003354,20250203,ST003,PRD014,14,15,1650.0,105.0
PREP00003355,20250203,ST003,PRD015,18,18,1170.0,90.0
PREP00003356,20250203,ST003,PRD016,6,6,570.0,18.0
PREP00003357,20250203,ST003,PRD017,11,11,1210.0,33.0
PREP00003358,20250203,ST003,PRD018,16,16,960.0,32.0
PREP00003359,20250203,ST003,PRD019,11,11,385.0,22.0
PREP00003360,20250203,ST003,PRD020,14,15,825.0,45.0
PREP00003361,20250203,ST004,PRD001,29,30,1350.0,90.0
PREP00003362,20250203,ST004,PRD002,62,65,4225.0,325.0
PREP00003363,20250203,ST004,PRD003,63,62,4340.0,310.0
PREP00003364,20250203,ST004,PRD004,70,76,6080.0,456.0
PREP00003365,20250203,ST004,PRD005,33,32,1120.0,64.0
PREP00003366,20250203,ST004,PRD006,61,63,4410.0,252.0
PREP00003367,20250203,ST004,PRD007,50,48,3840.0,240.0
PREP00003368,20250203,ST004,PRD008,62,59,3245.0,177.0
PREP00003369,20250203,ST004,PRD009,23,22,2090.0,132.0
PREP00003370,20250203,ST004,PRD010,16,17,1700.0,102.0
PREP00003371,20250203,ST004,PRD011,50,55,7700.0,440.0
PREP00003372,20250203,ST004,PRD012,25,26,4680.0,260.0
PREP00003373,20250203,ST004,PRD013,47,52,8320.0,468.0
PREP00003374,20250203,ST004,PRD014,21,22,2420.0,154.0
PREP00003375,20250203,ST004,PRD015,51,51,3315.0,255.0
PREP00003376,20250203,ST004,PRD016,18,17,1615.0,51.0
PREP00003377,20250203,ST004,PRD017,13,13,1430.0,39.0
PREP00003378,20250203,ST004,PRD018,19,21,1260.0,42.0
PREP00003379,20250203,ST004,PRD019,36,35,1225.0,70.0
PREP00003380,20250203,ST004,PRD020,24,25,1375.0,75.0
PREP00003381,20250203,ST005,PRD001,44,46,2070.0,138.0
PREP00003382,20250203,ST005,PRD002,68,67,4355.0,335.0
PREP00003383,20250203,ST005,PRD003,41,42,2940.0,210.0
PREP00003384,20250203,ST005,PRD004,29,28,2240.0,168.0
PREP00003385,20250203,ST005,PRD005,27,26,910.0,52.0
PREP00003386,20250203,ST005,PRD006,49,54,3780.0,216.0
PREP00003387,20250203,ST005,PRD007,25,27,2160.0,135.0
PREP00003388,20250203,ST005,PRD008,31,30,1650.0,90.0
PREP00003389,20250203,ST005,PRD009,34,37,3515.0,222.0
PREP00003390,20250203,ST005,PRD010,14,13,1300.0,78.0
PREP00003391,20250203,ST005,PRD011,31,33,4620.0,264.0
PREP00003392,20250203,ST005,PRD012,38,41,7380.0,410.0
PREP00003393,20250203,ST005,PRD013,30,31,4960.0,279.0
PREP00003394,20250203,ST005,PRD014,18,18,1980.0,126.0
PREP00003395,20250203,ST005,PRD015,30,31,2015.0,155.0
PREP00003396,20250203,ST005,PRD016,18,19,1805.0,57.0
PREP00003397,20250203,ST005,PRD017,25,27,2970.0,81.0
PREP00003398,20250203,ST005,PRD018,20,21,1260.0,42.0
PREP00003399,20250203,ST005,PRD019,29,29,1015.0,58.0
PREP00003400,20250203,ST005,PRD020,22,21,1155.0,63.0
PREP00003401,20250204,ST001,PRD001,91,92,4140.0,276.0
PREP00003402,20250204,ST001,PRD002,35,36,2340.0,180.0
PREP00003403,20250204,ST001,PRD003,42,42,2940.0,210.0
PREP00003404,20250204,ST001,PRD004,93,89,7120.0,534.0
PREP00003405,20250204,ST001,PRD005,42,41,1435.0,82.0
PREP00003406,20250204,ST001,PRD006,51,50,3500.0,200.0
PREP00003407,20250204,ST001,PRD007,29,32,2560.0,160.0
PREP00003408,20250204,ST001,PRD008,39,41,2255.0,123.0
PREP00003409,20250204,ST001,PRD009,23,24,2280.0,144.0
PREP00003410,20250204,ST001,PRD010,29,29,2900.0,174.0
PREP00003411,20250204,ST001,PRD011,18,20,2800.0,160.0
PREP00003412,20250204,ST001,PRD012,44,46,8280.0,460.0
PREP00003413,20250204,ST001,PRD013,37,40,6400.0,360.0
PREP00003414,20250204,ST001,PRD014,50,54,5940.0,378.0
PREP00003415,20250204,ST001,PRD015,42,42,2730.0,210.0
PREP00003416,20250204,ST001,PRD016,11,12,1140.0,36.0
PREP00003417,20250204,ST001,PRD017,14,14,1540.0,42.0
PREP00003418,20250204,ST001,PRD018,15,14,840.0,28.0
PREP00003419,20250204,ST001,PRD019,23,25,875.0,50.0
PREP00003420,20250204,ST001,PRD020,20,20,1100.0,60.0
PREP00003421,20250204,ST002,PRD001,36,34,1530.0,102.0
PREP00003422,20250204,ST002,PRD002,40,40,2600.0,200.0
PREP00003423,20250204,ST002,PRD003,32,34,2380.0,170.0
PREP00003424,20250204,ST002,PRD004,48,46,3680.0,276.0
PREP00003425,20250204,ST002,PRD005,56,57,1995.0,114.0
PREP00003426,20250204,ST002,PRD006,24,23,1610.0,92.0
PREP00003427,20250204,ST002,PRD007,50,49,3920.0,245.0
PREP00003428,20250204,ST002,PRD008,35,35,1925.0,105.0
PREP00003429,20250204,ST002,PRD009,32,35,3325.0,210.0
PREP00003430,20250204,ST002,PRD010,20,19,1900.0,114.0
PREP00003431,20250204,ST002,PRD011,32,33,4620.0,264.0
PREP00003432,20250204,ST002,PRD012,25,26,4680.0,260.0
PREP00003433,20250204,ST002,PRD013,27,27,4320.0,243.0
PREP00003434,20250204,ST002,PRD014,15,16,1760.0,112.0
PREP00003435,20250204,ST002,PRD015,21,20,1300.0,100.0
PREP00003436,20250204,ST002,PRD016,16,17,1615.0,51.0
PREP00003437,20250204,ST002,PRD017,14,15,1650.0,45.0
PREP00003438,20250204,ST002,PRD018,12,12,720.0,24.0
PREP00003439,20250204,ST002,PRD019,17,18,630.0,36.0
PREP00003440,20250204,ST002,PRD020,28,27,1485.0,81.0
PREP00003441,20250204,ST003,PRD001,21,21,945.0,63.0
PREP00003442,20250204,ST003,PRD002,32,34,2210.0,170.0
PREP00003443,20250204,ST003,PRD003,18,19,1330.0,95.0
PREP00003444,20250204,ST003,PRD004,22,21,1680.0,126.0
PREP00003445,20250204,ST003,PRD005,50,51,1785.0,102.0
PREP00003446,20250204,ST003,PRD006,19,20,1400.0,80.0
PREP00003447,20250204,ST003,PRD007,17,18,1440.0,90.0
PREP00003448,20250204,ST003,PRD008,31,32,1760.0,96.0
PREP00003449,20250204,ST003,PRD009,14,14,1330.0,84.0
PREP00003450,20250204,ST003,PRD010,18,18,1800.0,108.0
PREP00003451,20250204,ST003,PRD011,21,20,2800.0,160.0
PREP00003452,20250204,ST003,PRD012,29,29,5220.0,290.0
PREP00003453,20250204,ST003,PRD013,9,10,1600.0,90.0
PREP00003454,20250204,ST003,PRD014,29,29,3190.0,203.0
PREP00003455,20250204,ST003,PRD015,24,26,1690.0,130.0
PREP00003456,20250204,ST003,PRD016,16,16,1520.0,48.0
PREP00003457,20250204,ST003,PRD017,9,9,990.0,27.0
PREP00003458,20250204,ST003,PRD018,9,10,600.0,20.0
PREP00003459,20250204,ST003,PRD019,12,12,420.0,24.0
PREP00003460,20250204,ST003,PRD020,15,16,880.0,48.0
PREP00003461,20250204,ST004,PRD001,72,69,3105.0,207.0
PREP00003462,20250204,ST004,PRD002,80,84,5460.0,420.0
PREP00003463,20250204,ST004,PRD003,65,71,4970.0,355.0
PREP00003464,20250204,ST004,PRD004,63,66,5280.0,396.0
PREP00003465,20250204,ST004,PRD005,92,97,3395.0,194.0
PREP00003466,20250204,ST004,PRD006,30,30,2100.0,120.0
PREP00003467,20250204,ST004,PRD007,36,38,3040.0,190.0
PREP00003468,20250204,ST004,PRD008,33,33,1815.0,99.0
PREP00003469,20250204,ST004,PRD009,26,28,2660.0,168.0
PREP00003470,20250204,ST004,PRD010,25,25,2500.0,150.0
PREP00003471,20250204,ST004,PRD011,28,30,4200.0,240.0
PREP00003472,20250204,ST004,PRD012,19,19,3420.0,190.0
PREP00003473,20250204,ST004,PRD013,25,26,4160.0,234.0
PREP00003474,20250204,ST004,PRD014,41,43,4730.0,301.0
PREP00003475,20250204,ST004,PRD015,33,36,2340.0,180.0
PREP00003476,20250204,ST004,PRD016,22,22,2090.0,66.0
PREP00003477,20250204,ST004,PRD017,12,12,1320.0,36.0
PREP00003478,20250204,ST004,PRD018,20,20,1200.0,40.0
PREP00003479,20250204,ST004,PRD019,21,22,770.0,44.0
PREP00003480,20250204,ST004,PRD020,14,15,825.0,45.0
PREP00003481,20250204,ST005,PRD001,68,66,2970.0,198.0
PREP00003482,20250204,ST005,PRD002,39,40,2600.0,200.0
PREP00003483,20250204,ST005,PRD003,45,44,3080.0,220.0
PREP00003484,20250204,ST005,PRD004,59,63,5040.0,378.0
PREP00003485,20250204,ST005,PRD005,82,81,2835.0,162.0
PREP00003486,20250204,ST005,PRD006,30,32,2240.0,128.0
PREP00003487,20250204,ST005,PRD007,24,23,1840.0,115.0
PREP00003488,20250204,ST005,PRD008,33,33,1815.0,99.0
PREP00003489,20250204,ST005,PRD009,26,26,2470.0,156.0
PREP00003490,20250204,ST005,PRD010,8,8,800.0,48.0
PREP00003491,20250204,ST005,PRD011,31,31,4340.0,248.0
PREP00003492,20250204,ST005,PRD012,26,26,4680.0,260.0
PREP00003493,20250204,ST005,PRD013,45,48,7680.0,432.0
PREP00003494,20250204,ST005,PRD014,21,22,2420.0,154.0
PREP00003495,20250204,ST005,PRD015,18,19,1235.0,95.0
PREP00003496,20250204,ST005,PRD016,11,11,1045.0,33.0
PREP00003497,20250204,ST005,PRD017,24,24,2640.0,72.0
PREP00003498,20250204,ST005,PRD018,15,16,960.0,32.0
PREP00003499,20250204,ST005,PRD019,17,18,630.0,36.0
PREP00003500,20250204,ST005,PRD020,31,31,1705.0,93.0
PREP00003501,20250205,ST001,PRD001,64,66,2970.0,198.0
PREP00003502,20250205,ST001,PRD002,77,77,5005.0,385.0
PREP00003503,20250205,ST001,PRD003,45,48,3360.0,240.0
PREP00003504,20250205,ST001,PRD004,87,84,6720.0,504.0
PREP00003505,20250205,ST001,PRD005,24,26,910.0,52.0
PREP00003506,20250205,ST001,PRD006,25,25,1750.0,100.0
PREP00003507,20250205,ST001,PRD007,49,50,4000.0,250.0
PREP00003508,20250205,ST001,PRD008,43,44,2420.0,132.0
PREP00003509,20250205,ST001,PRD009,27,27,2565.0,162.0
PREP00003510,20250205,ST001,PRD010,27,27,2700.0,162.0
PREP00003511,20250205,ST001,PRD011,47,51,7140.0,408.0
PREP00003512,20250205,ST001,PRD012,47,52,9360.0,520.0
PREP00003513,20250205,ST001,PRD013,58,56,8960.0,504.0
PREP00003514,20250205,ST001,PRD014,33,35,3850.0,245.0
PREP00003515,20250205,ST001,PRD015,26,27,1755.0,135.0
PREP00003516,20250205,ST001,PRD016,30,29,2755.0,87.0
PREP00003517,20250205,ST001,PRD017,22,22,2420.0,66.0
PREP00003518,20250205,ST001,PRD018,16,17,1020.0,34.0
PREP00003519,20250205,ST001,PRD019,28,31,1085.0,62.0
PREP00003520,20250205,ST001,PRD020,35,35,1925.0,105.0
PREP00003521,20250205,ST002,PRD001,37,38,1710.0,114.0
PREP00003522,20250205,ST002,PRD002,32,31,2015.0,155.0
PREP00003523,20250205,ST002,PRD003,32,35,2450.0,175.0
PREP00003524,20250205,ST002,PRD004,42,43,3440.0,258.0
PREP00003525,20250205,ST002,PRD005,62,60,2100.0,120.0
PREP00003526,20250205,ST002,PRD006,43,41,2870.0,164.0
PREP00003527,20250205,ST002,PRD007,45,49,3920.0,245.0
PREP00003528,20250205,ST002,PRD008,29,31,1705.0,93.0
PREP00003529,20250205,ST002,PRD009,19,18,1710.0,108.0
PREP00003530,20250205,ST002,PRD010,24,26,2600.0,156.0
PREP00003531,20250205,ST002,PRD011,22,23,3220.0,184.0
PREP00003532,20250205,ST002,PRD012,18,20,3600.0,200.0
PREP00003533,20250205,ST002,PRD013,35,36,5760.0,324.0
PREP00003534,20250205,ST002,PRD014,18,19,2090.0,133.0
PREP00003535,20250205,ST002,PRD015,21,22,1430.0,110.0
PREP00003536,20250205,ST002,PRD016,17,17,1615.0,51.0
PREP00003537,20250205,ST002,PRD017,13,14,1540.0,42.0
PREP00003538,20250205,ST002,PRD018,18,19,1140.0,38.0
PREP00003539,20250205,ST002,PRD019,22,22,770.0,44.0
PREP00003540,20250205,ST002,PRD020,21,21,1155.0,63.0
PREP00003541,20250205,ST003,PRD001,45,49,2205.0,147.0
PREP00003542,20250205,ST003,PRD002,31,33,2145.0,165.0
PREP00003543,20250205,ST003,PRD003,33,36,2520.0,180.0
PREP00003544,20250205,ST003,PRD004,27,28,2240.0,168.0
PREP00003545,20250205,ST003,PRD005,21,22,770.0,44.0
PREP00003546,20250205,ST003,PRD006,33,32,2240.0,128.0
PREP00003547,20250205,ST003,PRD007,31,30,2400.0,150.0
PREP00003548,20250205,ST003,PRD008,35,36,1980.0,108.0
PREP00003549,20250205,ST003,PRD009,16,17,1615.0,102.0
PREP00003550,20250205,ST003,PRD010,10,10,1000.0,60.0
PREP00003551,20250205,ST003,PRD011,15,15,2100.0,120.0
PREP00003552,20250205,ST003,PRD012,22,21,3780.0,210.0
PREP00003553,20250205,ST003,PRD013,12,13,2080.0,117.0
PREP00003554,20250205,ST003,PRD014,23,24,2640.0,168.0
PREP00003555,20250205,ST003,PRD015,22,22,1430.0,110.0
PREP00003556,20250205,ST003,PRD016,11,11,1045.0,33.0
PREP00003557,20250205,ST003,PRD017,19,18,1980.0,54.0
PREP00003558,20250205,ST003,PRD018,13,12,720.0,24.0
PREP00003559,20250205,ST003,PRD019,11,11,385.0,22.0
PREP00003560,20250205,ST003,PRD020,17,17,935.0,51.0
PREP00003561,20250205,ST004,PRD001,71,69,3105.0,207.0
PREP00003562,20250205,ST004,PRD002,48,47,3055.0,235.0
PREP00003563,20250205,ST004,PRD003,64,63,4410.0,315.0
PREP00003564,20250205,ST004,PRD004,46,46,3680.0,276.0
PREP00003565,20250205,ST004,PRD005,45,44,1540.0,88.0
PREP00003566,20250205,ST004,PRD006,32,32,2240.0,128.0
PREP00003567,20250205,ST004,PRD007,50,48,3840.0,240.0
PREP00003568,20250205,ST004,PRD008,49,49,2695.0,147.0
PREP00003569,20250205,ST004,PRD009,25,25,2375.0,150.0
PREP00003570,20250205,ST004,PRD010,30,32,3200.0,192.0
PREP00003571,20250205,ST004,PRD011,24,24,3360.0,192.0
PREP00003572,20250205,ST004,PRD012,33,34,6120.0,340.0
PREP00003573,20250205,ST004,PRD013,64,68,10880.0,612.0
PREP00003574,20250205,ST004,PRD014,39,38,4180.0,266.0
PREP00003575,20250205,ST004,PRD015,24,24,1560.0,120.0
PREP00003576,20250205,ST004,PRD016,14,14,1330.0,42.0
PREP00003577,20250205,ST004,PRD017,14,14,1540.0,42.0
PREP00003578,20250205,ST004,PRD018,28,28,1680.0,56.0
PREP00003579,20250205,ST004,PRD019,30,32,1120.0,64.0
PREP00003580,20250205,ST004,PRD020,30,31,1705.0,93.0
PREP00003581,20250205,ST005,PRD001,38,38,1710.0,114.0
PREP00003582,20250205,ST005,PRD002,47,45,2925.0,225.0
PREP00003583,20250205,ST005,PRD003,62,61,4270.0,305.0
PREP00003584,20250205,ST005,PRD004,42,42,3360.0,252.0
PREP00003585,20250205,ST005,PRD005,44,47,1645.0,94.0
PREP00003586,20250205,ST005,PRD006,37,38,2660.0,152.0
PREP00003587,20250205,ST005,PRD007,35,36,2880.0,180.0
PREP00003588,20250205,ST005,PRD008,26,27,1485.0,81.0
PREP00003589,20250205,ST005,PRD009,18,18,1710.0,108.0
PREP00003590,20250205,ST005,PRD010,21,20,2000.0,120.0
PREP00003591,20250205,ST005,PRD011,45,46,6440.0,368.0
PREP00003592,20250205,ST005,PRD012,14,15,2700.0,150.0
PREP00003593,20250205,ST005,PRD013,23,23,3680.0,207.0
PREP00003594,20250205,ST005,PRD014,32,33,3630.0,231.0
PREP00003595,20250205,ST005,PRD015,37,35,2275.0,175.0
PREP00003596,20250205,ST005,PRD016,16,17,1615.0,51.0
PREP00003597,20250205,ST005,PRD017,21,21,2310.0,63.0
PREP00003598,20250205,ST005,PRD018,19,18,1080.0,36.0
PREP00003599,20250205,ST005,PRD019,15,15,525.0,30.0
PREP00003600,20250205,ST005,PRD020,14,15,825.0,45.0
PREP00003601,20250206,ST001,PRD001,80,80,3600.0,240.0
PREP00003602,20250206,ST001,PRD002,58,58,3770.0,290.0
PREP00003603,20250206,ST001,PRD003,58,62,4340.0,310.0
PREP00003604,20250206,ST001,PRD004,68,67,5360.0,402.0
PREP00003605,20250206,ST001,PRD005,68,68,2380.0,136.0
PREP00003606,20250206,ST001,PRD006,36,37,2590.0,148.0
PREP00003607,20250206,ST001,PRD007,44,46,3680.0,230.0
PREP00003608,20250206,ST001,PRD008,63,60,3300.0,180.0
PREP00003609,20250206,ST001,PRD009,42,46,4370.0,276.0
PREP00003610,20250206,ST001,PRD010,30,30,3000.0,180.0
PREP00003611,20250206,ST001,PRD011,53,56,7840.0,448.0
PREP00003612,20250206,ST001,PRD012,33,34,6120.0,340.0
PREP00003613,20250206,ST001,PRD013,41,43,6880.0,387.0
PREP00003614,20250206,ST001,PRD014,22,21,2310.0,147.0
PREP00003615,20250206,ST001,PRD015,62,65,4225.0,325.0
PREP00003616,20250206,ST001,PRD016,13,13,1235.0,39.0
PREP00003617,20250206,ST001,PRD017,29,31,3410.0,93.0
PREP00003618,20250206,ST001,PRD018,18,18,1080.0,36.0
PREP00003619,20250206,ST001,PRD019,30,32,1120.0,64.0
PREP00003620,20250206,ST001,PRD020,17,17,935.0,51.0
PREP00003621,20250206,ST002,PRD001,38,39,1755.0,117.0
PREP00003622,20250206,ST002,PRD002,55,52,3380.0,260.0
PREP00003623,20250206,ST002,PRD003,54,59,4130.0,295.0
PREP00003624,20250206,ST002,PRD004,49,47,3760.0,282.0
PREP00003625,20250206,ST002,PRD005,39,39,1365.0,78.0
PREP00003626,20250206,ST002,PRD006,30,30,2100.0,120.0
PREP00003627,20250206,ST002,PRD007,52,52,4160.0,260.0
PREP00003628,20250206,ST002,PRD008,31,34,1870.0,102.0
PREP00003629,20250206,ST002,PRD009,25,25,2375.0,150.0
PREP00003630,20250206,ST002,PRD010,13,14,1400.0,84.0
PREP00003631,20250206,ST002,PRD011,33,36,5040.0,288.0
PREP00003632,20250206,ST002,PRD012,31,32,5760.0,320.0
PREP00003633,20250206,ST002,PRD013,31,33,5280.0,297.0
PREP00003634,20250206,ST002,PRD014,37,39,4290.0,273.0
PREP00003635,20250206,ST002,PRD015,18,17,1105.0,85.0
PREP00003636,20250206,ST002,PRD016,14,13,1235.0,39.0
PREP00003637,20250206,ST002,PRD017,11,11,1210.0,33.0
PREP00003638,20250206,ST002,PRD018,18,19,1140.0,38.0
PREP00003639,20250206,ST002,PRD019,16,16,560.0,32.0
PREP00003640,20250206,ST002,PRD020,11,12,660.0,36.0
PREP00003641,20250206,ST003,PRD001,20,21,945.0,63.0
PREP00003642,20250206,ST003,PRD002,24,25,1625.0,125.0
PREP00003643,20250206,ST003,PRD003,45,49,3430.0,245.0
PREP00003644,20250206,ST003,PRD004,38,41,3280.0,246.0
PREP00003645,20250206,ST003,PRD005,30,33,1155.0,66.0
PREP00003646,20250206,ST003,PRD006,24,26,1820.0,104.0
PREP00003647,20250206,ST003,PRD007,14,15,1200.0,75.0
PREP00003648,20250206,ST003,PRD008,21,21,1155.0,63.0
PREP00003649,20250206,ST003,PRD009,24,26,2470.0,156.0
PREP00003650,20250206,ST003,PRD010,19,19,1900.0,114.0
PREP00003651,20250206,ST003,PRD011,12,12,1680.0,96.0
PREP00003652,20250206,ST003,PRD012,20,20,3600.0,200.0
PREP00003653,20250206,ST003,PRD013,30,31,4960.0,279.0
PREP00003654,20250206,ST003,PRD014,15,16,1760.0,112.0
PREP00003655,20250206,ST003,PRD015,19,19,1235.0,95.0
PREP00003656,20250206,ST003,PRD016,11,11,1045.0,33.0
PREP00003657,20250206,ST003,PRD017,7,7,770.0,21.0
PREP00003658,20250206,ST003,PRD018,11,11,660.0,22.0
PREP00003659,20250206,ST003,PRD019,11,12,420.0,24.0
PREP00003660,20250206,ST003,PRD020,13,14,770.0,42.0
PREP00003661,20250206,ST004,PRD001,50,49,2205.0,147.0
PREP00003662,20250206,ST004,PRD002,45,44,2860.0,220.0
PREP00003663,20250206,ST004,PRD003,55,53,3710.0,265.0
PREP00003664,20250206,ST004,PRD004,71,76,6080.0,456.0
PREP00003665,20250206,ST004,PRD005,71,76,2660.0,152.0
PREP00003666,20250206,ST004,PRD006,44,47,3290.0,188.0
PREP00003667,20250206,ST004,PRD007,70,73,5840.0,365.0
PREP00003668,20250206,ST004,PRD008,35,34,1870.0,102.0
PREP00003669,20250206,ST004,PRD009,17,17,1615.0,102.0
PREP00003670,20250206,ST004,PRD010,32,31,3100.0,186.0
PREP00003671,20250206,ST004,PRD011,41,45,6300.0,360.0
PREP00003672,20250206,ST004,PRD012,43,43,7740.0,430.0
PREP00003673,20250206,ST004,PRD013,54,52,8320.0,468.0
PREP00003674,20250206,ST004,PRD014,21,22,2420.0,154.0
PREP00003675,20250206,ST004,PRD015,35,35,2275.0,175.0
PREP00003676,20250206,ST004,PRD016,12,13,1235.0,39.0
PREP00003677,20250206,ST004,PRD017,21,22,2420.0,66.0
PREP00003678,20250206,ST004,PRD018,28,27,1620.0,54.0
PREP00003679,20250206,ST004,PRD019,14,15,525.0,30.0
PREP00003680,20250206,ST004,PRD020,19,20,1100.0,60.0
PREP00003681,20250206,ST005,PRD001,43,47,2115.0,141.0
PREP00003682,20250206,ST005,PRD002,40,41,2665.0,205.0
PREP00003683,20250206,ST005,PRD003,45,44,3080.0,220.0
PREP00003684,20250206,ST005,PRD004,47,49,3920.0,294.0
PREP00003685,20250206,ST005,PRD005,32,34,1190.0,68.0
PREP00003686,20250206,ST005,PRD006,34,35,2450.0,140.0
PREP00003687,20250206,ST005,PRD007,19,19,1520.0,95.0
PREP00003688,20250206,ST005,PRD008,19,20,1100.0,60.0
PREP00003689,20250206,ST005,PRD009,19,19,1805.0,114.0
PREP00003690,20250206,ST005,PRD010,20,19,1900.0,114.0
PREP00003691,20250206,ST005,PRD011,32,32,4480.0,256.0
PREP00003692,20250206,ST005,PRD012,46,49,8820.0,490.0
PREP00003693,20250206,ST005,PRD013,32,35,5600.0,315.0
PREP00003694,20250206,ST005,PRD014,34,33,3630.0,231.0
PREP00003695,20250206,ST005,PRD015,22,22,1430.0,110.0
PREP00003696,20250206,ST005,PRD016,13,12,1140.0,36.0
PREP00003697,20250206,ST005,PRD017,10,11,1210.0,33.0
PREP00003698,20250206,ST005,PRD018,16,16,960.0,32.0
PREP00003699,20250206,ST005,PRD019,37,40,1400.0,80.0
PREP00003700,20250206,ST005,PRD020,10,10,550.0,30.0
PREP00003701,20250207,ST001,PRD001,56,61,2745.0,183.0
PREP00003702,20250207,ST001,PRD002,66,66,4290.0,330.0
PREP00003703,20250207,ST001,PRD003,96,101,7070.0,505.0
PREP00003704,20250207,ST001,PRD004,82,85,6800.0,510.0
PREP00003705,20250207,ST001,PRD005,66,68,2380.0,136.0
PREP00003706,20250207,ST001,PRD006,85,89,6230.0,356.0
PREP00003707,20250207,ST001,PRD007,32,31,2480.0,155.0
PREP00003708,20250207,ST001,PRD008,68,73,4015.0,219.0
PREP00003709,20250207,ST001,PRD009,30,29,2755.0,174.0
PREP00003710,20250207,ST001,PRD010,14,14,1400.0,84.0
PREP00003711,20250207,ST001,PRD011,19,20,2800.0,160.0
PREP00003712,20250207,ST001,PRD012,31,33,5940.0,330.0
PREP00003713,20250207,ST001,PRD013,34,34,5440.0,306.0
PREP00003714,20250207,ST001,PRD014,23,23,2530.0,161.0
PREP00003715,20250207,ST001,PRD015,23,25,1625.0,125.0
PREP00003716,20250207,ST001,PRD016,20,19,1805.0,57.0
PREP00003717,20250207,ST001,PRD017,19,18,1980.0,54.0
PREP00003718,20250207,ST001,PRD018,23,23,1380.0,46.0
PREP00003719,20250207,ST001,PRD019,14,15,525.0,30.0
PREP00003720,20250207,ST001,PRD020,33,31,1705.0,93.0
PREP00003721,20250207,ST002,PRD001,35,34,1530.0,102.0
PREP00003722,20250207,ST002,PRD002,37,39,2535.0,195.0
PREP00003723,20250207,ST002,PRD003,53,55,3850.0,275.0
PREP00003724,20250207,ST002,PRD004,53,51,4080.0,306.0
PREP00003725,20250207,ST002,PRD005,55,60,2100.0,120.0
PREP00003726,20250207,ST002,PRD006,39,41,2870.0,164.0
PREP00003727,20250207,ST002,PRD007,53,57,4560.0,285.0
PREP00003728,20250207,ST002,PRD008,23,25,1375.0,75.0
PREP00003729,20250207,ST002,PRD009,30,30,2850.0,180.0
PREP00003730,20250207,ST002,PRD010,27,28,2800.0,168.0
PREP00003731,20250207,ST002,PRD011,25,27,3780.0,216.0
PREP00003732,20250207,ST002,PRD012,40,43,7740.0,430.0
PREP00003733,20250207,ST002,PRD013,28,27,4320.0,243.0
PREP00003734,20250207,ST002,PRD014,26,28,3080.0,196.0
PREP00003735,20250207,ST002,PRD015,53,52,3380.0,260.0
PREP00003736,20250207,ST002,PRD016,11,11,1045.0,33.0
PREP00003737,20250207,ST002,PRD017,12,13,1430.0,39.0
PREP00003738,20250207,ST002,PRD018,18,17,1020.0,34.0
PREP00003739,20250207,ST002,PRD019,19,19,665.0,38.0
PREP00003740,20250207,ST002,PRD020,17,18,990.0,54.0
PREP00003741,20250207,ST003,PRD001,35,34,1530.0,102.0
PREP00003742,20250207,ST003,PRD002,54,58,3770.0,290.0
PREP00003743,20250207,ST003,PRD003,38,42,2940.0,210.0
PREP00003744,20250207,ST003,PRD004,51,50,4000.0,300.0
PREP00003745,20250207,ST003,PRD005,26,27,945.0,54.0
PREP00003746,20250207,ST003,PRD006,29,28,1960.0,112.0
PREP00003747,20250207,ST003,PRD007,17,18,1440.0,90.0
PREP00003748,20250207,ST003,PRD008,25,26,1430.0,78.0
PREP00003749,20250207,ST003,PRD009,21,21,1995.0,126.0
PREP00003750,20250207,ST003,PRD010,15,15,1500.0,90.0
PREP00003751,20250207,ST003,PRD011,19,20,2800.0,160.0
PREP00003752,20250207,ST003,PRD012,17,17,3060.0,170.0
PREP00003753,20250207,ST003,PRD013,23,25,4000.0,225.0
PREP00003754,20250207,ST003,PRD014,14,13,1430.0,91.0
PREP00003755,20250207,ST003,PRD015,11,11,715.0,55.0
PREP00003756,20250207,ST003,PRD016,17,17,1615.0,51.0
PREP00003757,20250207,ST003,PRD017,9,10,1100.0,30.0
PREP00003758,20250207,ST003,PRD018,20,22,1320.0,44.0
PREP00003759,20250207,ST003,PRD019,6,6,210.0,12.0
PREP00003760,20250207,ST003,PRD020,8,8,440.0,24.0
PREP00003761,20250207,ST004,PRD001,41,41,1845.0,123.0
PREP00003762,20250207,ST004,PRD002,72,73,4745.0,365.0
PREP00003763,20250207,ST004,PRD003,38,39,2730.0,195.0
PREP00003764,20250207,ST004,PRD004,40,40,3200.0,240.0
PREP00003765,20250207,ST004,PRD005,55,55,1925.0,110.0
PREP00003766,20250207,ST004,PRD006,68,66,4620.0,264.0
PREP00003767,20250207,ST004,PRD007,46,48,3840.0,240.0
PREP00003768,20250207,ST004,PRD008,40,38,2090.0,114.0
PREP00003769,20250207,ST004,PRD009,24,25,2375.0,150.0
PREP00003770,20250207,ST004,PRD010,22,23,2300.0,138.0
PREP00003771,20250207,ST004,PRD011,22,21,2940.0,168.0
PREP00003772,20250207,ST004,PRD012,39,37,6660.0,370.0
PREP00003773,20250207,ST004,PRD013,24,24,3840.0,216.0
PREP00003774,20250207,ST004,PRD014,30,30,3300.0,210.0
PREP00003775,20250207,ST004,PRD015,31,33,2145.0,165.0
PREP00003776,20250207,ST004,PRD016,20,21,1995.0,63.0
PREP00003777,20250207,ST004,PRD017,26,29,3190.0,87.0
PREP00003778,20250207,ST004,PRD018,18,19,1140.0,38.0
PREP00003779,20250207,ST004,PRD019,34,32,1120.0,64.0
PREP00003780,20250207,ST004,PRD020,25,27,1485.0,81.0
PREP00003781,20250207,ST005,PRD001,73,74,3330.0,222.0
PREP00003782,20250207,ST005,PRD002,49,51,3315.0,255.0
PREP00003783,20250207,ST005,PRD003,29,30,2100.0,150.0
PREP00003784,20250207,ST005,PRD004,52,55,4400.0,330.0
PREP00003785,20250207,ST005,PRD005,25,25,875.0,50.0
PREP00003786,20250207,ST005,PRD006,31,33,2310.0,132.0
PREP00003787,20250207,ST005,PRD007,45,46,3680.0,230.0
PREP00003788,20250207,ST005,PRD008,37,39,2145.0,117.0
PREP00003789,20250207,ST005,PRD009,32,33,3135.0,198.0
PREP00003790,20250207,ST005,PRD010,32,32,3200.0,192.0
PREP00003791,20250207,ST005,PRD011,25,27,3780.0,216.0
PREP00003792,20250207,ST005,PRD012,32,31,5580.0,310.0
PREP00003793,20250207,ST005,PRD013,29,30,4800.0,270.0
PREP00003794,20250207,ST005,PRD014,22,23,2530.0,161.0
PREP00003795,20250207,ST005,PRD015,22,24,1560.0,120.0
PREP00003796,20250207,ST005,PRD016,15,16,1520.0,48.0
PREP00003797,20250207,ST005,PRD017,31,31,3410.0,93.0
PREP00003798,20250207,ST005,PRD018,15,16,960.0,32.0
PREP00003799,20250207,ST005,PRD019,11,12,420.0,24.0
PREP00003800,20250207,ST005,PRD020,17,17,935.0,51.0
PREP00003801,20250208,ST001,PRD001,49,52,2340.0,156.0
PREP00003802,20250208,ST001,PRD002,91,89,5785.0,445.0
PREP00003803,20250208,ST001,PRD003,91,91,6370.0,455.0
PREP00003804,20250208,ST001,PRD004,99,103,8240.0,618.0
PREP00003805,20250208,ST001,PRD005,61,66,2310.0,132.0
PREP00003806,20250208,ST001,PRD006,99,97,6790.0,388.0
PREP00003807,20250208,ST001,PRD007,52,54,4320.0,270.0
PREP00003808,20250208,ST001,PRD008,43,42,2310.0,126.0
PREP00003809,20250208,ST001,PRD009,30,31,2945.0,186.0
PREP00003810,20250208,ST001,PRD010,25,24,2400.0,144.0
PREP00003811,20250208,ST001,PRD011,39,40,5600.0,320.0
PREP00003812,20250208,ST001,PRD012,24,25,4500.0,250.0
PREP00003813,20250208,ST001,PRD013,63,62,9920.0,558.0
PREP00003814,20250208,ST001,PRD014,32,35,3850.0,245.0
PREP00003815,20250208,ST001,PRD015,53,52,3380.0,260.0
PREP00003816,20250208,ST001,PRD016,35,34,3230.0,102.0
PREP00003817,20250208,ST001,PRD017,14,14,1540.0,42.0
PREP00003818,20250208,ST001,PRD018,35,38,2280.0,76.0
PREP00003819,20250208,ST001,PRD019,31,30,1050.0,60.0
PREP00003820,20250208,ST001,PRD020,21,22,1210.0,66.0
PREP00003821,20250208,ST002,PRD001,37,36,1620.0,108.0
PREP00003822,20250208,ST002,PRD002,47,51,3315.0,255.0
PREP00003823,20250208,ST002,PRD003,38,37,2590.0,185.0
PREP00003824,20250208,ST002,PRD004,49,52,4160.0,312.0
PREP00003825,20250208,ST002,PRD005,48,50,1750.0,100.0
PREP00003826,20250208,ST002,PRD006,45,47,3290.0,188.0
PREP00003827,20250208,ST002,PRD007,28,29,2320.0,145.0
PREP00003828,20250208,ST002,PRD008,49,47,2585.0,141.0
PREP00003829,20250208,ST002,PRD009,34,33,3135.0,198.0
PREP00003830,20250208,ST002,PRD010,25,27,2700.0,162.0
PREP00003831,20250208,ST002,PRD011,31,34,4760.0,272.0
PREP00003832,20250208,ST002,PRD012,23,23,4140.0,230.0
PREP00003833,20250208,ST002,PRD013,51,54,8640.0,486.0
PREP00003834,20250208,ST002,PRD014,41,44,4840.0,308.0
PREP00003835,20250208,ST002,PRD015,43,45,2925.0,225.0
PREP00003836,20250208,ST002,PRD016,17,17,1615.0,51.0
PREP00003837,20250208,ST002,PRD017,9,10,1100.0,30.0
PREP00003838,20250208,ST002,PRD018,18,18,1080.0,36.0
PREP00003839,20250208,ST002,PRD019,22,23,805.0,46.0
PREP00003840,20250208,ST002,PRD020,27,29,1595.0,87.0
PREP00003841,20250208,ST003,PRD001,29,30,1350.0,90.0
PREP00003842,20250208,ST003,PRD002,34,37,2405.0,185.0
PREP00003843,20250208,ST003,PRD003,24,26,1820.0,130.0
PREP00003844,20250208,ST003,PRD004,42,44,3520.0,264.0
PREP00003845,20250208,ST003,PRD005,23,25,875.0,50.0
PREP00003846,20250208,ST003,PRD006,42,44,3080.0,176.0
PREP00003847,20250208,ST003,PRD007,25,26,2080.0,130.0
PREP00003848,20250208,ST003,PRD008,31,32,1760.0,96.0
PREP00003849,20250208,ST003,PRD009,36,35,3325.0,210.0
PREP00003850,20250208,ST003,PRD010,14,15,1500.0,90.0
PREP00003851,20250208,ST003,PRD011,18,18,2520.0,144.0
PREP00003852,20250208,ST003,PRD012,24,25,4500.0,250.0
PREP00003853,20250208,ST003,PRD013,26,25,4000.0,225.0
PREP00003854,20250208,ST003,PRD014,28,30,3300.0,210.0
PREP00003855,20250208,ST003,PRD015,33,35,2275.0,175.0
PREP00003856,20250208,ST003,PRD016,25,25,2375.0,75.0
PREP00003857,20250208,ST003,PRD017,13,13,1430.0,39.0
PREP00003858,20250208,ST003,PRD018,22,22,1320.0,44.0
PREP00003859,20250208,ST003,PRD019,14,14,490.0,28.0
PREP00003860,20250208,ST003,PRD020,10,10,550.0,30.0
PREP00003861,20250208,ST004,PRD001,42,46,2070.0,138.0
PREP00003862,20250208,ST004,PRD002,42,45,2925.0,225.0
PREP00003863,20250208,ST004,PRD003,87,85,5950.0,425.0
PREP00003864,20250208,ST004,PRD004,57,55,4400.0,330.0
PREP00003865,20250208,ST004,PRD005,55,57,1995.0,114.0
PREP00003866,20250208,ST004,PRD006,66,63,4410.0,252.0
PREP00003867,20250208,ST004,PRD007,88,93,7440.0,465.0
PREP00003868,20250208,ST004,PRD008,31,31,1705.0,93.0
PREP00003869,20250208,ST004,PRD009,42,40,3800.0,240.0
PREP00003870,20250208,ST004,PRD010,32,31,3100.0,186.0
PREP00003871,20250208,ST004,PRD011,20,22,3080.0,176.0
PREP00003872,20250208,ST004,PRD012,49,51,9180.0,510.0
PREP00003873,20250208,ST004,PRD013,58,63,10080.0,567.0
PREP00003874,20250208,ST004,PRD014,18,18,1980.0,126.0
PREP00003875,20250208,ST004,PRD015,49,47,3055.0,235.0
PREP00003876,20250208,ST004,PRD016,27,29,2755.0,87.0
PREP00003877,20250208,ST004,PRD017,35,35,3850.0,105.0
PREP00003878,20250208,ST004,PRD018,26,25,1500.0,50.0
PREP00003879,20250208,ST004,PRD019,13,14,490.0,28.0
PREP00003880,20250208,ST004,PRD020,21,21,1155.0,63.0
PREP00003881,20250208,ST005,PRD001,60,59,2655.0,177.0
PREP00003882,20250208,ST005,PRD002,91,97,6305.0,485.0
PREP00003883,20250208,ST005,PRD003,86,84,5880.0,420.0
PREP00003884,20250208,ST005,PRD004,39,39,3120.0,234.0
PREP00003885,20250208,ST005,PRD005,36,36,1260.0,72.0
PREP00003886,20250208,ST005,PRD006,59,58,4060.0,232.0
PREP00003887,20250208,ST005,PRD007,39,40,3200.0,200.0
PREP00003888,20250208,ST005,PRD008,61,59,3245.0,177.0
PREP00003889,20250208,ST005,PRD009,29,29,2755.0,174.0
PREP00003890,20250208,ST005,PRD010,23,23,2300.0,138.0
PREP00003891,20250208,ST005,PRD011,22,22,3080.0,176.0
PREP00003892,20250208,ST005,PRD012,29,28,5040.0,280.0
PREP00003893,20250208,ST005,PRD013,49,51,8160.0,459.0
PREP00003894,20250208,ST005,PRD014,37,36,3960.0,252.0
PREP00003895,20250208,ST005,PRD015,29,29,1885.0,145.0
PREP00003896,20250208,ST005,PRD016,22,24,2280.0,72.0
PREP00003897,20250208,ST005,PRD017,17,18,1980.0,54.0
PREP00003898,20250208,ST005,PRD018,21,23,1380.0,46.0
PREP00003899,20250208,ST005,PRD019,14,15,525.0,30.0
PREP00003900,20250208,ST005,PRD020,22,24,1320.0,72.0
PREP00003901,20250209,ST001,PRD001,106,111,4995.0,333.0
PREP00003902,20250209,ST001,PRD002,79,83,5395.0,415.0
PREP00003903,20250209,ST001,PRD003,100,105,7350.0,525.0
PREP00003904,20250209,ST001,PRD004,85,85,6800.0,510.0
PREP00003905,20250209,ST001,PRD005,70,72,2520.0,144.0
PREP00003906,20250209,ST001,PRD006,37,39,2730.0,156.0
PREP00003907,20250209,ST001,PRD007,52,52,4160.0,260.0
PREP00003908,20250209,ST001,PRD008,63,62,3410.0,186.0
PREP00003909,20250209,ST001,PRD009,30,33,3135.0,198.0
PREP00003910,20250209,ST001,PRD010,35,36,3600.0,216.0
PREP00003911,20250209,ST001,PRD011,30,30,4200.0,240.0
PREP00003912,20250209,ST001,PRD012,48,51,9180.0,510.0
PREP00003913,20250209,ST001,PRD013,38,36,5760.0,324.0
PREP00003914,20250209,ST001,PRD014,27,27,2970.0,189.0
PREP00003915,20250209,ST001,PRD015,29,28,1820.0,140.0
PREP00003916,20250209,ST001,PRD016,29,32,3040.0,96.0
PREP00003917,20250209,ST001,PRD017,26,28,3080.0,84.0
PREP00003918,20250209,ST001,PRD018,33,33,1980.0,66.0
PREP00003919,20250209,ST001,PRD019,37,39,1365.0,78.0
PREP00003920,20250209,ST001,PRD020,23,24,1320.0,72.0
PREP00003921,20250209,ST002,PRD001,87,91,4095.0,273.0
PREP00003922,20250209,ST002,PRD002,75,72,4680.0,360.0
PREP00003923,20250209,ST002,PRD003,52,52,3640.0,260.0
PREP00003924,20250209,ST002,PRD004,38,39,3120.0,234.0
PREP00003925,20250209,ST002,PRD005,73,77,2695.0,154.0
PREP00003926,20250209,ST002,PRD006,35,37,2590.0,148.0
PREP00003927,20250209,ST002,PRD007,59,61,4880.0,305.0
PREP00003928,20250209,ST002,PRD008,41,41,2255.0,123.0
PREP00003929,20250209,ST002,PRD009,27,26,2470.0,156.0
PREP00003930,20250209,ST002,PRD010,35,34,3400.0,204.0
PREP00003931,20250209,ST002,PRD011,43,45,6300.0,360.0
PREP00003932,20250209,ST002,PRD012,17,17,3060.0,170.0
PREP00003933,20250209,ST002,PRD013,22,23,3680.0,207.0
PREP00003934,20250209,ST002,PRD014,30,33,3630.0,231.0
PREP00003935,20250209,ST002,PRD015,40,38,2470.0,190.0
PREP00003936,20250209,ST002,PRD016,24,24,2280.0,72.0
PREP00003937,20250209,ST002,PRD017,36,36,3960.0,108.0
PREP00003938,20250209,ST002,PRD018,29,29,1740.0,58.0
PREP00003939,20250209,ST002,PRD019,20,20,700.0,40.0
PREP00003940,20250209,ST002,PRD020,35,35,1925.0,105.0
PREP00003941,20250209,ST003,PRD001,47,45,2025.0,135.0
PREP00003942,20250209,ST003,PRD002,53,54,3510.0,270.0
PREP00003943,20250209,ST003,PRD003,39,40,2800.0,200.0
PREP00003944,20250209,ST003,PRD004,62,66,5280.0,396.0
PREP00003945,20250209,ST003,PRD005,39,42,1470.0,84.0
PREP00003946,20250209,ST003,PRD006,53,51,3570.0,204.0
PREP00003947,20250209,ST003,PRD007,42,45,3600.0,225.0
PREP00003948,20250209,ST003,PRD008,33,36,1980.0,108.0
PREP00003949,20250209,ST003,PRD009,35,34,3230.0,204.0
PREP00003950,20250209,ST003,PRD010,16,16,1600.0,96.0
PREP00003951,20250209,ST003,PRD011,31,32,4480.0,256.0
PREP00003952,20250209,ST003,PRD012,24,25,4500.0,250.0
PREP00003953,20250209,ST003,PRD013,13,13,2080.0,117.0
PREP00003954,20250209,ST003,PRD014,32,31,3410.0,217.0
PREP00003955,20250209,ST003,PRD015,32,30,1950.0,150.0
PREP00003956,20250209,ST003,PRD016,11,12,1140.0,36.0
PREP00003957,20250209,ST003,PRD017,16,17,1870.0,51.0
PREP00003958,20250209,ST003,PRD018,12,13,780.0,26.0
PREP00003959,20250209,ST003,PRD019,15,15,525.0,30.0
PREP00003960,20250209,ST003,PRD020,13,13,715.0,39.0
PREP00003961,20250209,ST004,PRD001,85,81,3645.0,243.0
PREP00003962,20250209,ST004,PRD002,83,84,5460.0,420.0
PREP00003963,20250209,ST004,PRD003,96,94,6580.0,470.0
PREP00003964,20250209,ST004,PRD004,74,73,5840.0,438.0
PREP00003965,20250209,ST004,PRD005,60,64,2240.0,128.0
PREP00003966,20250209,ST004,PRD006,59,60,4200.0,240.0
PREP00003967,20250209,ST004,PRD007,53,56,4480.0,280.0
PREP00003968,20250209,ST004,PRD008,39,42,2310.0,126.0
PREP00003969,20250209,ST004,PRD009,24,24,2280.0,144.0
PREP00003970,20250209,ST004,PRD010,18,19,1900.0,114.0
PREP00003971,20250209,ST004,PRD011,30,32,4480.0,256.0
PREP00003972,20250209,ST004,PRD012,47,49,8820.0,490.0
PREP00003973,20250209,ST004,PRD013,28,29,4640.0,261.0
PREP00003974,20250209,ST004,PRD014,47,46,5060.0,322.0
PREP00003975,20250209,ST004,PRD015,63,69,4485.0,345.0
PREP00003976,20250209,ST004,PRD016,18,17,1615.0,51.0
PREP00003977,20250209,ST004,PRD017,44,46,5060.0,138.0
PREP00003978,20250209,ST004,PRD018,43,43,2580.0,86.0
PREP00003979,20250209,ST004,PRD019,21,23,805.0,46.0
PREP00003980,20250209,ST004,PRD020,37,36,1980.0,108.0
PREP00003981,20250209,ST005,PRD001,72,77,3465.0,231.0
PREP00003982,20250209,ST005,PRD002,37,37,2405.0,185.0
PREP00003983,20250209,ST005,PRD003,68,71,4970.0,355.0
PREP00003984,20250209,ST005,PRD004,59,59,4720.0,354.0
PREP00003985,20250209,ST005,PRD005,53,57,1995.0,114.0
PREP00003986,20250209,ST005,PRD006,39,38,2660.0,152.0
PREP00003987,20250209,ST005,PRD007,43,46,3680.0,230.0
PREP00003988,20250209,ST005,PRD008,28,27,1485.0,81.0
PREP00003989,20250209,ST005,PRD009,16,17,1615.0,102.0
PREP00003990,20250209,ST005,PRD010,12,12,1200.0,72.0
PREP00003991,20250209,ST005,PRD011,35,38,5320.0,304.0
PREP00003992,20250209,ST005,PRD012,33,32,5760.0,320.0
PREP00003993,20250209,ST005,PRD013,28,29,4640.0,261.0
PREP00003994,20250209,ST005,PRD014,36,38,4180.0,266.0
PREP00003995,20250209,ST005,PRD015,24,24,1560.0,120.0
PREP00003996,20250209,ST005,PRD016,20,20,1900.0,60.0
PREP00003997,20250209,ST005,PRD017,12,13,1430.0,39.0
PREP00003998,20250209,ST005,PRD018,11,12,720.0,24.0
PREP00003999,20250209,ST005,PRD019,16,15,525.0,30.0
PREP00004000,20250209,ST005,PRD020,26,28,1540.0,84.0
PREP00004001,20250210,ST001,PRD001,44,48,2160.0,144.0
PREP00004002,20250210,ST001,PRD002,33,34,2210.0,170.0
PREP00004003,20250210,ST001,PRD003,46,50,3500.0,250.0
PREP00004004,20250210,ST001,PRD004,66,66,5280.0,396.0
PREP00004005,20250210,ST001,PRD005,55,55,1925.0,110.0
PREP00004006,20250210,ST001,PRD006,31,32,2240.0,128.0
PREP00004007,20250210,ST001,PRD007,30,32,2560.0,160.0
PREP00004008,20250210,ST001,PRD008,47,45,2475.0,135.0
PREP00004009,20250210,ST001,PRD009,28,27,2565.0,162.0
PREP00004010,20250210,ST001,PRD010,13,14,1400.0,84.0
PREP00004011,20250210,ST001,PRD011,40,41,5740.0,328.0
PREP00004012,20250210,ST001,PRD012,27,28,5040.0,280.0
PREP00004013,20250210,ST001,PRD013,31,33,5280.0,297.0
PREP00004014,20250210,ST001,PRD014,32,33,3630.0,231.0
PREP00004015,20250210,ST001,PRD015,48,49,3185.0,245.0
PREP00004016,20250210,ST001,PRD016,26,28,2660.0,84.0
PREP00004017,20250210,ST001,PRD017,31,33,3630.0,99.0
PREP00004018,20250210,ST001,PRD018,28,29,1740.0,58.0
PREP00004019,20250210,ST001,PRD019,38,36,1260.0,72.0
PREP00004020,20250210,ST001,PRD020,27,27,1485.0,81.0
PREP00004021,20250210,ST002,PRD001,35,36,1620.0,108.0
PREP00004022,20250210,ST002,PRD002,37,39,2535.0,195.0
PREP00004023,20250210,ST002,PRD003,41,40,2800.0,200.0
PREP00004024,20250210,ST002,PRD004,75,81,6480.0,486.0
PREP00004025,20250210,ST002,PRD005,34,36,1260.0,72.0
PREP00004026,20250210,ST002,PRD006,48,48,3360.0,192.0
PREP00004027,20250210,ST002,PRD007,57,60,4800.0,300.0
PREP00004028,20250210,ST002,PRD008,24,24,1320.0,72.0
PREP00004029,20250210,ST002,PRD009,29,32,3040.0,192.0
PREP00004030,20250210,ST002,PRD010,23,25,2500.0,150.0
PREP00004031,20250210,ST002,PRD011,15,15,2100.0,120.0
PREP00004032,20250210,ST002,PRD012,17,18,3240.0,180.0
PREP00004033,20250210,ST002,PRD013,21,21,3360.0,189.0
PREP00004034,20250210,ST002,PRD014,43,43,4730.0,301.0
PREP00004035,20250210,ST002,PRD015,43,41,2665.0,205.0
PREP00004036,20250210,ST002,PRD016,18,20,1900.0,60.0
PREP00004037,20250210,ST002,PRD017,33,36,3960.0,108.0
PREP00004038,20250210,ST002,PRD018,18,20,1200.0,40.0
PREP00004039,20250210,ST002,PRD019,29,29,1015.0,58.0
PREP00004040,20250210,ST002,PRD020,13,13,715.0,39.0
PREP00004041,20250210,ST003,PRD001,33,34,1530.0,102.0
PREP00004042,20250210,ST003,PRD002,32,33,2145.0,165.0
PREP00004043,20250210,ST003,PRD003,16,17,1190.0,85.0
PREP00004044,20250210,ST003,PRD004,44,46,3680.0,276.0
PREP00004045,20250210,ST003,PRD005,35,38,1330.0,76.0
PREP00004046,20250210,ST003,PRD006,22,22,1540.0,88.0
PREP00004047,20250210,ST003,PRD007,19,20,1600.0,100.0
PREP00004048,20250210,ST003,PRD008,23,23,1265.0,69.0
PREP00004049,20250210,ST003,PRD009,26,27,2565.0,162.0
PREP00004050,20250210,ST003,PRD010,15,15,1500.0,90.0
PREP00004051,20250210,ST003,PRD011,23,22,3080.0,176.0
PREP00004052,20250210,ST003,PRD012,27,29,5220.0,290.0
PREP00004053,20250210,ST003,PRD013,15,15,2400.0,135.0
PREP00004054,20250210,ST003,PRD014,11,11,1210.0,77.0
PREP00004055,20250210,ST003,PRD015,27,26,1690.0,130.0
PREP00004056,20250210,ST003,PRD016,9,9,855.0,27.0
PREP00004057,20250210,ST003,PRD017,9,9,990.0,27.0
PREP00004058,20250210,ST003,PRD018,28,30,1800.0,60.0
PREP00004059,20250210,ST003,PRD019,11,12,420.0,24.0
PREP00004060,20250210,ST003,PRD020,22,23,1265.0,69.0
PREP00004061,20250210,ST004,PRD001,46,49,2205.0,147.0
PREP00004062,20250210,ST004,PRD002,39,39,2535.0,195.0
PREP00004063,20250210,ST004,PRD003,80,83,5810.0,415.0
PREP00004064,20250210,ST004,PRD004,81,87,6960.0,522.0
PREP00004065,20250210,ST004,PRD005,52,50,1750.0,100.0
PREP00004066,20250210,ST004,PRD006,53,51,3570.0,204.0
PREP00004067,20250210,ST004,PRD007,62,68,5440.0,340.0
PREP00004068,20250210,ST004,PRD008,73,71,3905.0,213.0
PREP00004069,20250210,ST004,PRD009,28,30,2850.0,180.0
PREP00004070,20250210,ST004,PRD010,48,50,5000.0,300.0
PREP00004071,20250210,ST004,PRD011,20,19,2660.0,152.0
PREP00004072,20250210,ST004,PRD012,31,33,5940.0,330.0
PREP00004073,20250210,ST004,PRD013,42,42,6720.0,378.0
PREP00004074,20250210,ST004,PRD014,24,25,2750.0,175.0
PREP00004075,20250210,ST004,PRD015,42,43,2795.0,215.0
PREP00004076,20250210,ST004,PRD016,27,27,2565.0,81.0
PREP00004077,20250210,ST004,PRD017,16,16,1760.0,48.0
PREP00004078,20250210,ST004,PRD018,26,25,1500.0,50.0
PREP00004079,20250210,ST004,PRD019,18,19,665.0,38.0
PREP00004080,20250210,ST004,PRD020,26,26,1430.0,78.0
PREP00004081,20250210,ST005,PRD001,40,39,1755.0,117.0
PREP00004082,20250210,ST005,PRD002,55,59,3835.0,295.0
PREP00004083,20250210,ST005,PRD003,46,48,3360.0,240.0
PREP00004084,20250210,ST005,PRD004,72,79,6320.0,474.0
PREP00004085,20250210,ST005,PRD005,40,44,1540.0,88.0
PREP00004086,20250210,ST005,PRD006,39,40,2800.0,160.0
PREP00004087,20250210,ST005,PRD007,46,47,3760.0,235.0
PREP00004088,20250210,ST005,PRD008,41,41,2255.0,123.0
PREP00004089,20250210,ST005,PRD009,24,24,2280.0,144.0
PREP00004090,20250210,ST005,PRD010,11,11,1100.0,66.0
PREP00004091,20250210,ST005,PRD011,29,31,4340.0,248.0
PREP00004092,20250210,ST005,PRD012,49,47,8460.0,470.0
PREP00004093,20250210,ST005,PRD013,18,18,2880.0,162.0
PREP00004094,20250210,ST005,PRD014,30,30,3300.0,210.0
PREP00004095,20250210,ST005,PRD015,35,37,2405.0,185.0
PREP00004096,20250210,ST005,PRD016,15,16,1520.0,48.0
PREP00004097,20250210,ST005,PRD017,30,30,3300.0,90.0
PREP00004098,20250210,ST005,PRD018,25,27,1620.0,54.0
PREP00004099,20250210,ST005,PRD019,29,29,1015.0,58.0
PREP00004100,20250210,ST005,PRD020,23,23,1265.0,69.0
PREP00004101,20250211,ST001,PRD001,39,38,1710.0,114.0
PREP00004102,20250211,ST001,PRD002,56,57,3705.0,285.0
PREP00004103,20250211,ST001,PRD003,55,58,4060.0,290.0
PREP00004104,20250211,ST001,PRD004,63,67,5360.0,402.0
PREP00004105,20250211,ST001,PRD005,79,83,2905.0,166.0
PREP00004106,20250211,ST001,PRD006,56,55,3850.0,220.0
PREP00004107,20250211,ST001,PRD007,42,44,3520.0,220.0
PREP00004108,20250211,ST001,PRD008,34,33,1815.0,99.0
PREP00004109,20250211,ST001,PRD009,27,29,2755.0,174.0
PREP00004110,20250211,ST001,PRD010,39,37,3700.0,222.0
PREP00004111,20250211,ST001,PRD011,32,33,4620.0,264.0
PREP00004112,20250211,ST001,PRD012,28,31,5580.0,310.0
PREP00004113,20250211,ST001,PRD013,35,38,6080.0,342.0
PREP00004114,20250211,ST001,PRD014,34,37,4070.0,259.0
PREP00004115,20250211,ST001,PRD015,67,65,4225.0,325.0
PREP00004116,20250211,ST001,PRD016,20,20,1900.0,60.0
PREP00004117,20250211,ST001,PRD017,12,13,1430.0,39.0
PREP00004118,20250211,ST001,PRD018,13,14,840.0,28.0
PREP00004119,20250211,ST001,PRD019,28,29,1015.0,58.0
PREP00004120,20250211,ST001,PRD020,24,23,1265.0,69.0
PREP00004121,20250211,ST002,PRD001,46,47,2115.0,141.0
PREP00004122,20250211,ST002,PRD002,62,68,4420.0,340.0
PREP00004123,20250211,ST002,PRD003,41,41,2870.0,205.0
PREP00004124,20250211,ST002,PRD004,64,68,5440.0,408.0
PREP00004125,20250211,ST002,PRD005,61,65,2275.0,130.0
PREP00004126,20250211,ST002,PRD006,67,70,4900.0,280.0
PREP00004127,20250211,ST002,PRD007,36,38,3040.0,190.0
PREP00004128,20250211,ST002,PRD008,44,43,2365.0,129.0
PREP00004129,20250211,ST002,PRD009,21,21,1995.0,126.0
PREP00004130,20250211,ST002,PRD010,15,15,1500.0,90.0
PREP00004131,20250211,ST002,PRD011,21,22,3080.0,176.0
PREP00004132,20250211,ST002,PRD012,36,36,6480.0,360.0
PREP00004133,20250211,ST002,PRD013,33,35,5600.0,315.0
PREP00004134,20250211,ST002,PRD014,28,29,3190.0,203.0
PREP00004135,20250211,ST002,PRD015,19,19,1235.0,95.0
PREP00004136,20250211,ST002,PRD016,18,17,1615.0,51.0
PREP00004137,20250211,ST002,PRD017,17,18,1980.0,54.0
PREP00004138,20250211,ST002,PRD018,21,21,1260.0,42.0
PREP00004139,20250211,ST002,PRD019,19,18,630.0,36.0
PREP00004140,20250211,ST002,PRD020,26,27,1485.0,81.0
PREP00004141,20250211,ST003,PRD001,55,56,2520.0,168.0
PREP00004142,20250211,ST003,PRD002,34,35,2275.0,175.0
PREP00004143,20250211,ST003,PRD003,47,50,3500.0,250.0
PREP00004144,20250211,ST003,PRD004,33,35,2800.0,210.0
PREP00004145,20250211,ST003,PRD005,36,39,1365.0,78.0
PREP00004146,20250211,ST003,PRD006,14,15,1050.0,60.0
PREP00004147,20250211,ST003,PRD007,21,22,1760.0,110.0
PREP00004148,20250211,ST003,PRD008,22,21,1155.0,63.0
PREP00004149,20250211,ST003,PRD009,14,14,1330.0,84.0
PREP00004150,20250211,ST003,PRD010,13,13,1300.0,78.0
PREP00004151,20250211,ST003,PRD011,17,16,2240.0,128.0
PREP00004152,20250211,ST003,PRD012,16,16,2880.0,160.0
PREP00004153,20250211,ST003,PRD013,13,13,2080.0,117.0
PREP00004154,20250211,ST003,PRD014,8,9,990.0,63.0
PREP00004155,20250211,ST003,PRD015,19,19,1235.0,95.0
PREP00004156,20250211,ST003,PRD016,21,22,2090.0,66.0
PREP00004157,20250211,ST003,PRD017,8,8,880.0,24.0
PREP00004158,20250211,ST003,PRD018,21,22,1320.0,44.0
PREP00004159,20250211,ST003,PRD019,15,15,525.0,30.0
PREP00004160,20250211,ST003,PRD020,29,29,1595.0,87.0
PREP00004161,20250211,ST004,PRD001,93,91,4095.0,273.0
PREP00004162,20250211,ST004,PRD002,30,32,2080.0,160.0
PREP00004163,20250211,ST004,PRD003,63,62,4340.0,310.0
PREP00004164,20250211,ST004,PRD004,32,34,2720.0,204.0
PREP00004165,20250211,ST004,PRD005,58,60,2100.0,120.0
PREP00004166,20250211,ST004,PRD006,38,38,2660.0,152.0
PREP00004167,20250211,ST004,PRD007,33,34,2720.0,170.0
PREP00004168,20250211,ST004,PRD008,35,35,1925.0,105.0
PREP00004169,20250211,ST004,PRD009,29,31,2945.0,186.0
PREP00004170,20250211,ST004,PRD010,14,13,1300.0,78.0
PREP00004171,20250211,ST004,PRD011,28,28,3920.0,224.0
PREP00004172,20250211,ST004,PRD012,34,35,6300.0,350.0
PREP00004173,20250211,ST004,PRD013,25,26,4160.0,234.0
PREP00004174,20250211,ST004,PRD014,45,47,5170.0,329.0
PREP00004175,20250211,ST004,PRD015,20,20,1300.0,100.0
PREP00004176,20250211,ST004,PRD016,29,31,2945.0,93.0
PREP00004177,20250211,ST004,PRD017,25,25,2750.0,75.0
PREP00004178,20250211,ST004,PRD018,15,16,960.0,32.0
PREP00004179,20250211,ST004,PRD019,30,29,1015.0,58.0
PREP00004180,20250211,ST004,PRD020,34,33,1815.0,99.0
PREP00004181,20250211,ST005,PRD001,31,30,1350.0,90.0
PREP00004182,20250211,ST005,PRD002,35,34,2210.0,170.0
PREP00004183,20250211,ST005,PRD003,56,56,3920.0,280.0
PREP00004184,20250211,ST005,PRD004,36,36,2880.0,216.0
PREP00004185,20250211,ST005,PRD005,40,39,1365.0,78.0
PREP00004186,20250211,ST005,PRD006,30,30,2100.0,120.0
PREP00004187,20250211,ST005,PRD007,54,54,4320.0,270.0
PREP00004188,20250211,ST005,PRD008,39,42,2310.0,126.0
PREP00004189,20250211,ST005,PRD009,26,28,2660.0,168.0
PREP00004190,20250211,ST005,PRD010,18,19,1900.0,114.0
PREP00004191,20250211,ST005,PRD011,23,24,3360.0,192.0
PREP00004192,20250211,ST005,PRD012,19,21,3780.0,210.0
PREP00004193,20250211,ST005,PRD013,30,31,4960.0,279.0
PREP00004194,20250211,ST005,PRD014,24,23,2530.0,161.0
PREP00004195,20250211,ST005,PRD015,32,32,2080.0,160.0
PREP00004196,20250211,ST005,PRD016,11,12,1140.0,36.0
PREP00004197,20250211,ST005,PRD017,19,20,2200.0,60.0
PREP00004198,20250211,ST005,PRD018,21,23,1380.0,46.0
PREP00004199,20250211,ST005,PRD019,16,16,560.0,32.0
PREP00004200,20250211,ST005,PRD020,12,12,660.0,36.0
PREP00004201,20250212,ST001,PRD001,68,66,2970.0,198.0
PREP00004202,20250212,ST001,PRD002,57,60,3900.0,300.0
PREP00004203,20250212,ST001,PRD003,46,49,3430.0,245.0
PREP00004204,20250212,ST001,PRD004,91,96,7680.0,576.0
PREP00004205,20250212,ST001,PRD005,68,71,2485.0,142.0
PREP00004206,20250212,ST001,PRD006,75,73,5110.0,292.0
PREP00004207,20250212,ST001,PRD007,57,61,4880.0,305.0
PREP00004208,20250212,ST001,PRD008,49,49,2695.0,147.0
PREP00004209,20250212,ST001,PRD009,21,23,2185.0,138.0
PREP00004210,20250212,ST001,PRD010,47,50,5000.0,300.0
PREP00004211,20250212,ST001,PRD011,30,32,4480.0,256.0
PREP00004212,20250212,ST001,PRD012,36,36,6480.0,360.0
PREP00004213,20250212,ST001,PRD013,31,30,4800.0,270.0
PREP00004214,20250212,ST001,PRD014,28,30,3300.0,210.0
PREP00004215,20250212,ST001,PRD015,42,41,2665.0,205.0
PREP00004216,20250212,ST001,PRD016,26,28,2660.0,84.0
PREP00004217,20250212,ST001,PRD017,23,24,2640.0,72.0
PREP00004218,20250212,ST001,PRD018,43,47,2820.0,94.0
PREP00004219,20250212,ST001,PRD019,18,18,630.0,36.0
PREP00004220,20250212,ST001,PRD020,37,38,2090.0,114.0
PREP00004221,20250212,ST002,PRD001,70,77,3465.0,231.0
PREP00004222,20250212,ST002,PRD002,46,49,3185.0,245.0
PREP00004223,20250212,ST002,PRD003,39,41,2870.0,205.0
PREP00004224,20250212,ST002,PRD004,45,48,3840.0,288.0
PREP00004225,20250212,ST002,PRD005,45,47,1645.0,94.0
PREP00004226,20250212,ST002,PRD006,46,45,3150.0,180.0
PREP00004227,20250212,ST002,PRD007,23,25,2000.0,125.0
PREP00004228,20250212,ST002,PRD008,55,60,3300.0,180.0
PREP00004229,20250212,ST002,PRD009,24,25,2375.0,150.0
PREP00004230,20250212,ST002,PRD010,15,16,1600.0,96.0
PREP00004231,20250212,ST002,PRD011,34,37,5180.0,296.0
PREP00004232,20250212,ST002,PRD012,32,31,5580.0,310.0
PREP00004233,20250212,ST002,PRD013,27,29,4640.0,261.0
PREP00004234,20250212,ST002,PRD014,20,22,2420.0,154.0
PREP00004235,20250212,ST002,PRD015,25,25,1625.0,125.0
PREP00004236,20250212,ST002,PRD016,23,22,2090.0,66.0
PREP00004237,20250212,ST002,PRD017,19,19,2090.0,57.0
PREP00004238,20250212,ST002,PRD018,18,19,1140.0,38.0
PREP00004239,20250212,ST002,PRD019,15,15,525.0,30.0
PREP00004240,20250212,ST002,PRD020,11,11,605.0,33.0
PREP00004241,20250212,ST003,PRD001,54,56,2520.0,168.0
PREP00004242,20250212,ST003,PRD002,28,28,1820.0,140.0
PREP00004243,20250212,ST003,PRD003,39,41,2870.0,205.0
PREP00004244,20250212,ST003,PRD004,26,25,2000.0,150.0
PREP00004245,20250212,ST003,PRD005,24,25,875.0,50.0
PREP00004246,20250212,ST003,PRD006,17,17,1190.0,68.0
PREP00004247,20250212,ST003,PRD007,26,26,2080.0,130.0
PREP00004248,20250212,ST003,PRD008,18,17,935.0,51.0
PREP00004249,20250212,ST003,PRD009,25,24,2280.0,144.0
PREP00004250,20250212,ST003,PRD010,19,18,1800.0,108.0
PREP00004251,20250212,ST003,PRD011,14,13,1820.0,104.0
PREP00004252,20250212,ST003,PRD012,27,26,4680.0,260.0
PREP00004253,20250212,ST003,PRD013,20,20,3200.0,180.0
PREP00004254,20250212,ST003,PRD014,18,19,2090.0,133.0
PREP00004255,20250212,ST003,PRD015,13,13,845.0,65.0
PREP00004256,20250212,ST003,PRD016,16,16,1520.0,48.0
PREP00004257,20250212,ST003,PRD017,15,16,1760.0,48.0
PREP00004258,20250212,ST003,PRD018,16,16,960.0,32.0
PREP00004259,20250212,ST003,PRD019,18,18,630.0,36.0
PREP00004260,20250212,ST003,PRD020,9,9,495.0,27.0
PREP00004261,20250212,ST004,PRD001,42,45,2025.0,135.0
PREP00004262,20250212,ST004,PRD002,63,62,4030.0,310.0
PREP00004263,20250212,ST004,PRD003,59,60,4200.0,300.0
PREP00004264,20250212,ST004,PRD004,79,86,6880.0,516.0
PREP00004265,20250212,ST004,PRD005,55,54,1890.0,108.0
PREP00004266,20250212,ST004,PRD006,53,56,3920.0,224.0
PREP00004267,20250212,ST004,PRD007,64,65,5200.0,325.0
PREP00004268,20250212,ST004,PRD008,51,55,3025.0,165.0
PREP00004269,20250212,ST004,PRD009,19,19,1805.0,114.0
PREP00004270,20250212,ST004,PRD010,46,50,5000.0,300.0
PREP00004271,20250212,ST004,PRD011,38,41,5740.0,328.0
PREP00004272,20250212,ST004,PRD012,23,23,4140.0,230.0
PREP00004273,20250212,ST004,PRD013,52,50,8000.0,450.0
PREP00004274,20250212,ST004,PRD014,33,32,3520.0,224.0
PREP00004275,20250212,ST004,PRD015,27,29,1885.0,145.0
PREP00004276,20250212,ST004,PRD016,29,31,2945.0,93.0
PREP00004277,20250212,ST004,PRD017,25,27,2970.0,81.0
PREP00004278,20250212,ST004,PRD018,24,24,1440.0,48.0
PREP00004279,20250212,ST004,PRD019,27,28,980.0,56.0
PREP00004280,20250212,ST004,PRD020,24,24,1320.0,72.0
PREP00004281,20250212,ST005,PRD001,40,41,1845.0,123.0
PREP00004282,20250212,ST005,PRD002,27,29,1885.0,145.0
PREP00004283,20250212,ST005,PRD003,61,67,4690.0,335.0
PREP00004284,20250212,ST005,PRD004,45,48,3840.0,288.0
PREP00004285,20250212,ST005,PRD005,41,43,1505.0,86.0
PREP00004286,20250212,ST005,PRD006,31,33,2310.0,132.0
PREP00004287,20250212,ST005,PRD007,22,21,1680.0,105.0
PREP00004288,20250212,ST005,PRD008,37,38,2090.0,114.0
PREP00004289,20250212,ST005,PRD009,34,33,3135.0,198.0
PREP00004290,20250212,ST005,PRD010,25,24,2400.0,144.0
PREP00004291,20250212,ST005,PRD011,34,37,5180.0,296.0
PREP00004292,20250212,ST005,PRD012,42,44,7920.0,440.0
PREP00004293,20250212,ST005,PRD013,33,32,5120.0,288.0
PREP00004294,20250212,ST005,PRD014,34,34,3740.0,238.0
PREP00004295,20250212,ST005,PRD015,31,31,2015.0,155.0
PREP00004296,20250212,ST005,PRD016,20,20,1900.0,60.0
PREP00004297,20250212,ST005,PRD017,24,25,2750.0,75.0
PREP00004298,20250212,ST005,PRD018,23,23,1380.0,46.0
PREP00004299,20250212,ST005,PRD019,21,21,735.0,42.0
PREP00004300,20250212,ST005,PRD020,15,15,825.0,45.0
PREP00004301,20250213,ST001,PRD001,46,44,1980.0,132.0
PREP00004302,20250213,ST001,PRD002,60,64,4160.0,320.0
PREP00004303,20250213,ST001,PRD003,81,83,5810.0,415.0
PREP00004304,20250213,ST001,PRD004,46,44,3520.0,264.0
PREP00004305,20250213,ST001,PRD005,79,86,3010.0,172.0
PREP00004306,20250213,ST001,PRD006,46,46,3220.0,184.0
PREP00004307,20250213,ST001,PRD007,43,41,3280.0,205.0
PREP00004308,20250213,ST001,PRD008,34,37,2035.0,111.0
PREP00004309,20250213,ST001,PRD009,24,25,2375.0,150.0
PREP00004310,20250213,ST001,PRD010,22,23,2300.0,138.0
PREP00004311,20250213,ST001,PRD011,29,29,4060.0,232.0
PREP00004312,20250213,ST001,PRD012,32,31,5580.0,310.0
PREP00004313,20250213,ST001,PRD013,47,51,8160.0,459.0
PREP00004314,20250213,ST001,PRD014,23,24,2640.0,168.0
PREP00004315,20250213,ST001,PRD015,39,40,2600.0,200.0
PREP00004316,20250213,ST001,PRD016,17,18,1710.0,54.0
PREP00004317,20250213,ST001,PRD017,20,21,2310.0,63.0
PREP00004318,20250213,ST001,PRD018,33,32,1920.0,64.0
PREP00004319,20250213,ST001,PRD019,19,19,665.0,38.0
PREP00004320,20250213,ST001,PRD020,43,47,2585.0,141.0
PREP00004321,20250213,ST002,PRD001,34,36,1620.0,108.0
PREP00004322,20250213,ST002,PRD002,39,38,2470.0,190.0
PREP00004323,20250213,ST002,PRD003,54,53,3710.0,265.0
PREP00004324,20250213,ST002,PRD004,62,67,5360.0,402.0
PREP00004325,20250213,ST002,PRD005,76,83,2905.0,166.0
PREP00004326,20250213,ST002,PRD006,36,37,2590.0,148.0
PREP00004327,20250213,ST002,PRD007,24,26,2080.0,130.0
PREP00004328,20250213,ST002,PRD008,29,29,1595.0,87.0
PREP00004329,20250213,ST002,PRD009,31,32,3040.0,192.0
PREP00004330,20250213,ST002,PRD010,21,22,2200.0,132.0
PREP00004331,20250213,ST002,PRD011,23,22,3080.0,176.0
PREP00004332,20250213,ST002,PRD012,21,22,3960.0,220.0
PREP00004333,20250213,ST002,PRD013,25,26,4160.0,234.0
PREP00004334,20250213,ST002,PRD014,29,29,3190.0,203.0
PREP00004335,20250213,ST002,PRD015,24,26,1690.0,130.0
PREP00004336,20250213,ST002,PRD016,16,16,1520.0,48.0
PREP00004337,20250213,ST002,PRD017,22,22,2420.0,66.0
PREP00004338,20250213,ST002,PRD018,39,39,2340.0,78.0
PREP00004339,20250213,ST002,PRD019,12,12,420.0,24.0
PREP00004340,20250213,ST002,PRD020,20,20,1100.0,60.0
PREP00004341,20250213,ST003,PRD001,44,48,2160.0,144.0
PREP00004342,20250213,ST003,PRD002,49,50,3250.0,250.0
PREP00004343,20250213,ST003,PRD003,22,23,1610.0,115.0
PREP00004344,20250213,ST003,PRD004,24,24,1920.0,144.0
PREP00004345,20250213,ST003,PRD005,32,33,1155.0,66.0
PREP00004346,20250213,ST003,PRD006,15,14,980.0,56.0
PREP00004347,20250213,ST003,PRD007,17,16,1280.0,80.0
PREP00004348,20250213,ST003,PRD008,22,24,1320.0,72.0
PREP00004349,20250213,ST003,PRD009,29,29,2755.0,174.0
PREP00004350,20250213,ST003,PRD010,15,16,1600.0,96.0
PREP00004351,20250213,ST003,PRD011,18,19,2660.0,152.0
PREP00004352,20250213,ST003,PRD012,18,17,3060.0,170.0
PREP00004353,20250213,ST003,PRD013,19,20,3200.0,180.0
PREP00004354,20250213,ST003,PRD014,23,22,2420.0,154.0
PREP00004355,20250213,ST003,PRD015,23,24,1560.0,120.0
PREP00004356,20250213,ST003,PRD016,15,15,1425.0,45.0
PREP00004357,20250213,ST003,PRD017,11,11,1210.0,33.0
PREP00004358,20250213,ST003,PRD018,11,12,720.0,24.0
PREP00004359,20250213,ST003,PRD019,20,20,700.0,40.0
PREP00004360,20250213,ST003,PRD020,19,19,1045.0,57.0
PREP00004361,20250213,ST004,PRD001,58,60,2700.0,180.0
PREP00004362,20250213,ST004,PRD002,89,95,6175.0,475.0
PREP00004363,20250213,ST004,PRD003,42,41,2870.0,205.0
PREP00004364,20250213,ST004,PRD004,92,93,7440.0,558.0
PREP00004365,20250213,ST004,PRD005,48,52,1820.0,104.0
PREP00004366,20250213,ST004,PRD006,33,34,2380.0,136.0
PREP00004367,20250213,ST004,PRD007,66,65,5200.0,325.0
PREP00004368,20250213,ST004,PRD008,63,65,3575.0,195.0
PREP00004369,20250213,ST004,PRD009,35,37,3515.0,222.0
PREP00004370,20250213,ST004,PRD010,19,19,1900.0,114.0
PREP00004371,20250213,ST004,PRD011,38,38,5320.0,304.0
PREP00004372,20250213,ST004,PRD012,28,27,4860.0,270.0
PREP00004373,20250213,ST004,PRD013,30,29,4640.0,261.0
PREP00004374,20250213,ST004,PRD014,32,31,3410.0,217.0
PREP00004375,20250213,ST004,PRD015,38,40,2600.0,200.0
PREP00004376,20250213,ST004,PRD016,24,23,2185.0,69.0
PREP00004377,20250213,ST004,PRD017,20,20,2200.0,60.0
PREP00004378,20250213,ST004,PRD018,18,19,1140.0,38.0
PREP00004379,20250213,ST004,PRD019,30,29,1015.0,58.0
PREP00004380,20250213,ST004,PRD020,22,24,1320.0,72.0
PREP00004381,20250213,ST005,PRD001,48,46,2070.0,138.0
PREP00004382,20250213,ST005,PRD002,63,67,4355.0,335.0
PREP00004383,20250213,ST005,PRD003,72,75,5250.0,375.0
PREP00004384,20250213,ST005,PRD004,36,34,2720.0,204.0
PREP00004385,20250213,ST005,PRD005,64,68,2380.0,136.0
PREP00004386,20250213,ST005,PRD006,37,35,2450.0,140.0
PREP00004387,20250213,ST005,PRD007,23,22,1760.0,110.0
PREP00004388,20250213,ST005,PRD008,33,34,1870.0,102.0
PREP00004389,20250213,ST005,PRD009,25,27,2565.0,162.0
PREP00004390,20250213,ST005,PRD010,23,22,2200.0,132.0
PREP00004391,20250213,ST005,PRD011,14,14,1960.0,112.0
PREP00004392,20250213,ST005,PRD012,29,28,5040.0,280.0
PREP00004393,20250213,ST005,PRD013,22,23,3680.0,207.0
PREP00004394,20250213,ST005,PRD014,13,13,1430.0,91.0
PREP00004395,20250213,ST005,PRD015,29,28,1820.0,140.0
PREP00004396,20250213,ST005,PRD016,14,15,1425.0,45.0
PREP00004397,20250213,ST005,PRD017,15,15,1650.0,45.0
PREP00004398,20250213,ST005,PRD018,40,39,2340.0,78.0
PREP00004399,20250213,ST005,PRD019,18,18,630.0,36.0
PREP00004400,20250213,ST005,PRD020,25,24,1320.0,72.0
PREP00004401,20250214,ST001,PRD001,69,66,2970.0,198.0
PREP00004402,20250214,ST001,PRD002,47,46,2990.0,230.0
PREP00004403,20250214,ST001,PRD003,47,46,3220.0,230.0
PREP00004404,20250214,ST001,PRD004,50,50,4000.0,300.0
PREP00004405,20250214,ST001,PRD005,63,68,2380.0,136.0
PREP00004406,20250214,ST001,PRD006,28,27,1890.0,108.0
PREP00004407,20250214,ST001,PRD007,32,31,2480.0,155.0
PREP00004408,20250214,ST001,PRD008,58,58,3190.0,174.0
PREP00004409,20250214,ST001,PRD009,32,31,2945.0,186.0
PREP00004410,20250214,ST001,PRD010,45,49,4900.0,294.0
PREP00004411,20250214,ST001,PRD011,33,34,4760.0,272.0
PREP00004412,20250214,ST001,PRD012,37,38,6840.0,380.0
PREP00004413,20250214,ST001,PRD013,51,54,8640.0,486.0
PREP00004414,20250214,ST001,PRD014,17,18,1980.0,126.0
PREP00004415,20250214,ST001,PRD015,24,26,1690.0,130.0
PREP00004416,20250214,ST001,PRD016,30,29,2755.0,87.0
PREP00004417,20250214,ST001,PRD017,16,17,1870.0,51.0
PREP00004418,20250214,ST001,PRD018,43,46,2760.0,92.0
PREP00004419,20250214,ST001,PRD019,32,31,1085.0,62.0
PREP00004420,20250214,ST001,PRD020,16,17,935.0,51.0
PREP00004421,20250214,ST002,PRD001,44,46,2070.0,138.0
PREP00004422,20250214,ST002,PRD002,45,45,2925.0,225.0
PREP00004423,20250214,ST002,PRD003,48,51,3570.0,255.0
PREP00004424,20250214,ST002,PRD004,48,46,3680.0,276.0
PREP00004425,20250214,ST002,PRD005,44,48,1680.0,96.0
PREP00004426,20250214,ST002,PRD006,34,33,2310.0,132.0
PREP00004427,20250214,ST002,PRD007,56,55,4400.0,275.0
PREP00004428,20250214,ST002,PRD008,40,40,2200.0,120.0
PREP00004429,20250214,ST002,PRD009,15,16,1520.0,96.0
PREP00004430,20250214,ST002,PRD010,16,17,1700.0,102.0
PREP00004431,20250214,ST002,PRD011,15,16,2240.0,128.0
PREP00004432,20250214,ST002,PRD012,36,36,6480.0,360.0
PREP00004433,20250214,ST002,PRD013,27,28,4480.0,252.0
PREP00004434,20250214,ST002,PRD014,23,24,2640.0,168.0
PREP00004435,20250214,ST002,PRD015,35,35,2275.0,175.0
PREP00004436,20250214,ST002,PRD016,10,10,950.0,30.0
PREP00004437,20250214,ST002,PRD017,16,17,1870.0,51.0
PREP00004438,20250214,ST002,PRD018,16,17,1020.0,34.0
PREP00004439,20250214,ST002,PRD019,24,23,805.0,46.0
PREP00004440,20250214,ST002,PRD020,30,29,1595.0,87.0
PREP00004441,20250214,ST003,PRD001,35,38,1710.0,114.0
PREP00004442,20250214,ST003,PRD002,26,25,1625.0,125.0
PREP00004443,20250214,ST003,PRD003,20,22,1540.0,110.0
PREP00004444,20250214,ST003,PRD004,35,38,3040.0,228.0
PREP00004445,20250214,ST003,PRD005,18,17,595.0,34.0
PREP00004446,20250214,ST003,PRD006,32,35,2450.0,140.0
PREP00004447,20250214,ST003,PRD007,38,37,2960.0,185.0
PREP00004448,20250214,ST003,PRD008,25,24,1320.0,72.0
PREP00004449,20250214,ST003,PRD009,16,18,1710.0,108.0
PREP00004450,20250214,ST003,PRD010,26,26,2600.0,156.0
PREP00004451,20250214,ST003,PRD011,12,13,1820.0,104.0
PREP00004452,20250214,ST003,PRD012,31,33,5940.0,330.0
PREP00004453,20250214,ST003,PRD013,17,16,2560.0,144.0
PREP00004454,20250214,ST003,PRD014,11,12,1320.0,84.0
PREP00004455,20250214,ST003,PRD015,19,19,1235.0,95.0
PREP00004456,20250214,ST003,PRD016,11,11,1045.0,33.0
PREP00004457,20250214,ST003,PRD017,16,17,1870.0,51.0
PREP00004458,20250214,ST003,PRD018,7,7,420.0,14.0
PREP00004459,20250214,ST003,PRD019,18,19,665.0,38.0
PREP00004460,20250214,ST003,PRD020,19,19,1045.0,57.0
PREP00004461,20250214,ST004,PRD001,73,73,3285.0,219.0
PREP00004462,20250214,ST004,PRD002,56,59,3835.0,295.0
PREP00004463,20250214,ST004,PRD003,41,40,2800.0,200.0
PREP00004464,20250214,ST004,PRD004,40,38,3040.0,228.0
PREP00004465,20250214,ST004,PRD005,52,53,1855.0,106.0
PREP00004466,20250214,ST004,PRD006,35,38,2660.0,152.0
PREP00004467,20250214,ST004,PRD007,74,80,6400.0,400.0
PREP00004468,20250214,ST004,PRD008,56,60,3300.0,180.0
PREP00004469,20250214,ST004,PRD009,38,39,3705.0,234.0
PREP00004470,20250214,ST004,PRD010,20,20,2000.0,120.0
PREP00004471,20250214,ST004,PRD011,34,37,5180.0,296.0
PREP00004472,20250214,ST004,PRD012,24,26,4680.0,260.0
PREP00004473,20250214,ST004,PRD013,22,22,3520.0,198.0
PREP00004474,20250214,ST004,PRD014,38,37,4070.0,259.0
PREP00004475,20250214,ST004,PRD015,37,39,2535.0,195.0
PREP00004476,20250214,ST004,PRD016,17,18,1710.0,54.0
PREP00004477,20250214,ST004,PRD017,14,14,1540.0,42.0
PREP00004478,20250214,ST004,PRD018,34,36,2160.0,72.0
PREP00004479,20250214,ST004,PRD019,18,18,630.0,36.0
PREP00004480,20250214,ST004,PRD020,19,20,1100.0,60.0
PREP00004481,20250214,ST005,PRD001,69,67,3015.0,201.0
PREP00004482,20250214,ST005,PRD002,56,58,3770.0,290.0
PREP00004483,20250214,ST005,PRD003,58,55,3850.0,275.0
PREP00004484,20250214,ST005,PRD004,32,33,2640.0,198.0
PREP00004485,20250214,ST005,PRD005,28,29,1015.0,58.0
PREP00004486,20250214,ST005,PRD006,43,43,3010.0,172.0
PREP00004487,20250214,ST005,PRD007,34,36,2880.0,180.0
PREP00004488,20250214,ST005,PRD008,27,27,1485.0,81.0
PREP00004489,20250214,ST005,PRD009,21,22,2090.0,132.0
PREP00004490,20250214,ST005,PRD010,24,26,2600.0,156.0
PREP00004491,20250214,ST005,PRD011,13,13,1820.0,104.0
PREP00004492,20250214,ST005,PRD012,33,31,5580.0,310.0
PREP00004493,20250214,ST005,PRD013,34,34,5440.0,306.0
PREP00004494,20250214,ST005,PRD014,33,32,3520.0,224.0
PREP00004495,20250214,ST005,PRD015,55,58,3770.0,290.0
PREP00004496,20250214,ST005,PRD016,29,31,2945.0,93.0
PREP00004497,20250214,ST005,PRD017,16,16,1760.0,48.0
PREP00004498,20250214,ST005,PRD018,18,17,1020.0,34.0
PREP00004499,20250214,ST005,PRD019,35,34,1190.0,68.0
PREP00004500,20250214,ST005,PRD020,16,16,880.0,48.0
PREP00004501,20250215,ST001,PRD001,64,69,3105.0,207.0
PREP00004502,20250215,ST001,PRD002,45,44,2860.0,220.0
PREP00004503,20250215,ST001,PRD003,87,94,6580.0,470.0
PREP00004504,20250215,ST001,PRD004,48,51,4080.0,306.0
PREP00004505,20250215,ST001,PRD005,72,77,2695.0,154.0
PREP00004506,20250215,ST001,PRD006,66,70,4900.0,280.0
PREP00004507,20250215,ST001,PRD007,47,51,4080.0,255.0
PREP00004508,20250215,ST001,PRD008,39,41,2255.0,123.0
PREP00004509,20250215,ST001,PRD009,39,42,3990.0,252.0
PREP00004510,20250215,ST001,PRD010,44,47,4700.0,282.0
PREP00004511,20250215,ST001,PRD011,25,25,3500.0,200.0
PREP00004512,20250215,ST001,PRD012,56,57,10260.0,570.0
PREP00004513,20250215,ST001,PRD013,47,50,8000.0,450.0
PREP00004514,20250215,ST001,PRD014,48,47,5170.0,329.0
PREP00004515,20250215,ST001,PRD015,32,31,2015.0,155.0
PREP00004516,20250215,ST001,PRD016,28,29,2755.0,87.0
PREP00004517,20250215,ST001,PRD017,29,31,3410.0,93.0
PREP00004518,20250215,ST001,PRD018,24,26,1560.0,52.0
PREP00004519,20250215,ST001,PRD019,27,30,1050.0,60.0
PREP00004520,20250215,ST001,PRD020,38,37,2035.0,111.0
PREP00004521,20250215,ST002,PRD001,28,28,1260.0,84.0
PREP00004522,20250215,ST002,PRD002,92,90,5850.0,450.0
PREP00004523,20250215,ST002,PRD003,52,52,3640.0,260.0
PREP00004524,20250215,ST002,PRD004,27,26,2080.0,156.0
PREP00004525,20250215,ST002,PRD005,72,71,2485.0,142.0
PREP00004526,20250215,ST002,PRD006,42,42,2940.0,168.0
PREP00004527,20250215,ST002,PRD007,43,45,3600.0,225.0
PREP00004528,20250215,ST002,PRD008,48,46,2530.0,138.0
PREP00004529,20250215,ST002,PRD009,45,43,4085.0,258.0
PREP00004530,20250215,ST002,PRD010,21,21,2100.0,126.0
PREP00004531,20250215,ST002,PRD011,37,40,5600.0,320.0
PREP00004532,20250215,ST002,PRD012,21,21,3780.0,210.0
PREP00004533,20250215,ST002,PRD013,23,25,4000.0,225.0
PREP00004534,20250215,ST002,PRD014,32,34,3740.0,238.0
PREP00004535,20250215,ST002,PRD015,22,22,1430.0,110.0
PREP00004536,20250215,ST002,PRD016,18,19,1805.0,57.0
PREP00004537,20250215,ST002,PRD017,24,25,2750.0,75.0
PREP00004538,20250215,ST002,PRD018,31,31,1860.0,62.0
PREP00004539,20250215,ST002,PRD019,19,18,630.0,36.0
PREP00004540,20250215,ST002,PRD020,35,35,1925.0,105.0
PREP00004541,20250215,ST003,PRD001,35,35,1575.0,105.0
PREP00004542,20250215,ST003,PRD002,32,32,2080.0,160.0
PREP00004543,20250215,ST003,PRD003,39,38,2660.0,190.0
PREP00004544,20250215,ST003,PRD004,28,29,2320.0,174.0
PREP00004545,20250215,ST003,PRD005,42,43,1505.0,86.0
PREP00004546,20250215,ST003,PRD006,31,33,2310.0,132.0
PREP00004547,20250215,ST003,PRD007,35,38,3040.0,190.0
PREP00004548,20250215,ST003,PRD008,47,46,2530.0,138.0
PREP00004549,20250215,ST003,PRD009,20,20,1900.0,120.0
PREP00004550,20250215,ST003,PRD010,11,11,1100.0,66.0
PREP00004551,20250215,ST003,PRD011,25,26,3640.0,208.0
PREP00004552,20250215,ST003,PRD012,29,28,5040.0,280.0
PREP00004553,20250215,ST003,PRD013,27,28,4480.0,252.0
PREP00004554,20250215,ST003,PRD014,17,17,1870.0,119.0
PREP00004555,20250215,ST003,PRD015,17,18,1170.0,90.0
PREP00004556,20250215,ST003,PRD016,11,12,1140.0,36.0
PREP00004557,20250215,ST003,PRD017,15,15,1650.0,45.0
PREP00004558,20250215,ST003,PRD018,25,24,1440.0,48.0
PREP00004559,20250215,ST003,PRD019,37,40,1400.0,80.0
PREP00004560,20250215,ST003,PRD020,26,26,1430.0,78.0
PREP00004561,20250215,ST004,PRD001,76,73,3285.0,219.0
PREP00004562,20250215,ST004,PRD002,56,57,3705.0,285.0
PREP00004563,20250215,ST004,PRD003,80,85,5950.0,425.0
PREP00004564,20250215,ST004,PRD004,61,63,5040.0,378.0
PREP00004565,20250215,ST004,PRD005,129,128,4480.0,256.0
PREP00004566,20250215,ST004,PRD006,63,61,4270.0,244.0
PREP00004567,20250215,ST004,PRD007,61,61,4880.0,305.0
PREP00004568,20250215,ST004,PRD008,53,52,2860.0,156.0
PREP00004569,20250215,ST004,PRD009,17,17,1615.0,102.0
PREP00004570,20250215,ST004,PRD010,25,26,2600.0,156.0
PREP00004571,20250215,ST004,PRD011,48,51,7140.0,408.0
PREP00004572,20250215,ST004,PRD012,25,26,4680.0,260.0
PREP00004573,20250215,ST004,PRD013,44,42,6720.0,378.0
PREP00004574,20250215,ST004,PRD014,52,54,5940.0,378.0
PREP00004575,20250215,ST004,PRD015,40,42,2730.0,210.0
PREP00004576,20250215,ST004,PRD016,20,20,1900.0,60.0
PREP00004577,20250215,ST004,PRD017,26,28,3080.0,84.0
PREP00004578,20250215,ST004,PRD018,30,32,1920.0,64.0
PREP00004579,20250215,ST004,PRD019,20,19,665.0,38.0
PREP00004580,20250215,ST004,PRD020,25,24,1320.0,72.0
PREP00004581,20250215,ST005,PRD001,36,35,1575.0,105.0
PREP00004582,20250215,ST005,PRD002,43,43,2795.0,215.0
PREP00004583,20250215,ST005,PRD003,63,60,4200.0,300.0
PREP00004584,20250215,ST005,PRD004,60,64,5120.0,384.0
PREP00004585,20250215,ST005,PRD005,51,52,1820.0,104.0
PREP00004586,20250215,ST005,PRD006,43,41,2870.0,164.0
PREP00004587,20250215,ST005,PRD007,52,57,4560.0,285.0
PREP00004588,20250215,ST005,PRD008,53,55,3025.0,165.0
PREP00004589,20250215,ST005,PRD009,27,27,2565.0,162.0
PREP00004590,20250215,ST005,PRD010,12,13,1300.0,78.0
PREP00004591,20250215,ST005,PRD011,31,32,4480.0,256.0
PREP00004592,20250215,ST005,PRD012,16,17,3060.0,170.0
PREP00004593,20250215,ST005,PRD013,27,29,4640.0,261.0
PREP00004594,20250215,ST005,PRD014,17,18,1980.0,126.0
PREP00004595,20250215,ST005,PRD015,49,51,3315.0,255.0
PREP00004596,20250215,ST005,PRD016,30,30,2850.0,90.0
PREP00004597,20250215,ST005,PRD017,18,19,2090.0,57.0
PREP00004598,20250215,ST005,PRD018,21,22,1320.0,44.0
PREP00004599,20250215,ST005,PRD019,29,28,980.0,56.0
PREP00004600,20250215,ST005,PRD020,38,37,2035.0,111.0
PREP00004601,20250216,ST001,PRD001,75,77,3465.0,231.0
PREP00004602,20250216,ST001,PRD002,89,96,6240.0,480.0
PREP00004603,20250216,ST001,PRD003,54,55,3850.0,275.0
PREP00004604,20250216,ST001,PRD004,68,71,5680.0,426.0
PREP00004605,20250216,ST001,PRD005,84,91,3185.0,182.0
PREP00004606,20250216,ST001,PRD006,62,66,4620.0,264.0
PREP00004607,20250216,ST001,PRD007,46,48,3840.0,240.0
PREP00004608,20250216,ST001,PRD008,83,84,4620.0,252.0
PREP00004609,20250216,ST001,PRD009,60,64,6080.0,384.0
PREP00004610,20250216,ST001,PRD010,27,26,2600.0,156.0
PREP00004611,20250216,ST001,PRD011,39,40,5600.0,320.0
PREP00004612,20250216,ST001,PRD012,43,43,7740.0,430.0
PREP00004613,20250216,ST001,PRD013,32,31,4960.0,279.0
PREP00004614,20250216,ST001,PRD014,33,33,3630.0,231.0
PREP00004615,20250216,ST001,PRD015,33,34,2210.0,170.0
PREP00004616,20250216,ST001,PRD016,14,15,1425.0,45.0
PREP00004617,20250216,ST001,PRD017,40,40,4400.0,120.0
PREP00004618,20250216,ST001,PRD018,35,37,2220.0,74.0
PREP00004619,20250216,ST001,PRD019,48,46,1610.0,92.0
PREP00004620,20250216,ST001,PRD020,42,41,2255.0,123.0
PREP00004621,20250216,ST002,PRD001,52,56,2520.0,168.0
PREP00004622,20250216,ST002,PRD002,84,90,5850.0,450.0
PREP00004623,20250216,ST002,PRD003,82,83,5810.0,415.0
PREP00004624,20250216,ST002,PRD004,53,58,4640.0,348.0
PREP00004625,20250216,ST002,PRD005,60,57,1995.0,114.0
PREP00004626,20250216,ST002,PRD006,42,42,2940.0,168.0
PREP00004627,20250216,ST002,PRD007,55,59,4720.0,295.0
PREP00004628,20250216,ST002,PRD008,56,56,3080.0,168.0
PREP00004629,20250216,ST002,PRD009,26,29,2755.0,174.0
PREP00004630,20250216,ST002,PRD010,19,21,2100.0,126.0
PREP00004631,20250216,ST002,PRD011,17,18,2520.0,144.0
PREP00004632,20250216,ST002,PRD012,45,48,8640.0,480.0
PREP00004633,20250216,ST002,PRD013,31,30,4800.0,270.0
PREP00004634,20250216,ST002,PRD014,21,23,2530.0,161.0
PREP00004635,20250216,ST002,PRD015,36,39,2535.0,195.0
PREP00004636,20250216,ST002,PRD016,13,13,1235.0,39.0
PREP00004637,20250216,ST002,PRD017,26,28,3080.0,84.0
PREP00004638,20250216,ST002,PRD018,23,24,1440.0,48.0
PREP00004639,20250216,ST002,PRD019,16,17,595.0,34.0
PREP00004640,20250216,ST002,PRD020,18,18,990.0,54.0
PREP00004641,20250216,ST003,PRD001,33,36,1620.0,108.0
PREP00004642,20250216,ST003,PRD002,51,49,3185.0,245.0
PREP00004643,20250216,ST003,PRD003,39,41,2870.0,205.0
PREP00004644,20250216,ST003,PRD004,36,34,2720.0,204.0
PREP00004645,20250216,ST003,PRD005,57,62,2170.0,124.0
PREP00004646,20250216,ST003,PRD006,28,28,1960.0,112.0
PREP00004647,20250216,ST003,PRD007,40,39,3120.0,195.0
PREP00004648,20250216,ST003,PRD008,40,42,2310.0,126.0
PREP00004649,20250216,ST003,PRD009,13,13,1235.0,78.0
PREP00004650,20250216,ST003,PRD010,12,12,1200.0,72.0
PREP00004651,20250216,ST003,PRD011,17,17,2380.0,136.0
PREP00004652,20250216,ST003,PRD012,17,18,3240.0,180.0
PREP00004653,20250216,ST003,PRD013,24,25,4000.0,225.0
PREP00004654,20250216,ST003,PRD014,16,17,1870.0,119.0
PREP00004655,20250216,ST003,PRD015,40,42,2730.0,210.0
PREP00004656,20250216,ST003,PRD016,14,14,1330.0,42.0
PREP00004657,20250216,ST003,PRD017,22,23,2530.0,69.0
PREP00004658,20250216,ST003,PRD018,21,21,1260.0,42.0
PREP00004659,20250216,ST003,PRD019,14,13,455.0,26.0
PREP00004660,20250216,ST003,PRD020,14,14,770.0,42.0
PREP00004661,20250216,ST004,PRD001,84,85,3825.0,255.0
PREP00004662,20250216,ST004,PRD002,74,71,4615.0,355.0
PREP00004663,20250216,ST004,PRD003,55,60,4200.0,300.0
PREP00004664,20250216,ST004,PRD004,81,85,6800.0,510.0
PREP00004665,20250216,ST004,PRD005,104,104,3640.0,208.0
PREP00004666,20250216,ST004,PRD006,67,72,5040.0,288.0
PREP00004667,20250216,ST004,PRD007,35,33,2640.0,165.0
PREP00004668,20250216,ST004,PRD008,51,53,2915.0,159.0
PREP00004669,20250216,ST004,PRD009,36,34,3230.0,204.0
PREP00004670,20250216,ST004,PRD010,62,68,6800.0,408.0
PREP00004671,20250216,ST004,PRD011,44,46,6440.0,368.0
PREP00004672,20250216,ST004,PRD012,42,41,7380.0,410.0
PREP00004673,20250216,ST004,PRD013,34,37,5920.0,333.0
PREP00004674,20250216,ST004,PRD014,39,37,4070.0,259.0
PREP00004675,20250216,ST004,PRD015,44,45,2925.0,225.0
PREP00004676,20250216,ST004,PRD016,37,40,3800.0,120.0
PREP00004677,20250216,ST004,PRD017,30,29,3190.0,87.0
PREP00004678,20250216,ST004,PRD018,36,35,2100.0,70.0
PREP00004679,20250216,ST004,PRD019,39,43,1505.0,86.0
PREP00004680,20250216,ST004,PRD020,43,44,2420.0,132.0
PREP00004681,20250216,ST005,PRD001,81,81,3645.0,243.0
PREP00004682,20250216,ST005,PRD002,82,82,5330.0,410.0
PREP00004683,20250216,ST005,PRD003,83,85,5950.0,425.0
PREP00004684,20250216,ST005,PRD004,69,70,5600.0,420.0
PREP00004685,20250216,ST005,PRD005,58,57,1995.0,114.0
PREP00004686,20250216,ST005,PRD006,49,53,3710.0,212.0
PREP00004687,20250216,ST005,PRD007,33,33,2640.0,165.0
PREP00004688,20250216,ST005,PRD008,51,54,2970.0,162.0
PREP00004689,20250216,ST005,PRD009,20,21,1995.0,126.0
PREP00004690,20250216,ST005,PRD010,21,21,2100.0,126.0
PREP00004691,20250216,ST005,PRD011,26,26,3640.0,208.0
PREP00004692,20250216,ST005,PRD012,25,27,4860.0,270.0
PREP00004693,20250216,ST005,PRD013,27,28,4480.0,252.0
PREP00004694,20250216,ST005,PRD014,27,28,3080.0,196.0
PREP00004695,20250216,ST005,PRD015,37,39,2535.0,195.0
PREP00004696,20250216,ST005,PRD016,17,17,1615.0,51.0
PREP00004697,20250216,ST005,PRD017,17,17,1870.0,51.0
PREP00004698,20250216,ST005,PRD018,13,13,780.0,26.0
PREP00004699,20250216,ST005,PRD019,18,19,665.0,38.0
PREP00004700,20250216,ST005,PRD020,38,38,2090.0,114.0
PREP00004701,20250217,ST001,PRD001,42,41,1845.0,123.0
PREP00004702,20250217,ST001,PRD002,72,77,5005.0,385.0
PREP00004703,20250217,ST001,PRD003,44,42,2940.0,210.0
PREP00004704,20250217,ST001,PRD004,53,53,4240.0,318.0
PREP00004705,20250217,ST001,PRD005,66,64,2240.0,128.0
PREP00004706,20250217,ST001,PRD006,43,41,2870.0,164.0
PREP00004707,20250217,ST001,PRD007,55,56,4480.0,280.0
PREP00004708,20250217,ST001,PRD008,35,38,2090.0,114.0
PREP00004709,20250217,ST001,PRD009,34,34,3230.0,204.0
PREP00004710,20250217,ST001,PRD010,33,34,3400.0,204.0
PREP00004711,20250217,ST001,PRD011,17,17,2380.0,136.0
PREP00004712,20250217,ST001,PRD012,50,54,9720.0,540.0
PREP00004713,20250217,ST001,PRD013,27,26,4160.0,234.0
PREP00004714,20250217,ST001,PRD014,27,27,2970.0,189.0
PREP00004715,20250217,ST001,PRD015,51,51,3315.0,255.0
PREP00004716,20250217,ST001,PRD016,16,16,1520.0,48.0
PREP00004717,20250217,ST001,PRD017,14,14,1540.0,42.0
PREP00004718,20250217,ST001,PRD018,27,27,1620.0,54.0
PREP00004719,20250217,ST001,PRD019,24,23,805.0,46.0
PREP00004720,20250217,ST001,PRD020,23,23,1265.0,69.0
PREP00004721,20250217,ST002,PRD001,45,45,2025.0,135.0
PREP00004722,20250217,ST002,PRD002,37,40,2600.0,200.0
PREP00004723,20250217,ST002,PRD003,66,72,5040.0,360.0
PREP00004724,20250217,ST002,PRD004,61,66,5280.0,396.0
PREP00004725,20250217,ST002,PRD005,44,48,1680.0,96.0
PREP00004726,20250217,ST002,PRD006,47,45,3150.0,180.0
PREP00004727,20250217,ST002,PRD007,18,17,1360.0,85.0
PREP00004728,20250217,ST002,PRD008,20,21,1155.0,63.0
PREP00004729,20250217,ST002,PRD009,39,39,3705.0,234.0
PREP00004730,20250217,ST002,PRD010,13,13,1300.0,78.0
PREP00004731,20250217,ST002,PRD011,16,16,2240.0,128.0
PREP00004732,20250217,ST002,PRD012,16,16,2880.0,160.0
PREP00004733,20250217,ST002,PRD013,44,45,7200.0,405.0
PREP00004734,20250217,ST002,PRD014,24,26,2860.0,182.0
PREP00004735,20250217,ST002,PRD015,16,16,1040.0,80.0
PREP00004736,20250217,ST002,PRD016,12,11,1045.0,33.0
PREP00004737,20250217,ST002,PRD017,12,11,1210.0,33.0
PREP00004738,20250217,ST002,PRD018,20,20,1200.0,40.0
PREP00004739,20250217,ST002,PRD019,33,34,1190.0,68.0
PREP00004740,20250217,ST002,PRD020,17,17,935.0,51.0
PREP00004741,20250217,ST003,PRD001,29,29,1305.0,87.0
PREP00004742,20250217,ST003,PRD002,33,36,2340.0,180.0
PREP00004743,20250217,ST003,PRD003,50,54,3780.0,270.0
PREP00004744,20250217,ST003,PRD004,40,43,3440.0,258.0
PREP00004745,20250217,ST003,PRD005,31,34,1190.0,68.0
PREP00004746,20250217,ST003,PRD006,19,19,1330.0,76.0
PREP00004747,20250217,ST003,PRD007,48,51,4080.0,255.0
PREP00004748,20250217,ST003,PRD008,15,15,825.0,45.0
PREP00004749,20250217,ST003,PRD009,9,9,855.0,54.0
PREP00004750,20250217,ST003,PRD010,7,8,800.0,48.0
PREP00004751,20250217,ST003,PRD011,21,23,3220.0,184.0
PREP00004752,20250217,ST003,PRD012,20,20,3600.0,200.0
PREP00004753,20250217,ST003,PRD013,14,14,2240.0,126.0
PREP00004754,20250217,ST003,PRD014,30,31,3410.0,217.0
PREP00004755,20250217,ST003,PRD015,14,15,975.0,75.0
PREP00004756,20250217,ST003,PRD016,12,13,1235.0,39.0
PREP00004757,20250217,ST003,PRD017,10,10,1100.0,30.0
PREP00004758,20250217,ST003,PRD018,12,12,720.0,24.0
PREP00004759,20250217,ST003,PRD019,17,18,630.0,36.0
PREP00004760,20250217,ST003,PRD020,21,22,1210.0,66.0
PREP00004761,20250217,ST004,PRD001,41,39,1755.0,117.0
PREP00004762,20250217,ST004,PRD002,85,82,5330.0,410.0
PREP00004763,20250217,ST004,PRD003,43,42,2940.0,210.0
PREP00004764,20250217,ST004,PRD004,87,85,6800.0,510.0
PREP00004765,20250217,ST004,PRD005,36,35,1225.0,70.0
PREP00004766,20250217,ST004,PRD006,48,49,3430.0,196.0
PREP00004767,20250217,ST004,PRD007,43,46,3680.0,230.0
PREP00004768,20250217,ST004,PRD008,58,59,3245.0,177.0
PREP00004769,20250217,ST004,PRD009,24,25,2375.0,150.0
PREP00004770,20250217,ST004,PRD010,23,23,2300.0,138.0
PREP00004771,20250217,ST004,PRD011,48,53,7420.0,424.0
PREP00004772,20250217,ST004,PRD012,29,30,5400.0,300.0
PREP00004773,20250217,ST004,PRD013,70,68,10880.0,612.0
PREP00004774,20250217,ST004,PRD014,31,30,3300.0,210.0
PREP00004775,20250217,ST004,PRD015,26,28,1820.0,140.0
PREP00004776,20250217,ST004,PRD016,16,16,1520.0,48.0
PREP00004777,20250217,ST004,PRD017,25,27,2970.0,81.0
PREP00004778,20250217,ST004,PRD018,23,25,1500.0,50.0
PREP00004779,20250217,ST004,PRD019,34,32,1120.0,64.0
PREP00004780,20250217,ST004,PRD020,23,23,1265.0,69.0
PREP00004781,20250217,ST005,PRD001,33,36,1620.0,108.0
PREP00004782,20250217,ST005,PRD002,33,33,2145.0,165.0
PREP00004783,20250217,ST005,PRD003,25,26,1820.0,130.0
PREP00004784,20250217,ST005,PRD004,39,37,2960.0,222.0
PREP00004785,20250217,ST005,PRD005,41,40,1400.0,80.0
PREP00004786,20250217,ST005,PRD006,38,40,2800.0,160.0
PREP00004787,20250217,ST005,PRD007,41,41,3280.0,205.0
PREP00004788,20250217,ST005,PRD008,39,41,2255.0,123.0
PREP00004789,20250217,ST005,PRD009,15,15,1425.0,90.0
PREP00004790,20250217,ST005,PRD010,14,15,1500.0,90.0
PREP00004791,20250217,ST005,PRD011,18,20,2800.0,160.0
PREP00004792,20250217,ST005,PRD012,26,25,4500.0,250.0
PREP00004793,20250217,ST005,PRD013,16,16,2560.0,144.0
PREP00004794,20250217,ST005,PRD014,21,20,2200.0,140.0
PREP00004795,20250217,ST005,PRD015,36,38,2470.0,190.0
PREP00004796,20250217,ST005,PRD016,8,8,760.0,24.0
PREP00004797,20250217,ST005,PRD017,19,20,2200.0,60.0
PREP00004798,20250217,ST005,PRD018,18,18,1080.0,36.0
PREP00004799,20250217,ST005,PRD019,15,16,560.0,32.0
PREP00004800,20250217,ST005,PRD020,15,15,825.0,45.0
PREP00004801,20250218,ST001,PRD001,51,54,2430.0,162.0
PREP00004802,20250218,ST001,PRD002,49,50,3250.0,250.0
PREP00004803,20250218,ST001,PRD003,51,52,3640.0,260.0
PREP00004804,20250218,ST001,PRD004,71,77,6160.0,462.0
PREP00004805,20250218,ST001,PRD005,68,68,2380.0,136.0
PREP00004806,20250218,ST001,PRD006,43,42,2940.0,168.0
PREP00004807,20250218,ST001,PRD007,70,68,5440.0,340.0
PREP00004808,20250218,ST001,PRD008,44,45,2475.0,135.0
PREP00004809,20250218,ST001,PRD009,37,36,3420.0,216.0
PREP00004810,20250218,ST001,PRD010,20,19,1900.0,114.0
PREP00004811,20250218,ST001,PRD011,34,37,5180.0,296.0
PREP00004812,20250218,ST001,PRD012,23,25,4500.0,250.0
PREP00004813,20250218,ST001,PRD013,40,41,6560.0,369.0
PREP00004814,20250218,ST001,PRD014,17,16,1760.0,112.0
PREP00004815,20250218,ST001,PRD015,39,40,2600.0,200.0
PREP00004816,20250218,ST001,PRD016,15,16,1520.0,48.0
PREP00004817,20250218,ST001,PRD017,14,14,1540.0,42.0
PREP00004818,20250218,ST001,PRD018,32,31,1860.0,62.0
PREP00004819,20250218,ST001,PRD019,29,31,1085.0,62.0
PREP00004820,20250218,ST001,PRD020,23,24,1320.0,72.0
PREP00004821,20250218,ST002,PRD001,26,26,1170.0,78.0
PREP00004822,20250218,ST002,PRD002,37,37,2405.0,185.0
PREP00004823,20250218,ST002,PRD003,53,53,3710.0,265.0
PREP00004824,20250218,ST002,PRD004,61,66,5280.0,396.0
PREP00004825,20250218,ST002,PRD005,55,59,2065.0,118.0
PREP00004826,20250218,ST002,PRD006,38,39,2730.0,156.0
PREP00004827,20250218,ST002,PRD007,33,35,2800.0,175.0
PREP00004828,20250218,ST002,PRD008,47,45,2475.0,135.0
PREP00004829,20250218,ST002,PRD009,19,20,1900.0,120.0
PREP00004830,20250218,ST002,PRD010,14,14,1400.0,84.0
PREP00004831,20250218,ST002,PRD011,18,18,2520.0,144.0
PREP00004832,20250218,ST002,PRD012,21,23,4140.0,230.0
PREP00004833,20250218,ST002,PRD013,15,16,2560.0,144.0
PREP00004834,20250218,ST002,PRD014,26,28,3080.0,196.0
PREP00004835,20250218,ST002,PRD015,35,38,2470.0,190.0
PREP00004836,20250218,ST002,PRD016,24,25,2375.0,75.0
PREP00004837,20250218,ST002,PRD017,21,21,2310.0,63.0
PREP00004838,20250218,ST002,PRD018,31,32,1920.0,64.0
PREP00004839,20250218,ST002,PRD019,19,20,700.0,40.0
PREP00004840,20250218,ST002,PRD020,13,13,715.0,39.0
PREP00004841,20250218,ST003,PRD001,18,20,900.0,60.0
PREP00004842,20250218,ST003,PRD002,39,37,2405.0,185.0
PREP00004843,20250218,ST003,PRD003,20,20,1400.0,100.0
PREP00004844,20250218,ST003,PRD004,27,27,2160.0,162.0
PREP00004845,20250218,ST003,PRD005,41,45,1575.0,90.0
PREP00004846,20250218,ST003,PRD006,29,29,2030.0,116.0
PREP00004847,20250218,ST003,PRD007,26,27,2160.0,135.0
PREP00004848,20250218,ST003,PRD008,21,21,1155.0,63.0
PREP00004849,20250218,ST003,PRD009,21,23,2185.0,138.0
PREP00004850,20250218,ST003,PRD010,10,10,1000.0,60.0
PREP00004851,20250218,ST003,PRD011,20,20,2800.0,160.0
PREP00004852,20250218,ST003,PRD012,19,18,3240.0,180.0
PREP00004853,20250218,ST003,PRD013,13,13,2080.0,117.0
PREP00004854,20250218,ST003,PRD014,16,15,1650.0,105.0
PREP00004855,20250218,ST003,PRD015,20,20,1300.0,100.0
PREP00004856,20250218,ST003,PRD016,16,15,1425.0,45.0
PREP00004857,20250218,ST003,PRD017,8,8,880.0,24.0
PREP00004858,20250218,ST003,PRD018,12,13,780.0,26.0
PREP00004859,20250218,ST003,PRD019,21,22,770.0,44.0
PREP00004860,20250218,ST003,PRD020,9,9,495.0,27.0
PREP00004861,20250218,ST004,PRD001,36,40,1800.0,120.0
PREP00004862,20250218,ST004,PRD002,59,61,3965.0,305.0
PREP00004863,20250218,ST004,PRD003,30,29,2030.0,145.0
PREP00004864,20250218,ST004,PRD004,71,71,5680.0,426.0
PREP00004865,20250218,ST004,PRD005,46,48,1680.0,96.0
PREP00004866,20250218,ST004,PRD006,72,79,5530.0,316.0
PREP00004867,20250218,ST004,PRD007,25,25,2000.0,125.0
PREP00004868,20250218,ST004,PRD008,75,75,4125.0,225.0
PREP00004869,20250218,ST004,PRD009,24,25,2375.0,150.0
PREP00004870,20250218,ST004,PRD010,41,43,4300.0,258.0
PREP00004871,20250218,ST004,PRD011,40,39,5460.0,312.0
PREP00004872,20250218,ST004,PRD012,43,44,7920.0,440.0
PREP00004873,20250218,ST004,PRD013,21,20,3200.0,180.0
PREP00004874,20250218,ST004,PRD014,32,33,3630.0,231.0
PREP00004875,20250218,ST004,PRD015,25,25,1625.0,125.0
PREP00004876,20250218,ST004,PRD016,29,29,2755.0,87.0
PREP00004877,20250218,ST004,PRD017,13,13,1430.0,39.0
PREP00004878,20250218,ST004,PRD018,18,20,1200.0,40.0
PREP00004879,20250218,ST004,PRD019,22,22,770.0,44.0
PREP00004880,20250218,ST004,PRD020,34,34,1870.0,102.0
PREP00004881,20250218,ST005,PRD001,60,57,2565.0,171.0
PREP00004882,20250218,ST005,PRD002,38,42,2730.0,210.0
PREP00004883,20250218,ST005,PRD003,41,44,3080.0,220.0
PREP00004884,20250218,ST005,PRD004,42,42,3360.0,252.0
PREP00004885,20250218,ST005,PRD005,45,46,1610.0,92.0
PREP00004886,20250218,ST005,PRD006,32,33,2310.0,132.0
PREP00004887,20250218,ST005,PRD007,48,48,3840.0,240.0
PREP00004888,20250218,ST005,PRD008,45,45,2475.0,135.0
PREP00004889,20250218,ST005,PRD009,19,18,1710.0,108.0
PREP00004890,20250218,ST005,PRD010,21,23,2300.0,138.0
PREP00004891,20250218,ST005,PRD011,21,20,2800.0,160.0
PREP00004892,20250218,ST005,PRD012,22,24,4320.0,240.0
PREP00004893,20250218,ST005,PRD013,30,30,4800.0,270.0
PREP00004894,20250218,ST005,PRD014,19,19,2090.0,133.0
PREP00004895,20250218,ST005,PRD015,39,39,2535.0,195.0
PREP00004896,20250218,ST005,PRD016,12,13,1235.0,39.0
PREP00004897,20250218,ST005,PRD017,10,11,1210.0,33.0
PREP00004898,20250218,ST005,PRD018,15,15,900.0,30.0
PREP00004899,20250218,ST005,PRD019,25,27,945.0,54.0
PREP00004900,20250218,ST005,PRD020,18,18,990.0,54.0
PREP00004901,20250219,ST001,PRD001,94,101,4545.0,303.0
PREP00004902,20250219,ST001,PRD002,47,47,3055.0,235.0
PREP00004903,20250219,ST001,PRD003,46,44,3080.0,220.0
PREP00004904,20250219,ST001,PRD004,64,67,5360.0,402.0
PREP00004905,20250219,ST001,PRD005,70,67,2345.0,134.0
PREP00004906,20250219,ST001,PRD006,68,66,4620.0,264.0
PREP00004907,20250219,ST001,PRD007,42,41,3280.0,205.0
PREP00004908,20250219,ST001,PRD008,76,82,4510.0,246.0
PREP00004909,20250219,ST001,PRD009,20,19,1805.0,114.0
PREP00004910,20250219,ST001,PRD010,19,19,1900.0,114.0
PREP00004911,20250219,ST001,PRD011,31,33,4620.0,264.0
PREP00004912,20250219,ST001,PRD012,27,28,5040.0,280.0
PREP00004913,20250219,ST001,PRD013,59,62,9920.0,558.0
PREP00004914,20250219,ST001,PRD014,38,40,4400.0,280.0
PREP00004915,20250219,ST001,PRD015,19,20,1300.0,100.0
PREP00004916,20250219,ST001,PRD016,18,19,1805.0,57.0
PREP00004917,20250219,ST001,PRD017,23,22,2420.0,66.0
PREP00004918,20250219,ST001,PRD018,34,35,2100.0,70.0
PREP00004919,20250219,ST001,PRD019,43,43,1505.0,86.0
PREP00004920,20250219,ST001,PRD020,27,30,1650.0,90.0
PREP00004921,20250219,ST002,PRD001,63,66,2970.0,198.0
PREP00004922,20250219,ST002,PRD002,45,47,3055.0,235.0
PREP00004923,20250219,ST002,PRD003,50,51,3570.0,255.0
PREP00004924,20250219,ST002,PRD004,33,31,2480.0,186.0
PREP00004925,20250219,ST002,PRD005,41,42,1470.0,84.0
PREP00004926,20250219,ST002,PRD006,37,37,2590.0,148.0
PREP00004927,20250219,ST002,PRD007,58,63,5040.0,315.0
PREP00004928,20250219,ST002,PRD008,22,21,1155.0,63.0
PREP00004929,20250219,ST002,PRD009,27,30,2850.0,180.0
PREP00004930,20250219,ST002,PRD010,10,11,1100.0,66.0
PREP00004931,20250219,ST002,PRD011,24,26,3640.0,208.0
PREP00004932,20250219,ST002,PRD012,27,29,5220.0,290.0
PREP00004933,20250219,ST002,PRD013,41,41,6560.0,369.0
PREP00004934,20250219,ST002,PRD014,29,29,3190.0,203.0
PREP00004935,20250219,ST002,PRD015,16,17,1105.0,85.0
PREP00004936,20250219,ST002,PRD016,7,7,665.0,21.0
PREP00004937,20250219,ST002,PRD017,8,8,880.0,24.0
PREP00004938,20250219,ST002,PRD018,26,26,1560.0,52.0
PREP00004939,20250219,ST002,PRD019,20,20,700.0,40.0
PREP00004940,20250219,ST002,PRD020,27,29,1595.0,87.0
PREP00004941,20250219,ST003,PRD001,43,43,1935.0,129.0
PREP00004942,20250219,ST003,PRD002,21,22,1430.0,110.0
PREP00004943,20250219,ST003,PRD003,22,24,1680.0,120.0
PREP00004944,20250219,ST003,PRD004,46,47,3760.0,282.0
PREP00004945,20250219,ST003,PRD005,18,18,630.0,36.0
PREP00004946,20250219,ST003,PRD006,34,34,2380.0,136.0
PREP00004947,20250219,ST003,PRD007,31,31,2480.0,155.0
PREP00004948,20250219,ST003,PRD008,32,34,1870.0,102.0
PREP00004949,20250219,ST003,PRD009,9,9,855.0,54.0
PREP00004950,20250219,ST003,PRD010,21,23,2300.0,138.0
PREP00004951,20250219,ST003,PRD011,17,18,2520.0,144.0
PREP00004952,20250219,ST003,PRD012,24,26,4680.0,260.0
PREP00004953,20250219,ST003,PRD013,18,18,2880.0,162.0
PREP00004954,20250219,ST003,PRD014,29,28,3080.0,196.0
PREP00004955,20250219,ST003,PRD015,18,19,1235.0,95.0
PREP00004956,20250219,ST003,PRD016,18,17,1615.0,51.0
PREP00004957,20250219,ST003,PRD017,9,9,990.0,27.0
PREP00004958,20250219,ST003,PRD018,13,12,720.0,24.0
PREP00004959,20250219,ST003,PRD019,20,21,735.0,42.0
PREP00004960,20250219,ST003,PRD020,15,16,880.0,48.0
PREP00004961,20250219,ST004,PRD001,49,52,2340.0,156.0
PREP00004962,20250219,ST004,PRD002,48,53,3445.0,265.0
PREP00004963,20250219,ST004,PRD003,37,36,2520.0,180.0
PREP00004964,20250219,ST004,PRD004,36,37,2960.0,222.0
PREP00004965,20250219,ST004,PRD005,52,51,1785.0,102.0
PREP00004966,20250219,ST004,PRD006,36,39,2730.0,156.0
PREP00004967,20250219,ST004,PRD007,32,31,2480.0,155.0
PREP00004968,20250219,ST004,PRD008,28,29,1595.0,87.0
PREP00004969,20250219,ST004,PRD009,16,16,1520.0,96.0
PREP00004970,20250219,ST004,PRD010,20,22,2200.0,132.0
PREP00004971,20250219,ST004,PRD011,16,16,2240.0,128.0
PREP00004972,20250219,ST004,PRD012,57,55,9900.0,550.0
PREP00004973,20250219,ST004,PRD013,37,39,6240.0,351.0
PREP00004974,20250219,ST004,PRD014,50,52,5720.0,364.0
PREP00004975,20250219,ST004,PRD015,29,31,2015.0,155.0
PREP00004976,20250219,ST004,PRD016,26,27,2565.0,81.0
PREP00004977,20250219,ST004,PRD017,17,18,1980.0,54.0
PREP00004978,20250219,ST004,PRD018,36,35,2100.0,70.0
PREP00004979,20250219,ST004,PRD019,21,21,735.0,42.0
PREP00004980,20250219,ST004,PRD020,17,16,880.0,48.0
PREP00004981,20250219,ST005,PRD001,43,46,2070.0,138.0
PREP00004982,20250219,ST005,PRD002,62,60,3900.0,300.0
PREP00004983,20250219,ST005,PRD003,22,23,1610.0,115.0
PREP00004984,20250219,ST005,PRD004,52,51,4080.0,306.0
PREP00004985,20250219,ST005,PRD005,31,34,1190.0,68.0
PREP00004986,20250219,ST005,PRD006,26,27,1890.0,108.0
PREP00004987,20250219,ST005,PRD007,39,42,3360.0,210.0
PREP00004988,20250219,ST005,PRD008,38,37,2035.0,111.0
PREP00004989,20250219,ST005,PRD009,25,27,2565.0,162.0
PREP00004990,20250219,ST005,PRD010,16,16,1600.0,96.0
PREP00004991,20250219,ST005,PRD011,16,15,2100.0,120.0
PREP00004992,20250219,ST005,PRD012,36,35,6300.0,350.0
PREP00004993,20250219,ST005,PRD013,39,42,6720.0,378.0
PREP00004994,20250219,ST005,PRD014,19,18,1980.0,126.0
PREP00004995,20250219,ST005,PRD015,27,27,1755.0,135.0
PREP00004996,20250219,ST005,PRD016,19,20,1900.0,60.0
PREP00004997,20250219,ST005,PRD017,17,18,1980.0,54.0
PREP00004998,20250219,ST005,PRD018,18,20,1200.0,40.0
PREP00004999,20250219,ST005,PRD019,32,35,1225.0,70.0
PREP00005000,20250219,ST005,PRD020,15,14,770.0,42.0
PREP00005001,20250220,ST001,PRD001,114,124,5580.0,372.0
PREP00005002,20250220,ST001,PRD002,52,55,3575.0,275.0
PREP00005003,20250220,ST001,PRD003,37,41,2870.0,205.0
PREP00005004,20250220,ST001,PRD004,64,67,5360.0,402.0
PREP00005005,20250220,ST001,PRD005,39,38,1330.0,76.0
PREP00005006,20250220,ST001,PRD006,54,59,4130.0,236.0
PREP00005007,20250220,ST001,PRD007,70,67,5360.0,335.0
PREP00005008,20250220,ST001,PRD008,42,43,2365.0,129.0
PREP00005009,20250220,ST001,PRD009,30,30,2850.0,180.0
PREP00005010,20250220,ST001,PRD010,34,37,3700.0,222.0
PREP00005011,20250220,ST001,PRD011,62,59,8260.0,472.0
PREP00005012,20250220,ST001,PRD012,27,29,5220.0,290.0
PREP00005013,20250220,ST001,PRD013,47,48,7680.0,432.0
PREP00005014,20250220,ST001,PRD014,62,65,7150.0,455.0
PREP00005015,20250220,ST001,PRD015,46,48,3120.0,240.0
PREP00005016,20250220,ST001,PRD016,13,14,1330.0,42.0
PREP00005017,20250220,ST001,PRD017,15,15,1650.0,45.0
PREP00005018,20250220,ST001,PRD018,20,19,1140.0,38.0
PREP00005019,20250220,ST001,PRD019,22,24,840.0,48.0
PREP00005020,20250220,ST001,PRD020,30,30,1650.0,90.0
PREP00005021,20250220,ST002,PRD001,52,53,2385.0,159.0
PREP00005022,20250220,ST002,PRD002,39,38,2470.0,190.0
PREP00005023,20250220,ST002,PRD003,40,39,2730.0,195.0
PREP00005024,20250220,ST002,PRD004,57,62,4960.0,372.0
PREP00005025,20250220,ST002,PRD005,68,70,2450.0,140.0
PREP00005026,20250220,ST002,PRD006,35,33,2310.0,132.0
PREP00005027,20250220,ST002,PRD007,38,41,3280.0,205.0
PREP00005028,20250220,ST002,PRD008,27,26,1430.0,78.0
PREP00005029,20250220,ST002,PRD009,17,16,1520.0,96.0
PREP00005030,20250220,ST002,PRD010,14,15,1500.0,90.0
PREP00005031,20250220,ST002,PRD011,29,29,4060.0,232.0
PREP00005032,20250220,ST002,PRD012,34,35,6300.0,350.0
PREP00005033,20250220,ST002,PRD013,27,26,4160.0,234.0
PREP00005034,20250220,ST002,PRD014,16,17,1870.0,119.0
PREP00005035,20250220,ST002,PRD015,36,38,2470.0,190.0
PREP00005036,20250220,ST002,PRD016,11,12,1140.0,36.0
PREP00005037,20250220,ST002,PRD017,16,17,1870.0,51.0
PREP00005038,20250220,ST002,PRD018,13,14,840.0,28.0
PREP00005039,20250220,ST002,PRD019,21,22,770.0,44.0
PREP00005040,20250220,ST002,PRD020,15,15,825.0,45.0
PREP00005041,20250220,ST003,PRD001,44,45,2025.0,135.0
PREP00005042,20250220,ST003,PRD002,27,29,1885.0,145.0
PREP00005043,20250220,ST003,PRD003,45,47,3290.0,235.0
PREP00005044,20250220,ST003,PRD004,31,30,2400.0,180.0
PREP00005045,20250220,ST003,PRD005,31,34,1190.0,68.0
PREP00005046,20250220,ST003,PRD006,16,17,1190.0,68.0
PREP00005047,20250220,ST003,PRD007,15,15,1200.0,75.0
PREP00005048,20250220,ST003,PRD008,29,28,1540.0,84.0
PREP00005049,20250220,ST003,PRD009,19,20,1900.0,120.0
PREP00005050,20250220,ST003,PRD010,18,18,1800.0,108.0
PREP00005051,20250220,ST003,PRD011,9,9,1260.0,72.0
PREP00005052,20250220,ST003,PRD012,23,23,4140.0,230.0
PREP00005053,20250220,ST003,PRD013,11,12,1920.0,108.0
PREP00005054,20250220,ST003,PRD014,17,17,1870.0,119.0
PREP00005055,20250220,ST003,PRD015,28,29,1885.0,145.0
PREP00005056,20250220,ST003,PRD016,13,13,1235.0,39.0
PREP00005057,20250220,ST003,PRD017,9,9,990.0,27.0
PREP00005058,20250220,ST003,PRD018,12,12,720.0,24.0
PREP00005059,20250220,ST003,PRD019,19,19,665.0,38.0
PREP00005060,20250220,ST003,PRD020,17,17,935.0,51.0
PREP00005061,20250220,ST004,PRD001,39,41,1845.0,123.0
PREP00005062,20250220,ST004,PRD002,51,56,3640.0,280.0
PREP00005063,20250220,ST004,PRD003,69,74,5180.0,370.0
PREP00005064,20250220,ST004,PRD004,98,104,8320.0,624.0
PREP00005065,20250220,ST004,PRD005,54,58,2030.0,116.0
PREP00005066,20250220,ST004,PRD006,32,32,2240.0,128.0
PREP00005067,20250220,ST004,PRD007,81,86,6880.0,430.0
PREP00005068,20250220,ST004,PRD008,58,56,3080.0,168.0
PREP00005069,20250220,ST004,PRD009,23,24,2280.0,144.0
PREP00005070,20250220,ST004,PRD010,47,51,5100.0,306.0
PREP00005071,20250220,ST004,PRD011,39,40,5600.0,320.0
PREP00005072,20250220,ST004,PRD012,40,41,7380.0,410.0
PREP00005073,20250220,ST004,PRD013,27,26,4160.0,234.0
PREP00005074,20250220,ST004,PRD014,42,45,4950.0,315.0
PREP00005075,20250220,ST004,PRD015,59,57,3705.0,285.0
PREP00005076,20250220,ST004,PRD016,20,21,1995.0,63.0
PREP00005077,20250220,ST004,PRD017,33,32,3520.0,96.0
PREP00005078,20250220,ST004,PRD018,29,30,1800.0,60.0
PREP00005079,20250220,ST004,PRD019,32,32,1120.0,64.0
PREP00005080,20250220,ST004,PRD020,29,29,1595.0,87.0
PREP00005081,20250220,ST005,PRD001,62,66,2970.0,198.0
PREP00005082,20250220,ST005,PRD002,67,70,4550.0,350.0
PREP00005083,20250220,ST005,PRD003,52,54,3780.0,270.0
PREP00005084,20250220,ST005,PRD004,47,47,3760.0,282.0
PREP00005085,20250220,ST005,PRD005,49,50,1750.0,100.0
PREP00005086,20250220,ST005,PRD006,27,28,1960.0,112.0
PREP00005087,20250220,ST005,PRD007,38,39,3120.0,195.0
PREP00005088,20250220,ST005,PRD008,43,42,2310.0,126.0
PREP00005089,20250220,ST005,PRD009,32,35,3325.0,210.0
PREP00005090,20250220,ST005,PRD010,9,9,900.0,54.0
PREP00005091,20250220,ST005,PRD011,16,15,2100.0,120.0
PREP00005092,20250220,ST005,PRD012,20,21,3780.0,210.0
PREP00005093,20250220,ST005,PRD013,23,25,4000.0,225.0
PREP00005094,20250220,ST005,PRD014,23,24,2640.0,168.0
PREP00005095,20250220,ST005,PRD015,23,24,1560.0,120.0
PREP00005096,20250220,ST005,PRD016,11,11,1045.0,33.0
PREP00005097,20250220,ST005,PRD017,16,17,1870.0,51.0
PREP00005098,20250220,ST005,PRD018,14,15,900.0,30.0
PREP00005099,20250220,ST005,PRD019,9,10,350.0,20.0
PREP00005100,20250220,ST005,PRD020,26,27,1485.0,81.0
PREP00005101,20250221,ST001,PRD001,75,74,3330.0,222.0
PREP00005102,20250221,ST001,PRD002,55,59,3835.0,295.0
PREP00005103,20250221,ST001,PRD003,49,52,3640.0,260.0
PREP00005104,20250221,ST001,PRD004,87,87,6960.0,522.0
PREP00005105,20250221,ST001,PRD005,78,79,2765.0,158.0
PREP00005106,20250221,ST001,PRD006,44,43,3010.0,172.0
PREP00005107,20250221,ST001,PRD007,40,40,3200.0,200.0
PREP00005108,20250221,ST001,PRD008,53,54,2970.0,162.0
PREP00005109,20250221,ST001,PRD009,29,31,2945.0,186.0
PREP00005110,20250221,ST001,PRD010,23,23,2300.0,138.0
PREP00005111,20250221,ST001,PRD011,47,47,6580.0,376.0
PREP00005112,20250221,ST001,PRD012,19,20,3600.0,200.0
PREP00005113,20250221,ST001,PRD013,46,50,8000.0,450.0
PREP00005114,20250221,ST001,PRD014,30,29,3190.0,203.0
PREP00005115,20250221,ST001,PRD015,32,35,2275.0,175.0
PREP00005116,20250221,ST001,PRD016,24,23,2185.0,69.0
PREP00005117,20250221,ST001,PRD017,20,21,2310.0,63.0
PREP00005118,20250221,ST001,PRD018,27,29,1740.0,58.0
PREP00005119,20250221,ST001,PRD019,28,29,1015.0,58.0
PREP00005120,20250221,ST001,PRD020,28,28,1540.0,84.0
PREP00005121,20250221,ST002,PRD001,56,53,2385.0,159.0
PREP00005122,20250221,ST002,PRD002,50,50,3250.0,250.0
PREP00005123,20250221,ST002,PRD003,39,38,2660.0,190.0
PREP00005124,20250221,ST002,PRD004,33,36,2880.0,216.0
PREP00005125,20250221,ST002,PRD005,45,46,1610.0,92.0
PREP00005126,20250221,ST002,PRD006,33,34,2380.0,136.0
PREP00005127,20250221,ST002,PRD007,28,30,2400.0,150.0
PREP00005128,20250221,ST002,PRD008,29,30,1650.0,90.0
PREP00005129,20250221,ST002,PRD009,28,29,2755.0,174.0
PREP00005130,20250221,ST002,PRD010,14,14,1400.0,84.0
PREP00005131,20250221,ST002,PRD011,26,28,3920.0,224.0
PREP00005132,20250221,ST002,PRD012,31,31,5580.0,310.0
PREP00005133,20250221,ST002,PRD013,12,13,2080.0,117.0
PREP00005134,20250221,ST002,PRD014,36,37,4070.0,259.0
PREP00005135,20250221,ST002,PRD015,25,24,1560.0,120.0
PREP00005136,20250221,ST002,PRD016,20,21,1995.0,63.0
PREP00005137,20250221,ST002,PRD017,18,18,1980.0,54.0
PREP00005138,20250221,ST002,PRD018,32,33,1980.0,66.0
PREP00005139,20250221,ST002,PRD019,28,29,1015.0,58.0
PREP00005140,20250221,ST002,PRD020,17,17,935.0,51.0
PREP00005141,20250221,ST003,PRD001,30,31,1395.0,93.0
PREP00005142,20250221,ST003,PRD002,38,37,2405.0,185.0
PREP00005143,20250221,ST003,PRD003,47,50,3500.0,250.0
PREP00005144,20250221,ST003,PRD004,35,36,2880.0,216.0
PREP00005145,20250221,ST003,PRD005,26,26,910.0,52.0
PREP00005146,20250221,ST003,PRD006,24,24,1680.0,96.0
PREP00005147,20250221,ST003,PRD007,20,20,1600.0,100.0
PREP00005148,20250221,ST003,PRD008,40,41,2255.0,123.0
PREP00005149,20250221,ST003,PRD009,23,25,2375.0,150.0
PREP00005150,20250221,ST003,PRD010,13,14,1400.0,84.0
PREP00005151,20250221,ST003,PRD011,9,9,1260.0,72.0
PREP00005152,20250221,ST003,PRD012,15,15,2700.0,150.0
PREP00005153,20250221,ST003,PRD013,35,37,5920.0,333.0
PREP00005154,20250221,ST003,PRD014,15,14,1540.0,98.0
PREP00005155,20250221,ST003,PRD015,25,26,1690.0,130.0
PREP00005156,20250221,ST003,PRD016,10,10,950.0,30.0
PREP00005157,20250221,ST003,PRD017,14,15,1650.0,45.0
PREP00005158,20250221,ST003,PRD018,12,12,720.0,24.0
PREP00005159,20250221,ST003,PRD019,21,22,770.0,44.0
PREP00005160,20250221,ST003,PRD020,18,17,935.0,51.0
PREP00005161,20250221,ST004,PRD001,44,48,2160.0,144.0
PREP00005162,20250221,ST004,PRD002,53,55,3575.0,275.0
PREP00005163,20250221,ST004,PRD003,71,68,4760.0,340.0
PREP00005164,20250221,ST004,PRD004,69,69,5520.0,414.0
PREP00005165,20250221,ST004,PRD005,34,34,1190.0,68.0
PREP00005166,20250221,ST004,PRD006,44,47,3290.0,188.0
PREP00005167,20250221,ST004,PRD007,34,35,2800.0,175.0
PREP00005168,20250221,ST004,PRD008,33,32,1760.0,96.0
PREP00005169,20250221,ST004,PRD009,21,23,2185.0,138.0
PREP00005170,20250221,ST004,PRD010,39,38,3800.0,228.0
PREP00005171,20250221,ST004,PRD011,48,50,7000.0,400.0
PREP00005172,20250221,ST004,PRD012,38,40,7200.0,400.0
PREP00005173,20250221,ST004,PRD013,37,38,6080.0,342.0
PREP00005174,20250221,ST004,PRD014,32,33,3630.0,231.0
PREP00005175,20250221,ST004,PRD015,42,41,2665.0,205.0
PREP00005176,20250221,ST004,PRD016,20,20,1900.0,60.0
PREP00005177,20250221,ST004,PRD017,22,24,2640.0,72.0
PREP00005178,20250221,ST004,PRD018,16,17,1020.0,34.0
PREP00005179,20250221,ST004,PRD019,18,18,630.0,36.0
PREP00005180,20250221,ST004,PRD020,21,21,1155.0,63.0
PREP00005181,20250221,ST005,PRD001,31,33,1485.0,99.0
PREP00005182,20250221,ST005,PRD002,54,59,3835.0,295.0
PREP00005183,20250221,ST005,PRD003,37,38,2660.0,190.0
PREP00005184,20250221,ST005,PRD004,59,61,4880.0,366.0
PREP00005185,20250221,ST005,PRD005,36,36,1260.0,72.0
PREP00005186,20250221,ST005,PRD006,19,19,1330.0,76.0
PREP00005187,20250221,ST005,PRD007,18,19,1520.0,95.0
PREP00005188,20250221,ST005,PRD008,27,29,1595.0,87.0
PREP00005189,20250221,ST005,PRD009,35,37,3515.0,222.0
PREP00005190,20250221,ST005,PRD010,16,17,1700.0,102.0
PREP00005191,20250221,ST005,PRD011,22,22,3080.0,176.0
PREP00005192,20250221,ST005,PRD012,28,30,5400.0,300.0
PREP00005193,20250221,ST005,PRD013,29,31,4960.0,279.0
PREP00005194,20250221,ST005,PRD014,25,26,2860.0,182.0
PREP00005195,20250221,ST005,PRD015,44,42,2730.0,210.0
PREP00005196,20250221,ST005,PRD016,26,25,2375.0,75.0
PREP00005197,20250221,ST005,PRD017,22,24,2640.0,72.0
PREP00005198,20250221,ST005,PRD018,20,21,1260.0,42.0
PREP00005199,20250221,ST005,PRD019,29,31,1085.0,62.0
PREP00005200,20250221,ST005,PRD020,23,22,1210.0,66.0
PREP00005201,20250222,ST001,PRD001,49,53,2385.0,159.0
PREP00005202,20250222,ST001,PRD002,70,71,4615.0,355.0
PREP00005203,20250222,ST001,PRD003,96,104,7280.0,520.0
PREP00005204,20250222,ST001,PRD004,99,105,8400.0,630.0
PREP00005205,20250222,ST001,PRD005,66,66,2310.0,132.0
PREP00005206,20250222,ST001,PRD006,36,38,2660.0,152.0
PREP00005207,20250222,ST001,PRD007,84,84,6720.0,420.0
PREP00005208,20250222,ST001,PRD008,49,49,2695.0,147.0
PREP00005209,20250222,ST001,PRD009,44,45,4275.0,270.0
PREP00005210,20250222,ST001,PRD010,29,31,3100.0,186.0
PREP00005211,20250222,ST001,PRD011,17,19,2660.0,152.0
PREP00005212,20250222,ST001,PRD012,33,36,6480.0,360.0
PREP00005213,20250222,ST001,PRD013,35,35,5600.0,315.0
PREP00005214,20250222,ST001,PRD014,44,46,5060.0,322.0
PREP00005215,20250222,ST001,PRD015,44,42,2730.0,210.0
PREP00005216,20250222,ST001,PRD016,22,21,1995.0,63.0
PREP00005217,20250222,ST001,PRD017,23,23,2530.0,69.0
PREP00005218,20250222,ST001,PRD018,38,40,2400.0,80.0
PREP00005219,20250222,ST001,PRD019,19,18,630.0,36.0
PREP00005220,20250222,ST001,PRD020,15,16,880.0,48.0
PREP00005221,20250222,ST002,PRD001,52,51,2295.0,153.0
PREP00005222,20250222,ST002,PRD002,47,51,3315.0,255.0
PREP00005223,20250222,ST002,PRD003,41,44,3080.0,220.0
PREP00005224,20250222,ST002,PRD004,70,67,5360.0,402.0
PREP00005225,20250222,ST002,PRD005,54,53,1855.0,106.0
PREP00005226,20250222,ST002,PRD006,53,54,3780.0,216.0
PREP00005227,20250222,ST002,PRD007,41,41,3280.0,205.0
PREP00005228,20250222,ST002,PRD008,29,30,1650.0,90.0
PREP00005229,20250222,ST002,PRD009,39,41,3895.0,246.0
PREP00005230,20250222,ST002,PRD010,25,25,2500.0,150.0
PREP00005231,20250222,ST002,PRD011,14,14,1960.0,112.0
PREP00005232,20250222,ST002,PRD012,35,37,6660.0,370.0
PREP00005233,20250222,ST002,PRD013,46,46,7360.0,414.0
PREP00005234,20250222,ST002,PRD014,46,44,4840.0,308.0
PREP00005235,20250222,ST002,PRD015,24,26,1690.0,130.0
PREP00005236,20250222,ST002,PRD016,9,9,855.0,27.0
PREP00005237,20250222,ST002,PRD017,25,25,2750.0,75.0
PREP00005238,20250222,ST002,PRD018,27,26,1560.0,52.0
PREP00005239,20250222,ST002,PRD019,19,19,665.0,38.0
PREP00005240,20250222,ST002,PRD020,18,19,1045.0,57.0
PREP00005241,20250222,ST003,PRD001,50,53,2385.0,159.0
PREP00005242,20250222,ST003,PRD002,20,21,1365.0,105.0
PREP00005243,20250222,ST003,PRD003,42,42,2940.0,210.0
PREP00005244,20250222,ST003,PRD004,41,41,3280.0,246.0
PREP00005245,20250222,ST003,PRD005,36,39,1365.0,78.0
PREP00005246,20250222,ST003,PRD006,22,21,1470.0,84.0
PREP00005247,20250222,ST003,PRD007,39,39,3120.0,195.0
PREP00005248,20250222,ST003,PRD008,27,27,1485.0,81.0
PREP00005249,20250222,ST003,PRD009,27,27,2565.0,162.0
PREP00005250,20250222,ST003,PRD010,16,16,1600.0,96.0
PREP00005251,20250222,ST003,PRD011,14,14,1960.0,112.0
PREP00005252,20250222,ST003,PRD012,21,21,3780.0,210.0
PREP00005253,20250222,ST003,PRD013,15,16,2560.0,144.0
PREP00005254,20250222,ST003,PRD014,12,12,1320.0,84.0
PREP00005255,20250222,ST003,PRD015,24,26,1690.0,130.0
PREP00005256,20250222,ST003,PRD016,15,15,1425.0,45.0
PREP00005257,20250222,ST003,PRD017,13,12,1320.0,36.0
PREP00005258,20250222,ST003,PRD018,17,18,1080.0,36.0
PREP00005259,20250222,ST003,PRD019,12,13,455.0,26.0
PREP00005260,20250222,ST003,PRD020,29,31,1705.0,93.0
PREP00005261,20250222,ST004,PRD001,73,77,3465.0,231.0
PREP00005262,20250222,ST004,PRD002,52,52,3380.0,260.0
PREP00005263,20250222,ST004,PRD003,72,70,4900.0,350.0
PREP00005264,20250222,ST004,PRD004,69,74,5920.0,444.0
PREP00005265,20250222,ST004,PRD005,38,41,1435.0,82.0
PREP00005266,20250222,ST004,PRD006,95,95,6650.0,380.0
PREP00005267,20250222,ST004,PRD007,69,73,5840.0,365.0
PREP00005268,20250222,ST004,PRD008,72,69,3795.0,207.0
PREP00005269,20250222,ST004,PRD009,27,29,2755.0,174.0
PREP00005270,20250222,ST004,PRD010,21,21,2100.0,126.0
PREP00005271,20250222,ST004,PRD011,42,41,5740.0,328.0
PREP00005272,20250222,ST004,PRD012,70,69,12420.0,690.0
PREP00005273,20250222,ST004,PRD013,48,47,7520.0,423.0
PREP00005274,20250222,ST004,PRD014,36,35,3850.0,245.0
PREP00005275,20250222,ST004,PRD015,43,45,2925.0,225.0
PREP00005276,20250222,ST004,PRD016,15,16,1520.0,48.0
PREP00005277,20250222,ST004,PRD017,16,15,1650.0,45.0
PREP00005278,20250222,ST004,PRD018,27,29,1740.0,58.0
PREP00005279,20250222,ST004,PRD019,52,53,1855.0,106.0
PREP00005280,20250222,ST004,PRD020,28,30,1650.0,90.0
PREP00005281,20250222,ST005,PRD001,58,56,2520.0,168.0
PREP00005282,20250222,ST005,PRD002,42,45,2925.0,225.0
PREP00005283,20250222,ST005,PRD003,40,42,2940.0,210.0
PREP00005284,20250222,ST005,PRD004,38,38,3040.0,228.0
PREP00005285,20250222,ST005,PRD005,66,63,2205.0,126.0
PREP00005286,20250222,ST005,PRD006,33,32,2240.0,128.0
PREP00005287,20250222,ST005,PRD007,34,36,2880.0,180.0
PREP00005288,20250222,ST005,PRD008,49,49,2695.0,147.0
PREP00005289,20250222,ST005,PRD009,24,26,2470.0,156.0
PREP00005290,20250222,ST005,PRD010,43,44,4400.0,264.0
PREP00005291,20250222,ST005,PRD011,24,25,3500.0,200.0
PREP00005292,20250222,ST005,PRD012,32,30,5400.0,300.0
PREP00005293,20250222,ST005,PRD013,25,25,4000.0,225.0
PREP00005294,20250222,ST005,PRD014,45,46,5060.0,322.0
PREP00005295,20250222,ST005,PRD015,29,29,1885.0,145.0
PREP00005296,20250222,ST005,PRD016,15,15,1425.0,45.0
PREP00005297,20250222,ST005,PRD017,19,19,2090.0,57.0
PREP00005298,20250222,ST005,PRD018,17,18,1080.0,36.0
PREP00005299,20250222,ST005,PRD019,29,31,1085.0,62.0
PREP00005300,20250222,ST005,PRD020,27,26,1430.0,78.0
PREP00005301,20250223,ST001,PRD001,75,81,3645.0,243.0
PREP00005302,20250223,ST001,PRD002,62,61,3965.0,305.0
PREP00005303,20250223,ST001,PRD003,54,56,3920.0,280.0
PREP00005304,20250223,ST001,PRD004,55,58,4640.0,348.0
PREP00005305,20250223,ST001,PRD005,69,68,2380.0,136.0
PREP00005306,20250223,ST001,PRD006,39,39,2730.0,156.0
PREP00005307,20250223,ST001,PRD007,49,49,3920.0,245.0
PREP00005308,20250223,ST001,PRD008,44,44,2420.0,132.0
PREP00005309,20250223,ST001,PRD009,46,47,4465.0,282.0
PREP00005310,20250223,ST001,PRD010,15,16,1600.0,96.0
PREP00005311,20250223,ST001,PRD011,47,50,7000.0,400.0
PREP00005312,20250223,ST001,PRD012,49,49,8820.0,490.0
PREP00005313,20250223,ST001,PRD013,23,23,3680.0,207.0
PREP00005314,20250223,ST001,PRD014,42,43,4730.0,301.0
PREP00005315,20250223,ST001,PRD015,37,41,2665.0,205.0
PREP00005316,20250223,ST001,PRD016,16,15,1425.0,45.0
PREP00005317,20250223,ST001,PRD017,27,27,2970.0,81.0
PREP00005318,20250223,ST001,PRD018,28,27,1620.0,54.0
PREP00005319,20250223,ST001,PRD019,22,21,735.0,42.0
PREP00005320,20250223,ST001,PRD020,41,45,2475.0,135.0
PREP00005321,20250223,ST002,PRD001,35,35,1575.0,105.0
PREP00005322,20250223,ST002,PRD002,62,66,4290.0,330.0
PREP00005323,20250223,ST002,PRD003,34,36,2520.0,180.0
PREP00005324,20250223,ST002,PRD004,77,78,6240.0,468.0
PREP00005325,20250223,ST002,PRD005,67,68,2380.0,136.0
PREP00005326,20250223,ST002,PRD006,35,38,2660.0,152.0
PREP00005327,20250223,ST002,PRD007,30,31,2480.0,155.0
PREP00005328,20250223,ST002,PRD008,41,41,2255.0,123.0
PREP00005329,20250223,ST002,PRD009,37,36,3420.0,216.0
PREP00005330,20250223,ST002,PRD010,31,30,3000.0,180.0
PREP00005331,20250223,ST002,PRD011,20,21,2940.0,168.0
PREP00005332,20250223,ST002,PRD012,32,32,5760.0,320.0
PREP00005333,20250223,ST002,PRD013,28,31,4960.0,279.0
PREP00005334,20250223,ST002,PRD014,32,34,3740.0,238.0
PREP00005335,20250223,ST002,PRD015,30,29,1885.0,145.0
PREP00005336,20250223,ST002,PRD016,19,20,1900.0,60.0
PREP00005337,20250223,ST002,PRD017,15,15,1650.0,45.0
PREP00005338,20250223,ST002,PRD018,34,33,1980.0,66.0
PREP00005339,20250223,ST002,PRD019,22,22,770.0,44.0
PREP00005340,20250223,ST002,PRD020,11,12,660.0,36.0
PREP00005341,20250223,ST003,PRD001,44,44,1980.0,132.0
PREP00005342,20250223,ST003,PRD002,39,40,2600.0,200.0
PREP00005343,20250223,ST003,PRD003,32,32,2240.0,160.0
PREP00005344,20250223,ST003,PRD004,55,54,4320.0,324.0
PREP00005345,20250223,ST003,PRD005,59,64,2240.0,128.0
PREP00005346,20250223,ST003,PRD006,30,32,2240.0,128.0
PREP00005347,20250223,ST003,PRD007,41,43,3440.0,215.0
PREP00005348,20250223,ST003,PRD008,41,43,2365.0,129.0
PREP00005349,20250223,ST003,PRD009,12,12,1140.0,72.0
PREP00005350,20250223,ST003,PRD010,22,23,2300.0,138.0
PREP00005351,20250223,ST003,PRD011,11,11,1540.0,88.0
PREP00005352,20250223,ST003,PRD012,37,37,6660.0,370.0
PREP00005353,20250223,ST003,PRD013,20,19,3040.0,171.0
PREP00005354,20250223,ST003,PRD014,21,22,2420.0,154.0
PREP00005355,20250223,ST003,PRD015,25,25,1625.0,125.0
PREP00005356,20250223,ST003,PRD016,17,18,1710.0,54.0
PREP00005357,20250223,ST003,PRD017,15,16,1760.0,48.0
PREP00005358,20250223,ST003,PRD018,13,14,840.0,28.0
PREP00005359,20250223,ST003,PRD019,19,19,665.0,38.0
PREP00005360,20250223,ST003,PRD020,8,9,495.0,27.0
PREP00005361,20250223,ST004,PRD001,38,41,1845.0,123.0
PREP00005362,20250223,ST004,PRD002,46,45,2925.0,225.0
PREP00005363,20250223,ST004,PRD003,97,97,6790.0,485.0
PREP00005364,20250223,ST004,PRD004,80,77,6160.0,462.0
PREP00005365,20250223,ST004,PRD005,67,68,2380.0,136.0
PREP00005366,20250223,ST004,PRD006,71,71,4970.0,284.0
PREP00005367,20250223,ST004,PRD007,95,92,7360.0,460.0
PREP00005368,20250223,ST004,PRD008,77,78,4290.0,234.0
PREP00005369,20250223,ST004,PRD009,26,27,2565.0,162.0
PREP00005370,20250223,ST004,PRD010,30,31,3100.0,186.0
PREP00005371,20250223,ST004,PRD011,62,67,9380.0,536.0
PREP00005372,20250223,ST004,PRD012,75,82,14760.0,820.0
PREP00005373,20250223,ST004,PRD013,31,33,5280.0,297.0
PREP00005374,20250223,ST004,PRD014,32,34,3740.0,238.0
PREP00005375,20250223,ST004,PRD015,44,45,2925.0,225.0
PREP00005376,20250223,ST004,PRD016,26,27,2565.0,81.0
PREP00005377,20250223,ST004,PRD017,34,35,3850.0,105.0
PREP00005378,20250223,ST004,PRD018,14,13,780.0,26.0
PREP00005379,20250223,ST004,PRD019,37,38,1330.0,76.0
PREP00005380,20250223,ST004,PRD020,51,54,2970.0,162.0
PREP00005381,20250223,ST005,PRD001,40,41,1845.0,123.0
PREP00005382,20250223,ST005,PRD002,62,68,4420.0,340.0
PREP00005383,20250223,ST005,PRD003,56,55,3850.0,275.0
PREP00005384,20250223,ST005,PRD004,53,50,4000.0,300.0
PREP00005385,20250223,ST005,PRD005,53,55,1925.0,110.0
PREP00005386,20250223,ST005,PRD006,26,26,1820.0,104.0
PREP00005387,20250223,ST005,PRD007,22,22,1760.0,110.0
PREP00005388,20250223,ST005,PRD008,39,42,2310.0,126.0
PREP00005389,20250223,ST005,PRD009,35,33,3135.0,198.0
PREP00005390,20250223,ST005,PRD010,15,15,1500.0,90.0
PREP00005391,20250223,ST005,PRD011,27,28,3920.0,224.0
PREP00005392,20250223,ST005,PRD012,31,32,5760.0,320.0
PREP00005393,20250223,ST005,PRD013,32,34,5440.0,306.0
PREP00005394,20250223,ST005,PRD014,45,49,5390.0,343.0
PREP00005395,20250223,ST005,PRD015,40,42,2730.0,210.0
PREP00005396,20250223,ST005,PRD016,20,20,1900.0,60.0
PREP00005397,20250223,ST005,PRD017,25,27,2970.0,81.0
PREP00005398,20250223,ST005,PRD018,18,17,1020.0,34.0
PREP00005399,20250223,ST005,PRD019,13,14,490.0,28.0
PREP00005400,20250223,ST005,PRD020,15,16,880.0,48.0
PREP00005401,20250224,ST001,PRD001,87,84,3780.0,252.0
PREP00005402,20250224,ST001,PRD002,38,41,2665.0,205.0
PREP00005403,20250224,ST001,PRD003,52,54,3780.0,270.0
PREP00005404,20250224,ST001,PRD004,59,57,4560.0,342.0
PREP00005405,20250224,ST001,PRD005,60,66,2310.0,132.0
PREP00005406,20250224,ST001,PRD006,49,51,3570.0,204.0
PREP00005407,20250224,ST001,PRD007,32,34,2720.0,170.0
PREP00005408,20250224,ST001,PRD008,58,58,3190.0,174.0
PREP00005409,20250224,ST001,PRD009,36,39,3705.0,234.0
PREP00005410,20250224,ST001,PRD010,29,32,3200.0,192.0
PREP00005411,20250224,ST001,PRD011,23,25,3500.0,200.0
PREP00005412,20250224,ST001,PRD012,58,62,11160.0,620.0
PREP00005413,20250224,ST001,PRD013,28,27,4320.0,243.0
PREP00005414,20250224,ST001,PRD014,17,17,1870.0,119.0
PREP00005415,20250224,ST001,PRD015,29,28,1820.0,140.0
PREP00005416,20250224,ST001,PRD016,26,26,2470.0,78.0
PREP00005417,20250224,ST001,PRD017,18,18,1980.0,54.0
PREP00005418,20250224,ST001,PRD018,24,25,1500.0,50.0
PREP00005419,20250224,ST001,PRD019,41,39,1365.0,78.0
PREP00005420,20250224,ST001,PRD020,31,31,1705.0,93.0
PREP00005421,20250224,ST002,PRD001,26,27,1215.0,81.0
PREP00005422,20250224,ST002,PRD002,44,46,2990.0,230.0
PREP00005423,20250224,ST002,PRD003,54,52,3640.0,260.0
PREP00005424,20250224,ST002,PRD004,32,34,2720.0,204.0
PREP00005425,20250224,ST002,PRD005,47,49,1715.0,98.0
PREP00005426,20250224,ST002,PRD006,46,49,3430.0,196.0
PREP00005427,20250224,ST002,PRD007,41,40,3200.0,200.0
PREP00005428,20250224,ST002,PRD008,38,37,2035.0,111.0
PREP00005429,20250224,ST002,PRD009,33,33,3135.0,198.0
PREP00005430,20250224,ST002,PRD010,30,31,3100.0,186.0
PREP00005431,20250224,ST002,PRD011,27,26,3640.0,208.0
PREP00005432,20250224,ST002,PRD012,41,40,7200.0,400.0
PREP00005433,20250224,ST002,PRD013,30,32,5120.0,288.0
PREP00005434,20250224,ST002,PRD014,27,26,2860.0,182.0
PREP00005435,20250224,ST002,PRD015,21,21,1365.0,105.0
PREP00005436,20250224,ST002,PRD016,13,14,1330.0,42.0
PREP00005437,20250224,ST002,PRD017,19,19,2090.0,57.0
PREP00005438,20250224,ST002,PRD018,20,20,1200.0,40.0
PREP00005439,20250224,ST002,PRD019,16,17,595.0,34.0
PREP00005440,20250224,ST002,PRD020,23,24,1320.0,72.0
PREP00005441,20250224,ST003,PRD001,27,28,1260.0,84.0
PREP00005442,20250224,ST003,PRD002,26,25,1625.0,125.0
PREP00005443,20250224,ST003,PRD003,28,28,1960.0,140.0
PREP00005444,20250224,ST003,PRD004,21,21,1680.0,126.0
PREP00005445,20250224,ST003,PRD005,33,33,1155.0,66.0
PREP00005446,20250224,ST003,PRD006,31,33,2310.0,132.0
PREP00005447,20250224,ST003,PRD007,12,13,1040.0,65.0
PREP00005448,20250224,ST003,PRD008,16,17,935.0,51.0
PREP00005449,20250224,ST003,PRD009,25,24,2280.0,144.0
PREP00005450,20250224,ST003,PRD010,13,13,1300.0,78.0
PREP00005451,20250224,ST003,PRD011,10,10,1400.0,80.0
PREP00005452,20250224,ST003,PRD012,24,25,4500.0,250.0
PREP00005453,20250224,ST003,PRD013,27,26,4160.0,234.0
PREP00005454,20250224,ST003,PRD014,23,23,2530.0,161.0
PREP00005455,20250224,ST003,PRD015,20,21,1365.0,105.0
PREP00005456,20250224,ST003,PRD016,11,12,1140.0,36.0
PREP00005457,20250224,ST003,PRD017,13,14,1540.0,42.0
PREP00005458,20250224,ST003,PRD018,9,9,540.0,18.0
PREP00005459,20250224,ST003,PRD019,10,10,350.0,20.0
PREP00005460,20250224,ST003,PRD020,17,18,990.0,54.0
PREP00005461,20250224,ST004,PRD001,52,53,2385.0,159.0
PREP00005462,20250224,ST004,PRD002,80,76,4940.0,380.0
PREP00005463,20250224,ST004,PRD003,66,67,4690.0,335.0
PREP00005464,20250224,ST004,PRD004,89,90,7200.0,540.0
PREP00005465,20250224,ST004,PRD005,67,72,2520.0,144.0
PREP00005466,20250224,ST004,PRD006,56,56,3920.0,224.0
PREP00005467,20250224,ST004,PRD007,29,31,2480.0,155.0
PREP00005468,20250224,ST004,PRD008,26,28,1540.0,84.0
PREP00005469,20250224,ST004,PRD009,56,60,5700.0,360.0
PREP00005470,20250224,ST004,PRD010,46,47,4700.0,282.0
PREP00005471,20250224,ST004,PRD011,45,48,6720.0,384.0
PREP00005472,20250224,ST004,PRD012,60,61,10980.0,610.0
PREP00005473,20250224,ST004,PRD013,28,29,4640.0,261.0
PREP00005474,20250224,ST004,PRD014,37,40,4400.0,280.0
PREP00005475,20250224,ST004,PRD015,40,44,2860.0,220.0
PREP00005476,20250224,ST004,PRD016,13,14,1330.0,42.0
PREP00005477,20250224,ST004,PRD017,18,17,1870.0,51.0
PREP00005478,20250224,ST004,PRD018,21,23,1380.0,46.0
PREP00005479,20250224,ST004,PRD019,40,40,1400.0,80.0
PREP00005480,20250224,ST004,PRD020,24,26,1430.0,78.0
PREP00005481,20250224,ST005,PRD001,57,56,2520.0,168.0
PREP00005482,20250224,ST005,PRD002,20,19,1235.0,95.0
PREP00005483,20250224,ST005,PRD003,42,42,2940.0,210.0
PREP00005484,20250224,ST005,PRD004,24,24,1920.0,144.0
PREP00005485,20250224,ST005,PRD005,67,65,2275.0,130.0
PREP00005486,20250224,ST005,PRD006,39,41,2870.0,164.0
PREP00005487,20250224,ST005,PRD007,44,44,3520.0,220.0
PREP00005488,20250224,ST005,PRD008,42,42,2310.0,126.0
PREP00005489,20250224,ST005,PRD009,26,27,2565.0,162.0
PREP00005490,20250224,ST005,PRD010,20,22,2200.0,132.0
PREP00005491,20250224,ST005,PRD011,27,29,4060.0,232.0
PREP00005492,20250224,ST005,PRD012,43,46,8280.0,460.0
PREP00005493,20250224,ST005,PRD013,32,31,4960.0,279.0
PREP00005494,20250224,ST005,PRD014,37,36,3960.0,252.0
PREP00005495,20250224,ST005,PRD015,39,42,2730.0,210.0
PREP00005496,20250224,ST005,PRD016,11,12,1140.0,36.0
PREP00005497,20250224,ST005,PRD017,18,18,1980.0,54.0
PREP00005498,20250224,ST005,PRD018,9,9,540.0,18.0
PREP00005499,20250224,ST005,PRD019,31,32,1120.0,64.0
PREP00005500,20250224,ST005,PRD020,8,8,440.0,24.0
PREP00005501,20250225,ST001,PRD001,61,61,2745.0,183.0
PREP00005502,20250225,ST001,PRD002,62,67,4355.0,335.0
PREP00005503,20250225,ST001,PRD003,73,78,5460.0,390.0
PREP00005504,20250225,ST001,PRD004,50,52,4160.0,312.0
PREP00005505,20250225,ST001,PRD005,41,40,1400.0,80.0
PREP00005506,20250225,ST001,PRD006,55,56,3920.0,224.0
PREP00005507,20250225,ST001,PRD007,60,63,5040.0,315.0
PREP00005508,20250225,ST001,PRD008,59,59,3245.0,177.0
PREP00005509,20250225,ST001,PRD009,39,42,3990.0,252.0
PREP00005510,20250225,ST001,PRD010,24,26,2600.0,156.0
PREP00005511,20250225,ST001,PRD011,18,18,2520.0,144.0
PREP00005512,20250225,ST001,PRD012,39,42,7560.0,420.0
PREP00005513,20250225,ST001,PRD013,39,38,6080.0,342.0
PREP00005514,20250225,ST001,PRD014,44,42,4620.0,294.0
PREP00005515,20250225,ST001,PRD015,29,31,2015.0,155.0
PREP00005516,20250225,ST001,PRD016,26,26,2470.0,78.0
PREP00005517,20250225,ST001,PRD017,21,21,2310.0,63.0
PREP00005518,20250225,ST001,PRD018,42,43,2580.0,86.0
PREP00005519,20250225,ST001,PRD019,26,26,910.0,52.0
PREP00005520,20250225,ST001,PRD020,15,15,825.0,45.0
PREP00005521,20250225,ST002,PRD001,62,65,2925.0,195.0
PREP00005522,20250225,ST002,PRD002,44,47,3055.0,235.0
PREP00005523,20250225,ST002,PRD003,43,43,3010.0,215.0
PREP00005524,20250225,ST002,PRD004,33,33,2640.0,198.0
PREP00005525,20250225,ST002,PRD005,47,47,1645.0,94.0
PREP00005526,20250225,ST002,PRD006,43,47,3290.0,188.0
PREP00005527,20250225,ST002,PRD007,23,23,1840.0,115.0
PREP00005528,20250225,ST002,PRD008,36,35,1925.0,105.0
PREP00005529,20250225,ST002,PRD009,26,28,2660.0,168.0
PREP00005530,20250225,ST002,PRD010,11,11,1100.0,66.0
PREP00005531,20250225,ST002,PRD011,24,25,3500.0,200.0
PREP00005532,20250225,ST002,PRD012,26,25,4500.0,250.0
PREP00005533,20250225,ST002,PRD013,29,28,4480.0,252.0
PREP00005534,20250225,ST002,PRD014,25,25,2750.0,175.0
PREP00005535,20250225,ST002,PRD015,35,37,2405.0,185.0
PREP00005536,20250225,ST002,PRD016,19,19,1805.0,57.0
PREP00005537,20250225,ST002,PRD017,15,16,1760.0,48.0
PREP00005538,20250225,ST002,PRD018,30,29,1740.0,58.0
PREP00005539,20250225,ST002,PRD019,17,16,560.0,32.0
PREP00005540,20250225,ST002,PRD020,8,8,440.0,24.0
PREP00005541,20250225,ST003,PRD001,35,35,1575.0,105.0
PREP00005542,20250225,ST003,PRD002,31,33,2145.0,165.0
PREP00005543,20250225,ST003,PRD003,26,25,1750.0,125.0
PREP00005544,20250225,ST003,PRD004,35,37,2960.0,222.0
PREP00005545,20250225,ST003,PRD005,25,25,875.0,50.0
PREP00005546,20250225,ST003,PRD006,26,28,1960.0,112.0
PREP00005547,20250225,ST003,PRD007,24,24,1920.0,120.0
PREP00005548,20250225,ST003,PRD008,22,24,1320.0,72.0
PREP00005549,20250225,ST003,PRD009,29,30,2850.0,180.0
PREP00005550,20250225,ST003,PRD010,16,15,1500.0,90.0
PREP00005551,20250225,ST003,PRD011,23,22,3080.0,176.0
PREP00005552,20250225,ST003,PRD012,25,26,4680.0,260.0
PREP00005553,20250225,ST003,PRD013,29,29,4640.0,261.0
PREP00005554,20250225,ST003,PRD014,26,25,2750.0,175.0
PREP00005555,20250225,ST003,PRD015,13,14,910.0,70.0
PREP00005556,20250225,ST003,PRD016,6,6,570.0,18.0
PREP00005557,20250225,ST003,PRD017,9,9,990.0,27.0
PREP00005558,20250225,ST003,PRD018,16,17,1020.0,34.0
PREP00005559,20250225,ST003,PRD019,24,24,840.0,48.0
PREP00005560,20250225,ST003,PRD020,13,13,715.0,39.0
PREP00005561,20250225,ST004,PRD001,68,68,3060.0,204.0
PREP00005562,20250225,ST004,PRD002,53,57,3705.0,285.0
PREP00005563,20250225,ST004,PRD003,55,59,4130.0,295.0
PREP00005564,20250225,ST004,PRD004,52,53,4240.0,318.0
PREP00005565,20250225,ST004,PRD005,78,79,2765.0,158.0
PREP00005566,20250225,ST004,PRD006,32,34,2380.0,136.0
PREP00005567,20250225,ST004,PRD007,32,34,2720.0,170.0
PREP00005568,20250225,ST004,PRD008,33,36,1980.0,108.0
PREP00005569,20250225,ST004,PRD009,27,27,2565.0,162.0
PREP00005570,20250225,ST004,PRD010,18,17,1700.0,102.0
PREP00005571,20250225,ST004,PRD011,47,46,6440.0,368.0
PREP00005572,20250225,ST004,PRD012,29,30,5400.0,300.0
PREP00005573,20250225,ST004,PRD013,63,63,10080.0,567.0
PREP00005574,20250225,ST004,PRD014,22,21,2310.0,147.0
PREP00005575,20250225,ST004,PRD015,37,36,2340.0,180.0
PREP00005576,20250225,ST004,PRD016,28,30,2850.0,90.0
PREP00005577,20250225,ST004,PRD017,25,26,2860.0,78.0
PREP00005578,20250225,ST004,PRD018,32,32,1920.0,64.0
PREP00005579,20250225,ST004,PRD019,15,16,560.0,32.0
PREP00005580,20250225,ST004,PRD020,33,33,1815.0,99.0
PREP00005581,20250225,ST005,PRD001,57,58,2610.0,174.0
PREP00005582,20250225,ST005,PRD002,36,38,2470.0,190.0
PREP00005583,20250225,ST005,PRD003,35,37,2590.0,185.0
PREP00005584,20250225,ST005,PRD004,58,57,4560.0,342.0
PREP00005585,20250225,ST005,PRD005,33,36,1260.0,72.0
PREP00005586,20250225,ST005,PRD006,53,55,3850.0,220.0
PREP00005587,20250225,ST005,PRD007,28,28,2240.0,140.0
PREP00005588,20250225,ST005,PRD008,27,30,1650.0,90.0
PREP00005589,20250225,ST005,PRD009,22,22,2090.0,132.0
PREP00005590,20250225,ST005,PRD010,23,24,2400.0,144.0
PREP00005591,20250225,ST005,PRD011,18,19,2660.0,152.0
PREP00005592,20250225,ST005,PRD012,19,19,3420.0,190.0
PREP00005593,20250225,ST005,PRD013,20,22,3520.0,198.0
PREP00005594,20250225,ST005,PRD014,27,30,3300.0,210.0
PREP00005595,20250225,ST005,PRD015,24,25,1625.0,125.0
PREP00005596,20250225,ST005,PRD016,11,12,1140.0,36.0
PREP00005597,20250225,ST005,PRD017,10,10,1100.0,30.0
PREP00005598,20250225,ST005,PRD018,25,24,1440.0,48.0
PREP00005599,20250225,ST005,PRD019,10,11,385.0,22.0
PREP00005600,20250225,ST005,PRD020,14,14,770.0,42.0
PREP00005601,20250226,ST001,PRD001,60,64,2880.0,192.0
PREP00005602,20250226,ST001,PRD002,72,73,4745.0,365.0
PREP00005603,20250226,ST001,PRD003,39,41,2870.0,205.0
PREP00005604,20250226,ST001,PRD004,41,43,3440.0,258.0
PREP00005605,20250226,ST001,PRD005,54,54,1890.0,108.0
PREP00005606,20250226,ST001,PRD006,46,50,3500.0,200.0
PREP00005607,20250226,ST001,PRD007,68,72,5760.0,360.0
PREP00005608,20250226,ST001,PRD008,57,59,3245.0,177.0
PREP00005609,20250226,ST001,PRD009,36,39,3705.0,234.0
PREP00005610,20250226,ST001,PRD010,15,15,1500.0,90.0
PREP00005611,20250226,ST001,PRD011,27,27,3780.0,216.0
PREP00005612,20250226,ST001,PRD012,26,25,4500.0,250.0
PREP00005613,20250226,ST001,PRD013,35,36,5760.0,324.0
PREP00005614,20250226,ST001,PRD014,44,45,4950.0,315.0
PREP00005615,20250226,ST001,PRD015,38,41,2665.0,205.0
PREP00005616,20250226,ST001,PRD016,22,23,2185.0,69.0
PREP00005617,20250226,ST001,PRD017,32,32,3520.0,96.0
PREP00005618,20250226,ST001,PRD018,36,38,2280.0,76.0
PREP00005619,20250226,ST001,PRD019,33,34,1190.0,68.0
PREP00005620,20250226,ST001,PRD020,29,30,1650.0,90.0
PREP00005621,20250226,ST002,PRD001,38,41,1845.0,123.0
PREP00005622,20250226,ST002,PRD002,46,45,2925.0,225.0
PREP00005623,20250226,ST002,PRD003,67,68,4760.0,340.0
PREP00005624,20250226,ST002,PRD004,39,39,3120.0,234.0
PREP00005625,20250226,ST002,PRD005,40,43,1505.0,86.0
PREP00005626,20250226,ST002,PRD006,30,31,2170.0,124.0
PREP00005627,20250226,ST002,PRD007,35,38,3040.0,190.0
PREP00005628,20250226,ST002,PRD008,27,27,1485.0,81.0
PREP00005629,20250226,ST002,PRD009,14,14,1330.0,84.0
PREP00005630,20250226,ST002,PRD010,24,26,2600.0,156.0
PREP00005631,20250226,ST002,PRD011,24,24,3360.0,192.0
PREP00005632,20250226,ST002,PRD012,41,40,7200.0,400.0
PREP00005633,20250226,ST002,PRD013,31,31,4960.0,279.0
PREP00005634,20250226,ST002,PRD014,28,31,3410.0,217.0
PREP00005635,20250226,ST002,PRD015,43,47,3055.0,235.0
PREP00005636,20250226,ST002,PRD016,7,7,665.0,21.0
PREP00005637,20250226,ST002,PRD017,16,16,1760.0,48.0
PREP00005638,20250226,ST002,PRD018,28,27,1620.0,54.0
PREP00005639,20250226,ST002,PRD019,9,10,350.0,20.0
PREP00005640,20250226,ST002,PRD020,16,15,825.0,45.0
PREP00005641,20250226,ST003,PRD001,56,60,2700.0,180.0
PREP00005642,20250226,ST003,PRD002,57,62,4030.0,310.0
PREP00005643,20250226,ST003,PRD003,24,24,1680.0,120.0
PREP00005644,20250226,ST003,PRD004,22,23,1840.0,138.0
PREP00005645,20250226,ST003,PRD005,31,33,1155.0,66.0
PREP00005646,20250226,ST003,PRD006,35,36,2520.0,144.0
PREP00005647,20250226,ST003,PRD007,28,29,2320.0,145.0
PREP00005648,20250226,ST003,PRD008,24,24,1320.0,72.0
PREP00005649,20250226,ST003,PRD009,16,17,1615.0,102.0
PREP00005650,20250226,ST003,PRD010,20,20,2000.0,120.0
PREP00005651,20250226,ST003,PRD011,31,32,4480.0,256.0
PREP00005652,20250226,ST003,PRD012,26,26,4680.0,260.0
PREP00005653,20250226,ST003,PRD013,13,13,2080.0,117.0
PREP00005654,20250226,ST003,PRD014,11,12,1320.0,84.0
PREP00005655,20250226,ST003,PRD015,14,14,910.0,70.0
PREP00005656,20250226,ST003,PRD016,7,7,665.0,21.0
PREP00005657,20250226,ST003,PRD017,6,7,770.0,21.0
PREP00005658,20250226,ST003,PRD018,16,16,960.0,32.0
PREP00005659,20250226,ST003,PRD019,7,7,245.0,14.0
PREP00005660,20250226,ST003,PRD020,18,20,1100.0,60.0
PREP00005661,20250226,ST004,PRD001,42,41,1845.0,123.0
PREP00005662,20250226,ST004,PRD002,74,74,4810.0,370.0
PREP00005663,20250226,ST004,PRD003,70,75,5250.0,375.0
PREP00005664,20250226,ST004,PRD004,62,64,5120.0,384.0
PREP00005665,20250226,ST004,PRD005,58,62,2170.0,124.0
PREP00005666,20250226,ST004,PRD006,42,42,2940.0,168.0
PREP00005667,20250226,ST004,PRD007,36,36,2880.0,180.0
PREP00005668,20250226,ST004,PRD008,41,41,2255.0,123.0
PREP00005669,20250226,ST004,PRD009,27,26,2470.0,156.0
PREP00005670,20250226,ST004,PRD010,28,29,2900.0,174.0
PREP00005671,20250226,ST004,PRD011,26,26,3640.0,208.0
PREP00005672,20250226,ST004,PRD012,52,55,9900.0,550.0
PREP00005673,20250226,ST004,PRD013,34,34,5440.0,306.0
PREP00005674,20250226,ST004,PRD014,54,56,6160.0,392.0
PREP00005675,20250226,ST004,PRD015,26,26,1690.0,130.0
PREP00005676,20250226,ST004,PRD016,27,28,2660.0,84.0
PREP00005677,20250226,ST004,PRD017,20,21,2310.0,63.0
PREP00005678,20250226,ST004,PRD018,36,40,2400.0,80.0
PREP00005679,20250226,ST004,PRD019,22,23,805.0,46.0
PREP00005680,20250226,ST004,PRD020,20,20,1100.0,60.0
PREP00005681,20250226,ST005,PRD001,36,39,1755.0,117.0
PREP00005682,20250226,ST005,PRD002,31,31,2015.0,155.0
PREP00005683,20250226,ST005,PRD003,55,56,3920.0,280.0
PREP00005684,20250226,ST005,PRD004,50,51,4080.0,306.0
PREP00005685,20250226,ST005,PRD005,42,46,1610.0,92.0
PREP00005686,20250226,ST005,PRD006,35,38,2660.0,152.0
PREP00005687,20250226,ST005,PRD007,26,26,2080.0,130.0
PREP00005688,20250226,ST005,PRD008,30,30,1650.0,90.0
PREP00005689,20250226,ST005,PRD009,21,22,2090.0,132.0
PREP00005690,20250226,ST005,PRD010,17,17,1700.0,102.0
PREP00005691,20250226,ST005,PRD011,17,18,2520.0,144.0
PREP00005692,20250226,ST005,PRD012,36,39,7020.0,390.0
PREP00005693,20250226,ST005,PRD013,27,29,4640.0,261.0
PREP00005694,20250226,ST005,PRD014,18,18,1980.0,126.0
PREP00005695,20250226,ST005,PRD015,44,46,2990.0,230.0
PREP00005696,20250226,ST005,PRD016,20,19,1805.0,57.0
PREP00005697,20250226,ST005,PRD017,9,9,990.0,27.0
PREP00005698,20250226,ST005,PRD018,14,14,840.0,28.0
PREP00005699,20250226,ST005,PRD019,28,30,1050.0,60.0
PREP00005700,20250226,ST005,PRD020,27,26,1430.0,78.0
PREP00005701,20250227,ST001,PRD001,93,92,4140.0,276.0
PREP00005702,20250227,ST001,PRD002,50,53,3445.0,265.0
PREP00005703,20250227,ST001,PRD003,42,44,3080.0,220.0
PREP00005704,20250227,ST001,PRD004,64,67,5360.0,402.0
PREP00005705,20250227,ST001,PRD005,78,75,2625.0,150.0
PREP00005706,20250227,ST001,PRD006,38,39,2730.0,156.0
PREP00005707,20250227,ST001,PRD007,51,50,4000.0,250.0
PREP00005708,20250227,ST001,PRD008,37,36,1980.0,108.0
PREP00005709,20250227,ST001,PRD009,35,36,3420.0,216.0
PREP00005710,20250227,ST001,PRD010,18,18,1800.0,108.0
PREP00005711,20250227,ST001,PRD011,33,34,4760.0,272.0
PREP00005712,20250227,ST001,PRD012,34,35,6300.0,350.0
PREP00005713,20250227,ST001,PRD013,33,33,5280.0,297.0
PREP00005714,20250227,ST001,PRD014,38,37,4070.0,259.0
PREP00005715,20250227,ST001,PRD015,41,39,2535.0,195.0
PREP00005716,20250227,ST001,PRD016,15,15,1425.0,45.0
PREP00005717,20250227,ST001,PRD017,19,19,2090.0,57.0
PREP00005718,20250227,ST001,PRD018,22,23,1380.0,46.0
PREP00005719,20250227,ST001,PRD019,30,29,1015.0,58.0
PREP00005720,20250227,ST001,PRD020,28,30,1650.0,90.0
PREP00005721,20250227,ST002,PRD001,44,47,2115.0,141.0
PREP00005722,20250227,ST002,PRD002,49,50,3250.0,250.0
PREP00005723,20250227,ST002,PRD003,34,36,2520.0,180.0
PREP00005724,20250227,ST002,PRD004,55,56,4480.0,336.0
PREP00005725,20250227,ST002,PRD005,22,23,805.0,46.0
PREP00005726,20250227,ST002,PRD006,30,33,2310.0,132.0
PREP00005727,20250227,ST002,PRD007,38,41,3280.0,205.0
PREP00005728,20250227,ST002,PRD008,28,28,1540.0,84.0
PREP00005729,20250227,ST002,PRD009,24,24,2280.0,144.0
PREP00005730,20250227,ST002,PRD010,17,19,1900.0,114.0
PREP00005731,20250227,ST002,PRD011,32,33,4620.0,264.0
PREP00005732,20250227,ST002,PRD012,32,35,6300.0,350.0
PREP00005733,20250227,ST002,PRD013,34,33,5280.0,297.0
PREP00005734,20250227,ST002,PRD014,16,16,1760.0,112.0
PREP00005735,20250227,ST002,PRD015,21,23,1495.0,115.0
PREP00005736,20250227,ST002,PRD016,10,10,950.0,30.0
PREP00005737,20250227,ST002,PRD017,16,16,1760.0,48.0
PREP00005738,20250227,ST002,PRD018,31,33,1980.0,66.0
PREP00005739,20250227,ST002,PRD019,18,18,630.0,36.0
PREP00005740,20250227,ST002,PRD020,31,32,1760.0,96.0
PREP00005741,20250227,ST003,PRD001,22,22,990.0,66.0
PREP00005742,20250227,ST003,PRD002,26,27,1755.0,135.0
PREP00005743,20250227,ST003,PRD003,24,23,1610.0,115.0
PREP00005744,20250227,ST003,PRD004,23,25,2000.0,150.0
PREP00005745,20250227,ST003,PRD005,36,37,1295.0,74.0
PREP00005746,20250227,ST003,PRD006,28,31,2170.0,124.0
PREP00005747,20250227,ST003,PRD007,29,30,2400.0,150.0
PREP00005748,20250227,ST003,PRD008,16,17,935.0,51.0
PREP00005749,20250227,ST003,PRD009,10,11,1045.0,66.0
PREP00005750,20250227,ST003,PRD010,14,15,1500.0,90.0
PREP00005751,20250227,ST003,PRD011,13,13,1820.0,104.0
PREP00005752,20250227,ST003,PRD012,22,22,3960.0,220.0
PREP00005753,20250227,ST003,PRD013,30,31,4960.0,279.0
PREP00005754,20250227,ST003,PRD014,26,26,2860.0,182.0
PREP00005755,20250227,ST003,PRD015,12,13,845.0,65.0
PREP00005756,20250227,ST003,PRD016,16,18,1710.0,54.0
PREP00005757,20250227,ST003,PRD017,9,10,1100.0,30.0
PREP00005758,20250227,ST003,PRD018,15,16,960.0,32.0
PREP00005759,20250227,ST003,PRD019,15,16,560.0,32.0
PREP00005760,20250227,ST003,PRD020,19,20,1100.0,60.0
PREP00005761,20250227,ST004,PRD001,36,36,1620.0,108.0
PREP00005762,20250227,ST004,PRD002,62,66,4290.0,330.0
PREP00005763,20250227,ST004,PRD003,42,43,3010.0,215.0
PREP00005764,20250227,ST004,PRD004,36,35,2800.0,210.0
PREP00005765,20250227,ST004,PRD005,47,51,1785.0,102.0
PREP00005766,20250227,ST004,PRD006,46,45,3150.0,180.0
PREP00005767,20250227,ST004,PRD007,52,53,4240.0,265.0
PREP00005768,20250227,ST004,PRD008,57,58,3190.0,174.0
PREP00005769,20250227,ST004,PRD009,26,25,2375.0,150.0
PREP00005770,20250227,ST004,PRD010,27,28,2800.0,168.0
PREP00005771,20250227,ST004,PRD011,29,30,4200.0,240.0
PREP00005772,20250227,ST004,PRD012,23,24,4320.0,240.0
PREP00005773,20250227,ST004,PRD013,32,31,4960.0,279.0
PREP00005774,20250227,ST004,PRD014,45,45,4950.0,315.0
PREP00005775,20250227,ST004,PRD015,23,25,1625.0,125.0
PREP00005776,20250227,ST004,PRD016,15,15,1425.0,45.0
PREP00005777,20250227,ST004,PRD017,26,26,2860.0,78.0
PREP00005778,20250227,ST004,PRD018,29,29,1740.0,58.0
PREP00005779,20250227,ST004,PRD019,36,35,1225.0,70.0
PREP00005780,20250227,ST004,PRD020,25,24,1320.0,72.0
PREP00005781,20250227,ST005,PRD001,50,49,2205.0,147.0
PREP00005782,20250227,ST005,PRD002,53,56,3640.0,280.0
PREP00005783,20250227,ST005,PRD003,35,36,2520.0,180.0
PREP00005784,20250227,ST005,PRD004,56,53,4240.0,318.0
PREP00005785,20250227,ST005,PRD005,56,54,1890.0,108.0
PREP00005786,20250227,ST005,PRD006,29,31,2170.0,124.0
PREP00005787,20250227,ST005,PRD007,46,50,4000.0,250.0
PREP00005788,20250227,ST005,PRD008,33,34,1870.0,102.0
PREP00005789,20250227,ST005,PRD009,25,24,2280.0,144.0
PREP00005790,20250227,ST005,PRD010,19,19,1900.0,114.0
PREP00005791,20250227,ST005,PRD011,25,26,3640.0,208.0
PREP00005792,20250227,ST005,PRD012,29,29,5220.0,290.0
PREP00005793,20250227,ST005,PRD013,22,21,3360.0,189.0
PREP00005794,20250227,ST005,PRD014,11,11,1210.0,77.0
PREP00005795,20250227,ST005,PRD015,30,31,2015.0,155.0
PREP00005796,20250227,ST005,PRD016,14,14,1330.0,42.0
PREP00005797,20250227,ST005,PRD017,12,12,1320.0,36.0
PREP00005798,20250227,ST005,PRD018,14,14,840.0,28.0
PREP00005799,20250227,ST005,PRD019,14,14,490.0,28.0
PREP00005800,20250227,ST005,PRD020,16,17,935.0,51.0
PREP00005801,20250228,ST001,PRD001,86,89,4005.0,267.0
PREP00005802,20250228,ST001,PRD002,64,68,4420.0,340.0
PREP00005803,20250228,ST001,PRD003,65,71,4970.0,355.0
PREP00005804,20250228,ST001,PRD004,62,64,5120.0,384.0
PREP00005805,20250228,ST001,PRD005,82,88,3080.0,176.0
PREP00005806,20250228,ST001,PRD006,55,60,4200.0,240.0
PREP00005807,20250228,ST001,PRD007,58,64,5120.0,320.0
PREP00005808,20250228,ST001,PRD008,45,48,2640.0,144.0
PREP00005809,20250228,ST001,PRD009,25,25,2375.0,150.0
PREP00005810,20250228,ST001,PRD010,16,17,1700.0,102.0
PREP00005811,20250228,ST001,PRD011,26,27,3780.0,216.0
PREP00005812,20250228,ST001,PRD012,37,39,7020.0,390.0
PREP00005813,20250228,ST001,PRD013,26,27,4320.0,243.0
PREP00005814,20250228,ST001,PRD014,20,21,2310.0,147.0
PREP00005815,20250228,ST001,PRD015,45,43,2795.0,215.0
PREP00005816,20250228,ST001,PRD016,30,29,2755.0,87.0
PREP00005817,20250228,ST001,PRD017,33,31,3410.0,93.0
PREP00005818,20250228,ST001,PRD018,20,20,1200.0,40.0
PREP00005819,20250228,ST001,PRD019,28,28,980.0,56.0
PREP00005820,20250228,ST001,PRD020,30,30,1650.0,90.0
PREP00005821,20250228,ST002,PRD001,72,76,3420.0,228.0
PREP00005822,20250228,ST002,PRD002,68,70,4550.0,350.0
PREP00005823,20250228,ST002,PRD003,47,51,3570.0,255.0
PREP00005824,20250228,ST002,PRD004,49,48,3840.0,288.0
PREP00005825,20250228,ST002,PRD005,50,49,1715.0,98.0
PREP00005826,20250228,ST002,PRD006,48,46,3220.0,184.0
PREP00005827,20250228,ST002,PRD007,29,31,2480.0,155.0
PREP00005828,20250228,ST002,PRD008,37,38,2090.0,114.0
PREP00005829,20250228,ST002,PRD009,21,21,1995.0,126.0
PREP00005830,20250228,ST002,PRD010,12,12,1200.0,72.0
PREP00005831,20250228,ST002,PRD011,11,11,1540.0,88.0
PREP00005832,20250228,ST002,PRD012,18,18,3240.0,180.0
PREP00005833,20250228,ST002,PRD013,24,24,3840.0,216.0
PREP00005834,20250228,ST002,PRD014,23,22,2420.0,154.0
PREP00005835,20250228,ST002,PRD015,35,36,2340.0,180.0
PREP00005836,20250228,ST002,PRD016,13,13,1235.0,39.0
PREP00005837,20250228,ST002,PRD017,13,14,1540.0,42.0
PREP00005838,20250228,ST002,PRD018,13,13,780.0,26.0
PREP00005839,20250228,ST002,PRD019,20,20,700.0,40.0
PREP00005840,20250228,ST002,PRD020,19,19,1045.0,57.0
PREP00005841,20250228,ST003,PRD001,41,40,1800.0,120.0
PREP00005842,20250228,ST003,PRD002,41,45,2925.0,225.0
PREP00005843,20250228,ST003,PRD003,38,37,2590.0,185.0
PREP00005844,20250228,ST003,PRD004,43,42,3360.0,252.0
PREP00005845,20250228,ST003,PRD005,30,31,1085.0,62.0
PREP00005846,20250228,ST003,PRD006,26,26,1820.0,104.0
PREP00005847,20250228,ST003,PRD007,16,18,1440.0,90.0
PREP00005848,20250228,ST003,PRD008,23,23,1265.0,69.0
PREP00005849,20250228,ST003,PRD009,11,11,1045.0,66.0
PREP00005850,20250228,ST003,PRD010,10,10,1000.0,60.0
PREP00005851,20250228,ST003,PRD011,22,22,3080.0,176.0
PREP00005852,20250228,ST003,PRD012,20,20,3600.0,200.0
PREP00005853,20250228,ST003,PRD013,23,25,4000.0,225.0
PREP00005854,20250228,ST003,PRD014,24,26,2860.0,182.0
PREP00005855,20250228,ST003,PRD015,12,13,845.0,65.0
PREP00005856,20250228,ST003,PRD016,10,10,950.0,30.0
PREP00005857,20250228,ST003,PRD017,18,18,1980.0,54.0
PREP00005858,20250228,ST003,PRD018,11,11,660.0,22.0
PREP00005859,20250228,ST003,PRD019,13,13,455.0,26.0
PREP00005860,20250228,ST003,PRD020,17,17,935.0,51.0
PREP00005861,20250228,ST004,PRD001,46,45,2025.0,135.0
PREP00005862,20250228,ST004,PRD002,41,43,2795.0,215.0
PREP00005863,20250228,ST004,PRD003,74,71,4970.0,355.0
PREP00005864,20250228,ST004,PRD004,85,92,7360.0,552.0
PREP00005865,20250228,ST004,PRD005,101,102,3570.0,204.0
PREP00005866,20250228,ST004,PRD006,27,26,1820.0,104.0
PREP00005867,20250228,ST004,PRD007,46,50,4000.0,250.0
PREP00005868,20250228,ST004,PRD008,28,30,1650.0,90.0
PREP00005869,20250228,ST004,PRD009,47,46,4370.0,276.0
PREP00005870,20250228,ST004,PRD010,31,30,3000.0,180.0
PREP00005871,20250228,ST004,PRD011,34,35,4900.0,280.0
PREP00005872,20250228,ST004,PRD012,44,46,8280.0,460.0
PREP00005873,20250228,ST004,PRD013,32,32,5120.0,288.0
PREP00005874,20250228,ST004,PRD014,25,27,2970.0,189.0
PREP00005875,20250228,ST004,PRD015,30,32,2080.0,160.0
PREP00005876,20250228,ST004,PRD016,23,25,2375.0,75.0
PREP00005877,20250228,ST004,PRD017,24,23,2530.0,69.0
PREP00005878,20250228,ST004,PRD018,26,27,1620.0,54.0
PREP00005879,20250228,ST004,PRD019,31,30,1050.0,60.0
PREP00005880,20250228,ST004,PRD020,19,21,1155.0,63.0
PREP00005881,20250228,ST005,PRD001,41,45,2025.0,135.0
PREP00005882,20250228,ST005,PRD002,41,42,2730.0,210.0
PREP00005883,20250228,ST005,PRD003,52,56,3920.0,280.0
PREP00005884,20250228,ST005,PRD004,48,47,3760.0,282.0
PREP00005885,20250228,ST005,PRD005,48,50,1750.0,100.0
PREP00005886,20250228,ST005,PRD006,31,32,2240.0,128.0
PREP00005887,20250228,ST005,PRD007,28,27,2160.0,135.0
PREP00005888,20250228,ST005,PRD008,39,39,2145.0,117.0
PREP00005889,20250228,ST005,PRD009,19,20,1900.0,120.0
PREP00005890,20250228,ST005,PRD010,20,21,2100.0,126.0
PREP00005891,20250228,ST005,PRD011,36,35,4900.0,280.0
PREP00005892,20250228,ST005,PRD012,22,21,3780.0,210.0
PREP00005893,20250228,ST005,PRD013,32,31,4960.0,279.0
PREP00005894,20250228,ST005,PRD014,17,16,1760.0,112.0
PREP00005895,20250228,ST005,PRD015,13,14,910.0,70.0
PREP00005896,20250228,ST005,PRD016,12,12,1140.0,36.0
PREP00005897,20250228,ST005,PRD017,18,19,2090.0,57.0
PREP00005898,20250228,ST005,PRD018,27,30,1800.0,60.0
PREP00005899,20250228,ST005,PRD019,18,19,665.0,38.0
PREP00005900,20250228,ST005,PRD020,18,19,1045.0,57.0
PREP00005901,20250301,ST001,PRD001,52,50,2250.0,150.0
PREP00005902,20250301,ST001,PRD002,102,107,6955.0,535.0
PREP00005903,20250301,ST001,PRD003,83,90,6300.0,450.0
PREP00005904,20250301,ST001,PRD004,41,45,3600.0,270.0
PREP00005905,20250301,ST001,PRD005,60,57,1995.0,114.0
PREP00005906,20250301,ST001,PRD006,80,78,5460.0,312.0
PREP00005907,20250301,ST001,PRD007,44,42,3360.0,210.0
PREP00005908,20250301,ST001,PRD008,61,59,3245.0,177.0
PREP00005909,20250301,ST001,PRD009,28,29,2755.0,174.0
PREP00005910,20250301,ST001,PRD010,28,28,2800.0,168.0
PREP00005911,20250301,ST001,PRD011,40,43,6020.0,344.0
PREP00005912,20250301,ST001,PRD012,49,50,9000.0,500.0
PREP00005913,20250301,ST001,PRD013,33,34,5440.0,306.0
PREP00005914,20250301,ST001,PRD014,24,23,2530.0,161.0
PREP00005915,20250301,ST001,PRD015,32,34,2210.0,170.0
PREP00005916,20250301,ST001,PRD016,35,35,3325.0,105.0
PREP00005917,20250301,ST001,PRD017,34,34,3740.0,102.0
PREP00005918,20250301,ST001,PRD018,41,42,2520.0,84.0
PREP00005919,20250301,ST001,PRD019,45,47,1645.0,94.0
PREP00005920,20250301,ST001,PRD020,29,29,1595.0,87.0
PREP00005921,20250301,ST002,PRD001,38,36,1620.0,108.0
PREP00005922,20250301,ST002,PRD002,51,53,3445.0,265.0
PREP00005923,20250301,ST002,PRD003,53,51,3570.0,255.0
PREP00005924,20250301,ST002,PRD004,55,56,4480.0,336.0
PREP00005925,20250301,ST002,PRD005,48,50,1750.0,100.0
PREP00005926,20250301,ST002,PRD006,25,27,1890.0,108.0
PREP00005927,20250301,ST002,PRD007,50,51,4080.0,255.0
PREP00005928,20250301,ST002,PRD008,90,87,4785.0,261.0
PREP00005929,20250301,ST002,PRD009,55,56,5320.0,336.0
PREP00005930,20250301,ST002,PRD010,28,31,3100.0,186.0
PREP00005931,20250301,ST002,PRD011,27,26,3640.0,208.0
PREP00005932,20250301,ST002,PRD012,38,37,6660.0,370.0
PREP00005933,20250301,ST002,PRD013,40,42,6720.0,378.0
PREP00005934,20250301,ST002,PRD014,22,23,2530.0,161.0
PREP00005935,20250301,ST002,PRD015,29,31,2015.0,155.0
PREP00005936,20250301,ST002,PRD016,23,25,2375.0,75.0
PREP00005937,20250301,ST002,PRD017,26,26,2860.0,78.0
PREP00005938,20250301,ST002,PRD018,23,24,1440.0,48.0
PREP00005939,20250301,ST002,PRD019,25,24,840.0,48.0
PREP00005940,20250301,ST002,PRD020,16,17,935.0,51.0
PREP00005941,20250301,ST003,PRD001,43,46,2070.0,138.0
PREP00005942,20250301,ST003,PRD002,37,36,2340.0,180.0
PREP00005943,20250301,ST003,PRD003,34,35,2450.0,175.0
PREP00005944,20250301,ST003,PRD004,47,47,3760.0,282.0
PREP00005945,20250301,ST003,PRD005,49,54,1890.0,108.0
PREP00005946,20250301,ST003,PRD006,25,27,1890.0,108.0
PREP00005947,20250301,ST003,PRD007,33,36,2880.0,180.0
PREP00005948,20250301,ST003,PRD008,26,25,1375.0,75.0
PREP00005949,20250301,ST003,PRD009,18,17,1615.0,102.0
PREP00005950,20250301,ST003,PRD010,10,10,1000.0,60.0
PREP00005951,20250301,ST003,PRD011,18,20,2800.0,160.0
PREP00005952,20250301,ST003,PRD012,16,18,3240.0,180.0
PREP00005953,20250301,ST003,PRD013,29,29,4640.0,261.0
PREP00005954,20250301,ST003,PRD014,24,26,2860.0,182.0
PREP00005955,20250301,ST003,PRD015,18,19,1235.0,95.0
PREP00005956,20250301,ST003,PRD016,14,14,1330.0,42.0
PREP00005957,20250301,ST003,PRD017,13,14,1540.0,42.0
PREP00005958,20250301,ST003,PRD018,16,16,960.0,32.0
PREP00005959,20250301,ST003,PRD019,15,14,490.0,28.0
PREP00005960,20250301,ST003,PRD020,11,11,605.0,33.0
PREP00005961,20250301,ST004,PRD001,72,70,3150.0,210.0
PREP00005962,20250301,ST004,PRD002,78,85,5525.0,425.0
PREP00005963,20250301,ST004,PRD003,47,48,3360.0,240.0
PREP00005964,20250301,ST004,PRD004,77,82,6560.0,492.0
PREP00005965,20250301,ST004,PRD005,91,88,3080.0,176.0
PREP00005966,20250301,ST004,PRD006,80,77,5390.0,308.0
PREP00005967,20250301,ST004,PRD007,89,91,7280.0,455.0
PREP00005968,20250301,ST004,PRD008,37,37,2035.0,111.0
PREP00005969,20250301,ST004,PRD009,46,49,4655.0,294.0
PREP00005970,20250301,ST004,PRD010,46,44,4400.0,264.0
PREP00005971,20250301,ST004,PRD011,29,32,4480.0,256.0
PREP00005972,20250301,ST004,PRD012,24,24,4320.0,240.0
PREP00005973,20250301,ST004,PRD013,31,31,4960.0,279.0
PREP00005974,20250301,ST004,PRD014,62,60,6600.0,420.0
PREP00005975,20250301,ST004,PRD015,64,66,4290.0,330.0
PREP00005976,20250301,ST004,PRD016,32,34,3230.0,102.0
PREP00005977,20250301,ST004,PRD017,37,39,4290.0,117.0
PREP00005978,20250301,ST004,PRD018,41,40,2400.0,80.0
PREP00005979,20250301,ST004,PRD019,51,53,1855.0,106.0
PREP00005980,20250301,ST004,PRD020,52,52,2860.0,156.0
PREP00005981,20250301,ST005,PRD001,42,44,1980.0,132.0
PREP00005982,20250301,ST005,PRD002,68,74,4810.0,370.0
PREP00005983,20250301,ST005,PRD003,40,42,2940.0,210.0
PREP00005984,20250301,ST005,PRD004,54,54,4320.0,324.0
PREP00005985,20250301,ST005,PRD005,38,38,1330.0,76.0
PREP00005986,20250301,ST005,PRD006,33,34,2380.0,136.0
PREP00005987,20250301,ST005,PRD007,25,27,2160.0,135.0
PREP00005988,20250301,ST005,PRD008,56,54,2970.0,162.0
PREP00005989,20250301,ST005,PRD009,37,40,3800.0,240.0
PREP00005990,20250301,ST005,PRD010,14,14,1400.0,84.0
PREP00005991,20250301,ST005,PRD011,14,15,2100.0,120.0
PREP00005992,20250301,ST005,PRD012,20,21,3780.0,210.0
PREP00005993,20250301,ST005,PRD013,35,36,5760.0,324.0
PREP00005994,20250301,ST005,PRD014,24,24,2640.0,168.0
PREP00005995,20250301,ST005,PRD015,40,44,2860.0,220.0
PREP00005996,20250301,ST005,PRD016,16,17,1615.0,51.0
PREP00005997,20250301,ST005,PRD017,26,28,3080.0,84.0
PREP00005998,20250301,ST005,PRD018,36,37,2220.0,74.0
PREP00005999,20250301,ST005,PRD019,16,17,595.0,34.0
PREP00006000,20250301,ST005,PRD020,33,35,1925.0,105.0
PREP00006001,20250302,ST001,PRD001,113,115,5175.0,345.0
PREP00006002,20250302,ST001,PRD002,82,87,5655.0,435.0
PREP00006003,20250302,ST001,PRD003,40,43,3010.0,215.0
PREP00006004,20250302,ST001,PRD004,88,91,7280.0,546.0
PREP00006005,20250302,ST001,PRD005,107,117,4095.0,234.0
PREP00006006,20250302,ST001,PRD006,71,74,5180.0,296.0
PREP00006007,20250302,ST001,PRD007,58,61,4880.0,305.0
PREP00006008,20250302,ST001,PRD008,43,45,2475.0,135.0
PREP00006009,20250302,ST001,PRD009,32,35,3325.0,210.0
PREP00006010,20250302,ST001,PRD010,18,20,2000.0,120.0
PREP00006011,20250302,ST001,PRD011,27,29,4060.0,232.0
PREP00006012,20250302,ST001,PRD012,38,38,6840.0,380.0
PREP00006013,20250302,ST001,PRD013,40,40,6400.0,360.0
PREP00006014,20250302,ST001,PRD014,37,37,4070.0,259.0
PREP00006015,20250302,ST001,PRD015,62,59,3835.0,295.0
PREP00006016,20250302,ST001,PRD016,15,16,1520.0,48.0
PREP00006017,20250302,ST001,PRD017,18,19,2090.0,57.0
PREP00006018,20250302,ST001,PRD018,35,37,2220.0,74.0
PREP00006019,20250302,ST001,PRD019,43,43,1505.0,86.0
PREP00006020,20250302,ST001,PRD020,35,35,1925.0,105.0
PREP00006021,20250302,ST002,PRD001,67,72,3240.0,216.0
PREP00006022,20250302,ST002,PRD002,62,62,4030.0,310.0
PREP00006023,20250302,ST002,PRD003,50,53,3710.0,265.0
PREP00006024,20250302,ST002,PRD004,99,97,7760.0,582.0
PREP00006025,20250302,ST002,PRD005,66,64,2240.0,128.0
PREP00006026,20250302,ST002,PRD006,59,62,4340.0,248.0
PREP00006027,20250302,ST002,PRD007,24,25,2000.0,125.0
PREP00006028,20250302,ST002,PRD008,28,28,1540.0,84.0
PREP00006029,20250302,ST002,PRD009,42,44,4180.0,264.0
PREP00006030,20250302,ST002,PRD010,21,22,2200.0,132.0
PREP00006031,20250302,ST002,PRD011,57,61,8540.0,488.0
PREP00006032,20250302,ST002,PRD012,31,31,5580.0,310.0
PREP00006033,20250302,ST002,PRD013,41,43,6880.0,387.0
PREP00006034,20250302,ST002,PRD014,36,38,4180.0,266.0
PREP00006035,20250302,ST002,PRD015,17,18,1170.0,90.0
PREP00006036,20250302,ST002,PRD016,21,21,1995.0,63.0
PREP00006037,20250302,ST002,PRD017,23,23,2530.0,69.0
PREP00006038,20250302,ST002,PRD018,16,17,1020.0,34.0
PREP00006039,20250302,ST002,PRD019,31,31,1085.0,62.0
PREP00006040,20250302,ST002,PRD020,25,26,1430.0,78.0
PREP00006041,20250302,ST003,PRD001,68,69,3105.0,207.0
PREP00006042,20250302,ST003,PRD002,56,54,3510.0,270.0
PREP00006043,20250302,ST003,PRD003,32,34,2380.0,170.0
PREP00006044,20250302,ST003,PRD004,45,45,3600.0,270.0
PREP00006045,20250302,ST003,PRD005,60,58,2030.0,116.0
PREP00006046,20250302,ST003,PRD006,30,30,2100.0,120.0
PREP00006047,20250302,ST003,PRD007,40,41,3280.0,205.0
PREP00006048,20250302,ST003,PRD008,35,35,1925.0,105.0
PREP00006049,20250302,ST003,PRD009,35,38,3610.0,228.0
PREP00006050,20250302,ST003,PRD010,30,30,3000.0,180.0
PREP00006051,20250302,ST003,PRD011,26,27,3780.0,216.0
PREP00006052,20250302,ST003,PRD012,32,30,5400.0,300.0
PREP00006053,20250302,ST003,PRD013,17,16,2560.0,144.0
PREP00006054,20250302,ST003,PRD014,16,17,1870.0,119.0
PREP00006055,20250302,ST003,PRD015,16,17,1105.0,85.0
PREP00006056,20250302,ST003,PRD016,14,14,1330.0,42.0
PREP00006057,20250302,ST003,PRD017,25,26,2860.0,78.0
PREP00006058,20250302,ST003,PRD018,18,19,1140.0,38.0
PREP00006059,20250302,ST003,PRD019,26,28,980.0,56.0
PREP00006060,20250302,ST003,PRD020,20,22,1210.0,66.0
PREP00006061,20250302,ST004,PRD001,70,69,3105.0,207.0
PREP00006062,20250302,ST004,PRD002,67,73,4745.0,365.0
PREP00006063,20250302,ST004,PRD003,97,97,6790.0,485.0
PREP00006064,20250302,ST004,PRD004,65,71,5680.0,426.0
PREP00006065,20250302,ST004,PRD005,51,55,1925.0,110.0
PREP00006066,20250302,ST004,PRD006,117,115,8050.0,460.0
PREP00006067,20250302,ST004,PRD007,42,41,3280.0,205.0
PREP00006068,20250302,ST004,PRD008,78,83,4565.0,249.0
PREP00006069,20250302,ST004,PRD009,42,43,4085.0,258.0
PREP00006070,20250302,ST004,PRD010,20,21,2100.0,126.0
PREP00006071,20250302,ST004,PRD011,23,24,3360.0,192.0
PREP00006072,20250302,ST004,PRD012,81,85,15300.0,850.0
PREP00006073,20250302,ST004,PRD013,54,59,9440.0,531.0
PREP00006074,20250302,ST004,PRD014,32,33,3630.0,231.0
PREP00006075,20250302,ST004,PRD015,44,46,2990.0,230.0
PREP00006076,20250302,ST004,PRD016,37,38,3610.0,114.0
PREP00006077,20250302,ST004,PRD017,27,26,2860.0,78.0
PREP00006078,20250302,ST004,PRD018,19,20,1200.0,40.0
PREP00006079,20250302,ST004,PRD019,39,39,1365.0,78.0
PREP00006080,20250302,ST004,PRD020,31,30,1650.0,90.0
PREP00006081,20250302,ST005,PRD001,40,38,1710.0,114.0
PREP00006082,20250302,ST005,PRD002,53,55,3575.0,275.0
PREP00006083,20250302,ST005,PRD003,80,85,5950.0,425.0
PREP00006084,20250302,ST005,PRD004,55,56,4480.0,336.0
PREP00006085,20250302,ST005,PRD005,68,74,2590.0,148.0
PREP00006086,20250302,ST005,PRD006,58,57,3990.0,228.0
PREP00006087,20250302,ST005,PRD007,63,65,5200.0,325.0
PREP00006088,20250302,ST005,PRD008,37,37,2035.0,111.0
PREP00006089,20250302,ST005,PRD009,24,26,2470.0,156.0
PREP00006090,20250302,ST005,PRD010,27,26,2600.0,156.0
PREP00006091,20250302,ST005,PRD011,36,38,5320.0,304.0
PREP00006092,20250302,ST005,PRD012,40,38,6840.0,380.0
PREP00006093,20250302,ST005,PRD013,49,52,8320.0,468.0
PREP00006094,20250302,ST005,PRD014,19,18,1980.0,126.0
PREP00006095,20250302,ST005,PRD015,41,43,2795.0,215.0
PREP00006096,20250302,ST005,PRD016,15,16,1520.0,48.0
PREP00006097,20250302,ST005,PRD017,16,16,1760.0,48.0
PREP00006098,20250302,ST005,PRD018,25,27,1620.0,54.0
PREP00006099,20250302,ST005,PRD019,13,13,455.0,26.0
PREP00006100,20250302,ST005,PRD020,13,13,715.0,39.0
PREP00006101,20250303,ST001,PRD001,76,73,3285.0,219.0
PREP00006102,20250303,ST001,PRD002,65,67,4355.0,335.0
PREP00006103,20250303,ST001,PRD003,68,69,4830.0,345.0
PREP00006104,20250303,ST001,PRD004,83,88,7040.0,528.0
PREP00006105,20250303,ST001,PRD005,27,27,945.0,54.0
PREP00006106,20250303,ST001,PRD006,58,58,4060.0,232.0
PREP00006107,20250303,ST001,PRD007,49,53,4240.0,265.0
PREP00006108,20250303,ST001,PRD008,36,35,1925.0,105.0
PREP00006109,20250303,ST001,PRD009,46,45,4275.0,270.0
PREP00006110,20250303,ST001,PRD010,63,66,6600.0,396.0
PREP00006111,20250303,ST001,PRD011,31,33,4620.0,264.0
PREP00006112,20250303,ST001,PRD012,37,35,6300.0,350.0
PREP00006113,20250303,ST001,PRD013,35,38,6080.0,342.0
PREP00006114,20250303,ST001,PRD014,18,18,1980.0,126.0
PREP00006115,20250303,ST001,PRD015,22,24,1560.0,120.0
PREP00006116,20250303,ST001,PRD016,18,17,1615.0,51.0
PREP00006117,20250303,ST001,PRD017,16,15,1650.0,45.0
PREP00006118,20250303,ST001,PRD018,45,47,2820.0,94.0
PREP00006119,20250303,ST001,PRD019,21,23,805.0,46.0
PREP00006120,20250303,ST001,PRD020,29,30,1650.0,90.0
PREP00006121,20250303,ST002,PRD001,27,27,1215.0,81.0
PREP00006122,20250303,ST002,PRD002,42,45,2925.0,225.0
PREP00006123,20250303,ST002,PRD003,45,47,3290.0,235.0
PREP00006124,20250303,ST002,PRD004,40,43,3440.0,258.0
PREP00006125,20250303,ST002,PRD005,43,47,1645.0,94.0
PREP00006126,20250303,ST002,PRD006,37,36,2520.0,144.0
PREP00006127,20250303,ST002,PRD007,33,32,2560.0,160.0
PREP00006128,20250303,ST002,PRD008,23,24,1320.0,72.0
PREP00006129,20250303,ST002,PRD009,37,40,3800.0,240.0
PREP00006130,20250303,ST002,PRD010,32,32,3200.0,192.0
PREP00006131,20250303,ST002,PRD011,13,13,1820.0,104.0
PREP00006132,20250303,ST002,PRD012,23,24,4320.0,240.0
PREP00006133,20250303,ST002,PRD013,31,32,5120.0,288.0
PREP00006134,20250303,ST002,PRD014,32,35,3850.0,245.0
PREP00006135,20250303,ST002,PRD015,30,33,2145.0,165.0
PREP00006136,20250303,ST002,PRD016,22,23,2185.0,69.0
PREP00006137,20250303,ST002,PRD017,12,12,1320.0,36.0
PREP00006138,20250303,ST002,PRD018,22,23,1380.0,46.0
PREP00006139,20250303,ST002,PRD019,11,11,385.0,22.0
PREP00006140,20250303,ST002,PRD020,10,11,605.0,33.0
PREP00006141,20250303,ST003,PRD001,30,30,1350.0,90.0
PREP00006142,20250303,ST003,PRD002,24,26,1690.0,130.0
PREP00006143,20250303,ST003,PRD003,45,48,3360.0,240.0
PREP00006144,20250303,ST003,PRD004,36,38,3040.0,228.0
PREP00006145,20250303,ST003,PRD005,39,38,1330.0,76.0
PREP00006146,20250303,ST003,PRD006,43,45,3150.0,180.0
PREP00006147,20250303,ST003,PRD007,27,28,2240.0,140.0
PREP00006148,20250303,ST003,PRD008,54,56,3080.0,168.0
PREP00006149,20250303,ST003,PRD009,17,18,1710.0,108.0
PREP00006150,20250303,ST003,PRD010,26,26,2600.0,156.0
PREP00006151,20250303,ST003,PRD011,15,15,2100.0,120.0
PREP00006152,20250303,ST003,PRD012,36,37,6660.0,370.0
PREP00006153,20250303,ST003,PRD013,22,21,3360.0,189.0
PREP00006154,20250303,ST003,PRD014,18,17,1870.0,119.0
PREP00006155,20250303,ST003,PRD015,20,21,1365.0,105.0
PREP00006156,20250303,ST003,PRD016,10,11,1045.0,33.0
PREP00006157,20250303,ST003,PRD017,12,13,1430.0,39.0
PREP00006158,20250303,ST003,PRD018,23,24,1440.0,48.0
PREP00006159,20250303,ST003,PRD019,14,15,525.0,30.0
PREP00006160,20250303,ST003,PRD020,16,17,935.0,51.0
PREP00006161,20250303,ST004,PRD001,36,37,1665.0,111.0
PREP00006162,20250303,ST004,PRD002,60,64,4160.0,320.0
PREP00006163,20250303,ST004,PRD003,38,36,2520.0,180.0
PREP00006164,20250303,ST004,PRD004,52,51,4080.0,306.0
PREP00006165,20250303,ST004,PRD005,40,38,1330.0,76.0
PREP00006166,20250303,ST004,PRD006,58,63,4410.0,252.0
PREP00006167,20250303,ST004,PRD007,44,45,3600.0,225.0
PREP00006168,20250303,ST004,PRD008,61,61,3355.0,183.0
PREP00006169,20250303,ST004,PRD009,43,47,4465.0,282.0
PREP00006170,20250303,ST004,PRD010,18,20,2000.0,120.0
PREP00006171,20250303,ST004,PRD011,29,31,4340.0,248.0
PREP00006172,20250303,ST004,PRD012,28,27,4860.0,270.0
PREP00006173,20250303,ST004,PRD013,24,25,4000.0,225.0
PREP00006174,20250303,ST004,PRD014,29,32,3520.0,224.0
PREP00006175,20250303,ST004,PRD015,34,36,2340.0,180.0
PREP00006176,20250303,ST004,PRD016,18,17,1615.0,51.0
PREP00006177,20250303,ST004,PRD017,15,16,1760.0,48.0
PREP00006178,20250303,ST004,PRD018,32,35,2100.0,70.0
PREP00006179,20250303,ST004,PRD019,31,33,1155.0,66.0
PREP00006180,20250303,ST004,PRD020,30,32,1760.0,96.0
PREP00006181,20250303,ST005,PRD001,28,27,1215.0,81.0
PREP00006182,20250303,ST005,PRD002,58,61,3965.0,305.0
PREP00006183,20250303,ST005,PRD003,45,46,3220.0,230.0
PREP00006184,20250303,ST005,PRD004,28,30,2400.0,180.0
PREP00006185,20250303,ST005,PRD005,57,56,1960.0,112.0
PREP00006186,20250303,ST005,PRD006,44,47,3290.0,188.0
PREP00006187,20250303,ST005,PRD007,32,34,2720.0,170.0
PREP00006188,20250303,ST005,PRD008,21,21,1155.0,63.0
PREP00006189,20250303,ST005,PRD009,25,27,2565.0,162.0
PREP00006190,20250303,ST005,PRD010,27,28,2800.0,168.0
PREP00006191,20250303,ST005,PRD011,36,38,5320.0,304.0
PREP00006192,20250303,ST005,PRD012,34,36,6480.0,360.0
PREP00006193,20250303,ST005,PRD013,31,33,5280.0,297.0
PREP00006194,20250303,ST005,PRD014,29,30,3300.0,210.0
PREP00006195,20250303,ST005,PRD015,12,13,845.0,65.0
PREP00006196,20250303,ST005,PRD016,20,20,1900.0,60.0
PREP00006197,20250303,ST005,PRD017,18,20,2200.0,60.0
PREP00006198,20250303,ST005,PRD018,14,15,900.0,30.0
PREP00006199,20250303,ST005,PRD019,18,18,630.0,36.0
PREP00006200,20250303,ST005,PRD020,24,24,1320.0,72.0
PREP00006201,20250304,ST001,PRD001,82,79,3555.0,237.0
PREP00006202,20250304,ST001,PRD002,56,60,3900.0,300.0
PREP00006203,20250304,ST001,PRD003,69,75,5250.0,375.0
PREP00006204,20250304,ST001,PRD004,60,61,4880.0,366.0
PREP00006205,20250304,ST001,PRD005,53,58,2030.0,116.0
PREP00006206,20250304,ST001,PRD006,64,62,4340.0,248.0
PREP00006207,20250304,ST001,PRD007,73,78,6240.0,390.0
PREP00006208,20250304,ST001,PRD008,54,57,3135.0,171.0
PREP00006209,20250304,ST001,PRD009,34,34,3230.0,204.0
PREP00006210,20250304,ST001,PRD010,25,25,2500.0,150.0
PREP00006211,20250304,ST001,PRD011,40,42,5880.0,336.0
PREP00006212,20250304,ST001,PRD012,29,32,5760.0,320.0
PREP00006213,20250304,ST001,PRD013,31,30,4800.0,270.0
PREP00006214,20250304,ST001,PRD014,23,23,2530.0,161.0
PREP00006215,20250304,ST001,PRD015,40,44,2860.0,220.0
PREP00006216,20250304,ST001,PRD016,16,17,1615.0,51.0
PREP00006217,20250304,ST001,PRD017,30,30,3300.0,90.0
PREP00006218,20250304,ST001,PRD018,18,19,1140.0,38.0
PREP00006219,20250304,ST001,PRD019,19,18,630.0,36.0
PREP00006220,20250304,ST001,PRD020,26,25,1375.0,75.0
PREP00006221,20250304,ST002,PRD001,42,41,1845.0,123.0
PREP00006222,20250304,ST002,PRD002,52,53,3445.0,265.0
PREP00006223,20250304,ST002,PRD003,43,41,2870.0,205.0
PREP00006224,20250304,ST002,PRD004,31,32,2560.0,192.0
PREP00006225,20250304,ST002,PRD005,59,57,1995.0,114.0
PREP00006226,20250304,ST002,PRD006,21,20,1400.0,80.0
PREP00006227,20250304,ST002,PRD007,52,53,4240.0,265.0
PREP00006228,20250304,ST002,PRD008,31,32,1760.0,96.0
PREP00006229,20250304,ST002,PRD009,15,16,1520.0,96.0
PREP00006230,20250304,ST002,PRD010,28,27,2700.0,162.0
PREP00006231,20250304,ST002,PRD011,32,32,4480.0,256.0
PREP00006232,20250304,ST002,PRD012,24,25,4500.0,250.0
PREP00006233,20250304,ST002,PRD013,42,45,7200.0,405.0
PREP00006234,20250304,ST002,PRD014,18,18,1980.0,126.0
PREP00006235,20250304,ST002,PRD015,35,36,2340.0,180.0
PREP00006236,20250304,ST002,PRD016,8,8,760.0,24.0
PREP00006237,20250304,ST002,PRD017,13,14,1540.0,42.0
PREP00006238,20250304,ST002,PRD018,22,22,1320.0,44.0
PREP00006239,20250304,ST002,PRD019,14,14,490.0,28.0
PREP00006240,20250304,ST002,PRD020,29,31,1705.0,93.0
PREP00006241,20250304,ST003,PRD001,44,44,1980.0,132.0
PREP00006242,20250304,ST003,PRD002,40,41,2665.0,205.0
PREP00006243,20250304,ST003,PRD003,30,29,2030.0,145.0
PREP00006244,20250304,ST003,PRD004,37,37,2960.0,222.0
PREP00006245,20250304,ST003,PRD005,42,44,1540.0,88.0
PREP00006246,20250304,ST003,PRD006,20,22,1540.0,88.0
PREP00006247,20250304,ST003,PRD007,45,49,3920.0,245.0
PREP00006248,20250304,ST003,PRD008,36,34,1870.0,102.0
PREP00006249,20250304,ST003,PRD009,22,21,1995.0,126.0
PREP00006250,20250304,ST003,PRD010,22,23,2300.0,138.0
PREP00006251,20250304,ST003,PRD011,13,13,1820.0,104.0
PREP00006252,20250304,ST003,PRD012,22,24,4320.0,240.0
PREP00006253,20250304,ST003,PRD013,11,12,1920.0,108.0
PREP00006254,20250304,ST003,PRD014,16,16,1760.0,112.0
PREP00006255,20250304,ST003,PRD015,23,23,1495.0,115.0
PREP00006256,20250304,ST003,PRD016,17,17,1615.0,51.0
PREP00006257,20250304,ST003,PRD017,14,14,1540.0,42.0
PREP00006258,20250304,ST003,PRD018,19,19,1140.0,38.0
PREP00006259,20250304,ST003,PRD019,11,11,385.0,22.0
PREP00006260,20250304,ST003,PRD020,15,16,880.0,48.0
PREP00006261,20250304,ST004,PRD001,67,70,3150.0,210.0
PREP00006262,20250304,ST004,PRD002,63,65,4225.0,325.0
PREP00006263,20250304,ST004,PRD003,73,74,5180.0,370.0
PREP00006264,20250304,ST004,PRD004,43,42,3360.0,252.0
PREP00006265,20250304,ST004,PRD005,41,40,1400.0,80.0
PREP00006266,20250304,ST004,PRD006,31,31,2170.0,124.0
PREP00006267,20250304,ST004,PRD007,39,42,3360.0,210.0
PREP00006268,20250304,ST004,PRD008,77,74,4070.0,222.0
PREP00006269,20250304,ST004,PRD009,18,19,1805.0,114.0
PREP00006270,20250304,ST004,PRD010,17,17,1700.0,102.0
PREP00006271,20250304,ST004,PRD011,33,32,4480.0,256.0
PREP00006272,20250304,ST004,PRD012,17,18,3240.0,180.0
PREP00006273,20250304,ST004,PRD013,20,21,3360.0,189.0
PREP00006274,20250304,ST004,PRD014,32,34,3740.0,238.0
PREP00006275,20250304,ST004,PRD015,39,38,2470.0,190.0
PREP00006276,20250304,ST004,PRD016,18,19,1805.0,57.0
PREP00006277,20250304,ST004,PRD017,13,13,1430.0,39.0
PREP00006278,20250304,ST004,PRD018,20,22,1320.0,44.0
PREP00006279,20250304,ST004,PRD019,30,33,1155.0,66.0
PREP00006280,20250304,ST004,PRD020,22,24,1320.0,72.0
PREP00006281,20250304,ST005,PRD001,44,47,2115.0,141.0
PREP00006282,20250304,ST005,PRD002,55,58,3770.0,290.0
PREP00006283,20250304,ST005,PRD003,38,37,2590.0,185.0
PREP00006284,20250304,ST005,PRD004,37,40,3200.0,240.0
PREP00006285,20250304,ST005,PRD005,35,38,1330.0,76.0
PREP00006286,20250304,ST005,PRD006,37,40,2800.0,160.0
PREP00006287,20250304,ST005,PRD007,41,40,3200.0,200.0
PREP00006288,20250304,ST005,PRD008,15,16,880.0,48.0
PREP00006289,20250304,ST005,PRD009,22,24,2280.0,144.0
PREP00006290,20250304,ST005,PRD010,36,39,3900.0,234.0
PREP00006291,20250304,ST005,PRD011,28,30,4200.0,240.0
PREP00006292,20250304,ST005,PRD012,30,29,5220.0,290.0
PREP00006293,20250304,ST005,PRD013,18,20,3200.0,180.0
PREP00006294,20250304,ST005,PRD014,18,18,1980.0,126.0
PREP00006295,20250304,ST005,PRD015,26,27,1755.0,135.0
PREP00006296,20250304,ST005,PRD016,15,15,1425.0,45.0
PREP00006297,20250304,ST005,PRD017,21,23,2530.0,69.0
PREP00006298,20250304,ST005,PRD018,11,12,720.0,24.0
PREP00006299,20250304,ST005,PRD019,37,39,1365.0,78.0
PREP00006300,20250304,ST005,PRD020,15,15,825.0,45.0
PREP00006301,20250305,ST001,PRD001,63,61,2745.0,183.0
PREP00006302,20250305,ST001,PRD002,48,48,3120.0,240.0
PREP00006303,20250305,ST001,PRD003,29,28,1960.0,140.0
PREP00006304,20250305,ST001,PRD004,41,44,3520.0,264.0
PREP00006305,20250305,ST001,PRD005,59,61,2135.0,122.0
PREP00006306,20250305,ST001,PRD006,44,48,3360.0,192.0
PREP00006307,20250305,ST001,PRD007,52,57,4560.0,285.0
PREP00006308,20250305,ST001,PRD008,70,76,4180.0,228.0
PREP00006309,20250305,ST001,PRD009,50,54,5130.0,324.0
PREP00006310,20250305,ST001,PRD010,27,26,2600.0,156.0
PREP00006311,20250305,ST001,PRD011,31,31,4340.0,248.0
PREP00006312,20250305,ST001,PRD012,27,30,5400.0,300.0
PREP00006313,20250305,ST001,PRD013,37,39,6240.0,351.0
PREP00006314,20250305,ST001,PRD014,21,21,2310.0,147.0
PREP00006315,20250305,ST001,PRD015,28,31,2015.0,155.0
PREP00006316,20250305,ST001,PRD016,12,12,1140.0,36.0
PREP00006317,20250305,ST001,PRD017,12,11,1210.0,33.0
PREP00006318,20250305,ST001,PRD018,27,27,1620.0,54.0
PREP00006319,20250305,ST001,PRD019,15,16,560.0,32.0
PREP00006320,20250305,ST001,PRD020,18,18,990.0,54.0
PREP00006321,20250305,ST002,PRD001,49,53,2385.0,159.0
PREP00006322,20250305,ST002,PRD002,28,30,1950.0,150.0
PREP00006323,20250305,ST002,PRD003,30,30,2100.0,150.0
PREP00006324,20250305,ST002,PRD004,58,59,4720.0,354.0
PREP00006325,20250305,ST002,PRD005,42,40,1400.0,80.0
PREP00006326,20250305,ST002,PRD006,31,33,2310.0,132.0
PREP00006327,20250305,ST002,PRD007,28,27,2160.0,135.0
PREP00006328,20250305,ST002,PRD008,49,48,2640.0,144.0
PREP00006329,20250305,ST002,PRD009,24,25,2375.0,150.0
PREP00006330,20250305,ST002,PRD010,19,18,1800.0,108.0
PREP00006331,20250305,ST002,PRD011,30,33,4620.0,264.0
PREP00006332,20250305,ST002,PRD012,38,36,6480.0,360.0
PREP00006333,20250305,ST002,PRD013,19,20,3200.0,180.0
PREP00006334,20250305,ST002,PRD014,14,15,1650.0,105.0
PREP00006335,20250305,ST002,PRD015,32,34,2210.0,170.0
PREP00006336,20250305,ST002,PRD016,22,22,2090.0,66.0
PREP00006337,20250305,ST002,PRD017,23,24,2640.0,72.0
PREP00006338,20250305,ST002,PRD018,20,20,1200.0,40.0
PREP00006339,20250305,ST002,PRD019,15,16,560.0,32.0
PREP00006340,20250305,ST002,PRD020,35,34,1870.0,102.0
PREP00006341,20250305,ST003,PRD001,30,30,1350.0,90.0
PREP00006342,20250305,ST003,PRD002,42,41,2665.0,205.0
PREP00006343,20250305,ST003,PRD003,27,29,2030.0,145.0
PREP00006344,20250305,ST003,PRD004,38,37,2960.0,222.0
PREP00006345,20250305,ST003,PRD005,34,33,1155.0,66.0
PREP00006346,20250305,ST003,PRD006,41,44,3080.0,176.0
PREP00006347,20250305,ST003,PRD007,54,51,4080.0,255.0
PREP00006348,20250305,ST003,PRD008,23,25,1375.0,75.0
PREP00006349,20250305,ST003,PRD009,13,14,1330.0,84.0
PREP00006350,20250305,ST003,PRD010,19,20,2000.0,120.0
PREP00006351,20250305,ST003,PRD011,22,22,3080.0,176.0
PREP00006352,20250305,ST003,PRD012,26,28,5040.0,280.0
PREP00006353,20250305,ST003,PRD013,16,15,2400.0,135.0
PREP00006354,20250305,ST003,PRD014,9,9,990.0,63.0
PREP00006355,20250305,ST003,PRD015,22,21,1365.0,105.0
PREP00006356,20250305,ST003,PRD016,14,15,1425.0,45.0
PREP00006357,20250305,ST003,PRD017,8,9,990.0,27.0
PREP00006358,20250305,ST003,PRD018,19,18,1080.0,36.0
PREP00006359,20250305,ST003,PRD019,10,10,350.0,20.0
PREP00006360,20250305,ST003,PRD020,13,13,715.0,39.0
PREP00006361,20250305,ST004,PRD001,35,38,1710.0,114.0
PREP00006362,20250305,ST004,PRD002,94,92,5980.0,460.0
PREP00006363,20250305,ST004,PRD003,89,94,6580.0,470.0
PREP00006364,20250305,ST004,PRD004,79,76,6080.0,456.0
PREP00006365,20250305,ST004,PRD005,40,38,1330.0,76.0
PREP00006366,20250305,ST004,PRD006,54,53,3710.0,212.0
PREP00006367,20250305,ST004,PRD007,48,50,4000.0,250.0
PREP00006368,20250305,ST004,PRD008,55,58,3190.0,174.0
PREP00006369,20250305,ST004,PRD009,27,26,2470.0,156.0
PREP00006370,20250305,ST004,PRD010,29,29,2900.0,174.0
PREP00006371,20250305,ST004,PRD011,47,46,6440.0,368.0
PREP00006372,20250305,ST004,PRD012,32,33,5940.0,330.0
PREP00006373,20250305,ST004,PRD013,23,24,3840.0,216.0
PREP00006374,20250305,ST004,PRD014,25,25,2750.0,175.0
PREP00006375,20250305,ST004,PRD015,57,60,3900.0,300.0
PREP00006376,20250305,ST004,PRD016,20,21,1995.0,63.0
PREP00006377,20250305,ST004,PRD017,37,37,4070.0,111.0
PREP00006378,20250305,ST004,PRD018,17,16,960.0,32.0
PREP00006379,20250305,ST004,PRD019,17,17,595.0,34.0
PREP00006380,20250305,ST004,PRD020,40,42,2310.0,126.0
PREP00006381,20250305,ST005,PRD001,66,63,2835.0,189.0
PREP00006382,20250305,ST005,PRD002,43,45,2925.0,225.0
PREP00006383,20250305,ST005,PRD003,32,34,2380.0,170.0
PREP00006384,20250305,ST005,PRD004,49,51,4080.0,306.0
PREP00006385,20250305,ST005,PRD005,80,80,2800.0,160.0
PREP00006386,20250305,ST005,PRD006,37,39,2730.0,156.0
PREP00006387,20250305,ST005,PRD007,18,18,1440.0,90.0
PREP00006388,20250305,ST005,PRD008,51,52,2860.0,156.0
PREP00006389,20250305,ST005,PRD009,19,19,1805.0,114.0
PREP00006390,20250305,ST005,PRD010,17,18,1800.0,108.0
PREP00006391,20250305,ST005,PRD011,15,16,2240.0,128.0
PREP00006392,20250305,ST005,PRD012,22,23,4140.0,230.0
PREP00006393,20250305,ST005,PRD013,20,20,3200.0,180.0
PREP00006394,20250305,ST005,PRD014,19,19,2090.0,133.0
PREP00006395,20250305,ST005,PRD015,35,38,2470.0,190.0
PREP00006396,20250305,ST005,PRD016,14,14,1330.0,42.0
PREP00006397,20250305,ST005,PRD017,17,17,1870.0,51.0
PREP00006398,20250305,ST005,PRD018,9,10,600.0,20.0
PREP00006399,20250305,ST005,PRD019,17,16,560.0,32.0
PREP00006400,20250305,ST005,PRD020,14,14,770.0,42.0
PREP00006401,20250306,ST001,PRD001,61,64,2880.0,192.0
PREP00006402,20250306,ST001,PRD002,76,72,4680.0,360.0
PREP00006403,20250306,ST001,PRD003,57,60,4200.0,300.0
PREP00006404,20250306,ST001,PRD004,76,79,6320.0,474.0
PREP00006405,20250306,ST001,PRD005,52,50,1750.0,100.0
PREP00006406,20250306,ST001,PRD006,36,35,2450.0,140.0
PREP00006407,20250306,ST001,PRD007,32,31,2480.0,155.0
PREP00006408,20250306,ST001,PRD008,65,65,3575.0,195.0
PREP00006409,20250306,ST001,PRD009,69,71,6745.0,426.0
PREP00006410,20250306,ST001,PRD010,32,33,3300.0,198.0
PREP00006411,20250306,ST001,PRD011,36,37,5180.0,296.0
PREP00006412,20250306,ST001,PRD012,45,44,7920.0,440.0
PREP00006413,20250306,ST001,PRD013,48,46,7360.0,414.0
PREP00006414,20250306,ST001,PRD014,16,15,1650.0,105.0
PREP00006415,20250306,ST001,PRD015,25,26,1690.0,130.0
PREP00006416,20250306,ST001,PRD016,24,24,2280.0,72.0
PREP00006417,20250306,ST001,PRD017,25,27,2970.0,81.0
PREP00006418,20250306,ST001,PRD018,38,36,2160.0,72.0
PREP00006419,20250306,ST001,PRD019,41,40,1400.0,80.0
PREP00006420,20250306,ST001,PRD020,31,33,1815.0,99.0
PREP00006421,20250306,ST002,PRD001,69,67,3015.0,201.0
PREP00006422,20250306,ST002,PRD002,33,33,2145.0,165.0
PREP00006423,20250306,ST002,PRD003,57,61,4270.0,305.0
PREP00006424,20250306,ST002,PRD004,49,49,3920.0,294.0
PREP00006425,20250306,ST002,PRD005,62,59,2065.0,118.0
PREP00006426,20250306,ST002,PRD006,35,35,2450.0,140.0
PREP00006427,20250306,ST002,PRD007,21,21,1680.0,105.0
PREP00006428,20250306,ST002,PRD008,36,39,2145.0,117.0
PREP00006429,20250306,ST002,PRD009,20,22,2090.0,132.0
PREP00006430,20250306,ST002,PRD010,30,32,3200.0,192.0
PREP00006431,20250306,ST002,PRD011,17,18,2520.0,144.0
PREP00006432,20250306,ST002,PRD012,28,27,4860.0,270.0
PREP00006433,20250306,ST002,PRD013,30,30,4800.0,270.0
PREP00006434,20250306,ST002,PRD014,25,27,2970.0,189.0
PREP00006435,20250306,ST002,PRD015,33,34,2210.0,170.0
PREP00006436,20250306,ST002,PRD016,15,16,1520.0,48.0
PREP00006437,20250306,ST002,PRD017,22,22,2420.0,66.0
PREP00006438,20250306,ST002,PRD018,19,20,1200.0,40.0
PREP00006439,20250306,ST002,PRD019,27,29,1015.0,58.0
PREP00006440,20250306,ST002,PRD020,22,21,1155.0,63.0
PREP00006441,20250306,ST003,PRD001,36,37,1665.0,111.0
PREP00006442,20250306,ST003,PRD002,34,37,2405.0,185.0
PREP00006443,20250306,ST003,PRD003,34,35,2450.0,175.0
PREP00006444,20250306,ST003,PRD004,57,61,4880.0,366.0
PREP00006445,20250306,ST003,PRD005,31,30,1050.0,60.0
PREP00006446,20250306,ST003,PRD006,25,24,1680.0,96.0
PREP00006447,20250306,ST003,PRD007,29,30,2400.0,150.0
PREP00006448,20250306,ST003,PRD008,28,30,1650.0,90.0
PREP00006449,20250306,ST003,PRD009,13,13,1235.0,78.0
PREP00006450,20250306,ST003,PRD010,10,10,1000.0,60.0
PREP00006451,20250306,ST003,PRD011,22,23,3220.0,184.0
PREP00006452,20250306,ST003,PRD012,11,12,2160.0,120.0
PREP00006453,20250306,ST003,PRD013,34,37,5920.0,333.0
PREP00006454,20250306,ST003,PRD014,26,25,2750.0,175.0
PREP00006455,20250306,ST003,PRD015,13,14,910.0,70.0
PREP00006456,20250306,ST003,PRD016,13,14,1330.0,42.0
PREP00006457,20250306,ST003,PRD017,15,16,1760.0,48.0
PREP00006458,20250306,ST003,PRD018,9,10,600.0,20.0
PREP00006459,20250306,ST003,PRD019,9,9,315.0,18.0
PREP00006460,20250306,ST003,PRD020,15,14,770.0,42.0
PREP00006461,20250306,ST004,PRD001,81,86,3870.0,258.0
PREP00006462,20250306,ST004,PRD002,34,35,2275.0,175.0
PREP00006463,20250306,ST004,PRD003,75,73,5110.0,365.0
PREP00006464,20250306,ST004,PRD004,50,52,4160.0,312.0
PREP00006465,20250306,ST004,PRD005,95,101,3535.0,202.0
PREP00006466,20250306,ST004,PRD006,46,46,3220.0,184.0
PREP00006467,20250306,ST004,PRD007,51,54,4320.0,270.0
PREP00006468,20250306,ST004,PRD008,45,44,2420.0,132.0
PREP00006469,20250306,ST004,PRD009,23,25,2375.0,150.0
PREP00006470,20250306,ST004,PRD010,17,18,1800.0,108.0
PREP00006471,20250306,ST004,PRD011,24,24,3360.0,192.0
PREP00006472,20250306,ST004,PRD012,26,28,5040.0,280.0
PREP00006473,20250306,ST004,PRD013,47,49,7840.0,441.0
PREP00006474,20250306,ST004,PRD014,54,55,6050.0,385.0
PREP00006475,20250306,ST004,PRD015,20,22,1430.0,110.0
PREP00006476,20250306,ST004,PRD016,24,24,2280.0,72.0
PREP00006477,20250306,ST004,PRD017,24,25,2750.0,75.0
PREP00006478,20250306,ST004,PRD018,25,24,1440.0,48.0
PREP00006479,20250306,ST004,PRD019,18,17,595.0,34.0
PREP00006480,20250306,ST004,PRD020,19,18,990.0,54.0
PREP00006481,20250306,ST005,PRD001,45,46,2070.0,138.0
PREP00006482,20250306,ST005,PRD002,50,49,3185.0,245.0
PREP00006483,20250306,ST005,PRD003,52,57,3990.0,285.0
PREP00006484,20250306,ST005,PRD004,26,26,2080.0,156.0
PREP00006485,20250306,ST005,PRD005,53,54,1890.0,108.0
PREP00006486,20250306,ST005,PRD006,44,45,3150.0,180.0
PREP00006487,20250306,ST005,PRD007,32,32,2560.0,160.0
PREP00006488,20250306,ST005,PRD008,47,50,2750.0,150.0
PREP00006489,20250306,ST005,PRD009,31,32,3040.0,192.0
PREP00006490,20250306,ST005,PRD010,7,8,800.0,48.0
PREP00006491,20250306,ST005,PRD011,18,18,2520.0,144.0
PREP00006492,20250306,ST005,PRD012,13,13,2340.0,130.0
PREP00006493,20250306,ST005,PRD013,16,17,2720.0,153.0
PREP00006494,20250306,ST005,PRD014,25,24,2640.0,168.0
PREP00006495,20250306,ST005,PRD015,17,17,1105.0,85.0
PREP00006496,20250306,ST005,PRD016,19,21,1995.0,63.0
PREP00006497,20250306,ST005,PRD017,13,13,1430.0,39.0
PREP00006498,20250306,ST005,PRD018,25,26,1560.0,52.0
PREP00006499,20250306,ST005,PRD019,13,14,490.0,28.0
PREP00006500,20250306,ST005,PRD020,22,23,1265.0,69.0
PREP00006501,20250307,ST001,PRD001,64,66,2970.0,198.0
PREP00006502,20250307,ST001,PRD002,78,81,5265.0,405.0
PREP00006503,20250307,ST001,PRD003,52,54,3780.0,270.0
PREP00006504,20250307,ST001,PRD004,49,52,4160.0,312.0
PREP00006505,20250307,ST001,PRD005,78,78,2730.0,156.0
PREP00006506,20250307,ST001,PRD006,85,83,5810.0,332.0
PREP00006507,20250307,ST001,PRD007,35,36,2880.0,180.0
PREP00006508,20250307,ST001,PRD008,64,68,3740.0,204.0
PREP00006509,20250307,ST001,PRD009,35,36,3420.0,216.0
PREP00006510,20250307,ST001,PRD010,42,41,4100.0,246.0
PREP00006511,20250307,ST001,PRD011,17,18,2520.0,144.0
PREP00006512,20250307,ST001,PRD012,27,27,4860.0,270.0
PREP00006513,20250307,ST001,PRD013,20,19,3040.0,171.0
PREP00006514,20250307,ST001,PRD014,17,16,1760.0,112.0
PREP00006515,20250307,ST001,PRD015,33,35,2275.0,175.0
PREP00006516,20250307,ST001,PRD016,19,19,1805.0,57.0
PREP00006517,20250307,ST001,PRD017,13,12,1320.0,36.0
PREP00006518,20250307,ST001,PRD018,43,46,2760.0,92.0
PREP00006519,20250307,ST001,PRD019,26,25,875.0,50.0
PREP00006520,20250307,ST001,PRD020,39,41,2255.0,123.0
PREP00006521,20250307,ST002,PRD001,39,41,1845.0,123.0
PREP00006522,20250307,ST002,PRD002,51,55,3575.0,275.0
PREP00006523,20250307,ST002,PRD003,47,45,3150.0,225.0
PREP00006524,20250307,ST002,PRD004,32,33,2640.0,198.0
PREP00006525,20250307,ST002,PRD005,53,52,1820.0,104.0
PREP00006526,20250307,ST002,PRD006,28,28,1960.0,112.0
PREP00006527,20250307,ST002,PRD007,50,49,3920.0,245.0
PREP00006528,20250307,ST002,PRD008,31,32,1760.0,96.0
PREP00006529,20250307,ST002,PRD009,24,25,2375.0,150.0
PREP00006530,20250307,ST002,PRD010,17,17,1700.0,102.0
PREP00006531,20250307,ST002,PRD011,30,33,4620.0,264.0
PREP00006532,20250307,ST002,PRD012,17,18,3240.0,180.0
PREP00006533,20250307,ST002,PRD013,39,41,6560.0,369.0
PREP00006534,20250307,ST002,PRD014,48,46,5060.0,322.0
PREP00006535,20250307,ST002,PRD015,24,23,1495.0,115.0
PREP00006536,20250307,ST002,PRD016,10,10,950.0,30.0
PREP00006537,20250307,ST002,PRD017,17,17,1870.0,51.0
PREP00006538,20250307,ST002,PRD018,15,15,900.0,30.0
PREP00006539,20250307,ST002,PRD019,16,18,630.0,36.0
PREP00006540,20250307,ST002,PRD020,14,14,770.0,42.0
PREP00006541,20250307,ST003,PRD001,32,35,1575.0,105.0
PREP00006542,20250307,ST003,PRD002,54,54,3510.0,270.0
PREP00006543,20250307,ST003,PRD003,43,45,3150.0,225.0
PREP00006544,20250307,ST003,PRD004,33,32,2560.0,192.0
PREP00006545,20250307,ST003,PRD005,26,25,875.0,50.0
PREP00006546,20250307,ST003,PRD006,28,31,2170.0,124.0
PREP00006547,20250307,ST003,PRD007,41,45,3600.0,225.0
PREP00006548,20250307,ST003,PRD008,18,19,1045.0,57.0
PREP00006549,20250307,ST003,PRD009,23,25,2375.0,150.0
PREP00006550,20250307,ST003,PRD010,13,14,1400.0,84.0
PREP00006551,20250307,ST003,PRD011,10,10,1400.0,80.0
PREP00006552,20250307,ST003,PRD012,22,22,3960.0,220.0
PREP00006553,20250307,ST003,PRD013,29,31,4960.0,279.0
PREP00006554,20250307,ST003,PRD014,17,16,1760.0,112.0
PREP00006555,20250307,ST003,PRD015,20,19,1235.0,95.0
PREP00006556,20250307,ST003,PRD016,17,17,1615.0,51.0
PREP00006557,20250307,ST003,PRD017,13,13,1430.0,39.0
PREP00006558,20250307,ST003,PRD018,11,11,660.0,22.0
PREP00006559,20250307,ST003,PRD019,8,8,280.0,16.0
PREP00006560,20250307,ST003,PRD020,9,10,550.0,30.0
PREP00006561,20250307,ST004,PRD001,62,68,3060.0,204.0
PREP00006562,20250307,ST004,PRD002,59,62,4030.0,310.0
PREP00006563,20250307,ST004,PRD003,47,46,3220.0,230.0
PREP00006564,20250307,ST004,PRD004,61,64,5120.0,384.0
PREP00006565,20250307,ST004,PRD005,109,107,3745.0,214.0
PREP00006566,20250307,ST004,PRD006,43,46,3220.0,184.0
PREP00006567,20250307,ST004,PRD007,89,85,6800.0,425.0
PREP00006568,20250307,ST004,PRD008,37,40,2200.0,120.0
PREP00006569,20250307,ST004,PRD009,29,31,2945.0,186.0
PREP00006570,20250307,ST004,PRD010,19,20,2000.0,120.0
PREP00006571,20250307,ST004,PRD011,23,23,3220.0,184.0
PREP00006572,20250307,ST004,PRD012,24,24,4320.0,240.0
PREP00006573,20250307,ST004,PRD013,51,53,8480.0,477.0
PREP00006574,20250307,ST004,PRD014,24,26,2860.0,182.0
PREP00006575,20250307,ST004,PRD015,33,34,2210.0,170.0
PREP00006576,20250307,ST004,PRD016,15,16,1520.0,48.0
PREP00006577,20250307,ST004,PRD017,20,21,2310.0,63.0
PREP00006578,20250307,ST004,PRD018,24,26,1560.0,52.0
PREP00006579,20250307,ST004,PRD019,30,29,1015.0,58.0
PREP00006580,20250307,ST004,PRD020,25,27,1485.0,81.0
PREP00006581,20250307,ST005,PRD001,58,59,2655.0,177.0
PREP00006582,20250307,ST005,PRD002,63,61,3965.0,305.0
PREP00006583,20250307,ST005,PRD003,41,40,2800.0,200.0
PREP00006584,20250307,ST005,PRD004,43,45,3600.0,270.0
PREP00006585,20250307,ST005,PRD005,39,40,1400.0,80.0
PREP00006586,20250307,ST005,PRD006,66,72,5040.0,288.0
PREP00006587,20250307,ST005,PRD007,24,26,2080.0,130.0
PREP00006588,20250307,ST005,PRD008,30,29,1595.0,87.0
PREP00006589,20250307,ST005,PRD009,21,22,2090.0,132.0
PREP00006590,20250307,ST005,PRD010,21,23,2300.0,138.0
PREP00006591,20250307,ST005,PRD011,35,38,5320.0,304.0
PREP00006592,20250307,ST005,PRD012,42,45,8100.0,450.0
PREP00006593,20250307,ST005,PRD013,23,25,4000.0,225.0
PREP00006594,20250307,ST005,PRD014,29,32,3520.0,224.0
PREP00006595,20250307,ST005,PRD015,35,36,2340.0,180.0
PREP00006596,20250307,ST005,PRD016,8,8,760.0,24.0
PREP00006597,20250307,ST005,PRD017,24,26,2860.0,78.0
PREP00006598,20250307,ST005,PRD018,15,16,960.0,32.0
PREP00006599,20250307,ST005,PRD019,28,29,1015.0,58.0
PREP00006600,20250307,ST005,PRD020,27,29,1595.0,87.0
PREP00006601,20250308,ST001,PRD001,101,110,4950.0,330.0
PREP00006602,20250308,ST001,PRD002,100,107,6955.0,535.0
PREP00006603,20250308,ST001,PRD003,78,78,5460.0,390.0
PREP00006604,20250308,ST001,PRD004,107,114,9120.0,684.0
PREP00006605,20250308,ST001,PRD005,76,80,2800.0,160.0
PREP00006606,20250308,ST001,PRD006,42,45,3150.0,180.0
PREP00006607,20250308,ST001,PRD007,77,75,6000.0,375.0
PREP00006608,20250308,ST001,PRD008,37,40,2200.0,120.0
PREP00006609,20250308,ST001,PRD009,45,43,4085.0,258.0
PREP00006610,20250308,ST001,PRD010,43,41,4100.0,246.0
PREP00006611,20250308,ST001,PRD011,41,40,5600.0,320.0
PREP00006612,20250308,ST001,PRD012,52,56,10080.0,560.0
PREP00006613,20250308,ST001,PRD013,37,36,5760.0,324.0
PREP00006614,20250308,ST001,PRD014,31,30,3300.0,210.0
PREP00006615,20250308,ST001,PRD015,45,44,2860.0,220.0
PREP00006616,20250308,ST001,PRD016,15,16,1520.0,48.0
PREP00006617,20250308,ST001,PRD017,22,22,2420.0,66.0
PREP00006618,20250308,ST001,PRD018,30,30,1800.0,60.0
PREP00006619,20250308,ST001,PRD019,20,20,700.0,40.0
PREP00006620,20250308,ST001,PRD020,20,20,1100.0,60.0
PREP00006621,20250308,ST002,PRD001,53,52,2340.0,156.0
PREP00006622,20250308,ST002,PRD002,46,48,3120.0,240.0
PREP00006623,20250308,ST002,PRD003,45,47,3290.0,235.0
PREP00006624,20250308,ST002,PRD004,47,48,3840.0,288.0
PREP00006625,20250308,ST002,PRD005,46,46,1610.0,92.0
PREP00006626,20250308,ST002,PRD006,19,20,1400.0,80.0
PREP00006627,20250308,ST002,PRD007,35,35,2800.0,175.0
PREP00006628,20250308,ST002,PRD008,44,42,2310.0,126.0
PREP00006629,20250308,ST002,PRD009,35,37,3515.0,222.0
PREP00006630,20250308,ST002,PRD010,24,26,2600.0,156.0
PREP00006631,20250308,ST002,PRD011,38,36,5040.0,288.0
PREP00006632,20250308,ST002,PRD012,23,24,4320.0,240.0
PREP00006633,20250308,ST002,PRD013,33,34,5440.0,306.0
PREP00006634,20250308,ST002,PRD014,26,25,2750.0,175.0
PREP00006635,20250308,ST002,PRD015,17,18,1170.0,90.0
PREP00006636,20250308,ST002,PRD016,24,24,2280.0,72.0
PREP00006637,20250308,ST002,PRD017,21,21,2310.0,63.0
PREP00006638,20250308,ST002,PRD018,27,26,1560.0,52.0
PREP00006639,20250308,ST002,PRD019,25,27,945.0,54.0
PREP00006640,20250308,ST002,PRD020,20,20,1100.0,60.0
PREP00006641,20250308,ST003,PRD001,39,37,1665.0,111.0
PREP00006642,20250308,ST003,PRD002,37,40,2600.0,200.0
PREP00006643,20250308,ST003,PRD003,48,52,3640.0,260.0
PREP00006644,20250308,ST003,PRD004,27,28,2240.0,168.0
PREP00006645,20250308,ST003,PRD005,37,39,1365.0,78.0
PREP00006646,20250308,ST003,PRD006,39,42,2940.0,168.0
PREP00006647,20250308,ST003,PRD007,38,36,2880.0,180.0
PREP00006648,20250308,ST003,PRD008,37,39,2145.0,117.0
PREP00006649,20250308,ST003,PRD009,38,41,3895.0,246.0
PREP00006650,20250308,ST003,PRD010,15,15,1500.0,90.0
PREP00006651,20250308,ST003,PRD011,15,15,2100.0,120.0
PREP00006652,20250308,ST003,PRD012,20,19,3420.0,190.0
PREP00006653,20250308,ST003,PRD013,34,33,5280.0,297.0
PREP00006654,20250308,ST003,PRD014,26,25,2750.0,175.0
PREP00006655,20250308,ST003,PRD015,22,24,1560.0,120.0
PREP00006656,20250308,ST003,PRD016,12,13,1235.0,39.0
PREP00006657,20250308,ST003,PRD017,8,8,880.0,24.0
PREP00006658,20250308,ST003,PRD018,21,22,1320.0,44.0
PREP00006659,20250308,ST003,PRD019,29,29,1015.0,58.0
PREP00006660,20250308,ST003,PRD020,16,17,935.0,51.0
PREP00006661,20250308,ST004,PRD001,92,89,4005.0,267.0
PREP00006662,20250308,ST004,PRD002,51,54,3510.0,270.0
PREP00006663,20250308,ST004,PRD003,69,71,4970.0,355.0
PREP00006664,20250308,ST004,PRD004,79,79,6320.0,474.0
PREP00006665,20250308,ST004,PRD005,129,123,4305.0,246.0
PREP00006666,20250308,ST004,PRD006,48,51,3570.0,204.0
PREP00006667,20250308,ST004,PRD007,81,78,6240.0,390.0
PREP00006668,20250308,ST004,PRD008,73,72,3960.0,216.0
PREP00006669,20250308,ST004,PRD009,45,46,4370.0,276.0
PREP00006670,20250308,ST004,PRD010,25,25,2500.0,150.0
PREP00006671,20250308,ST004,PRD011,45,45,6300.0,360.0
PREP00006672,20250308,ST004,PRD012,36,39,7020.0,390.0
PREP00006673,20250308,ST004,PRD013,61,66,10560.0,594.0
PREP00006674,20250308,ST004,PRD014,31,30,3300.0,210.0
PREP00006675,20250308,ST004,PRD015,59,62,4030.0,310.0
PREP00006676,20250308,ST004,PRD016,19,21,1995.0,63.0
PREP00006677,20250308,ST004,PRD017,21,21,2310.0,63.0
PREP00006678,20250308,ST004,PRD018,32,34,2040.0,68.0
PREP00006679,20250308,ST004,PRD019,23,23,805.0,46.0
PREP00006680,20250308,ST004,PRD020,40,39,2145.0,117.0
PREP00006681,20250308,ST005,PRD001,43,42,1890.0,126.0
PREP00006682,20250308,ST005,PRD002,73,69,4485.0,345.0
PREP00006683,20250308,ST005,PRD003,45,48,3360.0,240.0
PREP00006684,20250308,ST005,PRD004,31,33,2640.0,198.0
PREP00006685,20250308,ST005,PRD005,42,40,1400.0,80.0
PREP00006686,20250308,ST005,PRD006,70,68,4760.0,272.0
PREP00006687,20250308,ST005,PRD007,61,66,5280.0,330.0
PREP00006688,20250308,ST005,PRD008,46,45,2475.0,135.0
PREP00006689,20250308,ST005,PRD009,17,17,1615.0,102.0
PREP00006690,20250308,ST005,PRD010,19,19,1900.0,114.0
PREP00006691,20250308,ST005,PRD011,22,23,3220.0,184.0
PREP00006692,20250308,ST005,PRD012,30,29,5220.0,290.0
PREP00006693,20250308,ST005,PRD013,41,42,6720.0,378.0
PREP00006694,20250308,ST005,PRD014,32,31,3410.0,217.0
PREP00006695,20250308,ST005,PRD015,43,47,3055.0,235.0
PREP00006696,20250308,ST005,PRD016,25,25,2375.0,75.0
PREP00006697,20250308,ST005,PRD017,15,16,1760.0,48.0
PREP00006698,20250308,ST005,PRD018,10,10,600.0,20.0
PREP00006699,20250308,ST005,PRD019,14,13,455.0,26.0
PREP00006700,20250308,ST005,PRD020,20,22,1210.0,66.0
PREP00006701,20250309,ST001,PRD001,57,54,2430.0,162.0
PREP00006702,20250309,ST001,PRD002,120,131,8515.0,655.0
PREP00006703,20250309,ST001,PRD003,56,58,4060.0,290.0
PREP00006704,20250309,ST001,PRD004,66,70,5600.0,420.0
PREP00006705,20250309,ST001,PRD005,62,65,2275.0,130.0
PREP00006706,20250309,ST001,PRD006,66,71,4970.0,284.0
PREP00006707,20250309,ST001,PRD007,69,73,5840.0,365.0
PREP00006708,20250309,ST001,PRD008,76,79,4345.0,237.0
PREP00006709,20250309,ST001,PRD009,47,50,4750.0,300.0
PREP00006710,20250309,ST001,PRD010,16,15,1500.0,90.0
PREP00006711,20250309,ST001,PRD011,52,50,7000.0,400.0
PREP00006712,20250309,ST001,PRD012,42,41,7380.0,410.0
PREP00006713,20250309,ST001,PRD013,61,61,9760.0,549.0
PREP00006714,20250309,ST001,PRD014,40,41,4510.0,287.0
PREP00006715,20250309,ST001,PRD015,52,57,3705.0,285.0
PREP00006716,20250309,ST001,PRD016,25,26,2470.0,78.0
PREP00006717,20250309,ST001,PRD017,14,14,1540.0,42.0
PREP00006718,20250309,ST001,PRD018,49,50,3000.0,100.0
PREP00006719,20250309,ST001,PRD019,35,38,1330.0,76.0
PREP00006720,20250309,ST001,PRD020,36,38,2090.0,114.0
PREP00006721,20250309,ST002,PRD001,73,76,3420.0,228.0
PREP00006722,20250309,ST002,PRD002,70,73,4745.0,365.0
PREP00006723,20250309,ST002,PRD003,40,39,2730.0,195.0
PREP00006724,20250309,ST002,PRD004,74,74,5920.0,444.0
PREP00006725,20250309,ST002,PRD005,58,61,2135.0,122.0
PREP00006726,20250309,ST002,PRD006,29,29,2030.0,116.0
PREP00006727,20250309,ST002,PRD007,58,58,4640.0,290.0
PREP00006728,20250309,ST002,PRD008,46,46,2530.0,138.0
PREP00006729,20250309,ST002,PRD009,40,43,4085.0,258.0
PREP00006730,20250309,ST002,PRD010,32,32,3200.0,192.0
PREP00006731,20250309,ST002,PRD011,33,35,4900.0,280.0
PREP00006732,20250309,ST002,PRD012,30,30,5400.0,300.0
PREP00006733,20250309,ST002,PRD013,18,18,2880.0,162.0
PREP00006734,20250309,ST002,PRD014,22,23,2530.0,161.0
PREP00006735,20250309,ST002,PRD015,30,29,1885.0,145.0
PREP00006736,20250309,ST002,PRD016,23,23,2185.0,69.0
PREP00006737,20250309,ST002,PRD017,24,24,2640.0,72.0
PREP00006738,20250309,ST002,PRD018,20,20,1200.0,40.0
PREP00006739,20250309,ST002,PRD019,22,23,805.0,46.0
PREP00006740,20250309,ST002,PRD020,29,31,1705.0,93.0
PREP00006741,20250309,ST003,PRD001,66,69,3105.0,207.0
PREP00006742,20250309,ST003,PRD002,25,27,1755.0,135.0
PREP00006743,20250309,ST003,PRD003,69,67,4690.0,335.0
PREP00006744,20250309,ST003,PRD004,60,61,4880.0,366.0
PREP00006745,20250309,ST003,PRD005,46,47,1645.0,94.0
PREP00006746,20250309,ST003,PRD006,37,38,2660.0,152.0
PREP00006747,20250309,ST003,PRD007,51,50,4000.0,250.0
PREP00006748,20250309,ST003,PRD008,34,34,1870.0,102.0
PREP00006749,20250309,ST003,PRD009,21,23,2185.0,138.0
PREP00006750,20250309,ST003,PRD010,22,21,2100.0,126.0
PREP00006751,20250309,ST003,PRD011,13,14,1960.0,112.0
PREP00006752,20250309,ST003,PRD012,18,18,3240.0,180.0
PREP00006753,20250309,ST003,PRD013,27,28,4480.0,252.0
PREP00006754,20250309,ST003,PRD014,15,16,1760.0,112.0
PREP00006755,20250309,ST003,PRD015,21,20,1300.0,100.0
PREP00006756,20250309,ST003,PRD016,11,12,1140.0,36.0
PREP00006757,20250309,ST003,PRD017,18,18,1980.0,54.0
PREP00006758,20250309,ST003,PRD018,23,22,1320.0,44.0
PREP00006759,20250309,ST003,PRD019,11,11,385.0,22.0
PREP00006760,20250309,ST003,PRD020,11,11,605.0,33.0
PREP00006761,20250309,ST004,PRD001,92,91,4095.0,273.0
PREP00006762,20250309,ST004,PRD002,90,89,5785.0,445.0
PREP00006763,20250309,ST004,PRD003,48,52,3640.0,260.0
PREP00006764,20250309,ST004,PRD004,49,48,3840.0,288.0
PREP00006765,20250309,ST004,PRD005,77,80,2800.0,160.0
PREP00006766,20250309,ST004,PRD006,72,72,5040.0,288.0
PREP00006767,20250309,ST004,PRD007,40,40,3200.0,200.0
PREP00006768,20250309,ST004,PRD008,78,77,4235.0,231.0
PREP00006769,20250309,ST004,PRD009,31,32,3040.0,192.0
PREP00006770,20250309,ST004,PRD010,24,25,2500.0,150.0
PREP00006771,20250309,ST004,PRD011,40,39,5460.0,312.0
PREP00006772,20250309,ST004,PRD012,50,50,9000.0,500.0
PREP00006773,20250309,ST004,PRD013,40,43,6880.0,387.0
PREP00006774,20250309,ST004,PRD014,52,51,5610.0,357.0
PREP00006775,20250309,ST004,PRD015,34,37,2405.0,185.0
PREP00006776,20250309,ST004,PRD016,21,22,2090.0,66.0
PREP00006777,20250309,ST004,PRD017,21,21,2310.0,63.0
PREP00006778,20250309,ST004,PRD018,43,41,2460.0,82.0
PREP00006779,20250309,ST004,PRD019,58,57,1995.0,114.0
PREP00006780,20250309,ST004,PRD020,18,18,990.0,54.0
PREP00006781,20250309,ST005,PRD001,33,32,1440.0,96.0
PREP00006782,20250309,ST005,PRD002,48,47,3055.0,235.0
PREP00006783,20250309,ST005,PRD003,46,48,3360.0,240.0
PREP00006784,20250309,ST005,PRD004,62,62,4960.0,372.0
PREP00006785,20250309,ST005,PRD005,51,49,1715.0,98.0
PREP00006786,20250309,ST005,PRD006,46,49,3430.0,196.0
PREP00006787,20250309,ST005,PRD007,64,68,5440.0,340.0
PREP00006788,20250309,ST005,PRD008,36,38,2090.0,114.0
PREP00006789,20250309,ST005,PRD009,29,30,2850.0,180.0
PREP00006790,20250309,ST005,PRD010,25,27,2700.0,162.0
PREP00006791,20250309,ST005,PRD011,20,21,2940.0,168.0
PREP00006792,20250309,ST005,PRD012,20,20,3600.0,200.0
PREP00006793,20250309,ST005,PRD013,27,28,4480.0,252.0
PREP00006794,20250309,ST005,PRD014,21,22,2420.0,154.0
PREP00006795,20250309,ST005,PRD015,32,34,2210.0,170.0
PREP00006796,20250309,ST005,PRD016,13,14,1330.0,42.0
PREP00006797,20250309,ST005,PRD017,10,11,1210.0,33.0
PREP00006798,20250309,ST005,PRD018,12,12,720.0,24.0
PREP00006799,20250309,ST005,PRD019,27,27,945.0,54.0
PREP00006800,20250309,ST005,PRD020,18,18,990.0,54.0
PREP00006801,20250310,ST001,PRD001,48,49,2205.0,147.0
PREP00006802,20250310,ST001,PRD002,39,43,2795.0,215.0
PREP00006803,20250310,ST001,PRD003,63,66,4620.0,330.0
PREP00006804,20250310,ST001,PRD004,34,36,2880.0,216.0
PREP00006805,20250310,ST001,PRD005,34,34,1190.0,68.0
PREP00006806,20250310,ST001,PRD006,33,34,2380.0,136.0
PREP00006807,20250310,ST001,PRD007,55,60,4800.0,300.0
PREP00006808,20250310,ST001,PRD008,20,20,1100.0,60.0
PREP00006809,20250310,ST001,PRD009,41,41,3895.0,246.0
PREP00006810,20250310,ST001,PRD010,42,43,4300.0,258.0
PREP00006811,20250310,ST001,PRD011,26,28,3920.0,224.0
PREP00006812,20250310,ST001,PRD012,32,33,5940.0,330.0
PREP00006813,20250310,ST001,PRD013,22,24,3840.0,216.0
PREP00006814,20250310,ST001,PRD014,42,42,4620.0,294.0
PREP00006815,20250310,ST001,PRD015,43,41,2665.0,205.0
PREP00006816,20250310,ST001,PRD016,24,23,2185.0,69.0
PREP00006817,20250310,ST001,PRD017,28,27,2970.0,81.0
PREP00006818,20250310,ST001,PRD018,26,28,1680.0,56.0
PREP00006819,20250310,ST001,PRD019,30,30,1050.0,60.0
PREP00006820,20250310,ST001,PRD020,39,39,2145.0,117.0
PREP00006821,20250310,ST002,PRD001,41,40,1800.0,120.0
PREP00006822,20250310,ST002,PRD002,71,73,4745.0,365.0
PREP00006823,20250310,ST002,PRD003,24,23,1610.0,115.0
PREP00006824,20250310,ST002,PRD004,31,32,2560.0,192.0
PREP00006825,20250310,ST002,PRD005,51,56,1960.0,112.0
PREP00006826,20250310,ST002,PRD006,47,46,3220.0,184.0
PREP00006827,20250310,ST002,PRD007,42,46,3680.0,230.0
PREP00006828,20250310,ST002,PRD008,37,36,1980.0,108.0
PREP00006829,20250310,ST002,PRD009,29,28,2660.0,168.0
PREP00006830,20250310,ST002,PRD010,32,31,3100.0,186.0
PREP00006831,20250310,ST002,PRD011,24,26,3640.0,208.0
PREP00006832,20250310,ST002,PRD012,22,21,3780.0,210.0
PREP00006833,20250310,ST002,PRD013,47,50,8000.0,450.0
PREP00006834,20250310,ST002,PRD014,16,16,1760.0,112.0
PREP00006835,20250310,ST002,PRD015,33,33,2145.0,165.0
PREP00006836,20250310,ST002,PRD016,7,8,760.0,24.0
PREP00006837,20250310,ST002,PRD017,10,10,1100.0,30.0
PREP00006838,20250310,ST002,PRD018,21,22,1320.0,44.0
PREP00006839,20250310,ST002,PRD019,16,16,560.0,32.0
PREP00006840,20250310,ST002,PRD020,20,19,1045.0,57.0
PREP00006841,20250310,ST003,PRD001,25,27,1215.0,81.0
PREP00006842,20250310,ST003,PRD002,36,37,2405.0,185.0
PREP00006843,20250310,ST003,PRD003,39,38,2660.0,190.0
PREP00006844,20250310,ST003,PRD004,28,27,2160.0,162.0
PREP00006845,20250310,ST003,PRD005,27,28,980.0,56.0
PREP00006846,20250310,ST003,PRD006,28,27,1890.0,108.0
PREP00006847,20250310,ST003,PRD007,23,22,1760.0,110.0
PREP00006848,20250310,ST003,PRD008,17,18,990.0,54.0
PREP00006849,20250310,ST003,PRD009,17,17,1615.0,102.0
PREP00006850,20250310,ST003,PRD010,14,14,1400.0,84.0
PREP00006851,20250310,ST003,PRD011,13,14,1960.0,112.0
PREP00006852,20250310,ST003,PRD012,17,17,3060.0,170.0
PREP00006853,20250310,ST003,PRD013,21,22,3520.0,198.0
PREP00006854,20250310,ST003,PRD014,15,16,1760.0,112.0
PREP00006855,20250310,ST003,PRD015,22,22,1430.0,110.0
PREP00006856,20250310,ST003,PRD016,17,17,1615.0,51.0
PREP00006857,20250310,ST003,PRD017,14,14,1540.0,42.0
PREP00006858,20250310,ST003,PRD018,14,14,840.0,28.0
PREP00006859,20250310,ST003,PRD019,16,17,595.0,34.0
PREP00006860,20250310,ST003,PRD020,6,6,330.0,18.0
PREP00006861,20250310,ST004,PRD001,77,77,3465.0,231.0
PREP00006862,20250310,ST004,PRD002,44,42,2730.0,210.0
PREP00006863,20250310,ST004,PRD003,66,69,4830.0,345.0
PREP00006864,20250310,ST004,PRD004,48,52,4160.0,312.0
PREP00006865,20250310,ST004,PRD005,65,69,2415.0,138.0
PREP00006866,20250310,ST004,PRD006,63,63,4410.0,252.0
PREP00006867,20250310,ST004,PRD007,46,44,3520.0,220.0
PREP00006868,20250310,ST004,PRD008,43,44,2420.0,132.0
PREP00006869,20250310,ST004,PRD009,22,22,2090.0,132.0
PREP00006870,20250310,ST004,PRD010,31,34,3400.0,204.0
PREP00006871,20250310,ST004,PRD011,25,25,3500.0,200.0
PREP00006872,20250310,ST004,PRD012,24,26,4680.0,260.0
PREP00006873,20250310,ST004,PRD013,31,34,5440.0,306.0
PREP00006874,20250310,ST004,PRD014,22,21,2310.0,147.0
PREP00006875,20250310,ST004,PRD015,33,33,2145.0,165.0
PREP00006876,20250310,ST004,PRD016,27,27,2565.0,81.0
PREP00006877,20250310,ST004,PRD017,13,13,1430.0,39.0
PREP00006878,20250310,ST004,PRD018,24,25,1500.0,50.0
PREP00006879,20250310,ST004,PRD019,51,55,1925.0,110.0
PREP00006880,20250310,ST004,PRD020,30,30,1650.0,90.0
PREP00006881,20250310,ST005,PRD001,55,60,2700.0,180.0
PREP00006882,20250310,ST005,PRD002,27,30,1950.0,150.0
PREP00006883,20250310,ST005,PRD003,34,36,2520.0,180.0
PREP00006884,20250310,ST005,PRD004,34,32,2560.0,192.0
PREP00006885,20250310,ST005,PRD005,23,24,840.0,48.0
PREP00006886,20250310,ST005,PRD006,29,29,2030.0,116.0
PREP00006887,20250310,ST005,PRD007,25,25,2000.0,125.0
PREP00006888,20250310,ST005,PRD008,26,26,1430.0,78.0
PREP00006889,20250310,ST005,PRD009,16,16,1520.0,96.0
PREP00006890,20250310,ST005,PRD010,20,20,2000.0,120.0
PREP00006891,20250310,ST005,PRD011,15,16,2240.0,128.0
PREP00006892,20250310,ST005,PRD012,22,23,4140.0,230.0
PREP00006893,20250310,ST005,PRD013,33,34,5440.0,306.0
PREP00006894,20250310,ST005,PRD014,30,33,3630.0,231.0
PREP00006895,20250310,ST005,PRD015,48,48,3120.0,240.0
PREP00006896,20250310,ST005,PRD016,14,14,1330.0,42.0
PREP00006897,20250310,ST005,PRD017,14,14,1540.0,42.0
PREP00006898,20250310,ST005,PRD018,9,10,600.0,20.0
PREP00006899,20250310,ST005,PRD019,18,18,630.0,36.0
PREP00006900,20250310,ST005,PRD020,21,20,1100.0,60.0
PREP00006901,20250311,ST001,PRD001,49,54,2430.0,162.0
PREP00006902,20250311,ST001,PRD002,40,41,2665.0,205.0
PREP00006903,20250311,ST001,PRD003,86,92,6440.0,460.0
PREP00006904,20250311,ST001,PRD004,56,58,4640.0,348.0
PREP00006905,20250311,ST001,PRD005,50,54,1890.0,108.0
PREP00006906,20250311,ST001,PRD006,27,26,1820.0,104.0
PREP00006907,20250311,ST001,PRD007,44,44,3520.0,220.0
PREP00006908,20250311,ST001,PRD008,47,45,2475.0,135.0
PREP00006909,20250311,ST001,PRD009,35,38,3610.0,228.0
PREP00006910,20250311,ST001,PRD010,17,17,1700.0,102.0
PREP00006911,20250311,ST001,PRD011,24,24,3360.0,192.0
PREP00006912,20250311,ST001,PRD012,48,50,9000.0,500.0
PREP00006913,20250311,ST001,PRD013,51,55,8800.0,495.0
PREP00006914,20250311,ST001,PRD014,57,56,6160.0,392.0
PREP00006915,20250311,ST001,PRD015,44,48,3120.0,240.0
PREP00006916,20250311,ST001,PRD016,20,20,1900.0,60.0
PREP00006917,20250311,ST001,PRD017,12,12,1320.0,36.0
PREP00006918,20250311,ST001,PRD018,21,23,1380.0,46.0
PREP00006919,20250311,ST001,PRD019,28,29,1015.0,58.0
PREP00006920,20250311,ST001,PRD020,42,45,2475.0,135.0
PREP00006921,20250311,ST002,PRD001,23,25,1125.0,75.0
PREP00006922,20250311,ST002,PRD002,49,49,3185.0,245.0
PREP00006923,20250311,ST002,PRD003,42,42,2940.0,210.0
PREP00006924,20250311,ST002,PRD004,48,53,4240.0,318.0
PREP00006925,20250311,ST002,PRD005,35,36,1260.0,72.0
PREP00006926,20250311,ST002,PRD006,23,23,1610.0,92.0
PREP00006927,20250311,ST002,PRD007,28,29,2320.0,145.0
PREP00006928,20250311,ST002,PRD008,37,36,1980.0,108.0
PREP00006929,20250311,ST002,PRD009,32,33,3135.0,198.0
PREP00006930,20250311,ST002,PRD010,12,12,1200.0,72.0
PREP00006931,20250311,ST002,PRD011,21,21,2940.0,168.0
PREP00006932,20250311,ST002,PRD012,23,23,4140.0,230.0
PREP00006933,20250311,ST002,PRD013,21,20,3200.0,180.0
PREP00006934,20250311,ST002,PRD014,23,24,2640.0,168.0
PREP00006935,20250311,ST002,PRD015,49,47,3055.0,235.0
PREP00006936,20250311,ST002,PRD016,9,10,950.0,30.0
PREP00006937,20250311,ST002,PRD017,15,16,1760.0,48.0
PREP00006938,20250311,ST002,PRD018,13,13,780.0,26.0
PREP00006939,20250311,ST002,PRD019,13,14,490.0,28.0
PREP00006940,20250311,ST002,PRD020,17,17,935.0,51.0
PREP00006941,20250311,ST003,PRD001,48,49,2205.0,147.0
PREP00006942,20250311,ST003,PRD002,47,49,3185.0,245.0
PREP00006943,20250311,ST003,PRD003,22,24,1680.0,120.0
PREP00006944,20250311,ST003,PRD004,22,23,1840.0,138.0
PREP00006945,20250311,ST003,PRD005,26,25,875.0,50.0
PREP00006946,20250311,ST003,PRD006,33,33,2310.0,132.0
PREP00006947,20250311,ST003,PRD007,35,34,2720.0,170.0
PREP00006948,20250311,ST003,PRD008,35,33,1815.0,99.0
PREP00006949,20250311,ST003,PRD009,29,30,2850.0,180.0
PREP00006950,20250311,ST003,PRD010,13,14,1400.0,84.0
PREP00006951,20250311,ST003,PRD011,23,24,3360.0,192.0
PREP00006952,20250311,ST003,PRD012,16,15,2700.0,150.0
PREP00006953,20250311,ST003,PRD013,12,12,1920.0,108.0
PREP00006954,20250311,ST003,PRD014,20,20,2200.0,140.0
PREP00006955,20250311,ST003,PRD015,21,23,1495.0,115.0
PREP00006956,20250311,ST003,PRD016,17,18,1710.0,54.0
PREP00006957,20250311,ST003,PRD017,5,5,550.0,15.0
PREP00006958,20250311,ST003,PRD018,12,11,660.0,22.0
PREP00006959,20250311,ST003,PRD019,15,16,560.0,32.0
PREP00006960,20250311,ST003,PRD020,15,16,880.0,48.0
PREP00006961,20250311,ST004,PRD001,54,53,2385.0,159.0
PREP00006962,20250311,ST004,PRD002,48,53,3445.0,265.0
PREP00006963,20250311,ST004,PRD003,64,66,4620.0,330.0
PREP00006964,20250311,ST004,PRD004,52,54,4320.0,324.0
PREP00006965,20250311,ST004,PRD005,72,71,2485.0,142.0
PREP00006966,20250311,ST004,PRD006,39,41,2870.0,164.0
PREP00006967,20250311,ST004,PRD007,45,47,3760.0,235.0
PREP00006968,20250311,ST004,PRD008,42,41,2255.0,123.0
PREP00006969,20250311,ST004,PRD009,30,32,3040.0,192.0
PREP00006970,20250311,ST004,PRD010,16,17,1700.0,102.0
PREP00006971,20250311,ST004,PRD011,44,46,6440.0,368.0
PREP00006972,20250311,ST004,PRD012,40,40,7200.0,400.0
PREP00006973,20250311,ST004,PRD013,61,61,9760.0,549.0
PREP00006974,20250311,ST004,PRD014,53,54,5940.0,378.0
PREP00006975,20250311,ST004,PRD015,45,44,2860.0,220.0
PREP00006976,20250311,ST004,PRD016,11,11,1045.0,33.0
PREP00006977,20250311,ST004,PRD017,22,22,2420.0,66.0
PREP00006978,20250311,ST004,PRD018,24,23,1380.0,46.0
PREP00006979,20250311,ST004,PRD019,22,23,805.0,46.0
PREP00006980,20250311,ST004,PRD020,24,23,1265.0,69.0
PREP00006981,20250311,ST005,PRD001,59,57,2565.0,171.0
PREP00006982,20250311,ST005,PRD002,39,42,2730.0,210.0
PREP00006983,20250311,ST005,PRD003,32,33,2310.0,165.0
PREP00006984,20250311,ST005,PRD004,60,61,4880.0,366.0
PREP00006985,20250311,ST005,PRD005,52,54,1890.0,108.0
PREP00006986,20250311,ST005,PRD006,60,62,4340.0,248.0
PREP00006987,20250311,ST005,PRD007,33,36,2880.0,180.0
PREP00006988,20250311,ST005,PRD008,52,53,2915.0,159.0
PREP00006989,20250311,ST005,PRD009,38,37,3515.0,222.0
PREP00006990,20250311,ST005,PRD010,34,33,3300.0,198.0
PREP00006991,20250311,ST005,PRD011,17,18,2520.0,144.0
PREP00006992,20250311,ST005,PRD012,21,21,3780.0,210.0
PREP00006993,20250311,ST005,PRD013,38,40,6400.0,360.0
PREP00006994,20250311,ST005,PRD014,18,19,2090.0,133.0
PREP00006995,20250311,ST005,PRD015,22,21,1365.0,105.0
PREP00006996,20250311,ST005,PRD016,17,19,1805.0,57.0
PREP00006997,20250311,ST005,PRD017,21,21,2310.0,63.0
PREP00006998,20250311,ST005,PRD018,34,35,2100.0,70.0
PREP00006999,20250311,ST005,PRD019,25,24,840.0,48.0
PREP00007000,20250311,ST005,PRD020,30,33,1815.0,99.0
PREP00007001,20250312,ST001,PRD001,91,93,4185.0,279.0
PREP00007002,20250312,ST001,PRD002,46,45,2925.0,225.0
PREP00007003,20250312,ST001,PRD003,63,62,4340.0,310.0
PREP00007004,20250312,ST001,PRD004,69,75,6000.0,450.0
PREP00007005,20250312,ST001,PRD005,57,60,2100.0,120.0
PREP00007006,20250312,ST001,PRD006,51,54,3780.0,216.0
PREP00007007,20250312,ST001,PRD007,39,41,3280.0,205.0
PREP00007008,20250312,ST001,PRD008,68,68,3740.0,204.0
PREP00007009,20250312,ST001,PRD009,23,24,2280.0,144.0
PREP00007010,20250312,ST001,PRD010,38,39,3900.0,234.0
PREP00007011,20250312,ST001,PRD011,18,18,2520.0,144.0
PREP00007012,20250312,ST001,PRD012,59,63,11340.0,630.0
PREP00007013,20250312,ST001,PRD013,28,29,4640.0,261.0
PREP00007014,20250312,ST001,PRD014,34,37,4070.0,259.0
PREP00007015,20250312,ST001,PRD015,43,45,2925.0,225.0
PREP00007016,20250312,ST001,PRD016,26,28,2660.0,84.0
PREP00007017,20250312,ST001,PRD017,22,22,2420.0,66.0
PREP00007018,20250312,ST001,PRD018,24,25,1500.0,50.0
PREP00007019,20250312,ST001,PRD019,23,24,840.0,48.0
PREP00007020,20250312,ST001,PRD020,14,14,770.0,42.0
PREP00007021,20250312,ST002,PRD001,49,51,2295.0,153.0
PREP00007022,20250312,ST002,PRD002,49,50,3250.0,250.0
PREP00007023,20250312,ST002,PRD003,79,86,6020.0,430.0
PREP00007024,20250312,ST002,PRD004,83,86,6880.0,516.0
PREP00007025,20250312,ST002,PRD005,30,30,1050.0,60.0
PREP00007026,20250312,ST002,PRD006,29,30,2100.0,120.0
PREP00007027,20250312,ST002,PRD007,22,23,1840.0,115.0
PREP00007028,20250312,ST002,PRD008,24,24,1320.0,72.0
PREP00007029,20250312,ST002,PRD009,38,38,3610.0,228.0
PREP00007030,20250312,ST002,PRD010,22,23,2300.0,138.0
PREP00007031,20250312,ST002,PRD011,10,11,1540.0,88.0
PREP00007032,20250312,ST002,PRD012,34,34,6120.0,340.0
PREP00007033,20250312,ST002,PRD013,21,23,3680.0,207.0
PREP00007034,20250312,ST002,PRD014,34,34,3740.0,238.0
PREP00007035,20250312,ST002,PRD015,40,41,2665.0,205.0
PREP00007036,20250312,ST002,PRD016,17,17,1615.0,51.0
PREP00007037,20250312,ST002,PRD017,22,24,2640.0,72.0
PREP00007038,20250312,ST002,PRD018,36,36,2160.0,72.0
PREP00007039,20250312,ST002,PRD019,14,13,455.0,26.0
PREP00007040,20250312,ST002,PRD020,29,28,1540.0,84.0
PREP00007041,20250312,ST003,PRD001,21,21,945.0,63.0
PREP00007042,20250312,ST003,PRD002,39,38,2470.0,190.0
PREP00007043,20250312,ST003,PRD003,20,21,1470.0,105.0
PREP00007044,20250312,ST003,PRD004,21,22,1760.0,132.0
PREP00007045,20250312,ST003,PRD005,28,29,1015.0,58.0
PREP00007046,20250312,ST003,PRD006,28,29,2030.0,116.0
PREP00007047,20250312,ST003,PRD007,27,26,2080.0,130.0
PREP00007048,20250312,ST003,PRD008,41,44,2420.0,132.0
PREP00007049,20250312,ST003,PRD009,14,15,1425.0,90.0
PREP00007050,20250312,ST003,PRD010,9,9,900.0,54.0
PREP00007051,20250312,ST003,PRD011,25,25,3500.0,200.0
PREP00007052,20250312,ST003,PRD012,18,17,3060.0,170.0
PREP00007053,20250312,ST003,PRD013,21,21,3360.0,189.0
PREP00007054,20250312,ST003,PRD014,18,19,2090.0,133.0
PREP00007055,20250312,ST003,PRD015,12,13,845.0,65.0
PREP00007056,20250312,ST003,PRD016,12,13,1235.0,39.0
PREP00007057,20250312,ST003,PRD017,8,8,880.0,24.0
PREP00007058,20250312,ST003,PRD018,22,24,1440.0,48.0
PREP00007059,20250312,ST003,PRD019,21,23,805.0,46.0
PREP00007060,20250312,ST003,PRD020,14,14,770.0,42.0
PREP00007061,20250312,ST004,PRD001,83,88,3960.0,264.0
PREP00007062,20250312,ST004,PRD002,103,105,6825.0,525.0
PREP00007063,20250312,ST004,PRD003,39,41,2870.0,205.0
PREP00007064,20250312,ST004,PRD004,66,64,5120.0,384.0
PREP00007065,20250312,ST004,PRD005,92,92,3220.0,184.0
PREP00007066,20250312,ST004,PRD006,57,56,3920.0,224.0
PREP00007067,20250312,ST004,PRD007,42,44,3520.0,220.0
PREP00007068,20250312,ST004,PRD008,44,46,2530.0,138.0
PREP00007069,20250312,ST004,PRD009,31,33,3135.0,198.0
PREP00007070,20250312,ST004,PRD010,50,49,4900.0,294.0
PREP00007071,20250312,ST004,PRD011,22,23,3220.0,184.0
PREP00007072,20250312,ST004,PRD012,45,44,7920.0,440.0
PREP00007073,20250312,ST004,PRD013,61,65,10400.0,585.0
PREP00007074,20250312,ST004,PRD014,26,26,2860.0,182.0
PREP00007075,20250312,ST004,PRD015,38,40,2600.0,200.0
PREP00007076,20250312,ST004,PRD016,13,13,1235.0,39.0
PREP00007077,20250312,ST004,PRD017,22,22,2420.0,66.0
PREP00007078,20250312,ST004,PRD018,14,15,900.0,30.0
PREP00007079,20250312,ST004,PRD019,31,33,1155.0,66.0
PREP00007080,20250312,ST004,PRD020,28,31,1705.0,93.0
PREP00007081,20250312,ST005,PRD001,52,55,2475.0,165.0
PREP00007082,20250312,ST005,PRD002,47,48,3120.0,240.0
PREP00007083,20250312,ST005,PRD003,58,58,4060.0,290.0
PREP00007084,20250312,ST005,PRD004,35,34,2720.0,204.0
PREP00007085,20250312,ST005,PRD005,45,46,1610.0,92.0
PREP00007086,20250312,ST005,PRD006,25,25,1750.0,100.0
PREP00007087,20250312,ST005,PRD007,47,51,4080.0,255.0
PREP00007088,20250312,ST005,PRD008,27,27,1485.0,81.0
PREP00007089,20250312,ST005,PRD009,34,37,3515.0,222.0
PREP00007090,20250312,ST005,PRD010,12,12,1200.0,72.0
PREP00007091,20250312,ST005,PRD011,25,26,3640.0,208.0
PREP00007092,20250312,ST005,PRD012,33,32,5760.0,320.0
PREP00007093,20250312,ST005,PRD013,14,14,2240.0,126.0
PREP00007094,20250312,ST005,PRD014,44,47,5170.0,329.0
PREP00007095,20250312,ST005,PRD015,37,39,2535.0,195.0
PREP00007096,20250312,ST005,PRD016,7,8,760.0,24.0
PREP00007097,20250312,ST005,PRD017,20,20,2200.0,60.0
PREP00007098,20250312,ST005,PRD018,19,19,1140.0,38.0
PREP00007099,20250312,ST005,PRD019,29,28,980.0,56.0
PREP00007100,20250312,ST005,PRD020,14,15,825.0,45.0
PREP00007101,20250313,ST001,PRD001,69,68,3060.0,204.0
PREP00007102,20250313,ST001,PRD002,65,63,4095.0,315.0
PREP00007103,20250313,ST001,PRD003,64,65,4550.0,325.0
PREP00007104,20250313,ST001,PRD004,38,39,3120.0,234.0
PREP00007105,20250313,ST001,PRD005,36,36,1260.0,72.0
PREP00007106,20250313,ST001,PRD006,47,45,3150.0,180.0
PREP00007107,20250313,ST001,PRD007,48,48,3840.0,240.0
PREP00007108,20250313,ST001,PRD008,37,40,2200.0,120.0
PREP00007109,20250313,ST001,PRD009,54,56,5320.0,336.0
PREP00007110,20250313,ST001,PRD010,42,42,4200.0,252.0
PREP00007111,20250313,ST001,PRD011,31,31,4340.0,248.0
PREP00007112,20250313,ST001,PRD012,37,40,7200.0,400.0
PREP00007113,20250313,ST001,PRD013,35,34,5440.0,306.0
PREP00007114,20250313,ST001,PRD014,19,19,2090.0,133.0
PREP00007115,20250313,ST001,PRD015,28,30,1950.0,150.0
PREP00007116,20250313,ST001,PRD016,25,26,2470.0,78.0
PREP00007117,20250313,ST001,PRD017,11,12,1320.0,36.0
PREP00007118,20250313,ST001,PRD018,18,19,1140.0,38.0
PREP00007119,20250313,ST001,PRD019,21,21,735.0,42.0
PREP00007120,20250313,ST001,PRD020,24,24,1320.0,72.0
PREP00007121,20250313,ST002,PRD001,39,41,1845.0,123.0
PREP00007122,20250313,ST002,PRD002,43,47,3055.0,235.0
PREP00007123,20250313,ST002,PRD003,65,68,4760.0,340.0
PREP00007124,20250313,ST002,PRD004,50,48,3840.0,288.0
PREP00007125,20250313,ST002,PRD005,30,33,1155.0,66.0
PREP00007126,20250313,ST002,PRD006,41,40,2800.0,160.0
PREP00007127,20250313,ST002,PRD007,48,49,3920.0,245.0
PREP00007128,20250313,ST002,PRD008,51,53,2915.0,159.0
PREP00007129,20250313,ST002,PRD009,21,22,2090.0,132.0
PREP00007130,20250313,ST002,PRD010,25,27,2700.0,162.0
PREP00007131,20250313,ST002,PRD011,16,16,2240.0,128.0
PREP00007132,20250313,ST002,PRD012,30,31,5580.0,310.0
PREP00007133,20250313,ST002,PRD013,22,23,3680.0,207.0
PREP00007134,20250313,ST002,PRD014,21,21,2310.0,147.0
PREP00007135,20250313,ST002,PRD015,22,21,1365.0,105.0
PREP00007136,20250313,ST002,PRD016,20,22,2090.0,66.0
PREP00007137,20250313,ST002,PRD017,9,10,1100.0,30.0
PREP00007138,20250313,ST002,PRD018,24,25,1500.0,50.0
PREP00007139,20250313,ST002,PRD019,26,28,980.0,56.0
PREP00007140,20250313,ST002,PRD020,15,15,825.0,45.0
PREP00007141,20250313,ST003,PRD001,37,35,1575.0,105.0
PREP00007142,20250313,ST003,PRD002,50,53,3445.0,265.0
PREP00007143,20250313,ST003,PRD003,25,26,1820.0,130.0
PREP00007144,20250313,ST003,PRD004,48,49,3920.0,294.0
PREP00007145,20250313,ST003,PRD005,36,39,1365.0,78.0
PREP00007146,20250313,ST003,PRD006,24,24,1680.0,96.0
PREP00007147,20250313,ST003,PRD007,21,20,1600.0,100.0
PREP00007148,20250313,ST003,PRD008,34,36,1980.0,108.0
PREP00007149,20250313,ST003,PRD009,23,25,2375.0,150.0
PREP00007150,20250313,ST003,PRD010,20,20,2000.0,120.0
PREP00007151,20250313,ST003,PRD011,26,25,3500.0,200.0
PREP00007152,20250313,ST003,PRD012,11,12,2160.0,120.0
PREP00007153,20250313,ST003,PRD013,15,16,2560.0,144.0
PREP00007154,20250313,ST003,PRD014,11,11,1210.0,77.0
PREP00007155,20250313,ST003,PRD015,16,17,1105.0,85.0
PREP00007156,20250313,ST003,PRD016,11,12,1140.0,36.0
PREP00007157,20250313,ST003,PRD017,13,13,1430.0,39.0
PREP00007158,20250313,ST003,PRD018,27,28,1680.0,56.0
PREP00007159,20250313,ST003,PRD019,20,21,735.0,42.0
PREP00007160,20250313,ST003,PRD020,21,20,1100.0,60.0
PREP00007161,20250313,ST004,PRD001,75,74,3330.0,222.0
PREP00007162,20250313,ST004,PRD002,84,89,5785.0,445.0
PREP00007163,20250313,ST004,PRD003,56,60,4200.0,300.0
PREP00007164,20250313,ST004,PRD004,40,40,3200.0,240.0
PREP00007165,20250313,ST004,PRD005,56,59,2065.0,118.0
PREP00007166,20250313,ST004,PRD006,48,47,3290.0,188.0
PREP00007167,20250313,ST004,PRD007,78,77,6160.0,385.0
PREP00007168,20250313,ST004,PRD008,56,61,3355.0,183.0
PREP00007169,20250313,ST004,PRD009,51,54,5130.0,324.0
PREP00007170,20250313,ST004,PRD010,53,58,5800.0,348.0
PREP00007171,20250313,ST004,PRD011,26,26,3640.0,208.0
PREP00007172,20250313,ST004,PRD012,39,38,6840.0,380.0
PREP00007173,20250313,ST004,PRD013,37,40,6400.0,360.0
PREP00007174,20250313,ST004,PRD014,45,46,5060.0,322.0
PREP00007175,20250313,ST004,PRD015,23,22,1430.0,110.0
PREP00007176,20250313,ST004,PRD016,18,18,1710.0,54.0
PREP00007177,20250313,ST004,PRD017,15,16,1760.0,48.0
PREP00007178,20250313,ST004,PRD018,17,18,1080.0,36.0
PREP00007179,20250313,ST004,PRD019,16,16,560.0,32.0
PREP00007180,20250313,ST004,PRD020,23,23,1265.0,69.0
PREP00007181,20250313,ST005,PRD001,33,36,1620.0,108.0
PREP00007182,20250313,ST005,PRD002,46,50,3250.0,250.0
PREP00007183,20250313,ST005,PRD003,27,28,1960.0,140.0
PREP00007184,20250313,ST005,PRD004,30,29,2320.0,174.0
PREP00007185,20250313,ST005,PRD005,57,60,2100.0,120.0
PREP00007186,20250313,ST005,PRD006,47,52,3640.0,208.0
PREP00007187,20250313,ST005,PRD007,65,68,5440.0,340.0
PREP00007188,20250313,ST005,PRD008,23,23,1265.0,69.0
PREP00007189,20250313,ST005,PRD009,30,30,2850.0,180.0
PREP00007190,20250313,ST005,PRD010,21,23,2300.0,138.0
PREP00007191,20250313,ST005,PRD011,33,33,4620.0,264.0
PREP00007192,20250313,ST005,PRD012,38,36,6480.0,360.0
PREP00007193,20250313,ST005,PRD013,48,46,7360.0,414.0
PREP00007194,20250313,ST005,PRD014,21,21,2310.0,147.0
PREP00007195,20250313,ST005,PRD015,23,25,1625.0,125.0
PREP00007196,20250313,ST005,PRD016,16,17,1615.0,51.0
PREP00007197,20250313,ST005,PRD017,22,24,2640.0,72.0
PREP00007198,20250313,ST005,PRD018,15,16,960.0,32.0
PREP00007199,20250313,ST005,PRD019,22,21,735.0,42.0
PREP00007200,20250313,ST005,PRD020,30,30,1650.0,90.0
PREP00007201,20250314,ST001,PRD001,78,81,3645.0,243.0
PREP00007202,20250314,ST001,PRD002,85,81,5265.0,405.0
PREP00007203,20250314,ST001,PRD003,59,57,3990.0,285.0
PREP00007204,20250314,ST001,PRD004,27,29,2320.0,174.0
PREP00007205,20250314,ST001,PRD005,61,65,2275.0,130.0
PREP00007206,20250314,ST001,PRD006,65,68,4760.0,272.0
PREP00007207,20250314,ST001,PRD007,32,35,2800.0,175.0
PREP00007208,20250314,ST001,PRD008,68,68,3740.0,204.0
PREP00007209,20250314,ST001,PRD009,31,32,3040.0,192.0
PREP00007210,20250314,ST001,PRD010,19,19,1900.0,114.0
PREP00007211,20250314,ST001,PRD011,43,43,6020.0,344.0
PREP00007212,20250314,ST001,PRD012,39,40,7200.0,400.0
PREP00007213,20250314,ST001,PRD013,53,54,8640.0,486.0
PREP00007214,20250314,ST001,PRD014,26,27,2970.0,189.0
PREP00007215,20250314,ST001,PRD015,42,46,2990.0,230.0
PREP00007216,20250314,ST001,PRD016,18,19,1805.0,57.0
PREP00007217,20250314,ST001,PRD017,12,12,1320.0,36.0
PREP00007218,20250314,ST001,PRD018,31,30,1800.0,60.0
PREP00007219,20250314,ST001,PRD019,16,18,630.0,36.0
PREP00007220,20250314,ST001,PRD020,33,32,1760.0,96.0
PREP00007221,20250314,ST002,PRD001,66,65,2925.0,195.0
PREP00007222,20250314,ST002,PRD002,32,32,2080.0,160.0
PREP00007223,20250314,ST002,PRD003,41,41,2870.0,205.0
PREP00007224,20250314,ST002,PRD004,32,33,2640.0,198.0
PREP00007225,20250314,ST002,PRD005,78,85,2975.0,170.0
PREP00007226,20250314,ST002,PRD006,40,44,3080.0,176.0
PREP00007227,20250314,ST002,PRD007,20,19,1520.0,95.0
PREP00007228,20250314,ST002,PRD008,38,40,2200.0,120.0
PREP00007229,20250314,ST002,PRD009,26,28,2660.0,168.0
PREP00007230,20250314,ST002,PRD010,11,11,1100.0,66.0
PREP00007231,20250314,ST002,PRD011,23,22,3080.0,176.0
PREP00007232,20250314,ST002,PRD012,31,33,5940.0,330.0
PREP00007233,20250314,ST002,PRD013,48,49,7840.0,441.0
PREP00007234,20250314,ST002,PRD014,15,16,1760.0,112.0
PREP00007235,20250314,ST002,PRD015,18,17,1105.0,85.0
PREP00007236,20250314,ST002,PRD016,25,25,2375.0,75.0
PREP00007237,20250314,ST002,PRD017,25,24,2640.0,72.0
PREP00007238,20250314,ST002,PRD018,23,25,1500.0,50.0
PREP00007239,20250314,ST002,PRD019,17,18,630.0,36.0
PREP00007240,20250314,ST002,PRD020,13,14,770.0,42.0
PREP00007241,20250314,ST003,PRD001,65,67,3015.0,201.0
PREP00007242,20250314,ST003,PRD002,42,41,2665.0,205.0
PREP00007243,20250314,ST003,PRD003,47,46,3220.0,230.0
PREP00007244,20250314,ST003,PRD004,35,34,2720.0,204.0
PREP00007245,20250314,ST003,PRD005,30,29,1015.0,58.0
PREP00007246,20250314,ST003,PRD006,26,25,1750.0,100.0
PREP00007247,20250314,ST003,PRD007,27,28,2240.0,140.0
PREP00007248,20250314,ST003,PRD008,25,26,1430.0,78.0
PREP00007249,20250314,ST003,PRD009,22,22,2090.0,132.0
PREP00007250,20250314,ST003,PRD010,18,19,1900.0,114.0
PREP00007251,20250314,ST003,PRD011,25,25,3500.0,200.0
PREP00007252,20250314,ST003,PRD012,21,23,4140.0,230.0
PREP00007253,20250314,ST003,PRD013,20,20,3200.0,180.0
PREP00007254,20250314,ST003,PRD014,13,12,1320.0,84.0
PREP00007255,20250314,ST003,PRD015,17,18,1170.0,90.0
PREP00007256,20250314,ST003,PRD016,13,13,1235.0,39.0
PREP00007257,20250314,ST003,PRD017,12,12,1320.0,36.0
PREP00007258,20250314,ST003,PRD018,20,20,1200.0,40.0
PREP00007259,20250314,ST003,PRD019,10,10,350.0,20.0
PREP00007260,20250314,ST003,PRD020,19,20,1100.0,60.0
PREP00007261,20250314,ST004,PRD001,89,92,4140.0,276.0
PREP00007262,20250314,ST004,PRD002,67,70,4550.0,350.0
PREP00007263,20250314,ST004,PRD003,53,55,3850.0,275.0
PREP00007264,20250314,ST004,PRD004,48,49,3920.0,294.0
PREP00007265,20250314,ST004,PRD005,93,97,3395.0,194.0
PREP00007266,20250314,ST004,PRD006,45,44,3080.0,176.0
PREP00007267,20250314,ST004,PRD007,43,42,3360.0,210.0
PREP00007268,20250314,ST004,PRD008,50,51,2805.0,153.0
PREP00007269,20250314,ST004,PRD009,19,20,1900.0,120.0
PREP00007270,20250314,ST004,PRD010,39,42,4200.0,252.0
PREP00007271,20250314,ST004,PRD011,32,31,4340.0,248.0
PREP00007272,20250314,ST004,PRD012,23,25,4500.0,250.0
PREP00007273,20250314,ST004,PRD013,34,33,5280.0,297.0
PREP00007274,20250314,ST004,PRD014,26,28,3080.0,196.0
PREP00007275,20250314,ST004,PRD015,41,39,2535.0,195.0
PREP00007276,20250314,ST004,PRD016,18,19,1805.0,57.0
PREP00007277,20250314,ST004,PRD017,16,17,1870.0,51.0
PREP00007278,20250314,ST004,PRD018,19,20,1200.0,40.0
PREP00007279,20250314,ST004,PRD019,26,28,980.0,56.0
PREP00007280,20250314,ST004,PRD020,12,12,660.0,36.0
PREP00007281,20250314,ST005,PRD001,56,60,2700.0,180.0
PREP00007282,20250314,ST005,PRD002,50,48,3120.0,240.0
PREP00007283,20250314,ST005,PRD003,66,68,4760.0,340.0
PREP00007284,20250314,ST005,PRD004,55,57,4560.0,342.0
PREP00007285,20250314,ST005,PRD005,51,52,1820.0,104.0
PREP00007286,20250314,ST005,PRD006,47,46,3220.0,184.0
PREP00007287,20250314,ST005,PRD007,41,44,3520.0,220.0
PREP00007288,20250314,ST005,PRD008,44,45,2475.0,135.0
PREP00007289,20250314,ST005,PRD009,13,13,1235.0,78.0
PREP00007290,20250314,ST005,PRD010,22,23,2300.0,138.0
PREP00007291,20250314,ST005,PRD011,18,17,2380.0,136.0
PREP00007292,20250314,ST005,PRD012,40,41,7380.0,410.0
PREP00007293,20250314,ST005,PRD013,41,39,6240.0,351.0
PREP00007294,20250314,ST005,PRD014,42,43,4730.0,301.0
PREP00007295,20250314,ST005,PRD015,25,27,1755.0,135.0
PREP00007296,20250314,ST005,PRD016,22,21,1995.0,63.0
PREP00007297,20250314,ST005,PRD017,13,12,1320.0,36.0
PREP00007298,20250314,ST005,PRD018,16,15,900.0,30.0
PREP00007299,20250314,ST005,PRD019,12,11,385.0,22.0
PREP00007300,20250314,ST005,PRD020,16,17,935.0,51.0
PREP00007301,20250315,ST001,PRD001,56,58,2610.0,174.0
PREP00007302,20250315,ST001,PRD002,56,55,3575.0,275.0
PREP00007303,20250315,ST001,PRD003,143,138,9660.0,690.0
PREP00007304,20250315,ST001,PRD004,70,72,5760.0,432.0
PREP00007305,20250315,ST001,PRD005,66,70,2450.0,140.0
PREP00007306,20250315,ST001,PRD006,45,47,3290.0,188.0
PREP00007307,20250315,ST001,PRD007,73,80,6400.0,400.0
PREP00007308,20250315,ST001,PRD008,42,44,2420.0,132.0
PREP00007309,20250315,ST001,PRD009,29,30,2850.0,180.0
PREP00007310,20250315,ST001,PRD010,31,31,3100.0,186.0
PREP00007311,20250315,ST001,PRD011,48,50,7000.0,400.0
PREP00007312,20250315,ST001,PRD012,35,37,6660.0,370.0
PREP00007313,20250315,ST001,PRD013,35,35,5600.0,315.0
PREP00007314,20250315,ST001,PRD014,33,35,3850.0,245.0
PREP00007315,20250315,ST001,PRD015,36,39,2535.0,195.0
PREP00007316,20250315,ST001,PRD016,28,29,2755.0,87.0
PREP00007317,20250315,ST001,PRD017,23,23,2530.0,69.0
PREP00007318,20250315,ST001,PRD018,24,24,1440.0,48.0
PREP00007319,20250315,ST001,PRD019,25,26,910.0,52.0
PREP00007320,20250315,ST001,PRD020,23,23,1265.0,69.0
PREP00007321,20250315,ST002,PRD001,34,34,1530.0,102.0
PREP00007322,20250315,ST002,PRD002,46,46,2990.0,230.0
PREP00007323,20250315,ST002,PRD003,51,53,3710.0,265.0
PREP00007324,20250315,ST002,PRD004,71,73,5840.0,438.0
PREP00007325,20250315,ST002,PRD005,48,47,1645.0,94.0
PREP00007326,20250315,ST002,PRD006,37,36,2520.0,144.0
PREP00007327,20250315,ST002,PRD007,55,58,4640.0,290.0
PREP00007328,20250315,ST002,PRD008,68,73,4015.0,219.0
PREP00007329,20250315,ST002,PRD009,38,38,3610.0,228.0
PREP00007330,20250315,ST002,PRD010,17,18,1800.0,108.0
PREP00007331,20250315,ST002,PRD011,21,20,2800.0,160.0
PREP00007332,20250315,ST002,PRD012,35,35,6300.0,350.0
PREP00007333,20250315,ST002,PRD013,29,30,4800.0,270.0
PREP00007334,20250315,ST002,PRD014,26,28,3080.0,196.0
PREP00007335,20250315,ST002,PRD015,32,33,2145.0,165.0
PREP00007336,20250315,ST002,PRD016,18,20,1900.0,60.0
PREP00007337,20250315,ST002,PRD017,27,26,2860.0,78.0
PREP00007338,20250315,ST002,PRD018,28,28,1680.0,56.0
PREP00007339,20250315,ST002,PRD019,23,22,770.0,44.0
PREP00007340,20250315,ST002,PRD020,14,15,825.0,45.0
PREP00007341,20250315,ST003,PRD001,22,23,1035.0,69.0
PREP00007342,20250315,ST003,PRD002,47,45,2925.0,225.0
PREP00007343,20250315,ST003,PRD003,48,47,3290.0,235.0
PREP00007344,20250315,ST003,PRD004,36,35,2800.0,210.0
PREP00007345,20250315,ST003,PRD005,50,51,1785.0,102.0
PREP00007346,20250315,ST003,PRD006,18,18,1260.0,72.0
PREP00007347,20250315,ST003,PRD007,36,38,3040.0,190.0
PREP00007348,20250315,ST003,PRD008,51,49,2695.0,147.0
PREP00007349,20250315,ST003,PRD009,15,15,1425.0,90.0
PREP00007350,20250315,ST003,PRD010,19,20,2000.0,120.0
PREP00007351,20250315,ST003,PRD011,37,37,5180.0,296.0
PREP00007352,20250315,ST003,PRD012,19,20,3600.0,200.0
PREP00007353,20250315,ST003,PRD013,38,40,6400.0,360.0
PREP00007354,20250315,ST003,PRD014,17,17,1870.0,119.0
PREP00007355,20250315,ST003,PRD015,16,16,1040.0,80.0
PREP00007356,20250315,ST003,PRD016,17,17,1615.0,51.0
PREP00007357,20250315,ST003,PRD017,10,10,1100.0,30.0
PREP00007358,20250315,ST003,PRD018,10,10,600.0,20.0
PREP00007359,20250315,ST003,PRD019,10,10,350.0,20.0
PREP00007360,20250315,ST003,PRD020,19,20,1100.0,60.0
PREP00007361,20250315,ST004,PRD001,87,95,4275.0,285.0
PREP00007362,20250315,ST004,PRD002,63,63,4095.0,315.0
PREP00007363,20250315,ST004,PRD003,102,108,7560.0,540.0
PREP00007364,20250315,ST004,PRD004,129,123,9840.0,738.0
PREP00007365,20250315,ST004,PRD005,86,85,2975.0,170.0
PREP00007366,20250315,ST004,PRD006,73,73,5110.0,292.0
PREP00007367,20250315,ST004,PRD007,63,63,5040.0,315.0
PREP00007368,20250315,ST004,PRD008,95,103,5665.0,309.0
PREP00007369,20250315,ST004,PRD009,33,32,3040.0,192.0
PREP00007370,20250315,ST004,PRD010,41,41,4100.0,246.0
PREP00007371,20250315,ST004,PRD011,33,33,4620.0,264.0
PREP00007372,20250315,ST004,PRD012,33,35,6300.0,350.0
PREP00007373,20250315,ST004,PRD013,63,69,11040.0,621.0
PREP00007374,20250315,ST004,PRD014,38,40,4400.0,280.0
PREP00007375,20250315,ST004,PRD015,28,29,1885.0,145.0
PREP00007376,20250315,ST004,PRD016,28,27,2565.0,81.0
PREP00007377,20250315,ST004,PRD017,16,16,1760.0,48.0
PREP00007378,20250315,ST004,PRD018,33,34,2040.0,68.0
PREP00007379,20250315,ST004,PRD019,20,19,665.0,38.0
PREP00007380,20250315,ST004,PRD020,37,35,1925.0,105.0
PREP00007381,20250315,ST005,PRD001,82,79,3555.0,237.0
PREP00007382,20250315,ST005,PRD002,86,85,5525.0,425.0
PREP00007383,20250315,ST005,PRD003,68,67,4690.0,335.0
PREP00007384,20250315,ST005,PRD004,88,88,7040.0,528.0
PREP00007385,20250315,ST005,PRD005,52,51,1785.0,102.0
PREP00007386,20250315,ST005,PRD006,49,52,3640.0,208.0
PREP00007387,20250315,ST005,PRD007,39,38,3040.0,190.0
PREP00007388,20250315,ST005,PRD008,29,28,1540.0,84.0
PREP00007389,20250315,ST005,PRD009,40,42,3990.0,252.0
PREP00007390,20250315,ST005,PRD010,14,15,1500.0,90.0
PREP00007391,20250315,ST005,PRD011,33,34,4760.0,272.0
PREP00007392,20250315,ST005,PRD012,54,53,9540.0,530.0
PREP00007393,20250315,ST005,PRD013,33,34,5440.0,306.0
PREP00007394,20250315,ST005,PRD014,28,28,3080.0,196.0
PREP00007395,20250315,ST005,PRD015,39,39,2535.0,195.0
PREP00007396,20250315,ST005,PRD016,16,17,1615.0,51.0
PREP00007397,20250315,ST005,PRD017,20,21,2310.0,63.0
PREP00007398,20250315,ST005,PRD018,25,27,1620.0,54.0
PREP00007399,20250315,ST005,PRD019,41,42,1470.0,84.0
PREP00007400,20250315,ST005,PRD020,33,33,1815.0,99.0
PREP00007401,20250316,ST001,PRD001,39,40,1800.0,120.0
PREP00007402,20250316,ST001,PRD002,39,39,2535.0,195.0
PREP00007403,20250316,ST001,PRD003,84,91,6370.0,455.0
PREP00007404,20250316,ST001,PRD004,116,110,8800.0,660.0
PREP00007405,20250316,ST001,PRD005,74,79,2765.0,158.0
PREP00007406,20250316,ST001,PRD006,35,33,2310.0,132.0
PREP00007407,20250316,ST001,PRD007,45,48,3840.0,240.0
PREP00007408,20250316,ST001,PRD008,68,66,3630.0,198.0
PREP00007409,20250316,ST001,PRD009,29,32,3040.0,192.0
PREP00007410,20250316,ST001,PRD010,35,35,3500.0,210.0
PREP00007411,20250316,ST001,PRD011,45,47,6580.0,376.0
PREP00007412,20250316,ST001,PRD012,28,28,5040.0,280.0
PREP00007413,20250316,ST001,PRD013,63,61,9760.0,549.0
PREP00007414,20250316,ST001,PRD014,39,39,4290.0,273.0
PREP00007415,20250316,ST001,PRD015,24,25,1625.0,125.0
PREP00007416,20250316,ST001,PRD016,11,11,1045.0,33.0
PREP00007417,20250316,ST001,PRD017,18,17,1870.0,51.0
PREP00007418,20250316,ST001,PRD018,30,30,1800.0,60.0
PREP00007419,20250316,ST001,PRD019,12,12,420.0,24.0
PREP00007420,20250316,ST001,PRD020,41,44,2420.0,132.0
PREP00007421,20250316,ST002,PRD001,39,40,1800.0,120.0
PREP00007422,20250316,ST002,PRD002,55,56,3640.0,280.0
PREP00007423,20250316,ST002,PRD003,37,40,2800.0,200.0
PREP00007424,20250316,ST002,PRD004,53,56,4480.0,336.0
PREP00007425,20250316,ST002,PRD005,56,55,1925.0,110.0
PREP00007426,20250316,ST002,PRD006,42,46,3220.0,184.0
PREP00007427,20250316,ST002,PRD007,30,31,2480.0,155.0
PREP00007428,20250316,ST002,PRD008,37,38,2090.0,114.0
PREP00007429,20250316,ST002,PRD009,27,27,2565.0,162.0
PREP00007430,20250316,ST002,PRD010,16,17,1700.0,102.0
PREP00007431,20250316,ST002,PRD011,26,28,3920.0,224.0
PREP00007432,20250316,ST002,PRD012,23,24,4320.0,240.0
PREP00007433,20250316,ST002,PRD013,43,46,7360.0,414.0
PREP00007434,20250316,ST002,PRD014,18,19,2090.0,133.0
PREP00007435,20250316,ST002,PRD015,31,31,2015.0,155.0
PREP00007436,20250316,ST002,PRD016,21,21,1995.0,63.0
PREP00007437,20250316,ST002,PRD017,20,21,2310.0,63.0
PREP00007438,20250316,ST002,PRD018,13,14,840.0,28.0
PREP00007439,20250316,ST002,PRD019,19,18,630.0,36.0
PREP00007440,20250316,ST002,PRD020,14,13,715.0,39.0
PREP00007441,20250316,ST003,PRD001,34,33,1485.0,99.0
PREP00007442,20250316,ST003,PRD002,40,41,2665.0,205.0
PREP00007443,20250316,ST003,PRD003,31,31,2170.0,155.0
PREP00007444,20250316,ST003,PRD004,46,44,3520.0,264.0
PREP00007445,20250316,ST003,PRD005,70,67,2345.0,134.0
PREP00007446,20250316,ST003,PRD006,26,26,1820.0,104.0
PREP00007447,20250316,ST003,PRD007,27,29,2320.0,145.0
PREP00007448,20250316,ST003,PRD008,36,35,1925.0,105.0
PREP00007449,20250316,ST003,PRD009,11,12,1140.0,72.0
PREP00007450,20250316,ST003,PRD010,16,17,1700.0,102.0
PREP00007451,20250316,ST003,PRD011,25,24,3360.0,192.0
PREP00007452,20250316,ST003,PRD012,41,42,7560.0,420.0
PREP00007453,20250316,ST003,PRD013,25,25,4000.0,225.0
PREP00007454,20250316,ST003,PRD014,24,26,2860.0,182.0
PREP00007455,20250316,ST003,PRD015,16,18,1170.0,90.0
PREP00007456,20250316,ST003,PRD016,14,14,1330.0,42.0
PREP00007457,20250316,ST003,PRD017,26,25,2750.0,75.0
PREP00007458,20250316,ST003,PRD018,23,24,1440.0,48.0
PREP00007459,20250316,ST003,PRD019,23,25,875.0,50.0
PREP00007460,20250316,ST003,PRD020,23,23,1265.0,69.0
PREP00007461,20250316,ST004,PRD001,67,72,3240.0,216.0
PREP00007462,20250316,ST004,PRD002,62,66,4290.0,330.0
PREP00007463,20250316,ST004,PRD003,111,112,7840.0,560.0
PREP00007464,20250316,ST004,PRD004,70,73,5840.0,438.0
PREP00007465,20250316,ST004,PRD005,47,46,1610.0,92.0
PREP00007466,20250316,ST004,PRD006,60,60,4200.0,240.0
PREP00007467,20250316,ST004,PRD007,42,40,3200.0,200.0
PREP00007468,20250316,ST004,PRD008,73,75,4125.0,225.0
PREP00007469,20250316,ST004,PRD009,55,57,5415.0,342.0
PREP00007470,20250316,ST004,PRD010,27,27,2700.0,162.0
PREP00007471,20250316,ST004,PRD011,33,36,5040.0,288.0
PREP00007472,20250316,ST004,PRD012,30,31,5580.0,310.0
PREP00007473,20250316,ST004,PRD013,60,64,10240.0,576.0
PREP00007474,20250316,ST004,PRD014,26,27,2970.0,189.0
PREP00007475,20250316,ST004,PRD015,38,41,2665.0,205.0
PREP00007476,20250316,ST004,PRD016,24,25,2375.0,75.0
PREP00007477,20250316,ST004,PRD017,35,38,4180.0,114.0
PREP00007478,20250316,ST004,PRD018,38,41,2460.0,82.0
PREP00007479,20250316,ST004,PRD019,37,39,1365.0,78.0
PREP00007480,20250316,ST004,PRD020,46,48,2640.0,144.0
PREP00007481,20250316,ST005,PRD001,57,61,2745.0,183.0
PREP00007482,20250316,ST005,PRD002,43,44,2860.0,220.0
PREP00007483,20250316,ST005,PRD003,44,47,3290.0,235.0
PREP00007484,20250316,ST005,PRD004,39,41,3280.0,246.0
PREP00007485,20250316,ST005,PRD005,44,43,1505.0,86.0
PREP00007486,20250316,ST005,PRD006,50,50,3500.0,200.0
PREP00007487,20250316,ST005,PRD007,66,71,5680.0,355.0
PREP00007488,20250316,ST005,PRD008,69,74,4070.0,222.0
PREP00007489,20250316,ST005,PRD009,29,32,3040.0,192.0
PREP00007490,20250316,ST005,PRD010,29,28,2800.0,168.0
PREP00007491,20250316,ST005,PRD011,30,32,4480.0,256.0
PREP00007492,20250316,ST005,PRD012,25,27,4860.0,270.0
PREP00007493,20250316,ST005,PRD013,20,20,3200.0,180.0
PREP00007494,20250316,ST005,PRD014,18,20,2200.0,140.0
PREP00007495,20250316,ST005,PRD015,27,28,1820.0,140.0
PREP00007496,20250316,ST005,PRD016,16,17,1615.0,51.0
PREP00007497,20250316,ST005,PRD017,23,24,2640.0,72.0
PREP00007498,20250316,ST005,PRD018,23,23,1380.0,46.0
PREP00007499,20250316,ST005,PRD019,19,20,700.0,40.0
PREP00007500,20250316,ST005,PRD020,21,21,1155.0,63.0
PREP00007501,20250317,ST001,PRD001,47,52,2340.0,156.0
PREP00007502,20250317,ST001,PRD002,26,27,1755.0,135.0
PREP00007503,20250317,ST001,PRD003,38,40,2800.0,200.0
PREP00007504,20250317,ST001,PRD004,61,64,5120.0,384.0
PREP00007505,20250317,ST001,PRD005,42,43,1505.0,86.0
PREP00007506,20250317,ST001,PRD006,38,39,2730.0,156.0
PREP00007507,20250317,ST001,PRD007,29,31,2480.0,155.0
PREP00007508,20250317,ST001,PRD008,43,41,2255.0,123.0
PREP00007509,20250317,ST001,PRD009,35,35,3325.0,210.0
PREP00007510,20250317,ST001,PRD010,21,23,2300.0,138.0
PREP00007511,20250317,ST001,PRD011,48,50,7000.0,400.0
PREP00007512,20250317,ST001,PRD012,48,46,8280.0,460.0
PREP00007513,20250317,ST001,PRD013,56,60,9600.0,540.0
PREP00007514,20250317,ST001,PRD014,25,27,2970.0,189.0
PREP00007515,20250317,ST001,PRD015,46,45,2925.0,225.0
PREP00007516,20250317,ST001,PRD016,25,24,2280.0,72.0
PREP00007517,20250317,ST001,PRD017,17,18,1980.0,54.0
PREP00007518,20250317,ST001,PRD018,37,39,2340.0,78.0
PREP00007519,20250317,ST001,PRD019,40,39,1365.0,78.0
PREP00007520,20250317,ST001,PRD020,33,35,1925.0,105.0
PREP00007521,20250317,ST002,PRD001,39,42,1890.0,126.0
PREP00007522,20250317,ST002,PRD002,49,52,3380.0,260.0
PREP00007523,20250317,ST002,PRD003,57,57,3990.0,285.0
PREP00007524,20250317,ST002,PRD004,30,33,2640.0,198.0
PREP00007525,20250317,ST002,PRD005,33,36,1260.0,72.0
PREP00007526,20250317,ST002,PRD006,30,30,2100.0,120.0
PREP00007527,20250317,ST002,PRD007,43,45,3600.0,225.0
PREP00007528,20250317,ST002,PRD008,37,40,2200.0,120.0
PREP00007529,20250317,ST002,PRD009,20,22,2090.0,132.0
PREP00007530,20250317,ST002,PRD010,18,19,1900.0,114.0
PREP00007531,20250317,ST002,PRD011,27,29,4060.0,232.0
PREP00007532,20250317,ST002,PRD012,27,28,5040.0,280.0
PREP00007533,20250317,ST002,PRD013,38,40,6400.0,360.0
PREP00007534,20250317,ST002,PRD014,46,46,5060.0,322.0
PREP00007535,20250317,ST002,PRD015,36,35,2275.0,175.0
PREP00007536,20250317,ST002,PRD016,20,20,1900.0,60.0
PREP00007537,20250317,ST002,PRD017,14,13,1430.0,39.0
PREP00007538,20250317,ST002,PRD018,13,14,840.0,28.0
PREP00007539,20250317,ST002,PRD019,18,19,665.0,38.0
PREP00007540,20250317,ST002,PRD020,22,24,1320.0,72.0
PREP00007541,20250317,ST003,PRD001,33,32,1440.0,96.0
PREP00007542,20250317,ST003,PRD002,40,38,2470.0,190.0
PREP00007543,20250317,ST003,PRD003,40,38,2660.0,190.0
PREP00007544,20250317,ST003,PRD004,47,45,3600.0,270.0
PREP00007545,20250317,ST003,PRD005,30,29,1015.0,58.0
PREP00007546,20250317,ST003,PRD006,35,34,2380.0,136.0
PREP00007547,20250317,ST003,PRD007,32,33,2640.0,165.0
PREP00007548,20250317,ST003,PRD008,25,24,1320.0,72.0
PREP00007549,20250317,ST003,PRD009,21,21,1995.0,126.0
PREP00007550,20250317,ST003,PRD010,8,8,800.0,48.0
PREP00007551,20250317,ST003,PRD011,15,15,2100.0,120.0
PREP00007552,20250317,ST003,PRD012,13,13,2340.0,130.0
PREP00007553,20250317,ST003,PRD013,23,23,3680.0,207.0
PREP00007554,20250317,ST003,PRD014,16,16,1760.0,112.0
PREP00007555,20250317,ST003,PRD015,25,26,1690.0,130.0
PREP00007556,20250317,ST003,PRD016,10,10,950.0,30.0
PREP00007557,20250317,ST003,PRD017,12,12,1320.0,36.0
PREP00007558,20250317,ST003,PRD018,8,8,480.0,16.0
PREP00007559,20250317,ST003,PRD019,15,16,560.0,32.0
PREP00007560,20250317,ST003,PRD020,28,31,1705.0,93.0
PREP00007561,20250317,ST004,PRD001,67,73,3285.0,219.0
PREP00007562,20250317,ST004,PRD002,46,49,3185.0,245.0
PREP00007563,20250317,ST004,PRD003,27,29,2030.0,145.0
PREP00007564,20250317,ST004,PRD004,60,59,4720.0,354.0
PREP00007565,20250317,ST004,PRD005,95,93,3255.0,186.0
PREP00007566,20250317,ST004,PRD006,33,32,2240.0,128.0
PREP00007567,20250317,ST004,PRD007,28,31,2480.0,155.0
PREP00007568,20250317,ST004,PRD008,31,34,1870.0,102.0
PREP00007569,20250317,ST004,PRD009,26,28,2660.0,168.0
PREP00007570,20250317,ST004,PRD010,17,17,1700.0,102.0
PREP00007571,20250317,ST004,PRD011,42,43,6020.0,344.0
PREP00007572,20250317,ST004,PRD012,23,25,4500.0,250.0
PREP00007573,20250317,ST004,PRD013,66,69,11040.0,621.0
PREP00007574,20250317,ST004,PRD014,26,25,2750.0,175.0
PREP00007575,20250317,ST004,PRD015,41,40,2600.0,200.0
PREP00007576,20250317,ST004,PRD016,10,11,1045.0,33.0
PREP00007577,20250317,ST004,PRD017,26,26,2860.0,78.0
PREP00007578,20250317,ST004,PRD018,30,31,1860.0,62.0
PREP00007579,20250317,ST004,PRD019,40,40,1400.0,80.0
PREP00007580,20250317,ST004,PRD020,27,27,1485.0,81.0
PREP00007581,20250317,ST005,PRD001,66,68,3060.0,204.0
PREP00007582,20250317,ST005,PRD002,41,43,2795.0,215.0
PREP00007583,20250317,ST005,PRD003,67,65,4550.0,325.0
PREP00007584,20250317,ST005,PRD004,48,46,3680.0,276.0
PREP00007585,20250317,ST005,PRD005,38,38,1330.0,76.0
PREP00007586,20250317,ST005,PRD006,27,29,2030.0,116.0
PREP00007587,20250317,ST005,PRD007,28,28,2240.0,140.0
PREP00007588,20250317,ST005,PRD008,25,25,1375.0,75.0
PREP00007589,20250317,ST005,PRD009,20,21,1995.0,126.0
PREP00007590,20250317,ST005,PRD010,20,21,2100.0,126.0
PREP00007591,20250317,ST005,PRD011,13,14,1960.0,112.0
PREP00007592,20250317,ST005,PRD012,26,27,4860.0,270.0
PREP00007593,20250317,ST005,PRD013,25,27,4320.0,243.0
PREP00007594,20250317,ST005,PRD014,25,27,2970.0,189.0
PREP00007595,20250317,ST005,PRD015,19,21,1365.0,105.0
PREP00007596,20250317,ST005,PRD016,17,18,1710.0,54.0
PREP00007597,20250317,ST005,PRD017,8,8,880.0,24.0
PREP00007598,20250317,ST005,PRD018,17,17,1020.0,34.0
PREP00007599,20250317,ST005,PRD019,25,24,840.0,48.0
PREP00007600,20250317,ST005,PRD020,22,23,1265.0,69.0
PREP00007601,20250318,ST001,PRD001,39,41,1845.0,123.0
PREP00007602,20250318,ST001,PRD002,48,47,3055.0,235.0
PREP00007603,20250318,ST001,PRD003,76,82,5740.0,410.0
PREP00007604,20250318,ST001,PRD004,55,57,4560.0,342.0
PREP00007605,20250318,ST001,PRD005,108,116,4060.0,232.0
PREP00007606,20250318,ST001,PRD006,44,46,3220.0,184.0
PREP00007607,20250318,ST001,PRD007,34,32,2560.0,160.0
PREP00007608,20250318,ST001,PRD008,54,57,3135.0,171.0
PREP00007609,20250318,ST001,PRD009,36,34,3230.0,204.0
PREP00007610,20250318,ST001,PRD010,33,34,3400.0,204.0
PREP00007611,20250318,ST001,PRD011,38,39,5460.0,312.0
PREP00007612,20250318,ST001,PRD012,37,41,7380.0,410.0
PREP00007613,20250318,ST001,PRD013,43,45,7200.0,405.0
PREP00007614,20250318,ST001,PRD014,37,40,4400.0,280.0
PREP00007615,20250318,ST001,PRD015,40,40,2600.0,200.0
PREP00007616,20250318,ST001,PRD016,13,13,1235.0,39.0
PREP00007617,20250318,ST001,PRD017,15,15,1650.0,45.0
PREP00007618,20250318,ST001,PRD018,22,23,1380.0,46.0
PREP00007619,20250318,ST001,PRD019,21,23,805.0,46.0
PREP00007620,20250318,ST001,PRD020,17,18,990.0,54.0
PREP00007621,20250318,ST002,PRD001,24,23,1035.0,69.0
PREP00007622,20250318,ST002,PRD002,67,70,4550.0,350.0
PREP00007623,20250318,ST002,PRD003,60,57,3990.0,285.0
PREP00007624,20250318,ST002,PRD004,45,49,3920.0,294.0
PREP00007625,20250318,ST002,PRD005,43,45,1575.0,90.0
PREP00007626,20250318,ST002,PRD006,28,27,1890.0,108.0
PREP00007627,20250318,ST002,PRD007,16,17,1360.0,85.0
PREP00007628,20250318,ST002,PRD008,40,38,2090.0,114.0
PREP00007629,20250318,ST002,PRD009,32,32,3040.0,192.0
PREP00007630,20250318,ST002,PRD010,26,26,2600.0,156.0
PREP00007631,20250318,ST002,PRD011,26,25,3500.0,200.0
PREP00007632,20250318,ST002,PRD012,24,26,4680.0,260.0
PREP00007633,20250318,ST002,PRD013,44,45,7200.0,405.0
PREP00007634,20250318,ST002,PRD014,24,24,2640.0,168.0
PREP00007635,20250318,ST002,PRD015,19,18,1170.0,90.0
PREP00007636,20250318,ST002,PRD016,10,11,1045.0,33.0
PREP00007637,20250318,ST002,PRD017,7,7,770.0,21.0
PREP00007638,20250318,ST002,PRD018,9,9,540.0,18.0
PREP00007639,20250318,ST002,PRD019,23,24,840.0,48.0
PREP00007640,20250318,ST002,PRD020,25,27,1485.0,81.0
PREP00007641,20250318,ST003,PRD001,27,28,1260.0,84.0
PREP00007642,20250318,ST003,PRD002,39,39,2535.0,195.0
PREP00007643,20250318,ST003,PRD003,31,34,2380.0,170.0
PREP00007644,20250318,ST003,PRD004,28,30,2400.0,180.0
PREP00007645,20250318,ST003,PRD005,35,37,1295.0,74.0
PREP00007646,20250318,ST003,PRD006,24,24,1680.0,96.0
PREP00007647,20250318,ST003,PRD007,32,33,2640.0,165.0
PREP00007648,20250318,ST003,PRD008,43,46,2530.0,138.0
PREP00007649,20250318,ST003,PRD009,30,32,3040.0,192.0
PREP00007650,20250318,ST003,PRD010,22,22,2200.0,132.0
PREP00007651,20250318,ST003,PRD011,12,13,1820.0,104.0
PREP00007652,20250318,ST003,PRD012,18,18,3240.0,180.0
PREP00007653,20250318,ST003,PRD013,29,31,4960.0,279.0
PREP00007654,20250318,ST003,PRD014,21,20,2200.0,140.0
PREP00007655,20250318,ST003,PRD015,33,33,2145.0,165.0
PREP00007656,20250318,ST003,PRD016,23,25,2375.0,75.0
PREP00007657,20250318,ST003,PRD017,6,6,660.0,18.0
PREP00007658,20250318,ST003,PRD018,17,17,1020.0,34.0
PREP00007659,20250318,ST003,PRD019,14,14,490.0,28.0
PREP00007660,20250318,ST003,PRD020,16,17,935.0,51.0
PREP00007661,20250318,ST004,PRD001,74,76,3420.0,228.0
PREP00007662,20250318,ST004,PRD002,53,52,3380.0,260.0
PREP00007663,20250318,ST004,PRD003,86,86,6020.0,430.0
PREP00007664,20250318,ST004,PRD004,65,67,5360.0,402.0
PREP00007665,20250318,ST004,PRD005,56,60,2100.0,120.0
PREP00007666,20250318,ST004,PRD006,98,103,7210.0,412.0
PREP00007667,20250318,ST004,PRD007,42,44,3520.0,220.0
PREP00007668,20250318,ST004,PRD008,92,98,5390.0,294.0
PREP00007669,20250318,ST004,PRD009,51,54,5130.0,324.0
PREP00007670,20250318,ST004,PRD010,32,34,3400.0,204.0
PREP00007671,20250318,ST004,PRD011,24,26,3640.0,208.0
PREP00007672,20250318,ST004,PRD012,34,36,6480.0,360.0
PREP00007673,20250318,ST004,PRD013,30,31,4960.0,279.0
PREP00007674,20250318,ST004,PRD014,14,15,1650.0,105.0
PREP00007675,20250318,ST004,PRD015,33,36,2340.0,180.0
PREP00007676,20250318,ST004,PRD016,12,13,1235.0,39.0
PREP00007677,20250318,ST004,PRD017,20,20,2200.0,60.0
PREP00007678,20250318,ST004,PRD018,19,20,1200.0,40.0
PREP00007679,20250318,ST004,PRD019,30,30,1050.0,60.0
PREP00007680,20250318,ST004,PRD020,17,18,990.0,54.0
PREP00007681,20250318,ST005,PRD001,39,38,1710.0,114.0
PREP00007682,20250318,ST005,PRD002,64,70,4550.0,350.0
PREP00007683,20250318,ST005,PRD003,40,42,2940.0,210.0
PREP00007684,20250318,ST005,PRD004,38,41,3280.0,246.0
PREP00007685,20250318,ST005,PRD005,35,34,1190.0,68.0
PREP00007686,20250318,ST005,PRD006,39,40,2800.0,160.0
PREP00007687,20250318,ST005,PRD007,54,56,4480.0,280.0
PREP00007688,20250318,ST005,PRD008,31,31,1705.0,93.0
PREP00007689,20250318,ST005,PRD009,32,34,3230.0,204.0
PREP00007690,20250318,ST005,PRD010,16,16,1600.0,96.0
PREP00007691,20250318,ST005,PRD011,18,19,2660.0,152.0
PREP00007692,20250318,ST005,PRD012,17,17,3060.0,170.0
PREP00007693,20250318,ST005,PRD013,58,58,9280.0,522.0
PREP00007694,20250318,ST005,PRD014,21,20,2200.0,140.0
PREP00007695,20250318,ST005,PRD015,23,23,1495.0,115.0
PREP00007696,20250318,ST005,PRD016,21,21,1995.0,63.0
PREP00007697,20250318,ST005,PRD017,22,23,2530.0,69.0
PREP00007698,20250318,ST005,PRD018,17,18,1080.0,36.0
PREP00007699,20250318,ST005,PRD019,13,13,455.0,26.0
PREP00007700,20250318,ST005,PRD020,16,16,880.0,48.0
PREP00007701,20250319,ST001,PRD001,68,71,3195.0,213.0
PREP00007702,20250319,ST001,PRD002,55,60,3900.0,300.0
PREP00007703,20250319,ST001,PRD003,59,61,4270.0,305.0
PREP00007704,20250319,ST001,PRD004,64,64,5120.0,384.0
PREP00007705,20250319,ST001,PRD005,78,82,2870.0,164.0
PREP00007706,20250319,ST001,PRD006,42,41,2870.0,164.0
PREP00007707,20250319,ST001,PRD007,54,56,4480.0,280.0
PREP00007708,20250319,ST001,PRD008,61,64,3520.0,192.0
PREP00007709,20250319,ST001,PRD009,46,48,4560.0,288.0
PREP00007710,20250319,ST001,PRD010,35,34,3400.0,204.0
PREP00007711,20250319,ST001,PRD011,44,45,6300.0,360.0
PREP00007712,20250319,ST001,PRD012,20,21,3780.0,210.0
PREP00007713,20250319,ST001,PRD013,52,54,8640.0,486.0
PREP00007714,20250319,ST001,PRD014,34,32,3520.0,224.0
PREP00007715,20250319,ST001,PRD015,43,42,2730.0,210.0
PREP00007716,20250319,ST001,PRD016,18,18,1710.0,54.0
PREP00007717,20250319,ST001,PRD017,12,12,1320.0,36.0
PREP00007718,20250319,ST001,PRD018,24,23,1380.0,46.0
PREP00007719,20250319,ST001,PRD019,30,30,1050.0,60.0
PREP00007720,20250319,ST001,PRD020,25,27,1485.0,81.0
PREP00007721,20250319,ST002,PRD001,29,31,1395.0,93.0
PREP00007722,20250319,ST002,PRD002,54,53,3445.0,265.0
PREP00007723,20250319,ST002,PRD003,40,43,3010.0,215.0
PREP00007724,20250319,ST002,PRD004,25,27,2160.0,162.0
PREP00007725,20250319,ST002,PRD005,38,41,1435.0,82.0
PREP00007726,20250319,ST002,PRD006,43,45,3150.0,180.0
PREP00007727,20250319,ST002,PRD007,31,34,2720.0,170.0
PREP00007728,20250319,ST002,PRD008,61,58,3190.0,174.0
PREP00007729,20250319,ST002,PRD009,18,18,1710.0,108.0
PREP00007730,20250319,ST002,PRD010,19,21,2100.0,126.0
PREP00007731,20250319,ST002,PRD011,28,29,4060.0,232.0
PREP00007732,20250319,ST002,PRD012,19,18,3240.0,180.0
PREP00007733,20250319,ST002,PRD013,39,38,6080.0,342.0
PREP00007734,20250319,ST002,PRD014,33,33,3630.0,231.0
PREP00007735,20250319,ST002,PRD015,36,39,2535.0,195.0
PREP00007736,20250319,ST002,PRD016,13,14,1330.0,42.0
PREP00007737,20250319,ST002,PRD017,7,7,770.0,21.0
PREP00007738,20250319,ST002,PRD018,26,26,1560.0,52.0
PREP00007739,20250319,ST002,PRD019,13,14,490.0,28.0
PREP00007740,20250319,ST002,PRD020,12,12,660.0,36.0
PREP00007741,20250319,ST003,PRD001,29,31,1395.0,93.0
PREP00007742,20250319,ST003,PRD002,41,44,2860.0,220.0
PREP00007743,20250319,ST003,PRD003,20,20,1400.0,100.0
PREP00007744,20250319,ST003,PRD004,37,36,2880.0,216.0
PREP00007745,20250319,ST003,PRD005,37,37,1295.0,74.0
PREP00007746,20250319,ST003,PRD006,12,13,910.0,52.0
PREP00007747,20250319,ST003,PRD007,28,29,2320.0,145.0
PREP00007748,20250319,ST003,PRD008,38,39,2145.0,117.0
PREP00007749,20250319,ST003,PRD009,21,22,2090.0,132.0
PREP00007750,20250319,ST003,PRD010,17,18,1800.0,108.0
PREP00007751,20250319,ST003,PRD011,14,14,1960.0,112.0
PREP00007752,20250319,ST003,PRD012,11,12,2160.0,120.0
PREP00007753,20250319,ST003,PRD013,22,24,3840.0,216.0
PREP00007754,20250319,ST003,PRD014,16,16,1760.0,112.0
PREP00007755,20250319,ST003,PRD015,17,16,1040.0,80.0
PREP00007756,20250319,ST003,PRD016,7,8,760.0,24.0
PREP00007757,20250319,ST003,PRD017,8,9,990.0,27.0
PREP00007758,20250319,ST003,PRD018,12,12,720.0,24.0
PREP00007759,20250319,ST003,PRD019,10,10,350.0,20.0
PREP00007760,20250319,ST003,PRD020,17,16,880.0,48.0
PREP00007761,20250319,ST004,PRD001,92,100,4500.0,300.0
PREP00007762,20250319,ST004,PRD002,48,51,3315.0,255.0
PREP00007763,20250319,ST004,PRD003,54,52,3640.0,260.0
PREP00007764,20250319,ST004,PRD004,53,53,4240.0,318.0
PREP00007765,20250319,ST004,PRD005,35,34,1190.0,68.0
PREP00007766,20250319,ST004,PRD006,55,57,3990.0,228.0
PREP00007767,20250319,ST004,PRD007,27,26,2080.0,130.0
PREP00007768,20250319,ST004,PRD008,63,68,3740.0,204.0
PREP00007769,20250319,ST004,PRD009,32,32,3040.0,192.0
PREP00007770,20250319,ST004,PRD010,16,18,1800.0,108.0
PREP00007771,20250319,ST004,PRD011,25,26,3640.0,208.0
PREP00007772,20250319,ST004,PRD012,67,74,13320.0,740.0
PREP00007773,20250319,ST004,PRD013,28,28,4480.0,252.0
PREP00007774,20250319,ST004,PRD014,24,24,2640.0,168.0
PREP00007775,20250319,ST004,PRD015,26,27,1755.0,135.0
PREP00007776,20250319,ST004,PRD016,8,8,760.0,24.0
PREP00007777,20250319,ST004,PRD017,18,18,1980.0,54.0
PREP00007778,20250319,ST004,PRD018,16,16,960.0,32.0
PREP00007779,20250319,ST004,PRD019,32,31,1085.0,62.0
PREP00007780,20250319,ST004,PRD020,32,33,1815.0,99.0
PREP00007781,20250319,ST005,PRD001,68,66,2970.0,198.0
PREP00007782,20250319,ST005,PRD002,44,47,3055.0,235.0
PREP00007783,20250319,ST005,PRD003,61,60,4200.0,300.0
PREP00007784,20250319,ST005,PRD004,43,42,3360.0,252.0
PREP00007785,20250319,ST005,PRD005,35,38,1330.0,76.0
PREP00007786,20250319,ST005,PRD006,26,26,1820.0,104.0
PREP00007787,20250319,ST005,PRD007,51,51,4080.0,255.0
PREP00007788,20250319,ST005,PRD008,20,19,1045.0,57.0
PREP00007789,20250319,ST005,PRD009,15,15,1425.0,90.0
PREP00007790,20250319,ST005,PRD010,25,26,2600.0,156.0
PREP00007791,20250319,ST005,PRD011,23,22,3080.0,176.0
PREP00007792,20250319,ST005,PRD012,18,18,3240.0,180.0
PREP00007793,20250319,ST005,PRD013,37,36,5760.0,324.0
PREP00007794,20250319,ST005,PRD014,37,40,4400.0,280.0
PREP00007795,20250319,ST005,PRD015,36,37,2405.0,185.0
PREP00007796,20250319,ST005,PRD016,16,17,1615.0,51.0
PREP00007797,20250319,ST005,PRD017,10,10,1100.0,30.0
PREP00007798,20250319,ST005,PRD018,26,26,1560.0,52.0
PREP00007799,20250319,ST005,PRD019,32,35,1225.0,70.0
PREP00007800,20250319,ST005,PRD020,31,32,1760.0,96.0
PREP00007801,20250320,ST001,PRD001,55,59,2655.0,177.0
PREP00007802,20250320,ST001,PRD002,94,96,6240.0,480.0
PREP00007803,20250320,ST001,PRD003,74,76,5320.0,380.0
PREP00007804,20250320,ST001,PRD004,41,41,3280.0,246.0
PREP00007805,20250320,ST001,PRD005,88,86,3010.0,172.0
PREP00007806,20250320,ST001,PRD006,40,39,2730.0,156.0
PREP00007807,20250320,ST001,PRD007,38,36,2880.0,180.0
PREP00007808,20250320,ST001,PRD008,39,38,2090.0,114.0
PREP00007809,20250320,ST001,PRD009,23,24,2280.0,144.0
PREP00007810,20250320,ST001,PRD010,33,35,3500.0,210.0
PREP00007811,20250320,ST001,PRD011,37,40,5600.0,320.0
PREP00007812,20250320,ST001,PRD012,49,49,8820.0,490.0
PREP00007813,20250320,ST001,PRD013,39,40,6400.0,360.0
PREP00007814,20250320,ST001,PRD014,26,27,2970.0,189.0
PREP00007815,20250320,ST001,PRD015,28,30,1950.0,150.0
PREP00007816,20250320,ST001,PRD016,31,33,3135.0,99.0
PREP00007817,20250320,ST001,PRD017,11,12,1320.0,36.0
PREP00007818,20250320,ST001,PRD018,41,43,2580.0,86.0
PREP00007819,20250320,ST001,PRD019,30,31,1085.0,62.0
PREP00007820,20250320,ST001,PRD020,26,25,1375.0,75.0
PREP00007821,20250320,ST002,PRD001,48,51,2295.0,153.0
PREP00007822,20250320,ST002,PRD002,47,49,3185.0,245.0
PREP00007823,20250320,ST002,PRD003,39,38,2660.0,190.0
PREP00007824,20250320,ST002,PRD004,63,63,5040.0,378.0
PREP00007825,20250320,ST002,PRD005,72,74,2590.0,148.0
PREP00007826,20250320,ST002,PRD006,35,37,2590.0,148.0
PREP00007827,20250320,ST002,PRD007,46,45,3600.0,225.0
PREP00007828,20250320,ST002,PRD008,43,43,2365.0,129.0
PREP00007829,20250320,ST002,PRD009,25,26,2470.0,156.0
PREP00007830,20250320,ST002,PRD010,27,27,2700.0,162.0
PREP00007831,20250320,ST002,PRD011,19,20,2800.0,160.0
PREP00007832,20250320,ST002,PRD012,26,28,5040.0,280.0
PREP00007833,20250320,ST002,PRD013,23,23,3680.0,207.0
PREP00007834,20250320,ST002,PRD014,15,16,1760.0,112.0
PREP00007835,20250320,ST002,PRD015,15,15,975.0,75.0
PREP00007836,20250320,ST002,PRD016,6,6,570.0,18.0
PREP00007837,20250320,ST002,PRD017,15,15,1650.0,45.0
PREP00007838,20250320,ST002,PRD018,22,22,1320.0,44.0
PREP00007839,20250320,ST002,PRD019,13,13,455.0,26.0
PREP00007840,20250320,ST002,PRD020,13,13,715.0,39.0
PREP00007841,20250320,ST003,PRD001,54,54,2430.0,162.0
PREP00007842,20250320,ST003,PRD002,22,23,1495.0,115.0
PREP00007843,20250320,ST003,PRD003,33,33,2310.0,165.0
PREP00007844,20250320,ST003,PRD004,24,26,2080.0,156.0
PREP00007845,20250320,ST003,PRD005,30,29,1015.0,58.0
PREP00007846,20250320,ST003,PRD006,37,37,2590.0,148.0
PREP00007847,20250320,ST003,PRD007,33,36,2880.0,180.0
PREP00007848,20250320,ST003,PRD008,42,41,2255.0,123.0
PREP00007849,20250320,ST003,PRD009,18,18,1710.0,108.0
PREP00007850,20250320,ST003,PRD010,18,19,1900.0,114.0
PREP00007851,20250320,ST003,PRD011,28,30,4200.0,240.0
PREP00007852,20250320,ST003,PRD012,26,27,4860.0,270.0
PREP00007853,20250320,ST003,PRD013,15,15,2400.0,135.0
PREP00007854,20250320,ST003,PRD014,10,11,1210.0,77.0
PREP00007855,20250320,ST003,PRD015,16,16,1040.0,80.0
PREP00007856,20250320,ST003,PRD016,11,11,1045.0,33.0
PREP00007857,20250320,ST003,PRD017,15,15,1650.0,45.0
PREP00007858,20250320,ST003,PRD018,8,9,540.0,18.0
PREP00007859,20250320,ST003,PRD019,16,18,630.0,36.0
PREP00007860,20250320,ST003,PRD020,16,16,880.0,48.0
PREP00007861,20250320,ST004,PRD001,43,43,1935.0,129.0
PREP00007862,20250320,ST004,PRD002,71,74,4810.0,370.0
PREP00007863,20250320,ST004,PRD003,41,44,3080.0,220.0
PREP00007864,20250320,ST004,PRD004,79,76,6080.0,456.0
PREP00007865,20250320,ST004,PRD005,37,40,1400.0,80.0
PREP00007866,20250320,ST004,PRD006,64,63,4410.0,252.0
PREP00007867,20250320,ST004,PRD007,43,47,3760.0,235.0
PREP00007868,20250320,ST004,PRD008,68,65,3575.0,195.0
PREP00007869,20250320,ST004,PRD009,42,44,4180.0,264.0
PREP00007870,20250320,ST004,PRD010,34,36,3600.0,216.0
PREP00007871,20250320,ST004,PRD011,35,35,4900.0,280.0
PREP00007872,20250320,ST004,PRD012,40,40,7200.0,400.0
PREP00007873,20250320,ST004,PRD013,35,37,5920.0,333.0
PREP00007874,20250320,ST004,PRD014,37,36,3960.0,252.0
PREP00007875,20250320,ST004,PRD015,43,42,2730.0,210.0
PREP00007876,20250320,ST004,PRD016,29,29,2755.0,87.0
PREP00007877,20250320,ST004,PRD017,18,18,1980.0,54.0
PREP00007878,20250320,ST004,PRD018,33,32,1920.0,64.0
PREP00007879,20250320,ST004,PRD019,21,20,700.0,40.0
PREP00007880,20250320,ST004,PRD020,17,17,935.0,51.0
PREP00007881,20250320,ST005,PRD001,36,35,1575.0,105.0
PREP00007882,20250320,ST005,PRD002,63,66,4290.0,330.0
PREP00007883,20250320,ST005,PRD003,51,52,3640.0,260.0
PREP00007884,20250320,ST005,PRD004,37,39,3120.0,234.0
PREP00007885,20250320,ST005,PRD005,27,28,980.0,56.0
PREP00007886,20250320,ST005,PRD006,33,32,2240.0,128.0
PREP00007887,20250320,ST005,PRD007,37,37,2960.0,185.0
PREP00007888,20250320,ST005,PRD008,24,23,1265.0,69.0
PREP00007889,20250320,ST005,PRD009,15,16,1520.0,96.0
PREP00007890,20250320,ST005,PRD010,11,12,1200.0,72.0
PREP00007891,20250320,ST005,PRD011,39,42,5880.0,336.0
PREP00007892,20250320,ST005,PRD012,17,19,3420.0,190.0
PREP00007893,20250320,ST005,PRD013,15,16,2560.0,144.0
PREP00007894,20250320,ST005,PRD014,31,30,3300.0,210.0
PREP00007895,20250320,ST005,PRD015,19,19,1235.0,95.0
PREP00007896,20250320,ST005,PRD016,15,15,1425.0,45.0
PREP00007897,20250320,ST005,PRD017,12,12,1320.0,36.0
PREP00007898,20250320,ST005,PRD018,26,28,1680.0,56.0
PREP00007899,20250320,ST005,PRD019,16,15,525.0,30.0
PREP00007900,20250320,ST005,PRD020,29,29,1595.0,87.0
PREP00007901,20250321,ST001,PRD001,29,29,1305.0,87.0
PREP00007902,20250321,ST001,PRD002,44,46,2990.0,230.0
PREP00007903,20250321,ST001,PRD003,48,47,3290.0,235.0
PREP00007904,20250321,ST001,PRD004,46,44,3520.0,264.0
PREP00007905,20250321,ST001,PRD005,74,81,2835.0,162.0
PREP00007906,20250321,ST001,PRD006,35,35,2450.0,140.0
PREP00007907,20250321,ST001,PRD007,34,37,2960.0,185.0
PREP00007908,20250321,ST001,PRD008,61,64,3520.0,192.0
PREP00007909,20250321,ST001,PRD009,34,37,3515.0,222.0
PREP00007910,20250321,ST001,PRD010,40,43,4300.0,258.0
PREP00007911,20250321,ST001,PRD011,28,30,4200.0,240.0
PREP00007912,20250321,ST001,PRD012,34,36,6480.0,360.0
PREP00007913,20250321,ST001,PRD013,36,38,6080.0,342.0
PREP00007914,20250321,ST001,PRD014,47,46,5060.0,322.0
PREP00007915,20250321,ST001,PRD015,51,52,3380.0,260.0
PREP00007916,20250321,ST001,PRD016,13,13,1235.0,39.0
PREP00007917,20250321,ST001,PRD017,20,19,2090.0,57.0
PREP00007918,20250321,ST001,PRD018,24,24,1440.0,48.0
PREP00007919,20250321,ST001,PRD019,31,31,1085.0,62.0
PREP00007920,20250321,ST001,PRD020,16,16,880.0,48.0
PREP00007921,20250321,ST002,PRD001,62,61,2745.0,183.0
PREP00007922,20250321,ST002,PRD002,35,38,2470.0,190.0
PREP00007923,20250321,ST002,PRD003,42,45,3150.0,225.0
PREP00007924,20250321,ST002,PRD004,31,34,2720.0,204.0
PREP00007925,20250321,ST002,PRD005,46,47,1645.0,94.0
PREP00007926,20250321,ST002,PRD006,20,19,1330.0,76.0
PREP00007927,20250321,ST002,PRD007,36,37,2960.0,185.0
PREP00007928,20250321,ST002,PRD008,35,36,1980.0,108.0
PREP00007929,20250321,ST002,PRD009,15,16,1520.0,96.0
PREP00007930,20250321,ST002,PRD010,31,31,3100.0,186.0
PREP00007931,20250321,ST002,PRD011,18,17,2380.0,136.0
PREP00007932,20250321,ST002,PRD012,19,18,3240.0,180.0
PREP00007933,20250321,ST002,PRD013,24,25,4000.0,225.0
PREP00007934,20250321,ST002,PRD014,27,27,2970.0,189.0
PREP00007935,20250321,ST002,PRD015,35,38,2470.0,190.0
PREP00007936,20250321,ST002,PRD016,15,16,1520.0,48.0
PREP00007937,20250321,ST002,PRD017,13,13,1430.0,39.0
PREP00007938,20250321,ST002,PRD018,23,23,1380.0,46.0
PREP00007939,20250321,ST002,PRD019,26,25,875.0,50.0
PREP00007940,20250321,ST002,PRD020,35,38,2090.0,114.0
PREP00007941,20250321,ST003,PRD001,36,37,1665.0,111.0
PREP00007942,20250321,ST003,PRD002,50,52,3380.0,260.0
PREP00007943,20250321,ST003,PRD003,33,36,2520.0,180.0
PREP00007944,20250321,ST003,PRD004,35,34,2720.0,204.0
PREP00007945,20250321,ST003,PRD005,37,39,1365.0,78.0
PREP00007946,20250321,ST003,PRD006,35,35,2450.0,140.0
PREP00007947,20250321,ST003,PRD007,23,22,1760.0,110.0
PREP00007948,20250321,ST003,PRD008,34,35,1925.0,105.0
PREP00007949,20250321,ST003,PRD009,20,22,2090.0,132.0
PREP00007950,20250321,ST003,PRD010,8,8,800.0,48.0
PREP00007951,20250321,ST003,PRD011,13,13,1820.0,104.0
PREP00007952,20250321,ST003,PRD012,20,21,3780.0,210.0
PREP00007953,20250321,ST003,PRD013,19,18,2880.0,162.0
PREP00007954,20250321,ST003,PRD014,10,11,1210.0,77.0
PREP00007955,20250321,ST003,PRD015,25,26,1690.0,130.0
PREP00007956,20250321,ST003,PRD016,6,6,570.0,18.0
PREP00007957,20250321,ST003,PRD017,20,19,2090.0,57.0
PREP00007958,20250321,ST003,PRD018,12,12,720.0,24.0
PREP00007959,20250321,ST003,PRD019,20,21,735.0,42.0
PREP00007960,20250321,ST003,PRD020,11,12,660.0,36.0
PREP00007961,20250321,ST004,PRD001,67,65,2925.0,195.0
PREP00007962,20250321,ST004,PRD002,53,56,3640.0,280.0
PREP00007963,20250321,ST004,PRD003,77,81,5670.0,405.0
PREP00007964,20250321,ST004,PRD004,48,47,3760.0,282.0
PREP00007965,20250321,ST004,PRD005,32,33,1155.0,66.0
PREP00007966,20250321,ST004,PRD006,43,44,3080.0,176.0
PREP00007967,20250321,ST004,PRD007,31,30,2400.0,150.0
PREP00007968,20250321,ST004,PRD008,43,46,2530.0,138.0
PREP00007969,20250321,ST004,PRD009,37,38,3610.0,228.0
PREP00007970,20250321,ST004,PRD010,17,17,1700.0,102.0
PREP00007971,20250321,ST004,PRD011,29,28,3920.0,224.0
PREP00007972,20250321,ST004,PRD012,68,65,11700.0,650.0
PREP00007973,20250321,ST004,PRD013,28,27,4320.0,243.0
PREP00007974,20250321,ST004,PRD014,28,29,3190.0,203.0
PREP00007975,20250321,ST004,PRD015,32,32,2080.0,160.0
PREP00007976,20250321,ST004,PRD016,24,24,2280.0,72.0
PREP00007977,20250321,ST004,PRD017,22,21,2310.0,63.0
PREP00007978,20250321,ST004,PRD018,20,20,1200.0,40.0
PREP00007979,20250321,ST004,PRD019,34,37,1295.0,74.0
PREP00007980,20250321,ST004,PRD020,10,10,550.0,30.0
PREP00007981,20250321,ST005,PRD001,50,54,2430.0,162.0
PREP00007982,20250321,ST005,PRD002,46,45,2925.0,225.0
PREP00007983,20250321,ST005,PRD003,46,46,3220.0,230.0
PREP00007984,20250321,ST005,PRD004,29,28,2240.0,168.0
PREP00007985,20250321,ST005,PRD005,31,32,1120.0,64.0
PREP00007986,20250321,ST005,PRD006,39,41,2870.0,164.0
PREP00007987,20250321,ST005,PRD007,43,41,3280.0,205.0
PREP00007988,20250321,ST005,PRD008,47,47,2585.0,141.0
PREP00007989,20250321,ST005,PRD009,27,27,2565.0,162.0
PREP00007990,20250321,ST005,PRD010,13,13,1300.0,78.0
PREP00007991,20250321,ST005,PRD011,32,34,4760.0,272.0
PREP00007992,20250321,ST005,PRD012,20,21,3780.0,210.0
PREP00007993,20250321,ST005,PRD013,20,19,3040.0,171.0
PREP00007994,20250321,ST005,PRD014,26,25,2750.0,175.0
PREP00007995,20250321,ST005,PRD015,31,32,2080.0,160.0
PREP00007996,20250321,ST005,PRD016,17,19,1805.0,57.0
PREP00007997,20250321,ST005,PRD017,11,12,1320.0,36.0
PREP00007998,20250321,ST005,PRD018,15,16,960.0,32.0
PREP00007999,20250321,ST005,PRD019,10,10,350.0,20.0
PREP00008000,20250321,ST005,PRD020,17,17,935.0,51.0
PREP00008001,20250322,ST001,PRD001,64,61,2745.0,183.0
PREP00008002,20250322,ST001,PRD002,74,71,4615.0,355.0
PREP00008003,20250322,ST001,PRD003,105,108,7560.0,540.0
PREP00008004,20250322,ST001,PRD004,74,74,5920.0,444.0
PREP00008005,20250322,ST001,PRD005,59,63,2205.0,126.0
PREP00008006,20250322,ST001,PRD006,79,80,5600.0,320.0
PREP00008007,20250322,ST001,PRD007,64,70,5600.0,350.0
PREP00008008,20250322,ST001,PRD008,60,63,3465.0,189.0
PREP00008009,20250322,ST001,PRD009,29,30,2850.0,180.0
PREP00008010,20250322,ST001,PRD010,25,27,2700.0,162.0
PREP00008011,20250322,ST001,PRD011,31,32,4480.0,256.0
PREP00008012,20250322,ST001,PRD012,48,49,8820.0,490.0
PREP00008013,20250322,ST001,PRD013,32,31,4960.0,279.0
PREP00008014,20250322,ST001,PRD014,26,26,2860.0,182.0
PREP00008015,20250322,ST001,PRD015,29,30,1950.0,150.0
PREP00008016,20250322,ST001,PRD016,16,16,1520.0,48.0
PREP00008017,20250322,ST001,PRD017,9,9,990.0,27.0
PREP00008018,20250322,ST001,PRD018,16,17,1020.0,34.0
PREP00008019,20250322,ST001,PRD019,35,37,1295.0,74.0
PREP00008020,20250322,ST001,PRD020,20,21,1155.0,63.0
PREP00008021,20250322,ST002,PRD001,91,100,4500.0,300.0
PREP00008022,20250322,ST002,PRD002,74,70,4550.0,350.0
PREP00008023,20250322,ST002,PRD003,39,42,2940.0,210.0
PREP00008024,20250322,ST002,PRD004,58,59,4720.0,354.0
PREP00008025,20250322,ST002,PRD005,56,59,2065.0,118.0
PREP00008026,20250322,ST002,PRD006,29,30,2100.0,120.0
PREP00008027,20250322,ST002,PRD007,62,67,5360.0,335.0
PREP00008028,20250322,ST002,PRD008,42,41,2255.0,123.0
PREP00008029,20250322,ST002,PRD009,17,16,1520.0,96.0
PREP00008030,20250322,ST002,PRD010,20,21,2100.0,126.0
PREP00008031,20250322,ST002,PRD011,30,32,4480.0,256.0
PREP00008032,20250322,ST002,PRD012,29,28,5040.0,280.0
PREP00008033,20250322,ST002,PRD013,44,48,7680.0,432.0
PREP00008034,20250322,ST002,PRD014,52,56,6160.0,392.0
PREP00008035,20250322,ST002,PRD015,24,25,1625.0,125.0
PREP00008036,20250322,ST002,PRD016,22,23,2185.0,69.0
PREP00008037,20250322,ST002,PRD017,20,22,2420.0,66.0
PREP00008038,20250322,ST002,PRD018,22,22,1320.0,44.0
PREP00008039,20250322,ST002,PRD019,16,15,525.0,30.0
PREP00008040,20250322,ST002,PRD020,19,21,1155.0,63.0
PREP00008041,20250322,ST003,PRD001,32,33,1485.0,99.0
PREP00008042,20250322,ST003,PRD002,28,31,2015.0,155.0
PREP00008043,20250322,ST003,PRD003,66,68,4760.0,340.0
PREP00008044,20250322,ST003,PRD004,42,45,3600.0,270.0
PREP00008045,20250322,ST003,PRD005,54,59,2065.0,118.0
PREP00008046,20250322,ST003,PRD006,29,29,2030.0,116.0
PREP00008047,20250322,ST003,PRD007,40,43,3440.0,215.0
PREP00008048,20250322,ST003,PRD008,35,38,2090.0,114.0
PREP00008049,20250322,ST003,PRD009,18,18,1710.0,108.0
PREP00008050,20250322,ST003,PRD010,27,28,2800.0,168.0
PREP00008051,20250322,ST003,PRD011,13,13,1820.0,104.0
PREP00008052,20250322,ST003,PRD012,35,33,5940.0,330.0
PREP00008053,20250322,ST003,PRD013,34,36,5760.0,324.0
PREP00008054,20250322,ST003,PRD014,19,18,1980.0,126.0
PREP00008055,20250322,ST003,PRD015,43,44,2860.0,220.0
PREP00008056,20250322,ST003,PRD016,17,18,1710.0,54.0
PREP00008057,20250322,ST003,PRD017,19,19,2090.0,57.0
PREP00008058,20250322,ST003,PRD018,21,22,1320.0,44.0
PREP00008059,20250322,ST003,PRD019,19,20,700.0,40.0
PREP00008060,20250322,ST003,PRD020,19,18,990.0,54.0
PREP00008061,20250322,ST004,PRD001,112,118,5310.0,354.0
PREP00008062,20250322,ST004,PRD002,105,112,7280.0,560.0
PREP00008063,20250322,ST004,PRD003,71,72,5040.0,360.0
PREP00008064,20250322,ST004,PRD004,68,66,5280.0,396.0
PREP00008065,20250322,ST004,PRD005,115,116,4060.0,232.0
PREP00008066,20250322,ST004,PRD006,39,41,2870.0,164.0
PREP00008067,20250322,ST004,PRD007,86,90,7200.0,450.0
PREP00008068,20250322,ST004,PRD008,70,67,3685.0,201.0
PREP00008069,20250322,ST004,PRD009,40,42,3990.0,252.0
PREP00008070,20250322,ST004,PRD010,32,34,3400.0,204.0
PREP00008071,20250322,ST004,PRD011,37,38,5320.0,304.0
PREP00008072,20250322,ST004,PRD012,68,65,11700.0,650.0
PREP00008073,20250322,ST004,PRD013,62,65,10400.0,585.0
PREP00008074,20250322,ST004,PRD014,42,42,4620.0,294.0
PREP00008075,20250322,ST004,PRD015,34,36,2340.0,180.0
PREP00008076,20250322,ST004,PRD016,20,20,1900.0,60.0
PREP00008077,20250322,ST004,PRD017,25,24,2640.0,72.0
PREP00008078,20250322,ST004,PRD018,54,56,3360.0,112.0
PREP00008079,20250322,ST004,PRD019,26,27,945.0,54.0
PREP00008080,20250322,ST004,PRD020,51,50,2750.0,150.0
PREP00008081,20250322,ST005,PRD001,41,44,1980.0,132.0
PREP00008082,20250322,ST005,PRD002,104,110,7150.0,550.0
PREP00008083,20250322,ST005,PRD003,39,41,2870.0,205.0
PREP00008084,20250322,ST005,PRD004,36,36,2880.0,216.0
PREP00008085,20250322,ST005,PRD005,38,40,1400.0,80.0
PREP00008086,20250322,ST005,PRD006,19,19,1330.0,76.0
PREP00008087,20250322,ST005,PRD007,35,34,2720.0,170.0
PREP00008088,20250322,ST005,PRD008,58,60,3300.0,180.0
PREP00008089,20250322,ST005,PRD009,15,15,1425.0,90.0
PREP00008090,20250322,ST005,PRD010,21,21,2100.0,126.0
PREP00008091,20250322,ST005,PRD011,43,46,6440.0,368.0
PREP00008092,20250322,ST005,PRD012,25,26,4680.0,260.0
PREP00008093,20250322,ST005,PRD013,16,16,2560.0,144.0
PREP00008094,20250322,ST005,PRD014,35,37,4070.0,259.0
PREP00008095,20250322,ST005,PRD015,43,44,2860.0,220.0
PREP00008096,20250322,ST005,PRD016,23,24,2280.0,72.0
PREP00008097,20250322,ST005,PRD017,30,32,3520.0,96.0
PREP00008098,20250322,ST005,PRD018,10,10,600.0,20.0
PREP00008099,20250322,ST005,PRD019,38,42,1470.0,84.0
PREP00008100,20250322,ST005,PRD020,41,42,2310.0,126.0
PREP00008101,20250323,ST001,PRD001,59,60,2700.0,180.0
PREP00008102,20250323,ST001,PRD002,63,60,3900.0,300.0
PREP00008103,20250323,ST001,PRD003,48,47,3290.0,235.0
PREP00008104,20250323,ST001,PRD004,48,50,4000.0,300.0
PREP00008105,20250323,ST001,PRD005,128,136,4760.0,272.0
PREP00008106,20250323,ST001,PRD006,64,68,4760.0,272.0
PREP00008107,20250323,ST001,PRD007,35,38,3040.0,190.0
PREP00008108,20250323,ST001,PRD008,76,82,4510.0,246.0
PREP00008109,20250323,ST001,PRD009,47,45,4275.0,270.0
PREP00008110,20250323,ST001,PRD010,34,36,3600.0,216.0
PREP00008111,20250323,ST001,PRD011,51,51,7140.0,408.0
PREP00008112,20250323,ST001,PRD012,51,49,8820.0,490.0
PREP00008113,20250323,ST001,PRD013,43,44,7040.0,396.0
PREP00008114,20250323,ST001,PRD014,46,46,5060.0,322.0
PREP00008115,20250323,ST001,PRD015,33,31,2015.0,155.0
PREP00008116,20250323,ST001,PRD016,29,31,2945.0,93.0
PREP00008117,20250323,ST001,PRD017,28,28,3080.0,84.0
PREP00008118,20250323,ST001,PRD018,15,15,900.0,30.0
PREP00008119,20250323,ST001,PRD019,35,35,1225.0,70.0
PREP00008120,20250323,ST001,PRD020,22,22,1210.0,66.0
PREP00008121,20250323,ST002,PRD001,74,71,3195.0,213.0
PREP00008122,20250323,ST002,PRD002,54,55,3575.0,275.0
PREP00008123,20250323,ST002,PRD003,45,48,3360.0,240.0
PREP00008124,20250323,ST002,PRD004,59,64,5120.0,384.0
PREP00008125,20250323,ST002,PRD005,95,101,3535.0,202.0
PREP00008126,20250323,ST002,PRD006,41,41,2870.0,164.0
PREP00008127,20250323,ST002,PRD007,34,36,2880.0,180.0
PREP00008128,20250323,ST002,PRD008,51,53,2915.0,159.0
PREP00008129,20250323,ST002,PRD009,22,23,2185.0,138.0
PREP00008130,20250323,ST002,PRD010,13,13,1300.0,78.0
PREP00008131,20250323,ST002,PRD011,27,26,3640.0,208.0
PREP00008132,20250323,ST002,PRD012,14,14,2520.0,140.0
PREP00008133,20250323,ST002,PRD013,53,58,9280.0,522.0
PREP00008134,20250323,ST002,PRD014,33,36,3960.0,252.0
PREP00008135,20250323,ST002,PRD015,37,40,2600.0,200.0
PREP00008136,20250323,ST002,PRD016,26,28,2660.0,84.0
PREP00008137,20250323,ST002,PRD017,25,26,2860.0,78.0
PREP00008138,20250323,ST002,PRD018,27,29,1740.0,58.0
PREP00008139,20250323,ST002,PRD019,13,14,490.0,28.0
PREP00008140,20250323,ST002,PRD020,18,19,1045.0,57.0
PREP00008141,20250323,ST003,PRD001,35,38,1710.0,114.0
PREP00008142,20250323,ST003,PRD002,62,62,4030.0,310.0
PREP00008143,20250323,ST003,PRD003,70,67,4690.0,335.0
PREP00008144,20250323,ST003,PRD004,26,26,2080.0,156.0
PREP00008145,20250323,ST003,PRD005,25,26,910.0,52.0
PREP00008146,20250323,ST003,PRD006,30,31,2170.0,124.0
PREP00008147,20250323,ST003,PRD007,55,58,4640.0,290.0
PREP00008148,20250323,ST003,PRD008,46,48,2640.0,144.0
PREP00008149,20250323,ST003,PRD009,30,30,2850.0,180.0
PREP00008150,20250323,ST003,PRD010,17,17,1700.0,102.0
PREP00008151,20250323,ST003,PRD011,37,37,5180.0,296.0
PREP00008152,20250323,ST003,PRD012,15,14,2520.0,140.0
PREP00008153,20250323,ST003,PRD013,17,16,2560.0,144.0
PREP00008154,20250323,ST003,PRD014,12,12,1320.0,84.0
PREP00008155,20250323,ST003,PRD015,16,17,1105.0,85.0
PREP00008156,20250323,ST003,PRD016,16,16,1520.0,48.0
PREP00008157,20250323,ST003,PRD017,10,11,1210.0,33.0
PREP00008158,20250323,ST003,PRD018,14,14,840.0,28.0
PREP00008159,20250323,ST003,PRD019,18,18,630.0,36.0
PREP00008160,20250323,ST003,PRD020,19,19,1045.0,57.0
PREP00008161,20250323,ST004,PRD001,77,80,3600.0,240.0
PREP00008162,20250323,ST004,PRD002,53,53,3445.0,265.0
PREP00008163,20250323,ST004,PRD003,39,40,2800.0,200.0
PREP00008164,20250323,ST004,PRD004,61,60,4800.0,360.0
PREP00008165,20250323,ST004,PRD005,110,111,3885.0,222.0
PREP00008166,20250323,ST004,PRD006,36,39,2730.0,156.0
PREP00008167,20250323,ST004,PRD007,49,52,4160.0,260.0
PREP00008168,20250323,ST004,PRD008,87,88,4840.0,264.0
PREP00008169,20250323,ST004,PRD009,49,47,4465.0,282.0
PREP00008170,20250323,ST004,PRD010,27,27,2700.0,162.0
PREP00008171,20250323,ST004,PRD011,50,53,7420.0,424.0
PREP00008172,20250323,ST004,PRD012,36,36,6480.0,360.0
PREP00008173,20250323,ST004,PRD013,65,69,11040.0,621.0
PREP00008174,20250323,ST004,PRD014,26,28,3080.0,196.0
PREP00008175,20250323,ST004,PRD015,42,45,2925.0,225.0
PREP00008176,20250323,ST004,PRD016,15,15,1425.0,45.0
PREP00008177,20250323,ST004,PRD017,30,32,3520.0,96.0
PREP00008178,20250323,ST004,PRD018,30,29,1740.0,58.0
PREP00008179,20250323,ST004,PRD019,27,29,1015.0,58.0
PREP00008180,20250323,ST004,PRD020,33,35,1925.0,105.0
PREP00008181,20250323,ST005,PRD001,101,108,4860.0,324.0
PREP00008182,20250323,ST005,PRD002,49,48,3120.0,240.0
PREP00008183,20250323,ST005,PRD003,76,80,5600.0,400.0
PREP00008184,20250323,ST005,PRD004,71,72,5760.0,432.0
PREP00008185,20250323,ST005,PRD005,40,42,1470.0,84.0
PREP00008186,20250323,ST005,PRD006,24,23,1610.0,92.0
PREP00008187,20250323,ST005,PRD007,62,65,5200.0,325.0
PREP00008188,20250323,ST005,PRD008,46,45,2475.0,135.0
PREP00008189,20250323,ST005,PRD009,14,14,1330.0,84.0
PREP00008190,20250323,ST005,PRD010,35,37,3700.0,222.0
PREP00008191,20250323,ST005,PRD011,36,39,5460.0,312.0
PREP00008192,20250323,ST005,PRD012,38,39,7020.0,390.0
PREP00008193,20250323,ST005,PRD013,35,37,5920.0,333.0
PREP00008194,20250323,ST005,PRD014,32,32,3520.0,224.0
PREP00008195,20250323,ST005,PRD015,25,24,1560.0,120.0
PREP00008196,20250323,ST005,PRD016,26,25,2375.0,75.0
PREP00008197,20250323,ST005,PRD017,16,18,1980.0,54.0
PREP00008198,20250323,ST005,PRD018,40,44,2640.0,88.0
PREP00008199,20250323,ST005,PRD019,41,42,1470.0,84.0
PREP00008200,20250323,ST005,PRD020,22,21,1155.0,63.0
PREP00008201,20250324,ST001,PRD001,59,65,2925.0,195.0
PREP00008202,20250324,ST001,PRD002,35,36,2340.0,180.0
PREP00008203,20250324,ST001,PRD003,62,63,4410.0,315.0
PREP00008204,20250324,ST001,PRD004,44,48,3840.0,288.0
PREP00008205,20250324,ST001,PRD005,77,83,2905.0,166.0
PREP00008206,20250324,ST001,PRD006,32,33,2310.0,132.0
PREP00008207,20250324,ST001,PRD007,40,41,3280.0,205.0
PREP00008208,20250324,ST001,PRD008,87,83,4565.0,249.0
PREP00008209,20250324,ST001,PRD009,32,33,3135.0,198.0
PREP00008210,20250324,ST001,PRD010,16,16,1600.0,96.0
PREP00008211,20250324,ST001,PRD011,38,37,5180.0,296.0
PREP00008212,20250324,ST001,PRD012,51,49,8820.0,490.0
PREP00008213,20250324,ST001,PRD013,32,35,5600.0,315.0
PREP00008214,20250324,ST001,PRD014,26,27,2970.0,189.0
PREP00008215,20250324,ST001,PRD015,41,44,2860.0,220.0
PREP00008216,20250324,ST001,PRD016,30,30,2850.0,90.0
PREP00008217,20250324,ST001,PRD017,15,16,1760.0,48.0
PREP00008218,20250324,ST001,PRD018,23,24,1440.0,48.0
PREP00008219,20250324,ST001,PRD019,19,20,700.0,40.0
PREP00008220,20250324,ST001,PRD020,35,37,2035.0,111.0
PREP00008221,20250324,ST002,PRD001,34,34,1530.0,102.0
PREP00008222,20250324,ST002,PRD002,53,53,3445.0,265.0
PREP00008223,20250324,ST002,PRD003,69,71,4970.0,355.0
PREP00008224,20250324,ST002,PRD004,33,34,2720.0,204.0
PREP00008225,20250324,ST002,PRD005,68,68,2380.0,136.0
PREP00008226,20250324,ST002,PRD006,30,33,2310.0,132.0
PREP00008227,20250324,ST002,PRD007,25,26,2080.0,130.0
PREP00008228,20250324,ST002,PRD008,43,43,2365.0,129.0
PREP00008229,20250324,ST002,PRD009,30,31,2945.0,186.0
PREP00008230,20250324,ST002,PRD010,12,12,1200.0,72.0
PREP00008231,20250324,ST002,PRD011,29,31,4340.0,248.0
PREP00008232,20250324,ST002,PRD012,34,37,6660.0,370.0
PREP00008233,20250324,ST002,PRD013,21,22,3520.0,198.0
PREP00008234,20250324,ST002,PRD014,21,22,2420.0,154.0
PREP00008235,20250324,ST002,PRD015,41,43,2795.0,215.0
PREP00008236,20250324,ST002,PRD016,16,17,1615.0,51.0
PREP00008237,20250324,ST002,PRD017,20,21,2310.0,63.0
PREP00008238,20250324,ST002,PRD018,16,16,960.0,32.0
PREP00008239,20250324,ST002,PRD019,26,28,980.0,56.0
PREP00008240,20250324,ST002,PRD020,22,22,1210.0,66.0
PREP00008241,20250324,ST003,PRD001,45,48,2160.0,144.0
PREP00008242,20250324,ST003,PRD002,38,36,2340.0,180.0
PREP00008243,20250324,ST003,PRD003,23,24,1680.0,120.0
PREP00008244,20250324,ST003,PRD004,22,21,1680.0,126.0
PREP00008245,20250324,ST003,PRD005,25,26,910.0,52.0
PREP00008246,20250324,ST003,PRD006,32,34,2380.0,136.0
PREP00008247,20250324,ST003,PRD007,25,27,2160.0,135.0
PREP00008248,20250324,ST003,PRD008,19,19,1045.0,57.0
PREP00008249,20250324,ST003,PRD009,15,14,1330.0,84.0
PREP00008250,20250324,ST003,PRD010,19,20,2000.0,120.0
PREP00008251,20250324,ST003,PRD011,15,16,2240.0,128.0
PREP00008252,20250324,ST003,PRD012,27,27,4860.0,270.0
PREP00008253,20250324,ST003,PRD013,20,21,3360.0,189.0
PREP00008254,20250324,ST003,PRD014,16,17,1870.0,119.0
PREP00008255,20250324,ST003,PRD015,24,26,1690.0,130.0
PREP00008256,20250324,ST003,PRD016,14,13,1235.0,39.0
PREP00008257,20250324,ST003,PRD017,16,17,1870.0,51.0
PREP00008258,20250324,ST003,PRD018,15,16,960.0,32.0
PREP00008259,20250324,ST003,PRD019,21,22,770.0,44.0
PREP00008260,20250324,ST003,PRD020,16,16,880.0,48.0
PREP00008261,20250324,ST004,PRD001,47,51,2295.0,153.0
PREP00008262,20250324,ST004,PRD002,85,85,5525.0,425.0
PREP00008263,20250324,ST004,PRD003,45,44,3080.0,220.0
PREP00008264,20250324,ST004,PRD004,80,87,6960.0,522.0
PREP00008265,20250324,ST004,PRD005,49,50,1750.0,100.0
PREP00008266,20250324,ST004,PRD006,68,67,4690.0,268.0
PREP00008267,20250324,ST004,PRD007,51,51,4080.0,255.0
PREP00008268,20250324,ST004,PRD008,56,58,3190.0,174.0
PREP00008269,20250324,ST004,PRD009,31,33,3135.0,198.0
PREP00008270,20250324,ST004,PRD010,16,15,1500.0,90.0
PREP00008271,20250324,ST004,PRD011,55,58,8120.0,464.0
PREP00008272,20250324,ST004,PRD012,36,38,6840.0,380.0
PREP00008273,20250324,ST004,PRD013,40,42,6720.0,378.0
PREP00008274,20250324,ST004,PRD014,18,18,1980.0,126.0
PREP00008275,20250324,ST004,PRD015,58,61,3965.0,305.0
PREP00008276,20250324,ST004,PRD016,35,37,3515.0,111.0
PREP00008277,20250324,ST004,PRD017,26,27,2970.0,81.0
PREP00008278,20250324,ST004,PRD018,12,12,720.0,24.0
PREP00008279,20250324,ST004,PRD019,23,22,770.0,44.0
PREP00008280,20250324,ST004,PRD020,19,20,1100.0,60.0
PREP00008281,20250324,ST005,PRD001,37,41,1845.0,123.0
PREP00008282,20250324,ST005,PRD002,20,21,1365.0,105.0
PREP00008283,20250324,ST005,PRD003,32,33,2310.0,165.0
PREP00008284,20250324,ST005,PRD004,45,46,3680.0,276.0
PREP00008285,20250324,ST005,PRD005,43,43,1505.0,86.0
PREP00008286,20250324,ST005,PRD006,34,33,2310.0,132.0
PREP00008287,20250324,ST005,PRD007,25,26,2080.0,130.0
PREP00008288,20250324,ST005,PRD008,61,61,3355.0,183.0
PREP00008289,20250324,ST005,PRD009,17,17,1615.0,102.0
PREP00008290,20250324,ST005,PRD010,23,25,2500.0,150.0
PREP00008291,20250324,ST005,PRD011,34,35,4900.0,280.0
PREP00008292,20250324,ST005,PRD012,17,17,3060.0,170.0
PREP00008293,20250324,ST005,PRD013,32,31,4960.0,279.0
PREP00008294,20250324,ST005,PRD014,31,34,3740.0,238.0
PREP00008295,20250324,ST005,PRD015,31,32,2080.0,160.0
PREP00008296,20250324,ST005,PRD016,11,12,1140.0,36.0
PREP00008297,20250324,ST005,PRD017,22,23,2530.0,69.0
PREP00008298,20250324,ST005,PRD018,16,16,960.0,32.0
PREP00008299,20250324,ST005,PRD019,30,29,1015.0,58.0
PREP00008300,20250324,ST005,PRD020,25,27,1485.0,81.0
PREP00008301,20250325,ST001,PRD001,42,41,1845.0,123.0
PREP00008302,20250325,ST001,PRD002,85,81,5265.0,405.0
PREP00008303,20250325,ST001,PRD003,53,57,3990.0,285.0
PREP00008304,20250325,ST001,PRD004,30,32,2560.0,192.0
PREP00008305,20250325,ST001,PRD005,42,43,1505.0,86.0
PREP00008306,20250325,ST001,PRD006,44,48,3360.0,192.0
PREP00008307,20250325,ST001,PRD007,41,43,3440.0,215.0
PREP00008308,20250325,ST001,PRD008,57,59,3245.0,177.0
PREP00008309,20250325,ST001,PRD009,39,40,3800.0,240.0
PREP00008310,20250325,ST001,PRD010,21,20,2000.0,120.0
PREP00008311,20250325,ST001,PRD011,33,33,4620.0,264.0
PREP00008312,20250325,ST001,PRD012,32,34,6120.0,340.0
PREP00008313,20250325,ST001,PRD013,45,49,7840.0,441.0
PREP00008314,20250325,ST001,PRD014,30,31,3410.0,217.0
PREP00008315,20250325,ST001,PRD015,64,67,4355.0,335.0
PREP00008316,20250325,ST001,PRD016,21,20,1900.0,60.0
PREP00008317,20250325,ST001,PRD017,15,14,1540.0,42.0
PREP00008318,20250325,ST001,PRD018,26,26,1560.0,52.0
PREP00008319,20250325,ST001,PRD019,16,17,595.0,34.0
PREP00008320,20250325,ST001,PRD020,46,45,2475.0,135.0
PREP00008321,20250325,ST002,PRD001,54,58,2610.0,174.0
PREP00008322,20250325,ST002,PRD002,58,62,4030.0,310.0
PREP00008323,20250325,ST002,PRD003,52,50,3500.0,250.0
PREP00008324,20250325,ST002,PRD004,44,47,3760.0,282.0
PREP00008325,20250325,ST002,PRD005,48,52,1820.0,104.0
PREP00008326,20250325,ST002,PRD006,29,28,1960.0,112.0
PREP00008327,20250325,ST002,PRD007,44,47,3760.0,235.0
PREP00008328,20250325,ST002,PRD008,33,36,1980.0,108.0
PREP00008329,20250325,ST002,PRD009,33,34,3230.0,204.0
PREP00008330,20250325,ST002,PRD010,19,18,1800.0,108.0
PREP00008331,20250325,ST002,PRD011,17,17,2380.0,136.0
PREP00008332,20250325,ST002,PRD012,37,39,7020.0,390.0
PREP00008333,20250325,ST002,PRD013,28,27,4320.0,243.0
PREP00008334,20250325,ST002,PRD014,16,17,1870.0,119.0
PREP00008335,20250325,ST002,PRD015,41,41,2665.0,205.0
PREP00008336,20250325,ST002,PRD016,6,6,570.0,18.0
PREP00008337,20250325,ST002,PRD017,9,10,1100.0,30.0
PREP00008338,20250325,ST002,PRD018,11,11,660.0,22.0
PREP00008339,20250325,ST002,PRD019,23,24,840.0,48.0
PREP00008340,20250325,ST002,PRD020,20,21,1155.0,63.0
PREP00008341,20250325,ST003,PRD001,45,47,2115.0,141.0
PREP00008342,20250325,ST003,PRD002,25,26,1690.0,130.0
PREP00008343,20250325,ST003,PRD003,42,40,2800.0,200.0
PREP00008344,20250325,ST003,PRD004,51,54,4320.0,324.0
PREP00008345,20250325,ST003,PRD005,32,33,1155.0,66.0
PREP00008346,20250325,ST003,PRD006,32,31,2170.0,124.0
PREP00008347,20250325,ST003,PRD007,18,19,1520.0,95.0
PREP00008348,20250325,ST003,PRD008,27,26,1430.0,78.0
PREP00008349,20250325,ST003,PRD009,16,17,1615.0,102.0
PREP00008350,20250325,ST003,PRD010,13,13,1300.0,78.0
PREP00008351,20250325,ST003,PRD011,17,17,2380.0,136.0
PREP00008352,20250325,ST003,PRD012,18,17,3060.0,170.0
PREP00008353,20250325,ST003,PRD013,28,29,4640.0,261.0
PREP00008354,20250325,ST003,PRD014,21,22,2420.0,154.0
PREP00008355,20250325,ST003,PRD015,26,25,1625.0,125.0
PREP00008356,20250325,ST003,PRD016,8,8,760.0,24.0
PREP00008357,20250325,ST003,PRD017,14,15,1650.0,45.0
PREP00008358,20250325,ST003,PRD018,16,17,1020.0,34.0
PREP00008359,20250325,ST003,PRD019,5,5,175.0,10.0
PREP00008360,20250325,ST003,PRD020,19,21,1155.0,63.0
PREP00008361,20250325,ST004,PRD001,40,43,1935.0,129.0
PREP00008362,20250325,ST004,PRD002,40,40,2600.0,200.0
PREP00008363,20250325,ST004,PRD003,77,80,5600.0,400.0
PREP00008364,20250325,ST004,PRD004,63,68,5440.0,408.0
PREP00008365,20250325,ST004,PRD005,68,65,2275.0,130.0
PREP00008366,20250325,ST004,PRD006,73,75,5250.0,300.0
PREP00008367,20250325,ST004,PRD007,40,44,3520.0,220.0
PREP00008368,20250325,ST004,PRD008,40,40,2200.0,120.0
PREP00008369,20250325,ST004,PRD009,19,18,1710.0,108.0
PREP00008370,20250325,ST004,PRD010,12,12,1200.0,72.0
PREP00008371,20250325,ST004,PRD011,37,40,5600.0,320.0
PREP00008372,20250325,ST004,PRD012,43,44,7920.0,440.0
PREP00008373,20250325,ST004,PRD013,36,38,6080.0,342.0
PREP00008374,20250325,ST004,PRD014,32,32,3520.0,224.0
PREP00008375,20250325,ST004,PRD015,25,27,1755.0,135.0
PREP00008376,20250325,ST004,PRD016,24,25,2375.0,75.0
PREP00008377,20250325,ST004,PRD017,24,25,2750.0,75.0
PREP00008378,20250325,ST004,PRD018,20,21,1260.0,42.0
PREP00008379,20250325,ST004,PRD019,21,23,805.0,46.0
PREP00008380,20250325,ST004,PRD020,27,26,1430.0,78.0
PREP00008381,20250325,ST005,PRD001,45,49,2205.0,147.0
PREP00008382,20250325,ST005,PRD002,28,29,1885.0,145.0
PREP00008383,20250325,ST005,PRD003,43,46,3220.0,230.0
PREP00008384,20250325,ST005,PRD004,42,46,3680.0,276.0
PREP00008385,20250325,ST005,PRD005,28,30,1050.0,60.0
PREP00008386,20250325,ST005,PRD006,39,38,2660.0,152.0
PREP00008387,20250325,ST005,PRD007,57,57,4560.0,285.0
PREP00008388,20250325,ST005,PRD008,21,21,1155.0,63.0
PREP00008389,20250325,ST005,PRD009,19,19,1805.0,114.0
PREP00008390,20250325,ST005,PRD010,23,22,2200.0,132.0
PREP00008391,20250325,ST005,PRD011,34,33,4620.0,264.0
PREP00008392,20250325,ST005,PRD012,17,17,3060.0,170.0
PREP00008393,20250325,ST005,PRD013,37,39,6240.0,351.0
PREP00008394,20250325,ST005,PRD014,20,21,2310.0,147.0
PREP00008395,20250325,ST005,PRD015,26,26,1690.0,130.0
PREP00008396,20250325,ST005,PRD016,17,18,1710.0,54.0
PREP00008397,20250325,ST005,PRD017,16,17,1870.0,51.0
PREP00008398,20250325,ST005,PRD018,11,11,660.0,22.0
PREP00008399,20250325,ST005,PRD019,9,10,350.0,20.0
PREP00008400,20250325,ST005,PRD020,30,29,1595.0,87.0
PREP00008401,20250326,ST001,PRD001,36,37,1665.0,111.0
PREP00008402,20250326,ST001,PRD002,44,47,3055.0,235.0
PREP00008403,20250326,ST001,PRD003,48,46,3220.0,230.0
PREP00008404,20250326,ST001,PRD004,35,36,2880.0,216.0
PREP00008405,20250326,ST001,PRD005,95,102,3570.0,204.0
PREP00008406,20250326,ST001,PRD006,35,37,2590.0,148.0
PREP00008407,20250326,ST001,PRD007,58,57,4560.0,285.0
PREP00008408,20250326,ST001,PRD008,48,49,2695.0,147.0
PREP00008409,20250326,ST001,PRD009,27,29,2755.0,174.0
PREP00008410,20250326,ST001,PRD010,22,24,2400.0,144.0
PREP00008411,20250326,ST001,PRD011,51,52,7280.0,416.0
PREP00008412,20250326,ST001,PRD012,25,25,4500.0,250.0
PREP00008413,20250326,ST001,PRD013,29,31,4960.0,279.0
PREP00008414,20250326,ST001,PRD014,30,29,3190.0,203.0
PREP00008415,20250326,ST001,PRD015,28,31,2015.0,155.0
PREP00008416,20250326,ST001,PRD016,26,28,2660.0,84.0
PREP00008417,20250326,ST001,PRD017,12,12,1320.0,36.0
PREP00008418,20250326,ST001,PRD018,25,24,1440.0,48.0
PREP00008419,20250326,ST001,PRD019,15,14,490.0,28.0
PREP00008420,20250326,ST001,PRD020,23,24,1320.0,72.0
PREP00008421,20250326,ST002,PRD001,43,46,2070.0,138.0
PREP00008422,20250326,ST002,PRD002,58,56,3640.0,280.0
PREP00008423,20250326,ST002,PRD003,51,50,3500.0,250.0
PREP00008424,20250326,ST002,PRD004,42,40,3200.0,240.0
PREP00008425,20250326,ST002,PRD005,61,61,2135.0,122.0
PREP00008426,20250326,ST002,PRD006,41,45,3150.0,180.0
PREP00008427,20250326,ST002,PRD007,24,25,2000.0,125.0
PREP00008428,20250326,ST002,PRD008,60,58,3190.0,174.0
PREP00008429,20250326,ST002,PRD009,17,18,1710.0,108.0
PREP00008430,20250326,ST002,PRD010,24,24,2400.0,144.0
PREP00008431,20250326,ST002,PRD011,30,32,4480.0,256.0
PREP00008432,20250326,ST002,PRD012,31,32,5760.0,320.0
PREP00008433,20250326,ST002,PRD013,30,31,4960.0,279.0
PREP00008434,20250326,ST002,PRD014,29,31,3410.0,217.0
PREP00008435,20250326,ST002,PRD015,28,27,1755.0,135.0
PREP00008436,20250326,ST002,PRD016,16,17,1615.0,51.0
PREP00008437,20250326,ST002,PRD017,13,13,1430.0,39.0
PREP00008438,20250326,ST002,PRD018,29,32,1920.0,64.0
PREP00008439,20250326,ST002,PRD019,19,20,700.0,40.0
PREP00008440,20250326,ST002,PRD020,15,15,825.0,45.0
PREP00008441,20250326,ST003,PRD001,30,32,1440.0,96.0
PREP00008442,20250326,ST003,PRD002,29,31,2015.0,155.0
PREP00008443,20250326,ST003,PRD003,26,25,1750.0,125.0
PREP00008444,20250326,ST003,PRD004,41,39,3120.0,234.0
PREP00008445,20250326,ST003,PRD005,52,54,1890.0,108.0
PREP00008446,20250326,ST003,PRD006,45,44,3080.0,176.0
PREP00008447,20250326,ST003,PRD007,23,23,1840.0,115.0
PREP00008448,20250326,ST003,PRD008,43,47,2585.0,141.0
PREP00008449,20250326,ST003,PRD009,20,21,1995.0,126.0
PREP00008450,20250326,ST003,PRD010,17,17,1700.0,102.0
PREP00008451,20250326,ST003,PRD011,23,23,3220.0,184.0
PREP00008452,20250326,ST003,PRD012,20,19,3420.0,190.0
PREP00008453,20250326,ST003,PRD013,23,23,3680.0,207.0
PREP00008454,20250326,ST003,PRD014,8,8,880.0,56.0
PREP00008455,20250326,ST003,PRD015,12,12,780.0,60.0
PREP00008456,20250326,ST003,PRD016,11,11,1045.0,33.0
PREP00008457,20250326,ST003,PRD017,15,16,1760.0,48.0
PREP00008458,20250326,ST003,PRD018,22,24,1440.0,48.0
PREP00008459,20250326,ST003,PRD019,12,12,420.0,24.0
PREP00008460,20250326,ST003,PRD020,12,12,660.0,36.0
PREP00008461,20250326,ST004,PRD001,63,69,3105.0,207.0
PREP00008462,20250326,ST004,PRD002,43,45,2925.0,225.0
PREP00008463,20250326,ST004,PRD003,74,75,5250.0,375.0
PREP00008464,20250326,ST004,PRD004,45,43,3440.0,258.0
PREP00008465,20250326,ST004,PRD005,41,42,1470.0,84.0
PREP00008466,20250326,ST004,PRD006,37,37,2590.0,148.0
PREP00008467,20250326,ST004,PRD007,31,31,2480.0,155.0
PREP00008468,20250326,ST004,PRD008,66,66,3630.0,198.0
PREP00008469,20250326,ST004,PRD009,32,32,3040.0,192.0
PREP00008470,20250326,ST004,PRD010,20,20,2000.0,120.0
PREP00008471,20250326,ST004,PRD011,46,48,6720.0,384.0
PREP00008472,20250326,ST004,PRD012,55,55,9900.0,550.0
PREP00008473,20250326,ST004,PRD013,37,36,5760.0,324.0
PREP00008474,20250326,ST004,PRD014,26,27,2970.0,189.0
PREP00008475,20250326,ST004,PRD015,22,23,1495.0,115.0
PREP00008476,20250326,ST004,PRD016,27,29,2755.0,87.0
PREP00008477,20250326,ST004,PRD017,16,15,1650.0,45.0
PREP00008478,20250326,ST004,PRD018,14,15,900.0,30.0
PREP00008479,20250326,ST004,PRD019,32,31,1085.0,62.0
PREP00008480,20250326,ST004,PRD020,29,28,1540.0,84.0
PREP00008481,20250326,ST005,PRD001,36,36,1620.0,108.0
PREP00008482,20250326,ST005,PRD002,77,81,5265.0,405.0
PREP00008483,20250326,ST005,PRD003,50,53,3710.0,265.0
PREP00008484,20250326,ST005,PRD004,34,32,2560.0,192.0
PREP00008485,20250326,ST005,PRD005,55,55,1925.0,110.0
PREP00008486,20250326,ST005,PRD006,34,36,2520.0,144.0
PREP00008487,20250326,ST005,PRD007,29,31,2480.0,155.0
PREP00008488,20250326,ST005,PRD008,47,46,2530.0,138.0
PREP00008489,20250326,ST005,PRD009,23,22,2090.0,132.0
PREP00008490,20250326,ST005,PRD010,11,11,1100.0,66.0
PREP00008491,20250326,ST005,PRD011,27,29,4060.0,232.0
PREP00008492,20250326,ST005,PRD012,30,32,5760.0,320.0
PREP00008493,20250326,ST005,PRD013,19,19,3040.0,171.0
PREP00008494,20250326,ST005,PRD014,31,33,3630.0,231.0
PREP00008495,20250326,ST005,PRD015,45,43,2795.0,215.0
PREP00008496,20250326,ST005,PRD016,17,17,1615.0,51.0
PREP00008497,20250326,ST005,PRD017,23,22,2420.0,66.0
PREP00008498,20250326,ST005,PRD018,16,18,1080.0,36.0
PREP00008499,20250326,ST005,PRD019,19,20,700.0,40.0
PREP00008500,20250326,ST005,PRD020,19,20,1100.0,60.0
PREP00008501,20250327,ST001,PRD001,34,32,1440.0,96.0
PREP00008502,20250327,ST001,PRD002,75,82,5330.0,410.0
PREP00008503,20250327,ST001,PRD003,79,84,5880.0,420.0
PREP00008504,20250327,ST001,PRD004,34,37,2960.0,222.0
PREP00008505,20250327,ST001,PRD005,50,52,1820.0,104.0
PREP00008506,20250327,ST001,PRD006,49,52,3640.0,208.0
PREP00008507,20250327,ST001,PRD007,50,50,4000.0,250.0
PREP00008508,20250327,ST001,PRD008,54,53,2915.0,159.0
PREP00008509,20250327,ST001,PRD009,25,24,2280.0,144.0
PREP00008510,20250327,ST001,PRD010,25,25,2500.0,150.0
PREP00008511,20250327,ST001,PRD011,41,43,6020.0,344.0
PREP00008512,20250327,ST001,PRD012,38,41,7380.0,410.0
PREP00008513,20250327,ST001,PRD013,49,52,8320.0,468.0
PREP00008514,20250327,ST001,PRD014,30,29,3190.0,203.0
PREP00008515,20250327,ST001,PRD015,36,39,2535.0,195.0
PREP00008516,20250327,ST001,PRD016,37,38,3610.0,114.0
PREP00008517,20250327,ST001,PRD017,11,12,1320.0,36.0
PREP00008518,20250327,ST001,PRD018,23,22,1320.0,44.0
PREP00008519,20250327,ST001,PRD019,33,34,1190.0,68.0
PREP00008520,20250327,ST001,PRD020,38,42,2310.0,126.0
PREP00008521,20250327,ST002,PRD001,52,52,2340.0,156.0
PREP00008522,20250327,ST002,PRD002,54,59,3835.0,295.0
PREP00008523,20250327,ST002,PRD003,59,59,4130.0,295.0
PREP00008524,20250327,ST002,PRD004,65,64,5120.0,384.0
PREP00008525,20250327,ST002,PRD005,62,64,2240.0,128.0
PREP00008526,20250327,ST002,PRD006,36,36,2520.0,144.0
PREP00008527,20250327,ST002,PRD007,40,38,3040.0,190.0
PREP00008528,20250327,ST002,PRD008,22,23,1265.0,69.0
PREP00008529,20250327,ST002,PRD009,22,23,2185.0,138.0
PREP00008530,20250327,ST002,PRD010,15,15,1500.0,90.0
PREP00008531,20250327,ST002,PRD011,32,34,4760.0,272.0
PREP00008532,20250327,ST002,PRD012,21,22,3960.0,220.0
PREP00008533,20250327,ST002,PRD013,33,34,5440.0,306.0
PREP00008534,20250327,ST002,PRD014,26,27,2970.0,189.0
PREP00008535,20250327,ST002,PRD015,21,21,1365.0,105.0
PREP00008536,20250327,ST002,PRD016,11,12,1140.0,36.0
PREP00008537,20250327,ST002,PRD017,23,25,2750.0,75.0
PREP00008538,20250327,ST002,PRD018,25,26,1560.0,52.0
PREP00008539,20250327,ST002,PRD019,26,27,945.0,54.0
PREP00008540,20250327,ST002,PRD020,26,26,1430.0,78.0
PREP00008541,20250327,ST003,PRD001,46,44,1980.0,132.0
PREP00008542,20250327,ST003,PRD002,45,45,2925.0,225.0
PREP00008543,20250327,ST003,PRD003,31,30,2100.0,150.0
PREP00008544,20250327,ST003,PRD004,26,26,2080.0,156.0
PREP00008545,20250327,ST003,PRD005,32,34,1190.0,68.0
PREP00008546,20250327,ST003,PRD006,31,30,2100.0,120.0
PREP00008547,20250327,ST003,PRD007,19,19,1520.0,95.0
PREP00008548,20250327,ST003,PRD008,42,41,2255.0,123.0
PREP00008549,20250327,ST003,PRD009,10,10,950.0,60.0
PREP00008550,20250327,ST003,PRD010,15,14,1400.0,84.0
PREP00008551,20250327,ST003,PRD011,8,9,1260.0,72.0
PREP00008552,20250327,ST003,PRD012,23,22,3960.0,220.0
PREP00008553,20250327,ST003,PRD013,24,24,3840.0,216.0
PREP00008554,20250327,ST003,PRD014,12,12,1320.0,84.0
PREP00008555,20250327,ST003,PRD015,22,21,1365.0,105.0
PREP00008556,20250327,ST003,PRD016,10,11,1045.0,33.0
PREP00008557,20250327,ST003,PRD017,11,12,1320.0,36.0
PREP00008558,20250327,ST003,PRD018,15,14,840.0,28.0
PREP00008559,20250327,ST003,PRD019,18,19,665.0,38.0
PREP00008560,20250327,ST003,PRD020,23,24,1320.0,72.0
PREP00008561,20250327,ST004,PRD001,70,68,3060.0,204.0
PREP00008562,20250327,ST004,PRD002,75,72,4680.0,360.0
PREP00008563,20250327,ST004,PRD003,84,83,5810.0,415.0
PREP00008564,20250327,ST004,PRD004,62,68,5440.0,408.0
PREP00008565,20250327,ST004,PRD005,55,58,2030.0,116.0
PREP00008566,20250327,ST004,PRD006,47,51,3570.0,204.0
PREP00008567,20250327,ST004,PRD007,70,74,5920.0,370.0
PREP00008568,20250327,ST004,PRD008,77,80,4400.0,240.0
PREP00008569,20250327,ST004,PRD009,56,57,5415.0,342.0
PREP00008570,20250327,ST004,PRD010,21,23,2300.0,138.0
PREP00008571,20250327,ST004,PRD011,37,38,5320.0,304.0
PREP00008572,20250327,ST004,PRD012,38,39,7020.0,390.0
PREP00008573,20250327,ST004,PRD013,54,52,8320.0,468.0
PREP00008574,20250327,ST004,PRD014,37,36,3960.0,252.0
PREP00008575,20250327,ST004,PRD015,50,54,3510.0,270.0
PREP00008576,20250327,ST004,PRD016,19,21,1995.0,63.0
PREP00008577,20250327,ST004,PRD017,23,23,2530.0,69.0
PREP00008578,20250327,ST004,PRD018,20,19,1140.0,38.0
PREP00008579,20250327,ST004,PRD019,23,23,805.0,46.0
PREP00008580,20250327,ST004,PRD020,34,35,1925.0,105.0
PREP00008581,20250327,ST005,PRD001,53,54,2430.0,162.0
PREP00008582,20250327,ST005,PRD002,21,21,1365.0,105.0
PREP00008583,20250327,ST005,PRD003,39,41,2870.0,205.0
PREP00008584,20250327,ST005,PRD004,52,51,4080.0,306.0
PREP00008585,20250327,ST005,PRD005,52,57,1995.0,114.0
PREP00008586,20250327,ST005,PRD006,32,34,2380.0,136.0
PREP00008587,20250327,ST005,PRD007,48,47,3760.0,235.0
PREP00008588,20250327,ST005,PRD008,39,42,2310.0,126.0
PREP00008589,20250327,ST005,PRD009,15,15,1425.0,90.0
PREP00008590,20250327,ST005,PRD010,21,22,2200.0,132.0
PREP00008591,20250327,ST005,PRD011,28,29,4060.0,232.0
PREP00008592,20250327,ST005,PRD012,18,19,3420.0,190.0
PREP00008593,20250327,ST005,PRD013,20,20,3200.0,180.0
PREP00008594,20250327,ST005,PRD014,19,20,2200.0,140.0
PREP00008595,20250327,ST005,PRD015,12,12,780.0,60.0
PREP00008596,20250327,ST005,PRD016,8,8,760.0,24.0
PREP00008597,20250327,ST005,PRD017,10,10,1100.0,30.0
PREP00008598,20250327,ST005,PRD018,25,24,1440.0,48.0
PREP00008599,20250327,ST005,PRD019,14,13,455.0,26.0
PREP00008600,20250327,ST005,PRD020,13,14,770.0,42.0
PREP00008601,20250328,ST001,PRD001,55,54,2430.0,162.0
PREP00008602,20250328,ST001,PRD002,51,55,3575.0,275.0
PREP00008603,20250328,ST001,PRD003,69,68,4760.0,340.0
PREP00008604,20250328,ST001,PRD004,86,87,6960.0,522.0
PREP00008605,20250328,ST001,PRD005,49,50,1750.0,100.0
PREP00008606,20250328,ST001,PRD006,56,61,4270.0,244.0
PREP00008607,20250328,ST001,PRD007,42,42,3360.0,210.0
PREP00008608,20250328,ST001,PRD008,73,73,4015.0,219.0
PREP00008609,20250328,ST001,PRD009,30,29,2755.0,174.0
PREP00008610,20250328,ST001,PRD010,22,21,2100.0,126.0
PREP00008611,20250328,ST001,PRD011,20,19,2660.0,152.0
PREP00008612,20250328,ST001,PRD012,40,41,7380.0,410.0
PREP00008613,20250328,ST001,PRD013,38,39,6240.0,351.0
PREP00008614,20250328,ST001,PRD014,43,46,5060.0,322.0
PREP00008615,20250328,ST001,PRD015,47,49,3185.0,245.0
PREP00008616,20250328,ST001,PRD016,12,12,1140.0,36.0
PREP00008617,20250328,ST001,PRD017,25,26,2860.0,78.0
PREP00008618,20250328,ST001,PRD018,23,23,1380.0,46.0
PREP00008619,20250328,ST001,PRD019,16,17,595.0,34.0
PREP00008620,20250328,ST001,PRD020,22,21,1155.0,63.0
PREP00008621,20250328,ST002,PRD001,42,46,2070.0,138.0
PREP00008622,20250328,ST002,PRD002,44,46,2990.0,230.0
PREP00008623,20250328,ST002,PRD003,45,43,3010.0,215.0
PREP00008624,20250328,ST002,PRD004,27,28,2240.0,168.0
PREP00008625,20250328,ST002,PRD005,50,48,1680.0,96.0
PREP00008626,20250328,ST002,PRD006,33,32,2240.0,128.0
PREP00008627,20250328,ST002,PRD007,49,52,4160.0,260.0
PREP00008628,20250328,ST002,PRD008,54,52,2860.0,156.0
PREP00008629,20250328,ST002,PRD009,22,23,2185.0,138.0
PREP00008630,20250328,ST002,PRD010,21,20,2000.0,120.0
PREP00008631,20250328,ST002,PRD011,25,25,3500.0,200.0
PREP00008632,20250328,ST002,PRD012,40,38,6840.0,380.0
PREP00008633,20250328,ST002,PRD013,21,20,3200.0,180.0
PREP00008634,20250328,ST002,PRD014,13,13,1430.0,91.0
PREP00008635,20250328,ST002,PRD015,17,17,1105.0,85.0
PREP00008636,20250328,ST002,PRD016,17,18,1710.0,54.0
PREP00008637,20250328,ST002,PRD017,12,12,1320.0,36.0
PREP00008638,20250328,ST002,PRD018,14,14,840.0,28.0
PREP00008639,20250328,ST002,PRD019,15,15,525.0,30.0
PREP00008640,20250328,ST002,PRD020,10,11,605.0,33.0
PREP00008641,20250328,ST003,PRD001,19,20,900.0,60.0
PREP00008642,20250328,ST003,PRD002,33,32,2080.0,160.0
PREP00008643,20250328,ST003,PRD003,29,28,1960.0,140.0
PREP00008644,20250328,ST003,PRD004,38,38,3040.0,228.0
PREP00008645,20250328,ST003,PRD005,39,41,1435.0,82.0
PREP00008646,20250328,ST003,PRD006,34,35,2450.0,140.0
PREP00008647,20250328,ST003,PRD007,16,17,1360.0,85.0
PREP00008648,20250328,ST003,PRD008,39,38,2090.0,114.0
PREP00008649,20250328,ST003,PRD009,14,14,1330.0,84.0
PREP00008650,20250328,ST003,PRD010,9,10,1000.0,60.0
PREP00008651,20250328,ST003,PRD011,11,12,1680.0,96.0
PREP00008652,20250328,ST003,PRD012,29,31,5580.0,310.0
PREP00008653,20250328,ST003,PRD013,21,21,3360.0,189.0
PREP00008654,20250328,ST003,PRD014,8,8,880.0,56.0
PREP00008655,20250328,ST003,PRD015,12,12,780.0,60.0
PREP00008656,20250328,ST003,PRD016,13,13,1235.0,39.0
PREP00008657,20250328,ST003,PRD017,9,9,990.0,27.0
PREP00008658,20250328,ST003,PRD018,11,11,660.0,22.0
PREP00008659,20250328,ST003,PRD019,26,28,980.0,56.0
PREP00008660,20250328,ST003,PRD020,15,15,825.0,45.0
PREP00008661,20250328,ST004,PRD001,44,48,2160.0,144.0
PREP00008662,20250328,ST004,PRD002,46,49,3185.0,245.0
PREP00008663,20250328,ST004,PRD003,40,39,2730.0,195.0
PREP00008664,20250328,ST004,PRD004,54,54,4320.0,324.0
PREP00008665,20250328,ST004,PRD005,50,50,1750.0,100.0
PREP00008666,20250328,ST004,PRD006,63,67,4690.0,268.0
PREP00008667,20250328,ST004,PRD007,46,48,3840.0,240.0
PREP00008668,20250328,ST004,PRD008,95,96,5280.0,288.0
PREP00008669,20250328,ST004,PRD009,46,48,4560.0,288.0
PREP00008670,20250328,ST004,PRD010,47,46,4600.0,276.0
PREP00008671,20250328,ST004,PRD011,24,24,3360.0,192.0
PREP00008672,20250328,ST004,PRD012,32,34,6120.0,340.0
PREP00008673,20250328,ST004,PRD013,38,39,6240.0,351.0
PREP00008674,20250328,ST004,PRD014,41,40,4400.0,280.0
PREP00008675,20250328,ST004,PRD015,20,22,1430.0,110.0
PREP00008676,20250328,ST004,PRD016,20,20,1900.0,60.0
PREP00008677,20250328,ST004,PRD017,15,15,1650.0,45.0
PREP00008678,20250328,ST004,PRD018,13,13,780.0,26.0
PREP00008679,20250328,ST004,PRD019,30,30,1050.0,60.0
PREP00008680,20250328,ST004,PRD020,31,33,1815.0,99.0
PREP00008681,20250328,ST005,PRD001,25,24,1080.0,72.0
PREP00008682,20250328,ST005,PRD002,56,60,3900.0,300.0
PREP00008683,20250328,ST005,PRD003,67,73,5110.0,365.0
PREP00008684,20250328,ST005,PRD004,36,37,2960.0,222.0
PREP00008685,20250328,ST005,PRD005,49,54,1890.0,108.0
PREP00008686,20250328,ST005,PRD006,37,39,2730.0,156.0
PREP00008687,20250328,ST005,PRD007,32,31,2480.0,155.0
PREP00008688,20250328,ST005,PRD008,24,24,1320.0,72.0
PREP00008689,20250328,ST005,PRD009,18,17,1615.0,102.0
PREP00008690,20250328,ST005,PRD010,19,20,2000.0,120.0
PREP00008691,20250328,ST005,PRD011,20,20,2800.0,160.0
PREP00008692,20250328,ST005,PRD012,35,35,6300.0,350.0
PREP00008693,20250328,ST005,PRD013,24,26,4160.0,234.0
PREP00008694,20250328,ST005,PRD014,14,15,1650.0,105.0
PREP00008695,20250328,ST005,PRD015,36,35,2275.0,175.0
PREP00008696,20250328,ST005,PRD016,24,23,2185.0,69.0
PREP00008697,20250328,ST005,PRD017,17,17,1870.0,51.0
PREP00008698,20250328,ST005,PRD018,10,10,600.0,20.0
PREP00008699,20250328,ST005,PRD019,16,17,595.0,34.0
PREP00008700,20250328,ST005,PRD020,16,15,825.0,45.0
PREP00008701,20250329,ST001,PRD001,101,109,4905.0,327.0
PREP00008702,20250329,ST001,PRD002,88,89,5785.0,445.0
PREP00008703,20250329,ST001,PRD003,75,79,5530.0,395.0
PREP00008704,20250329,ST001,PRD004,41,42,3360.0,252.0
PREP00008705,20250329,ST001,PRD005,111,121,4235.0,242.0
PREP00008706,20250329,ST001,PRD006,69,68,4760.0,272.0
PREP00008707,20250329,ST001,PRD007,68,69,5520.0,345.0
PREP00008708,20250329,ST001,PRD008,49,53,2915.0,159.0
PREP00008709,20250329,ST001,PRD009,46,46,4370.0,276.0
PREP00008710,20250329,ST001,PRD010,35,38,3800.0,228.0
PREP00008711,20250329,ST001,PRD011,54,59,8260.0,472.0
PREP00008712,20250329,ST001,PRD012,47,46,8280.0,460.0
PREP00008713,20250329,ST001,PRD013,55,56,8960.0,504.0
PREP00008714,20250329,ST001,PRD014,47,47,5170.0,329.0
PREP00008715,20250329,ST001,PRD015,84,87,5655.0,435.0
PREP00008716,20250329,ST001,PRD016,18,20,1900.0,60.0
PREP00008717,20250329,ST001,PRD017,15,15,1650.0,45.0
PREP00008718,20250329,ST001,PRD018,18,17,1020.0,34.0
PREP00008719,20250329,ST001,PRD019,33,33,1155.0,66.0
PREP00008720,20250329,ST001,PRD020,34,37,2035.0,111.0
PREP00008721,20250329,ST002,PRD001,69,75,3375.0,225.0
PREP00008722,20250329,ST002,PRD002,60,65,4225.0,325.0
PREP00008723,20250329,ST002,PRD003,70,67,4690.0,335.0
PREP00008724,20250329,ST002,PRD004,88,94,7520.0,564.0
PREP00008725,20250329,ST002,PRD005,79,79,2765.0,158.0
PREP00008726,20250329,ST002,PRD006,70,73,5110.0,292.0
PREP00008727,20250329,ST002,PRD007,43,46,3680.0,230.0
PREP00008728,20250329,ST002,PRD008,32,34,1870.0,102.0
PREP00008729,20250329,ST002,PRD009,34,35,3325.0,210.0
PREP00008730,20250329,ST002,PRD010,34,33,3300.0,198.0
PREP00008731,20250329,ST002,PRD011,19,20,2800.0,160.0
PREP00008732,20250329,ST002,PRD012,54,53,9540.0,530.0
PREP00008733,20250329,ST002,PRD013,39,43,6880.0,387.0
PREP00008734,20250329,ST002,PRD014,18,20,2200.0,140.0
PREP00008735,20250329,ST002,PRD015,18,19,1235.0,95.0
PREP00008736,20250329,ST002,PRD016,11,11,1045.0,33.0
PREP00008737,20250329,ST002,PRD017,13,14,1540.0,42.0
PREP00008738,20250329,ST002,PRD018,31,31,1860.0,62.0
PREP00008739,20250329,ST002,PRD019,29,29,1015.0,58.0
PREP00008740,20250329,ST002,PRD020,27,26,1430.0,78.0
PREP00008741,20250329,ST003,PRD001,48,47,2115.0,141.0
PREP00008742,20250329,ST003,PRD002,37,36,2340.0,180.0
PREP00008743,20250329,ST003,PRD003,59,62,4340.0,310.0
PREP00008744,20250329,ST003,PRD004,25,26,2080.0,156.0
PREP00008745,20250329,ST003,PRD005,60,58,2030.0,116.0
PREP00008746,20250329,ST003,PRD006,22,24,1680.0,96.0
PREP00008747,20250329,ST003,PRD007,33,32,2560.0,160.0
PREP00008748,20250329,ST003,PRD008,26,26,1430.0,78.0
PREP00008749,20250329,ST003,PRD009,17,16,1520.0,96.0
PREP00008750,20250329,ST003,PRD010,12,12,1200.0,72.0
PREP00008751,20250329,ST003,PRD011,19,19,2660.0,152.0
PREP00008752,20250329,ST003,PRD012,38,38,6840.0,380.0
PREP00008753,20250329,ST003,PRD013,19,19,3040.0,171.0
PREP00008754,20250329,ST003,PRD014,19,20,2200.0,140.0
PREP00008755,20250329,ST003,PRD015,17,18,1170.0,90.0
PREP00008756,20250329,ST003,PRD016,19,20,1900.0,60.0
PREP00008757,20250329,ST003,PRD017,16,16,1760.0,48.0
PREP00008758,20250329,ST003,PRD018,21,20,1200.0,40.0
PREP00008759,20250329,ST003,PRD019,24,26,910.0,52.0
PREP00008760,20250329,ST003,PRD020,20,21,1155.0,63.0
PREP00008761,20250329,ST004,PRD001,62,67,3015.0,201.0
PREP00008762,20250329,ST004,PRD002,135,133,8645.0,665.0
PREP00008763,20250329,ST004,PRD003,56,57,3990.0,285.0
PREP00008764,20250329,ST004,PRD004,79,80,6400.0,480.0
PREP00008765,20250329,ST004,PRD005,81,79,2765.0,158.0
PREP00008766,20250329,ST004,PRD006,76,73,5110.0,292.0
PREP00008767,20250329,ST004,PRD007,67,70,5600.0,350.0
PREP00008768,20250329,ST004,PRD008,58,62,3410.0,186.0
PREP00008769,20250329,ST004,PRD009,34,36,3420.0,216.0
PREP00008770,20250329,ST004,PRD010,29,32,3200.0,192.0
PREP00008771,20250329,ST004,PRD011,35,38,5320.0,304.0
PREP00008772,20250329,ST004,PRD012,50,52,9360.0,520.0
PREP00008773,20250329,ST004,PRD013,37,35,5600.0,315.0
PREP00008774,20250329,ST004,PRD014,24,23,2530.0,161.0
PREP00008775,20250329,ST004,PRD015,24,23,1495.0,115.0
PREP00008776,20250329,ST004,PRD016,25,25,2375.0,75.0
PREP00008777,20250329,ST004,PRD017,29,30,3300.0,90.0
PREP00008778,20250329,ST004,PRD018,34,33,1980.0,66.0
PREP00008779,20250329,ST004,PRD019,24,24,840.0,48.0
PREP00008780,20250329,ST004,PRD020,32,34,1870.0,102.0
PREP00008781,20250329,ST005,PRD001,46,50,2250.0,150.0
PREP00008782,20250329,ST005,PRD002,65,67,4355.0,335.0
PREP00008783,20250329,ST005,PRD003,55,53,3710.0,265.0
PREP00008784,20250329,ST005,PRD004,76,83,6640.0,498.0
PREP00008785,20250329,ST005,PRD005,68,67,2345.0,134.0
PREP00008786,20250329,ST005,PRD006,43,43,3010.0,172.0
PREP00008787,20250329,ST005,PRD007,63,67,5360.0,335.0
PREP00008788,20250329,ST005,PRD008,46,49,2695.0,147.0
PREP00008789,20250329,ST005,PRD009,48,47,4465.0,282.0
PREP00008790,20250329,ST005,PRD010,44,47,4700.0,282.0
PREP00008791,20250329,ST005,PRD011,31,31,4340.0,248.0
PREP00008792,20250329,ST005,PRD012,46,50,9000.0,500.0
PREP00008793,20250329,ST005,PRD013,16,17,2720.0,153.0
PREP00008794,20250329,ST005,PRD014,26,26,2860.0,182.0
PREP00008795,20250329,ST005,PRD015,39,38,2470.0,190.0
PREP00008796,20250329,ST005,PRD016,12,13,1235.0,39.0
PREP00008797,20250329,ST005,PRD017,15,16,1760.0,48.0
PREP00008798,20250329,ST005,PRD018,19,20,1200.0,40.0
PREP00008799,20250329,ST005,PRD019,14,13,455.0,26.0
PREP00008800,20250329,ST005,PRD020,9,9,495.0,27.0
PREP00008801,20250330,ST001,PRD001,70,76,3420.0,228.0
PREP00008802,20250330,ST001,PRD002,56,60,3900.0,300.0
PREP00008803,20250330,ST001,PRD003,71,70,4900.0,350.0
PREP00008804,20250330,ST001,PRD004,88,90,7200.0,540.0
PREP00008805,20250330,ST001,PRD005,73,74,2590.0,148.0
PREP00008806,20250330,ST001,PRD006,40,38,2660.0,152.0
PREP00008807,20250330,ST001,PRD007,68,65,5200.0,325.0
PREP00008808,20250330,ST001,PRD008,66,69,3795.0,207.0
PREP00008809,20250330,ST001,PRD009,37,36,3420.0,216.0
PREP00008810,20250330,ST001,PRD010,38,37,3700.0,222.0
PREP00008811,20250330,ST001,PRD011,54,54,7560.0,432.0
PREP00008812,20250330,ST001,PRD012,37,38,6840.0,380.0
PREP00008813,20250330,ST001,PRD013,57,55,8800.0,495.0
PREP00008814,20250330,ST001,PRD014,25,27,2970.0,189.0
PREP00008815,20250330,ST001,PRD015,51,50,3250.0,250.0
PREP00008816,20250330,ST001,PRD016,46,48,4560.0,144.0
PREP00008817,20250330,ST001,PRD017,30,29,3190.0,87.0
PREP00008818,20250330,ST001,PRD018,15,16,960.0,32.0
PREP00008819,20250330,ST001,PRD019,40,43,1505.0,86.0
PREP00008820,20250330,ST001,PRD020,34,36,1980.0,108.0
PREP00008821,20250330,ST002,PRD001,71,77,3465.0,231.0
PREP00008822,20250330,ST002,PRD002,72,74,4810.0,370.0
PREP00008823,20250330,ST002,PRD003,71,75,5250.0,375.0
PREP00008824,20250330,ST002,PRD004,45,44,3520.0,264.0
PREP00008825,20250330,ST002,PRD005,80,79,2765.0,158.0
PREP00008826,20250330,ST002,PRD006,38,37,2590.0,148.0
PREP00008827,20250330,ST002,PRD007,42,46,3680.0,230.0
PREP00008828,20250330,ST002,PRD008,42,44,2420.0,132.0
PREP00008829,20250330,ST002,PRD009,52,52,4940.0,312.0
PREP00008830,20250330,ST002,PRD010,15,15,1500.0,90.0
PREP00008831,20250330,ST002,PRD011,49,53,7420.0,424.0
PREP00008832,20250330,ST002,PRD012,34,36,6480.0,360.0
PREP00008833,20250330,ST002,PRD013,44,46,7360.0,414.0
PREP00008834,20250330,ST002,PRD014,21,21,2310.0,147.0
PREP00008835,20250330,ST002,PRD015,69,70,4550.0,350.0
PREP00008836,20250330,ST002,PRD016,27,29,2755.0,87.0
PREP00008837,20250330,ST002,PRD017,20,22,2420.0,66.0
PREP00008838,20250330,ST002,PRD018,31,33,1980.0,66.0
PREP00008839,20250330,ST002,PRD019,23,23,805.0,46.0
PREP00008840,20250330,ST002,PRD020,21,22,1210.0,66.0
PREP00008841,20250330,ST003,PRD001,47,50,2250.0,150.0
PREP00008842,20250330,ST003,PRD002,46,48,3120.0,240.0
PREP00008843,20250330,ST003,PRD003,40,40,2800.0,200.0
PREP00008844,20250330,ST003,PRD004,39,40,3200.0,240.0
PREP00008845,20250330,ST003,PRD005,27,27,945.0,54.0
PREP00008846,20250330,ST003,PRD006,29,29,2030.0,116.0
PREP00008847,20250330,ST003,PRD007,36,39,3120.0,195.0
PREP00008848,20250330,ST003,PRD008,37,39,2145.0,117.0
PREP00008849,20250330,ST003,PRD009,18,17,1615.0,102.0
PREP00008850,20250330,ST003,PRD010,26,26,2600.0,156.0
PREP00008851,20250330,ST003,PRD011,11,11,1540.0,88.0
PREP00008852,20250330,ST003,PRD012,10,11,1980.0,110.0
PREP00008853,20250330,ST003,PRD013,27,27,4320.0,243.0
PREP00008854,20250330,ST003,PRD014,22,22,2420.0,154.0
PREP00008855,20250330,ST003,PRD015,29,28,1820.0,140.0
PREP00008856,20250330,ST003,PRD016,10,11,1045.0,33.0
PREP00008857,20250330,ST003,PRD017,9,9,990.0,27.0
PREP00008858,20250330,ST003,PRD018,19,20,1200.0,40.0
PREP00008859,20250330,ST003,PRD019,28,29,1015.0,58.0
PREP00008860,20250330,ST003,PRD020,12,12,660.0,36.0
PREP00008861,20250330,ST004,PRD001,81,78,3510.0,234.0
PREP00008862,20250330,ST004,PRD002,110,120,7800.0,600.0
PREP00008863,20250330,ST004,PRD003,42,43,3010.0,215.0
PREP00008864,20250330,ST004,PRD004,96,105,8400.0,630.0
PREP00008865,20250330,ST004,PRD005,33,35,1225.0,70.0
PREP00008866,20250330,ST004,PRD006,64,63,4410.0,252.0
PREP00008867,20250330,ST004,PRD007,68,70,5600.0,350.0
PREP00008868,20250330,ST004,PRD008,78,76,4180.0,228.0
PREP00008869,20250330,ST004,PRD009,55,52,4940.0,312.0
PREP00008870,20250330,ST004,PRD010,24,24,2400.0,144.0
PREP00008871,20250330,ST004,PRD011,56,55,7700.0,440.0
PREP00008872,20250330,ST004,PRD012,25,26,4680.0,260.0
PREP00008873,20250330,ST004,PRD013,57,55,8800.0,495.0
PREP00008874,20250330,ST004,PRD014,49,47,5170.0,329.0
PREP00008875,20250330,ST004,PRD015,27,29,1885.0,145.0
PREP00008876,20250330,ST004,PRD016,24,26,2470.0,78.0
PREP00008877,20250330,ST004,PRD017,27,29,3190.0,87.0
PREP00008878,20250330,ST004,PRD018,23,24,1440.0,48.0
PREP00008879,20250330,ST004,PRD019,32,32,1120.0,64.0
PREP00008880,20250330,ST004,PRD020,30,31,1705.0,93.0
PREP00008881,20250330,ST005,PRD001,76,74,3330.0,222.0
PREP00008882,20250330,ST005,PRD002,30,31,2015.0,155.0
PREP00008883,20250330,ST005,PRD003,50,52,3640.0,260.0
PREP00008884,20250330,ST005,PRD004,64,62,4960.0,372.0
PREP00008885,20250330,ST005,PRD005,46,48,1680.0,96.0
PREP00008886,20250330,ST005,PRD006,40,44,3080.0,176.0
PREP00008887,20250330,ST005,PRD007,26,28,2240.0,140.0
PREP00008888,20250330,ST005,PRD008,62,63,3465.0,189.0
PREP00008889,20250330,ST005,PRD009,38,38,3610.0,228.0
PREP00008890,20250330,ST005,PRD010,38,41,4100.0,246.0
PREP00008891,20250330,ST005,PRD011,50,53,7420.0,424.0
PREP00008892,20250330,ST005,PRD012,30,32,5760.0,320.0
PREP00008893,20250330,ST005,PRD013,30,29,4640.0,261.0
PREP00008894,20250330,ST005,PRD014,15,16,1760.0,112.0
PREP00008895,20250330,ST005,PRD015,31,30,1950.0,150.0
PREP00008896,20250330,ST005,PRD016,25,26,2470.0,78.0
PREP00008897,20250330,ST005,PRD017,10,10,1100.0,30.0
PREP00008898,20250330,ST005,PRD018,29,28,1680.0,56.0
PREP00008899,20250330,ST005,PRD019,16,15,525.0,30.0
PREP00008900,20250330,ST005,PRD020,20,22,1210.0,66.0
PREP00008901,20250331,ST001,PRD001,42,43,1935.0,129.0
PREP00008902,20250331,ST001,PRD002,78,86,5590.0,430.0
PREP00008903,20250331,ST001,PRD003,59,60,4200.0,300.0
PREP00008904,20250331,ST001,PRD004,52,53,4240.0,318.0
PREP00008905,20250331,ST001,PRD005,37,35,1225.0,70.0
PREP00008906,20250331,ST001,PRD006,62,64,4480.0,256.0
PREP00008907,20250331,ST001,PRD007,62,62,4960.0,310.0
PREP00008908,20250331,ST001,PRD008,75,76,4180.0,228.0
PREP00008909,20250331,ST001,PRD009,61,63,5985.0,378.0
PREP00008910,20250331,ST001,PRD010,48,52,5200.0,312.0
PREP00008911,20250331,ST001,PRD011,41,39,5460.0,312.0
PREP00008912,20250331,ST001,PRD012,27,27,4860.0,270.0
PREP00008913,20250331,ST001,PRD013,33,35,5600.0,315.0
PREP00008914,20250331,ST001,PRD014,24,26,2860.0,182.0
PREP00008915,20250331,ST001,PRD015,31,31,2015.0,155.0
PREP00008916,20250331,ST001,PRD016,17,18,1710.0,54.0
PREP00008917,20250331,ST001,PRD017,28,27,2970.0,81.0
PREP00008918,20250331,ST001,PRD018,34,37,2220.0,74.0
PREP00008919,20250331,ST001,PRD019,46,48,1680.0,96.0
PREP00008920,20250331,ST001,PRD020,35,36,1980.0,108.0
PREP00008921,20250331,ST002,PRD001,47,49,2205.0,147.0
PREP00008922,20250331,ST002,PRD002,43,42,2730.0,210.0
PREP00008923,20250331,ST002,PRD003,34,33,2310.0,165.0
PREP00008924,20250331,ST002,PRD004,39,41,3280.0,246.0
PREP00008925,20250331,ST002,PRD005,42,44,1540.0,88.0
PREP00008926,20250331,ST002,PRD006,19,19,1330.0,76.0
PREP00008927,20250331,ST002,PRD007,21,20,1600.0,100.0
PREP00008928,20250331,ST002,PRD008,28,27,1485.0,81.0
PREP00008929,20250331,ST002,PRD009,13,14,1330.0,84.0
PREP00008930,20250331,ST002,PRD010,19,20,2000.0,120.0
PREP00008931,20250331,ST002,PRD011,22,23,3220.0,184.0
PREP00008932,20250331,ST002,PRD012,17,18,3240.0,180.0
PREP00008933,20250331,ST002,PRD013,21,21,3360.0,189.0
PREP00008934,20250331,ST002,PRD014,18,18,1980.0,126.0
PREP00008935,20250331,ST002,PRD015,30,30,1950.0,150.0
PREP00008936,20250331,ST002,PRD016,10,10,950.0,30.0
PREP00008937,20250331,ST002,PRD017,10,11,1210.0,33.0
PREP00008938,20250331,ST002,PRD018,16,16,960.0,32.0
PREP00008939,20250331,ST002,PRD019,10,10,350.0,20.0
PREP00008940,20250331,ST002,PRD020,18,19,1045.0,57.0
PREP00008941,20250331,ST003,PRD001,37,40,1800.0,120.0
PREP00008942,20250331,ST003,PRD002,50,53,3445.0,265.0
PREP00008943,20250331,ST003,PRD003,30,32,2240.0,160.0
PREP00008944,20250331,ST003,PRD004,27,27,2160.0,162.0
PREP00008945,20250331,ST003,PRD005,31,31,1085.0,62.0
PREP00008946,20250331,ST003,PRD006,25,27,1890.0,108.0
PREP00008947,20250331,ST003,PRD007,25,26,2080.0,130.0
PREP00008948,20250331,ST003,PRD008,56,59,3245.0,177.0
PREP00008949,20250331,ST003,PRD009,25,24,2280.0,144.0
PREP00008950,20250331,ST003,PRD010,13,13,1300.0,78.0
PREP00008951,20250331,ST003,PRD011,20,21,2940.0,168.0
PREP00008952,20250331,ST003,PRD012,18,20,3600.0,200.0
PREP00008953,20250331,ST003,PRD013,27,28,4480.0,252.0
PREP00008954,20250331,ST003,PRD014,27,29,3190.0,203.0
PREP00008955,20250331,ST003,PRD015,28,30,1950.0,150.0
PREP00008956,20250331,ST003,PRD016,8,8,760.0,24.0
PREP00008957,20250331,ST003,PRD017,8,8,880.0,24.0
PREP00008958,20250331,ST003,PRD018,13,13,780.0,26.0
PREP00008959,20250331,ST003,PRD019,14,15,525.0,30.0
PREP00008960,20250331,ST003,PRD020,11,11,605.0,33.0
PREP00008961,20250331,ST004,PRD001,48,48,2160.0,144.0
PREP00008962,20250331,ST004,PRD002,60,62,4030.0,310.0
PREP00008963,20250331,ST004,PRD003,40,42,2940.0,210.0
PREP00008964,20250331,ST004,PRD004,37,37,2960.0,222.0
PREP00008965,20250331,ST004,PRD005,48,50,1750.0,100.0
PREP00008966,20250331,ST004,PRD006,80,78,5460.0,312.0
PREP00008967,20250331,ST004,PRD007,35,33,2640.0,165.0
PREP00008968,20250331,ST004,PRD008,29,29,1595.0,87.0
PREP00008969,20250331,ST004,PRD009,31,34,3230.0,204.0
PREP00008970,20250331,ST004,PRD010,16,17,1700.0,102.0
PREP00008971,20250331,ST004,PRD011,39,42,5880.0,336.0
PREP00008972,20250331,ST004,PRD012,33,35,6300.0,350.0
PREP00008973,20250331,ST004,PRD013,40,39,6240.0,351.0
PREP00008974,20250331,ST004,PRD014,44,47,5170.0,329.0
PREP00008975,20250331,ST004,PRD015,52,56,3640.0,280.0
PREP00008976,20250331,ST004,PRD016,16,16,1520.0,48.0
PREP00008977,20250331,ST004,PRD017,14,14,1540.0,42.0
PREP00008978,20250331,ST004,PRD018,19,20,1200.0,40.0
PREP00008979,20250331,ST004,PRD019,26,28,980.0,56.0
PREP00008980,20250331,ST004,PRD020,20,20,1100.0,60.0
PREP00008981,20250331,ST005,PRD001,34,37,1665.0,111.0
PREP00008982,20250331,ST005,PRD002,40,44,2860.0,220.0
PREP00008983,20250331,ST005,PRD003,56,56,3920.0,280.0
PREP00008984,20250331,ST005,PRD004,49,48,3840.0,288.0
PREP00008985,20250331,ST005,PRD005,30,30,1050.0,60.0
PREP00008986,20250331,ST005,PRD006,38,37,2590.0,148.0
PREP00008987,20250331,ST005,PRD007,26,26,2080.0,130.0
PREP00008988,20250331,ST005,PRD008,37,37,2035.0,111.0
PREP00008989,20250331,ST005,PRD009,22,24,2280.0,144.0
PREP00008990,20250331,ST005,PRD010,17,18,1800.0,108.0
PREP00008991,20250331,ST005,PRD011,26,28,3920.0,224.0
PREP00008992,20250331,ST005,PRD012,17,17,3060.0,170.0
PREP00008993,20250331,ST005,PRD013,18,18,2880.0,162.0
PREP00008994,20250331,ST005,PRD014,20,19,2090.0,133.0
PREP00008995,20250331,ST005,PRD015,21,21,1365.0,105.0
PREP00008996,20250331,ST005,PRD016,24,25,2375.0,75.0
PREP00008997,20250331,ST005,PRD017,23,25,2750.0,75.0
PREP00008998,20250331,ST005,PRD018,23,25,1500.0,50.0
PREP00008999,20250331,ST005,PRD019,18,17,595.0,34.0
PREP00009000,20250331,ST005,PRD020,31,34,1870.0,102.0
