inventory_id,date_id,store_id,product_id,opening_stock,received_qty,prepared_qty,sold_qty,closing_stock,damaged_qty,expired_qty,stockout_flag
INV00000001,20250101,ST001,PRD001,30,28,51,48,61,0,0,False
INV00000002,20250102,ST001,PRD001,61,46,61,45,123,0,0,False
INV00000003,20250103,ST001,PRD001,123,52,78,77,176,0,0,False
INV00000004,20250104,ST001,PRD001,176,55,86,92,225,0,0,False
INV00000005,20250105,ST001,PRD001,225,43,72,75,265,0,0,False
INV00000006,20250106,ST001,PRD001,265,78,73,77,339,0,0,False
INV00000007,20250107,ST001,PRD001,339,33,43,37,378,0,0,False
INV00000008,20250108,ST001,PRD001,378,55,56,60,429,0,0,False
INV00000009,20250109,ST001,PRD001,429,46,105,88,492,0,0,False
INV00000010,20250110,ST001,PRD001,492,33,66,59,532,0,0,False
INV00000011,20250111,ST001,PRD001,532,54,78,82,582,0,0,False
INV00000012,20250112,ST001,PRD001,582,49,58,53,636,0,0,False
INV00000013,20250113,ST001,PRD001,636,53,73,59,703,0,0,False
INV00000014,20250114,ST001,PRD001,703,42,46,42,749,0,0,False
INV00000015,20250115,ST001,PRD001,749,32,31,32,780,0,0,False
INV00000016,20250116,ST001,PRD001,780,57,90,72,855,0,0,False
INV00000017,20250117,ST001,PRD001,855,40,57,49,903,0,0,False
INV00000018,20250118,ST001,PRD001,903,48,64,69,946,0,0,False
INV00000019,20250119,ST001,PRD001,946,49,48,44,999,0,0,False
INV00000020,20250120,ST001,PRD001,999,55,46,53,1047,0,0,False
INV00000021,20250121,ST001,PRD001,1047,45,66,73,1085,0,0,False
INV00000022,20250122,ST001,PRD001,1085,35,46,44,1122,0,0,False
INV00000023,20250123,ST001,PRD001,1122,30,40,43,1149,0,0,False
INV00000024,20250124,ST001,PRD001,1149,29,50,44,1184,0,0,False
INV00000025,20250125,ST001,PRD001,1184,54,61,52,1247,0,0,False
INV00000026,20250126,ST001,PRD001,1247,23,38,41,1267,0,0,False
INV00000027,20250127,ST001,PRD001,1267,39,60,51,1315,0,0,False
INV00000028,20250128,ST001,PRD001,1315,33,47,44,1351,0,0,False
INV00000029,20250129,ST001,PRD001,1351,65,77,88,1405,0,0,False
INV00000030,20250130,ST001,PRD001,1405,25,47,37,1440,0,0,False
INV00000031,20250131,ST001,PRD001,1440,22,47,42,1467,0,0,False
INV00000032,20250201,ST001,PRD001,1467,43,58,52,1516,0,0,False
INV00000033,20250202,ST001,PRD001,1516,51,92,87,1572,0,0,False
INV00000034,20250203,ST001,PRD001,1572,52,57,45,1636,0,0,False
INV00000035,20250204,ST001,PRD001,1636,42,92,75,1695,0,0,False
INV00000036,20250205,ST001,PRD001,1695,46,66,65,1742,0,0,False
INV00000037,20250206,ST001,PRD001,1742,61,80,65,1818,0,0,False
INV00000038,20250207,ST001,PRD001,1818,67,61,60,1886,0,0,False
INV00000039,20250208,ST001,PRD001,1886,43,52,57,1924,0,0,False
INV00000040,20250209,ST001,PRD001,1924,60,111,94,2001,0,0,False
INV00000041,20250210,ST001,PRD001,2001,25,48,46,2028,0,0,False
INV00000042,20250211,ST001,PRD001,2028,34,38,35,2065,0,0,False
INV00000043,20250212,ST001,PRD001,2065,78,66,75,2134,0,0,False
INV00000044,20250213,ST001,PRD001,2134,63,44,53,2188,0,0,False
INV00000045,20250214,ST001,PRD001,2188,63,66,57,2260,0,0,False
INV00000046,20250215,ST001,PRD001,2260,65,69,59,2335,0,0,False
INV00000047,20250216,ST001,PRD001,2335,53,77,69,2396,0,0,False
INV00000048,20250217,ST001,PRD001,2396,40,41,49,2428,0,0,False
INV00000049,20250218,ST001,PRD001,2428,51,54,47,2486,0,0,False
INV00000050,20250219,ST001,PRD001,2486,52,101,84,2555,0,0,False
INV00000051,20250220,ST001,PRD001,2555,70,124,93,2656,0,0,False
INV00000052,20250221,ST001,PRD001,2656,77,74,79,2728,0,0,False
INV00000053,20250222,ST001,PRD001,2728,43,53,43,2781,0,0,False
INV00000054,20250223,ST001,PRD001,2781,80,81,82,2860,0,0,False
INV00000055,20250224,ST001,PRD001,2860,40,84,73,2911,0,0,False
INV00000056,20250225,ST001,PRD001,2911,50,61,53,2969,0,0,False
INV00000057,20250226,ST001,PRD001,2969,58,64,66,3025,0,0,False
INV00000058,20250227,ST001,PRD001,3025,58,92,86,3089,0,0,False
INV00000059,20250228,ST001,PRD001,3089,68,89,82,3164,0,0,False
INV00000060,20250301,ST001,PRD001,3164,31,50,45,3200,0,0,False
INV00000061,20250302,ST001,PRD001,3200,107,115,93,3329,0,0,False
INV00000062,20250303,ST001,PRD001,3329,83,73,85,3400,0,0,False
INV00000063,20250304,ST001,PRD001,3400,50,79,76,3453,0,0,False
INV00000064,20250305,ST001,PRD001,3453,40,61,55,3499,0,0,False
INV00000065,20250306,ST001,PRD001,3499,51,64,49,3565,0,0,False
INV00000066,20250307,ST001,PRD001,3565,31,66,57,3605,0,0,False
INV00000067,20250308,ST001,PRD001,3605,109,110,101,3723,0,0,False
INV00000068,20250309,ST001,PRD001,3723,52,54,49,3780,0,0,False
INV00000069,20250310,ST001,PRD001,3780,34,49,44,3819,0,0,False
INV00000070,20250311,ST001,PRD001,3819,27,54,50,3850,0,0,False
INV00000071,20250312,ST001,PRD001,3850,103,93,90,3956,0,0,False
INV00000072,20250313,ST001,PRD001,3956,68,68,76,4016,0,0,False
INV00000073,20250314,ST001,PRD001,4016,69,81,69,4097,0,0,False
INV00000074,20250315,ST001,PRD001,4097,31,58,48,4138,0,0,False
INV00000075,20250316,ST001,PRD001,4138,33,40,39,4172,0,0,False
INV00000076,20250317,ST001,PRD001,4172,49,52,44,4229,0,0,False
INV00000077,20250318,ST001,PRD001,4229,35,41,37,4268,0,0,False
INV00000078,20250319,ST001,PRD001,4268,47,71,79,4307,0,0,False
INV00000079,20250320,ST001,PRD001,4307,31,59,52,4345,0,0,False
INV00000080,20250321,ST001,PRD001,4345,34,29,33,4375,0,0,False
INV00000081,20250322,ST001,PRD001,4375,45,61,51,4430,0,0,False
INV00000082,20250323,ST001,PRD001,4430,56,60,55,4491,0,0,False
INV00000083,20250324,ST001,PRD001,4491,41,65,51,4546,0,0,False
INV00000084,20250325,ST001,PRD001,4546,42,41,46,4583,0,0,False
INV00000085,20250326,ST001,PRD001,4583,29,37,39,4610,0,0,False
INV00000086,20250327,ST001,PRD001,4610,37,32,31,4648,0,0,False
INV00000087,20250328,ST001,PRD001,4648,33,54,56,4679,0,0,False
INV00000088,20250329,ST001,PRD001,4679,72,109,85,4775,0,0,False
INV00000089,20250330,ST001,PRD001,4775,64,76,62,4853,0,0,False
INV00000090,20250331,ST001,PRD001,4853,40,43,36,4900,0,0,False
INV00000091,20250101,ST001,PRD002,14,65,65,69,75,0,0,False
INV00000092,20250102,ST001,PRD002,75,56,61,53,139,0,0,False
INV00000093,20250103,ST001,PRD002,139,50,71,63,197,0,0,False
INV00000094,20250104,ST001,PRD002,197,26,52,47,228,0,0,False
INV00000095,20250105,ST001,PRD002,228,41,63,53,279,0,0,False
INV00000096,20250106,ST001,PRD002,279,67,66,56,356,0,0,False
INV00000097,20250107,ST001,PRD002,356,35,44,40,395,0,0,False
INV00000098,20250108,ST001,PRD002,395,71,65,60,471,0,0,False
INV00000099,20250109,ST001,PRD002,471,43,45,39,520,0,0,False
INV00000100,20250110,ST001,PRD002,520,36,63,71,548,0,0,False
INV00000101,20250111,ST001,PRD002,548,60,56,60,604,0,0,False
INV00000102,20250112,ST001,PRD002,604,88,95,90,697,0,0,False
INV00000103,20250113,ST001,PRD002,697,53,61,61,750,0,0,False
INV00000104,20250114,ST001,PRD002,750,32,44,46,780,0,0,False
INV00000105,20250115,ST001,PRD002,780,55,51,58,828,0,0,False
INV00000106,20250116,ST001,PRD002,828,43,81,74,878,0,0,False
INV00000107,20250117,ST001,PRD002,878,44,54,55,921,0,0,False
INV00000108,20250118,ST001,PRD002,921,34,42,41,956,0,0,False
INV00000109,20250119,ST001,PRD002,956,96,89,82,1059,0,0,False
INV00000110,20250120,ST001,PRD002,1059,94,94,84,1163,0,0,False
INV00000111,20250121,ST001,PRD002,1163,32,44,47,1192,0,0,False
INV00000112,20250122,ST001,PRD002,1192,43,56,51,1240,0,0,False
INV00000113,20250123,ST001,PRD002,1240,43,67,68,1282,0,0,False
INV00000114,20250124,ST001,PRD002,1282,65,71,57,1361,0,0,False
INV00000115,20250125,ST001,PRD002,1361,83,67,75,1436,0,0,False
INV00000116,20250126,ST001,PRD002,1436,55,85,77,1499,0,0,False
INV00000117,20250127,ST001,PRD002,1499,43,54,45,1551,0,0,False
INV00000118,20250128,ST001,PRD002,1551,62,86,67,1632,0,0,False
INV00000119,20250129,ST001,PRD002,1632,44,61,73,1664,0,0,False
INV00000120,20250130,ST001,PRD002,1664,51,63,49,1729,0,0,False
INV00000121,20250131,ST001,PRD002,1729,38,43,43,1767,0,0,False
INV00000122,20250201,ST001,PRD002,1767,64,61,61,1831,0,0,False
INV00000123,20250202,ST001,PRD002,1831,66,86,76,1907,0,0,False
INV00000124,20250203,ST001,PRD002,1907,36,63,72,1934,0,0,False
INV00000125,20250204,ST001,PRD002,1934,25,36,34,1961,0,0,False
INV00000126,20250205,ST001,PRD002,1961,33,77,65,2006,0,0,False
INV00000127,20250206,ST001,PRD002,2006,60,58,52,2072,0,0,False
INV00000128,20250207,ST001,PRD002,2072,64,66,57,2145,0,0,False
INV00000129,20250208,ST001,PRD002,2145,81,89,75,2240,0,0,False
INV00000130,20250209,ST001,PRD002,2240,46,83,64,2305,0,0,False
INV00000131,20250210,ST001,PRD002,2305,18,34,33,2324,0,0,False
INV00000132,20250211,ST001,PRD002,2324,52,57,47,2386,0,0,False
INV00000133,20250212,ST001,PRD002,2386,66,60,57,2455,0,0,False
INV00000134,20250213,ST001,PRD002,2455,39,64,69,2489,0,0,False
INV00000135,20250214,ST001,PRD002,2489,39,46,46,2528,0,0,False
INV00000136,20250215,ST001,PRD002,2528,26,44,47,2551,0,0,False
INV00000137,20250216,ST001,PRD002,2551,92,96,89,2650,0,0,False
INV00000138,20250217,ST001,PRD002,2650,77,77,74,2730,0,0,False
INV00000139,20250218,ST001,PRD002,2730,32,50,55,2757,0,0,False
INV00000140,20250219,ST001,PRD002,2757,40,47,48,2796,0,0,False
INV00000141,20250220,ST001,PRD002,2796,41,55,46,2846,0,0,False
INV00000142,20250221,ST001,PRD002,2846,34,59,49,2890,0,0,False
INV00000143,20250222,ST001,PRD002,2890,76,71,68,2969,0,0,False
INV00000144,20250223,ST001,PRD002,2969,47,61,59,3018,0,0,False
INV00000145,20250224,ST001,PRD002,3018,24,41,37,3046,0,0,False
INV00000146,20250225,ST001,PRD002,3046,55,67,63,3105,0,0,False
INV00000147,20250226,ST001,PRD002,3105,64,73,63,3179,0,0,False
INV00000148,20250227,ST001,PRD002,3179,34,53,53,3213,0,0,False
INV00000149,20250228,ST001,PRD002,3213,42,68,58,3265,0,0,False
INV00000150,20250301,ST001,PRD002,3265,120,107,100,3392,0,0,False
INV00000151,20250302,ST001,PRD002,3392,77,87,81,3475,0,0,False
INV00000152,20250303,ST001,PRD002,3475,43,67,53,3532,0,0,False
INV00000153,20250304,ST001,PRD002,3532,53,60,62,3583,0,0,False
INV00000154,20250305,ST001,PRD002,3583,28,48,48,3611,0,0,False
INV00000155,20250306,ST001,PRD002,3611,49,72,75,3657,0,0,False
INV00000156,20250307,ST001,PRD002,3657,66,81,90,3714,0,0,False
INV00000157,20250308,ST001,PRD002,3714,86,107,94,3813,0,0,False
INV00000158,20250309,ST001,PRD002,3813,71,131,107,3908,0,0,False
INV00000159,20250310,ST001,PRD002,3908,29,43,45,3935,0,0,False
INV00000160,20250311,ST001,PRD002,3935,24,41,43,3957,0,0,False
INV00000161,20250312,ST001,PRD002,3957,35,45,37,4000,0,0,False
INV00000162,20250313,ST001,PRD002,4000,43,63,65,4041,0,0,False
INV00000163,20250314,ST001,PRD002,4041,90,81,79,4133,0,0,False
INV00000164,20250315,ST001,PRD002,4133,69,55,63,4194,0,0,False
INV00000165,20250316,ST001,PRD002,4194,20,39,37,4216,0,0,False
INV00000166,20250317,ST001,PRD002,4216,19,27,28,4234,0,0,False
INV00000167,20250318,ST001,PRD002,4234,43,47,44,4280,0,0,False
INV00000168,20250319,ST001,PRD002,4280,34,60,52,4322,0,0,False
INV00000169,20250320,ST001,PRD002,4322,50,96,84,4384,0,0,False
INV00000170,20250321,ST001,PRD002,4384,44,46,38,4436,0,0,False
INV00000171,20250322,ST001,PRD002,4436,58,71,64,4501,0,0,False
INV00000172,20250323,ST001,PRD002,4501,47,60,57,4551,0,0,False
INV00000173,20250324,ST001,PRD002,4551,43,36,41,4589,0,0,False
INV00000174,20250325,ST001,PRD002,4589,77,81,72,4675,0,0,False
INV00000175,20250326,ST001,PRD002,4675,28,47,45,4705,0,0,False
INV00000176,20250327,ST001,PRD002,4705,44,82,78,4753,0,0,False
INV00000177,20250328,ST001,PRD002,4753,38,55,48,4798,0,0,False
INV00000178,20250329,ST001,PRD002,4798,66,89,83,4870,0,0,False
INV00000179,20250330,ST001,PRD002,4870,39,60,47,4922,0,0,False
INV00000180,20250331,ST001,PRD002,4922,79,86,78,5009,0,0,False
INV00000181,20250101,ST001,PRD003,30,48,48,40,86,0,0,False
INV00000182,20250102,ST001,PRD003,86,31,56,55,118,0,0,False
INV00000183,20250103,ST001,PRD003,118,26,38,33,149,0,0,False
INV00000184,20250104,ST001,PRD003,149,60,95,81,223,0,0,False
INV00000185,20250105,ST001,PRD003,223,66,61,60,290,0,0,False
INV00000186,20250106,ST001,PRD003,290,44,67,66,335,0,0,False
INV00000187,20250107,ST001,PRD003,335,49,78,77,385,0,0,False
INV00000188,20250108,ST001,PRD003,385,66,81,81,451,0,0,False
INV00000189,20250109,ST001,PRD003,451,22,33,28,478,0,0,False
INV00000190,20250110,ST001,PRD003,478,42,66,60,526,0,0,False
INV00000191,20250111,ST001,PRD003,526,39,56,58,563,0,0,False
INV00000192,20250112,ST001,PRD003,563,109,99,95,676,0,0,False
INV00000193,20250113,ST001,PRD003,676,37,40,46,707,0,0,False
INV00000194,20250114,ST001,PRD003,707,76,64,69,778,0,0,False
INV00000195,20250115,ST001,PRD003,778,61,84,69,854,0,0,False
INV00000196,20250116,ST001,PRD003,854,29,51,54,880,0,0,False
INV00000197,20250117,ST001,PRD003,880,59,45,49,935,0,0,False
INV00000198,20250118,ST001,PRD003,935,100,113,92,1056,0,0,False
INV00000199,20250119,ST001,PRD003,1056,67,59,57,1125,0,0,False
INV00000200,20250120,ST001,PRD003,1125,98,104,85,1242,0,0,False
INV00000201,20250121,ST001,PRD003,1242,47,55,43,1301,0,0,False
INV00000202,20250122,ST001,PRD003,1301,28,59,45,1343,0,0,False
INV00000203,20250123,ST001,PRD003,1343,55,84,65,1417,0,0,False
INV00000204,20250124,ST001,PRD003,1417,25,38,39,1441,0,0,False
INV00000205,20250125,ST001,PRD003,1441,45,73,57,1502,0,0,False
INV00000206,20250126,ST001,PRD003,1502,28,52,51,1531,0,0,False
INV00000207,20250127,ST001,PRD003,1531,32,42,42,1563,0,0,False
INV00000208,20250128,ST001,PRD003,1563,51,54,43,1625,0,0,False
INV00000209,20250129,ST001,PRD003,1625,35,47,51,1656,0,0,False
INV00000210,20250130,ST001,PRD003,1656,46,42,44,1700,0,0,False
INV00000211,20250131,ST001,PRD003,1700,46,64,56,1754,0,0,False
INV00000212,20250201,ST001,PRD003,1754,37,48,47,1792,0,0,False
INV00000213,20250202,ST001,PRD003,1792,62,69,53,1870,0,0,False
INV00000214,20250203,ST001,PRD003,1870,73,71,61,1953,0,0,False
INV00000215,20250204,ST001,PRD003,1953,30,42,34,1991,0,0,False
INV00000216,20250205,ST001,PRD003,1991,51,48,51,2039,0,0,False
INV00000217,20250206,ST001,PRD003,2039,37,62,61,2077,0,0,False
INV00000218,20250207,ST001,PRD003,2077,61,101,86,2153,0,0,False
INV00000219,20250208,ST001,PRD003,2153,87,91,74,2257,0,0,False
INV00000220,20250209,ST001,PRD003,2257,92,105,102,2352,0,0,False
INV00000221,20250210,ST001,PRD003,2352,37,50,42,2397,0,0,False
INV00000222,20250211,ST001,PRD003,2397,62,58,61,2456,0,0,False
INV00000223,20250212,ST001,PRD003,2456,29,49,53,2481,0,0,False
INV00000224,20250213,ST001,PRD003,2481,79,83,87,2556,0,0,False
INV00000225,20250214,ST001,PRD003,2556,36,46,42,2596,0,0,False
INV00000226,20250215,ST001,PRD003,2596,92,94,84,2698,0,0,False
INV00000227,20250216,ST001,PRD003,2698,29,55,48,2734,0,0,False
INV00000228,20250217,ST001,PRD003,2734,52,42,44,2784,0,0,False
INV00000229,20250218,ST001,PRD003,2784,25,52,45,2816,0,0,False
INV00000230,20250219,ST001,PRD003,2816,23,44,37,2846,0,0,False
INV00000231,20250220,ST001,PRD003,2846,39,41,43,2883,0,0,False
INV00000232,20250221,ST001,PRD003,2883,48,52,49,2934,0,0,False
INV00000233,20250222,ST001,PRD003,2934,66,104,100,3004,0,0,False
INV00000234,20250223,ST001,PRD003,3004,35,56,60,3035,0,0,False
INV00000235,20250224,ST001,PRD003,3035,67,54,60,3096,0,0,False
INV00000236,20250225,ST001,PRD003,3096,45,78,67,3152,0,0,False
INV00000237,20250226,ST001,PRD003,3152,35,41,38,3190,0,0,False
INV00000238,20250227,ST001,PRD003,3190,35,44,37,3232,0,0,False
INV00000239,20250228,ST001,PRD003,3232,48,71,60,3291,0,0,False
INV00000240,20250301,ST001,PRD003,3291,70,90,77,3374,0,0,False
INV00000241,20250302,ST001,PRD003,3374,35,43,40,3412,0,0,False
INV00000242,20250303,ST001,PRD003,3412,63,69,55,3489,0,0,False
INV00000243,20250304,ST001,PRD003,3489,37,75,57,3544,0,0,False
INV00000244,20250305,ST001,PRD003,3544,32,28,32,3572,0,0,False
INV00000245,20250306,ST001,PRD003,3572,33,60,49,3616,0,0,False
INV00000246,20250307,ST001,PRD003,3616,44,54,56,3658,0,0,False
INV00000247,20250308,ST001,PRD003,3658,81,78,83,3734,0,0,False
INV00000248,20250309,ST001,PRD003,3734,40,58,56,3776,0,0,False
INV00000249,20250310,ST001,PRD003,3776,48,66,67,3823,0,0,False
INV00000250,20250311,ST001,PRD003,3823,87,92,85,3917,0,0,False
INV00000251,20250312,ST001,PRD003,3917,29,62,52,3956,0,0,False
INV00000252,20250313,ST001,PRD003,3956,53,65,65,4009,0,0,False
INV00000253,20250314,ST001,PRD003,4009,77,57,64,4079,0,0,False
INV00000254,20250315,ST001,PRD003,4079,139,138,116,4240,0,0,False
INV00000255,20250316,ST001,PRD003,4240,43,91,78,4296,0,0,False
INV00000256,20250317,ST001,PRD003,4296,25,40,39,4322,0,0,False
INV00000257,20250318,ST001,PRD003,4322,51,82,74,4381,0,0,False
INV00000258,20250319,ST001,PRD003,4381,55,61,48,4449,0,0,False
INV00000259,20250320,ST001,PRD003,4449,68,76,61,4532,0,0,False
INV00000260,20250321,ST001,PRD003,4532,49,47,44,4584,0,0,False
INV00000261,20250322,ST001,PRD003,4584,73,108,96,4669,0,0,False
INV00000262,20250323,ST001,PRD003,4669,30,47,49,4697,0,0,False
INV00000263,20250324,ST001,PRD003,4697,64,63,59,4765,0,0,False
INV00000264,20250325,ST001,PRD003,4765,56,57,56,4822,0,0,False
INV00000265,20250326,ST001,PRD003,4822,38,46,41,4865,0,0,False
INV00000266,20250327,ST001,PRD003,4865,89,84,75,4963,0,0,False
INV00000267,20250328,ST001,PRD003,4963,60,68,63,5028,0,0,False
INV00000268,20250329,ST001,PRD003,5028,38,79,75,5070,0,0,False
INV00000269,20250330,ST001,PRD003,5070,80,70,75,5145,0,0,False
INV00000270,20250331,ST001,PRD003,5145,39,60,55,5189,0,0,False
INV00000271,20250101,ST001,PRD004,13,97,97,84,123,0,0,False
INV00000272,20250102,ST001,PRD004,123,20,33,34,142,0,0,False
INV00000273,20250103,ST001,PRD004,142,18,28,31,157,0,0,False
INV00000274,20250104,ST001,PRD004,157,32,63,56,196,0,0,False
INV00000275,20250105,ST001,PRD004,196,69,83,78,270,0,0,False
INV00000276,20250106,ST001,PRD004,270,48,63,70,311,0,0,False
INV00000277,20250107,ST001,PRD004,311,43,46,47,353,0,0,False
INV00000278,20250108,ST001,PRD004,353,33,42,33,395,0,0,False
INV00000279,20250109,ST001,PRD004,395,39,70,60,444,0,0,False
INV00000280,20250110,ST001,PRD004,444,62,72,66,512,0,0,False
INV00000281,20250111,ST001,PRD004,512,34,64,49,561,0,0,False
INV00000282,20250112,ST001,PRD004,561,59,87,70,637,0,0,False
INV00000283,20250113,ST001,PRD004,637,46,37,41,679,0,0,False
INV00000284,20250114,ST001,PRD004,679,56,57,51,741,0,0,False
INV00000285,20250115,ST001,PRD004,741,43,82,76,790,0,0,False
INV00000286,20250116,ST001,PRD004,790,33,40,41,822,0,0,False
INV00000287,20250117,ST001,PRD004,822,38,61,55,866,0,0,False
INV00000288,20250118,ST001,PRD004,866,50,88,99,905,0,0,False
INV00000289,20250119,ST001,PRD004,905,36,45,35,951,0,0,False
INV00000290,20250120,ST001,PRD004,951,50,66,53,1014,0,0,False
INV00000291,20250121,ST001,PRD004,1014,29,52,43,1052,0,0,False
INV00000292,20250122,ST001,PRD004,1052,57,61,56,1114,0,0,False
INV00000293,20250123,ST001,PRD004,1114,66,82,74,1188,0,0,False
INV00000294,20250124,ST001,PRD004,1188,71,103,89,1273,0,0,False
INV00000295,20250125,ST001,PRD004,1273,17,42,34,1298,0,0,False
INV00000296,20250126,ST001,PRD004,1298,31,64,56,1337,0,0,False
INV00000297,20250127,ST001,PRD004,1337,59,51,53,1394,0,0,False
INV00000298,20250128,ST001,PRD004,1394,87,101,77,1505,0,0,False
INV00000299,20250129,ST001,PRD004,1505,73,101,83,1596,0,0,False
INV00000300,20250130,ST001,PRD004,1596,56,52,52,1652,0,0,False
INV00000301,20250131,ST001,PRD004,1652,30,37,33,1686,0,0,False
INV00000302,20250201,ST001,PRD004,1686,34,51,57,1714,0,0,False
INV00000303,20250202,ST001,PRD004,1714,44,92,74,1776,0,0,False
INV00000304,20250203,ST001,PRD004,1776,49,64,68,1821,0,0,False
INV00000305,20250204,ST001,PRD004,1821,93,89,82,1921,0,0,False
INV00000306,20250205,ST001,PRD004,1921,78,84,74,2009,0,0,False
INV00000307,20250206,ST001,PRD004,2009,73,67,66,2083,0,0,False
INV00000308,20250207,ST001,PRD004,2083,75,85,66,2177,0,0,False
INV00000309,20250208,ST001,PRD004,2177,58,103,90,2248,0,0,False
INV00000310,20250209,ST001,PRD004,2248,48,85,71,2310,0,0,False
INV00000311,20250210,ST001,PRD004,2310,41,66,72,2345,0,0,False
INV00000312,20250211,ST001,PRD004,2345,61,67,58,2415,0,0,False
INV00000313,20250212,ST001,PRD004,2415,82,96,73,2520,0,0,False
INV00000314,20250213,ST001,PRD004,2520,30,44,38,2556,0,0,False
INV00000315,20250214,ST001,PRD004,2556,39,50,42,2603,0,0,False
INV00000316,20250215,ST001,PRD004,2603,33,51,54,2633,0,0,False
INV00000317,20250216,ST001,PRD004,2633,82,71,71,2715,0,0,False
INV00000318,20250217,ST001,PRD004,2715,53,53,48,2773,0,0,False
INV00000319,20250218,ST001,PRD004,2773,86,77,73,2863,0,0,False
INV00000320,20250219,ST001,PRD004,2863,65,67,61,2934,0,0,False
INV00000321,20250220,ST001,PRD004,2934,58,67,52,3007,0,0,False
INV00000322,20250221,ST001,PRD004,3007,41,87,80,3055,0,0,False
INV00000323,20250222,ST001,PRD004,3055,80,105,79,3161,0,0,False
INV00000324,20250223,ST001,PRD004,3161,39,58,53,3205,0,0,False
INV00000325,20250224,ST001,PRD004,3205,78,57,68,3272,0,0,False
INV00000326,20250225,ST001,PRD004,3272,44,52,41,3327,0,0,False
INV00000327,20250226,ST001,PRD004,3327,44,43,40,3374,0,0,False
INV00000328,20250227,ST001,PRD004,3374,72,67,67,3446,0,0,False
INV00000329,20250228,ST001,PRD004,3446,36,64,53,3493,0,0,False
INV00000330,20250301,ST001,PRD004,3493,50,45,48,3540,0,0,False
INV00000331,20250302,ST001,PRD004,3540,43,91,74,3600,0,0,False
INV00000332,20250303,ST001,PRD004,3600,91,88,82,3697,0,0,False
INV00000333,20250304,ST001,PRD004,3697,62,61,56,3764,0,0,False
INV00000334,20250305,ST001,PRD004,3764,24,44,36,3796,0,0,False
INV00000335,20250306,ST001,PRD004,3796,89,79,83,3881,0,0,False
INV00000336,20250307,ST001,PRD004,3881,47,52,57,3923,0,0,False
INV00000337,20250308,ST001,PRD004,3923,76,114,106,4007,0,0,False
INV00000338,20250309,ST001,PRD004,4007,58,70,55,4080,0,0,False
INV00000339,20250310,ST001,PRD004,4080,22,36,33,4105,0,0,False
INV00000340,20250311,ST001,PRD004,4105,32,58,61,4134,0,0,False
INV00000341,20250312,ST001,PRD004,4134,40,75,63,4186,0,0,False
INV00000342,20250313,ST001,PRD004,4186,31,39,43,4213,0,0,False
INV00000343,20250314,ST001,PRD004,4213,31,29,28,4245,0,0,False
INV00000344,20250315,ST001,PRD004,4245,71,72,60,4328,0,0,False
INV00000345,20250316,ST001,PRD004,4328,67,110,96,4409,0,0,False
INV00000346,20250317,ST001,PRD004,4409,47,64,50,4470,0,0,False
INV00000347,20250318,ST001,PRD004,4470,36,57,46,4517,0,0,False
INV00000348,20250319,ST001,PRD004,4517,89,64,75,4595,0,0,False
INV00000349,20250320,ST001,PRD004,4595,32,41,36,4632,0,0,False
INV00000350,20250321,ST001,PRD004,4632,54,44,47,4683,0,0,False
INV00000351,20250322,ST001,PRD004,4683,37,74,63,4731,0,0,False
INV00000352,20250323,ST001,PRD004,4731,48,50,41,4788,0,0,False
INV00000353,20250324,ST001,PRD004,4788,24,48,39,4821,0,0,False
INV00000354,20250325,ST001,PRD004,4821,41,32,35,4859,0,0,False
INV00000355,20250326,ST001,PRD004,4859,27,36,39,4883,0,0,False
INV00000356,20250327,ST001,PRD004,4883,17,37,30,4907,0,0,False
INV00000357,20250328,ST001,PRD004,4907,64,87,80,4978,0,0,False
INV00000358,20250329,ST001,PRD004,4978,41,42,41,5020,0,0,False
INV00000359,20250330,ST001,PRD004,5020,62,90,86,5086,0,0,False
INV00000360,20250331,ST001,PRD004,5086,40,53,43,5136,0,0,False
INV00000361,20250101,ST001,PRD005,26,38,64,66,62,0,0,False
INV00000362,20250102,ST001,PRD005,62,86,83,76,155,0,0,False
INV00000363,20250103,ST001,PRD005,155,24,42,38,183,0,0,False
INV00000364,20250104,ST001,PRD005,183,47,78,89,219,0,0,False
INV00000365,20250105,ST001,PRD005,219,32,44,40,255,0,0,False
INV00000366,20250106,ST001,PRD005,255,49,69,57,316,0,0,False
INV00000367,20250107,ST001,PRD005,316,64,56,60,376,0,0,False
INV00000368,20250108,ST001,PRD005,376,60,53,61,428,0,0,False
INV00000369,20250109,ST001,PRD005,428,72,51,62,489,0,0,False
INV00000370,20250110,ST001,PRD005,489,40,46,39,536,0,0,False
INV00000371,20250111,ST001,PRD005,536,59,102,92,605,0,0,False
INV00000372,20250112,ST001,PRD005,605,45,66,56,660,0,0,False
INV00000373,20250113,ST001,PRD005,660,70,58,60,728,0,0,False
INV00000374,20250114,ST001,PRD005,728,74,76,65,813,0,0,False
INV00000375,20250115,ST001,PRD005,813,60,76,64,885,0,0,False
INV00000376,20250116,ST001,PRD005,885,43,53,45,936,0,0,False
INV00000377,20250117,ST001,PRD005,936,34,73,58,985,0,0,False
INV00000378,20250118,ST001,PRD005,985,63,73,56,1065,0,0,False
INV00000379,20250119,ST001,PRD005,1065,68,99,79,1153,0,0,False
INV00000380,20250120,ST001,PRD005,1153,55,57,57,1208,0,0,False
INV00000381,20250121,ST001,PRD005,1208,43,62,59,1254,0,0,False
INV00000382,20250122,ST001,PRD005,1254,36,30,36,1284,0,0,False
INV00000383,20250123,ST001,PRD005,1284,43,51,48,1330,0,0,False
INV00000384,20250124,ST001,PRD005,1330,26,35,41,1350,0,0,False
INV00000385,20250125,ST001,PRD005,1350,56,60,58,1408,0,0,False
INV00000386,20250126,ST001,PRD005,1408,51,79,67,1471,0,0,False
INV00000387,20250127,ST001,PRD005,1471,42,45,41,1517,0,0,False
INV00000388,20250128,ST001,PRD005,1517,30,48,49,1546,0,0,False
INV00000389,20250129,ST001,PRD005,1546,81,113,90,1650,0,0,False
INV00000390,20250130,ST001,PRD005,1650,29,45,37,1687,0,0,False
INV00000391,20250131,ST001,PRD005,1687,90,74,83,1768,0,0,False
INV00000392,20250201,ST001,PRD005,1768,43,73,61,1823,0,0,False
INV00000393,20250202,ST001,PRD005,1823,28,57,44,1864,0,0,False
INV00000394,20250203,ST001,PRD005,1864,37,37,35,1903,0,0,False
INV00000395,20250204,ST001,PRD005,1903,41,41,44,1941,0,0,False
INV00000396,20250205,ST001,PRD005,1941,20,26,28,1959,0,0,False
INV00000397,20250206,ST001,PRD005,1959,45,68,55,2017,0,0,False
INV00000398,20250207,ST001,PRD005,2017,65,68,67,2083,0,0,False
INV00000399,20250208,ST001,PRD005,2083,48,66,56,2141,0,0,False
INV00000400,20250209,ST001,PRD005,2141,62,72,59,2216,0,0,False
INV00000401,20250210,ST001,PRD005,2216,64,55,55,2280,0,0,False
INV00000402,20250211,ST001,PRD005,2280,67,83,66,2364,0,0,False
INV00000403,20250212,ST001,PRD005,2364,69,71,72,2432,0,0,False
INV00000404,20250213,ST001,PRD005,2432,60,86,86,2492,0,0,False
INV00000405,20250214,ST001,PRD005,2492,50,68,52,2558,0,0,False
INV00000406,20250215,ST001,PRD005,2558,56,77,60,2631,0,0,False
INV00000407,20250216,ST001,PRD005,2631,39,91,69,2692,0,0,False
INV00000408,20250217,ST001,PRD005,2692,66,64,57,2765,0,0,False
INV00000409,20250218,ST001,PRD005,2765,48,68,72,2809,0,0,False
INV00000410,20250219,ST001,PRD005,2809,56,67,78,2854,0,0,False
INV00000411,20250220,ST001,PRD005,2854,38,38,36,2894,0,0,False
INV00000412,20250221,ST001,PRD005,2894,54,79,89,2938,0,0,False
INV00000413,20250222,ST001,PRD005,2938,39,66,74,2969,0,0,False
INV00000414,20250223,ST001,PRD005,2969,76,68,64,3049,0,0,False
INV00000415,20250224,ST001,PRD005,3049,52,66,56,3111,0,0,False
INV00000416,20250225,ST001,PRD005,3111,47,40,45,3153,0,0,False
INV00000417,20250226,ST001,PRD005,3153,45,54,55,3197,0,0,False
INV00000418,20250227,ST001,PRD005,3197,85,75,76,3281,0,0,False
INV00000419,20250228,ST001,PRD005,3281,63,88,70,3362,0,0,False
INV00000420,20250301,ST001,PRD005,3362,60,57,60,3419,0,0,False
INV00000421,20250302,ST001,PRD005,3419,78,117,101,3513,0,0,False
INV00000422,20250303,ST001,PRD005,3513,23,27,30,3533,0,0,False
INV00000423,20250304,ST001,PRD005,3533,36,58,59,3568,0,0,False
INV00000424,20250305,ST001,PRD005,3568,47,61,48,3628,0,0,False
INV00000425,20250306,ST001,PRD005,3628,63,50,56,3685,0,0,False
INV00000426,20250307,ST001,PRD005,3685,79,78,72,3770,0,0,False
INV00000427,20250308,ST001,PRD005,3770,95,80,85,3860,0,0,False
INV00000428,20250309,ST001,PRD005,3860,72,65,69,3928,0,0,False
INV00000429,20250310,ST001,PRD005,3928,22,34,34,3950,0,0,False
INV00000430,20250311,ST001,PRD005,3950,55,54,52,4007,0,0,False
INV00000431,20250312,ST001,PRD005,4007,46,60,47,4066,0,0,False
INV00000432,20250313,ST001,PRD005,4066,34,36,41,4095,0,0,False
INV00000433,20250314,ST001,PRD005,4095,57,65,64,4153,0,0,False
INV00000434,20250315,ST001,PRD005,4153,75,70,66,4232,0,0,False
INV00000435,20250316,ST001,PRD005,4232,47,79,80,4278,0,0,False
INV00000436,20250317,ST001,PRD005,4278,21,43,35,4307,0,0,False
INV00000437,20250318,ST001,PRD005,4307,74,116,90,4407,0,0,False
INV00000438,20250319,ST001,PRD005,4407,65,82,75,4479,0,0,False
INV00000439,20250320,ST001,PRD005,4479,73,86,82,4556,0,0,False
INV00000440,20250321,ST001,PRD005,4556,48,81,66,4619,0,0,False
INV00000441,20250322,ST001,PRD005,4619,51,63,50,4683,0,0,False
INV00000442,20250323,ST001,PRD005,4683,90,136,111,4798,0,0,False
INV00000443,20250324,ST001,PRD005,4798,91,83,85,4887,0,0,False
INV00000444,20250325,ST001,PRD005,4887,47,43,42,4935,0,0,False
INV00000445,20250326,ST001,PRD005,4935,62,102,77,5022,0,0,False
INV00000446,20250327,ST001,PRD005,5022,54,52,48,5080,0,0,False
INV00000447,20250328,ST001,PRD005,5080,32,50,40,5122,0,0,False
INV00000448,20250329,ST001,PRD005,5122,59,121,97,5205,0,0,False
INV00000449,20250330,ST001,PRD005,5205,65,74,59,5285,0,0,False
INV00000450,20250331,ST001,PRD005,5285,27,35,33,5314,0,0,False
INV00000451,20250101,ST001,PRD006,17,28,25,26,44,0,0,False
INV00000452,20250102,ST001,PRD006,44,35,52,51,80,0,0,False
INV00000453,20250103,ST001,PRD006,80,47,56,45,138,0,0,False
INV00000454,20250104,ST001,PRD006,138,52,70,62,198,0,0,False
INV00000455,20250105,ST001,PRD006,198,30,46,45,229,0,0,False
INV00000456,20250106,ST001,PRD006,229,40,59,50,278,0,0,False
INV00000457,20250107,ST001,PRD006,278,39,36,39,314,0,0,False
INV00000458,20250108,ST001,PRD006,314,20,27,30,331,0,0,False
INV00000459,20250109,ST001,PRD006,331,46,73,63,387,0,0,False
INV00000460,20250110,ST001,PRD006,387,54,53,48,446,0,0,False
INV00000461,20250111,ST001,PRD006,446,41,85,74,498,0,0,False
INV00000462,20250112,ST001,PRD006,498,44,68,73,537,0,0,False
INV00000463,20250113,ST001,PRD006,537,38,54,50,579,0,0,False
INV00000464,20250114,ST001,PRD006,579,38,75,62,630,0,0,False
INV00000465,20250115,ST001,PRD006,630,29,39,44,654,0,0,False
INV00000466,20250116,ST001,PRD006,654,45,52,57,694,0,0,False
INV00000467,20250117,ST001,PRD006,694,37,52,50,733,0,0,False
INV00000468,20250118,ST001,PRD006,733,64,84,77,804,0,0,False
INV00000469,20250119,ST001,PRD006,804,21,43,38,830,0,0,False
INV00000470,20250120,ST001,PRD006,830,49,51,45,885,0,0,False
INV00000471,20250121,ST001,PRD006,885,29,34,38,910,0,0,False
INV00000472,20250122,ST001,PRD006,910,56,58,54,970,0,0,False
INV00000473,20250123,ST001,PRD006,970,57,58,49,1036,0,0,False
INV00000474,20250124,ST001,PRD006,1036,25,48,49,1060,0,0,False
INV00000475,20250125,ST001,PRD006,1060,59,59,53,1125,0,0,False
INV00000476,20250126,ST001,PRD006,1125,48,48,53,1168,0,0,False
INV00000477,20250127,ST001,PRD006,1168,33,44,40,1205,0,0,False
INV00000478,20250128,ST001,PRD006,1205,46,38,40,1249,0,0,False
INV00000479,20250129,ST001,PRD006,1249,34,53,48,1288,0,0,False
INV00000480,20250130,ST001,PRD006,1288,29,45,38,1324,0,0,False
INV00000481,20250131,ST001,PRD006,1324,64,68,57,1399,0,0,False
INV00000482,20250201,ST001,PRD006,1399,59,62,54,1466,0,0,False
INV00000483,20250202,ST001,PRD006,1466,35,46,40,1507,0,0,False
INV00000484,20250203,ST001,PRD006,1507,40,44,39,1552,0,0,False
INV00000485,20250204,ST001,PRD006,1552,55,50,52,1605,0,0,False
INV00000486,20250205,ST001,PRD006,1605,27,25,24,1633,0,0,False
INV00000487,20250206,ST001,PRD006,1633,29,37,35,1664,0,0,False
INV00000488,20250207,ST001,PRD006,1664,48,89,69,1732,0,0,False
INV00000489,20250208,ST001,PRD006,1732,67,97,80,1816,0,0,False
INV00000490,20250209,ST001,PRD006,1816,29,39,38,1846,0,0,False
INV00000491,20250210,ST001,PRD006,1846,30,32,31,1877,0,0,False
INV00000492,20250211,ST001,PRD006,1877,57,55,54,1935,0,0,False
INV00000493,20250212,ST001,PRD006,1935,66,73,66,2008,0,0,False
INV00000494,20250213,ST001,PRD006,2008,50,46,46,2058,0,0,False
INV00000495,20250214,ST001,PRD006,2058,35,27,31,2089,0,0,False
INV00000496,20250215,ST001,PRD006,2089,70,70,59,2170,0,0,False
INV00000497,20250216,ST001,PRD006,2170,44,66,50,2230,0,0,False
INV00000498,20250217,ST001,PRD006,2230,50,41,44,2277,0,0,False
INV00000499,20250218,ST001,PRD006,2277,45,42,49,2315,0,0,False
INV00000500,20250219,ST001,PRD006,2315,60,66,62,2379,0,0,False
INV00000501,20250220,ST001,PRD006,2379,28,59,50,2416,0,0,False
INV00000502,20250221,ST001,PRD006,2416,34,43,42,2451,0,0,False
INV00000503,20250222,ST001,PRD006,2451,45,38,41,2493,0,0,False
INV00000504,20250223,ST001,PRD006,2493,21,39,34,2519,0,0,False
INV00000505,20250224,ST001,PRD006,2519,36,51,53,2553,0,0,False
INV00000506,20250225,ST001,PRD006,2553,43,56,59,2593,0,0,False
INV00000507,20250226,ST001,PRD006,2593,43,50,52,2634,0,0,False
INV00000508,20250227,ST001,PRD006,2634,26,39,35,2664,0,0,False
INV00000509,20250228,ST001,PRD006,2664,69,60,62,2731,0,0,False
INV00000510,20250301,ST001,PRD006,2731,60,78,86,2783,0,0,False
INV00000511,20250302,ST001,PRD006,2783,70,74,60,2867,0,0,False
INV00000512,20250303,ST001,PRD006,2867,52,58,65,2912,0,0,False
INV00000513,20250304,ST001,PRD006,2912,67,62,62,2979,0,0,False
INV00000514,20250305,ST001,PRD006,2979,40,48,48,3019,0,0,False
INV00000515,20250306,ST001,PRD006,3019,37,35,36,3055,0,0,False
INV00000516,20250307,ST001,PRD006,3055,38,83,70,3106,0,0,False
INV00000517,20250308,ST001,PRD006,3106,48,45,41,3158,0,0,False
INV00000518,20250309,ST001,PRD006,3158,37,71,57,3209,0,0,False
INV00000519,20250310,ST001,PRD006,3209,18,34,33,3228,0,0,False
INV00000520,20250311,ST001,PRD006,3228,37,26,32,3259,0,0,False
INV00000521,20250312,ST001,PRD006,3259,26,54,50,3289,0,0,False
INV00000522,20250313,ST001,PRD006,3289,25,45,48,3311,0,0,False
INV00000523,20250314,ST001,PRD006,3311,40,68,60,3359,0,0,False
INV00000524,20250315,ST001,PRD006,3359,42,47,39,3409,0,0,False
INV00000525,20250316,ST001,PRD006,3409,26,33,28,3440,0,0,False
INV00000526,20250317,ST001,PRD006,3440,23,39,34,3468,0,0,False
INV00000527,20250318,ST001,PRD006,3468,40,46,48,3506,0,0,False
INV00000528,20250319,ST001,PRD006,3506,21,41,36,3532,0,0,False
INV00000529,20250320,ST001,PRD006,3532,45,39,39,3577,0,0,False
INV00000530,20250321,ST001,PRD006,3577,31,35,38,3605,0,0,False
INV00000531,20250322,ST001,PRD006,3605,44,80,65,3664,0,0,False
INV00000532,20250323,ST001,PRD006,3664,49,68,64,3717,0,0,False
INV00000533,20250324,ST001,PRD006,3717,32,33,35,3747,0,0,False
INV00000534,20250325,ST001,PRD006,3747,58,48,49,3804,0,0,False
INV00000535,20250326,ST001,PRD006,3804,38,37,38,3841,0,0,False
INV00000536,20250327,ST001,PRD006,3841,42,52,40,3895,0,0,False
INV00000537,20250328,ST001,PRD006,3895,32,61,52,3936,0,0,False
INV00000538,20250329,ST001,PRD006,3936,46,68,64,3986,0,0,False
INV00000539,20250330,ST001,PRD006,3986,41,38,45,4020,0,0,False
INV00000540,20250331,ST001,PRD006,4020,70,64,61,4093,0,0,False
INV00000541,20250101,ST001,PRD007,28,38,33,39,60,0,0,False
INV00000542,20250102,ST001,PRD007,60,42,37,36,103,0,0,False
INV00000543,20250103,ST001,PRD007,103,33,47,43,140,0,0,False
INV00000544,20250104,ST001,PRD007,140,43,48,43,188,0,0,False
INV00000545,20250105,ST001,PRD007,188,35,61,63,221,0,0,False
INV00000546,20250106,ST001,PRD007,221,55,58,56,278,0,0,False
INV00000547,20250107,ST001,PRD007,278,31,40,33,316,0,0,False
INV00000548,20250108,ST001,PRD007,316,13,24,23,330,0,0,False
INV00000549,20250109,ST001,PRD007,330,37,43,36,374,0,0,False
INV00000550,20250110,ST001,PRD007,374,55,61,50,440,0,0,False
INV00000551,20250111,ST001,PRD007,440,48,67,52,503,0,0,False
INV00000552,20250112,ST001,PRD007,503,29,61,50,543,0,0,False
INV00000553,20250113,ST001,PRD007,543,37,28,31,577,0,0,False
INV00000554,20250114,ST001,PRD007,577,70,75,67,655,0,0,False
INV00000555,20250115,ST001,PRD007,655,33,45,44,689,0,0,False
INV00000556,20250116,ST001,PRD007,689,27,40,34,722,0,0,False
INV00000557,20250117,ST001,PRD007,722,17,24,23,740,0,0,False
INV00000558,20250118,ST001,PRD007,740,45,48,53,780,0,0,False
INV00000559,20250119,ST001,PRD007,780,30,36,40,806,0,0,False
INV00000560,20250120,ST001,PRD007,806,50,41,46,851,0,0,False
INV00000561,20250121,ST001,PRD007,851,38,35,35,889,0,0,False
INV00000562,20250122,ST001,PRD007,889,31,58,54,924,0,0,False
INV00000563,20250123,ST001,PRD007,924,68,64,58,998,0,0,False
INV00000564,20250124,ST001,PRD007,998,28,31,30,1027,0,0,False
INV00000565,20250125,ST001,PRD007,1027,39,47,36,1077,0,0,False
INV00000566,20250126,ST001,PRD007,1077,35,33,35,1110,0,0,False
INV00000567,20250127,ST001,PRD007,1110,43,61,53,1161,0,0,False
INV00000568,20250128,ST001,PRD007,1161,34,36,34,1197,0,0,False
INV00000569,20250129,ST001,PRD007,1197,68,66,58,1273,0,0,False
INV00000570,20250130,ST001,PRD007,1273,21,31,30,1295,0,0,False
INV00000571,20250131,ST001,PRD007,1295,64,77,60,1376,0,0,False
INV00000572,20250201,ST001,PRD007,1376,38,41,43,1412,0,0,False
INV00000573,20250202,ST001,PRD007,1412,23,30,28,1437,0,0,False
INV00000574,20250203,ST001,PRD007,1437,40,64,50,1491,0,0,False
INV00000575,20250204,ST001,PRD007,1491,31,32,31,1523,0,0,False
INV00000576,20250205,ST001,PRD007,1523,34,50,49,1558,0,0,False
INV00000577,20250206,ST001,PRD007,1558,56,46,51,1609,0,0,False
INV00000578,20250207,ST001,PRD007,1609,34,31,31,1643,0,0,False
INV00000579,20250208,ST001,PRD007,1643,29,54,52,1674,0,0,False
INV00000580,20250209,ST001,PRD007,1674,54,52,48,1732,0,0,False
INV00000581,20250210,ST001,PRD007,1732,19,32,29,1754,0,0,False
INV00000582,20250211,ST001,PRD007,1754,38,44,46,1790,0,0,False
INV00000583,20250212,ST001,PRD007,1790,43,61,46,1848,0,0,False
INV00000584,20250213,ST001,PRD007,1848,37,41,48,1878,0,0,False
INV00000585,20250214,ST001,PRD007,1878,19,31,36,1892,0,0,False
INV00000586,20250215,ST001,PRD007,1892,56,51,51,1948,0,0,False
INV00000587,20250216,ST001,PRD007,1948,33,48,52,1977,0,0,False
INV00000588,20250217,ST001,PRD007,1977,36,56,56,2013,0,0,False
INV00000589,20250218,ST001,PRD007,2013,61,68,58,2084,0,0,False
INV00000590,20250219,ST001,PRD007,2084,35,41,47,2113,0,0,False
INV00000591,20250220,ST001,PRD007,2113,81,67,73,2188,0,0,False
INV00000592,20250221,ST001,PRD007,2188,41,40,41,2228,0,0,False
INV00000593,20250222,ST001,PRD007,2228,51,84,74,2289,0,0,False
INV00000594,20250223,ST001,PRD007,2289,25,49,50,2313,0,0,False
INV00000595,20250224,ST001,PRD007,2313,43,34,37,2353,0,0,False
INV00000596,20250225,ST001,PRD007,2353,34,63,61,2389,0,0,False
INV00000597,20250226,ST001,PRD007,2389,55,72,55,2461,0,0,False
INV00000598,20250227,ST001,PRD007,2461,49,50,58,2502,0,0,False
INV00000599,20250228,ST001,PRD007,2502,55,64,53,2568,0,0,False
INV00000600,20250301,ST001,PRD007,2568,47,42,48,2609,0,0,False
INV00000601,20250302,ST001,PRD007,2609,48,61,50,2668,0,0,False
INV00000602,20250303,ST001,PRD007,2668,36,53,43,2714,0,0,False
INV00000603,20250304,ST001,PRD007,2714,82,78,78,2796,0,0,False
INV00000604,20250305,ST001,PRD007,2796,24,57,42,2835,0,0,False
INV00000605,20250306,ST001,PRD007,2835,21,31,32,2855,0,0,False
INV00000606,20250307,ST001,PRD007,2855,36,36,37,2890,0,0,False
INV00000607,20250308,ST001,PRD007,2890,46,75,64,2947,0,0,False
INV00000608,20250309,ST001,PRD007,2947,56,73,62,3014,0,0,False
INV00000609,20250310,ST001,PRD007,3014,40,60,48,3066,0,0,False
INV00000610,20250311,ST001,PRD007,3066,32,44,37,3105,0,0,False
INV00000611,20250312,ST001,PRD007,3105,28,41,35,3139,0,0,False
INV00000612,20250313,ST001,PRD007,3139,40,48,39,3188,0,0,False
INV00000613,20250314,ST001,PRD007,3188,21,35,29,3215,0,0,False
INV00000614,20250315,ST001,PRD007,3215,63,80,64,3294,0,0,False
INV00000615,20250316,ST001,PRD007,3294,34,48,50,3326,0,0,False
INV00000616,20250317,ST001,PRD007,3326,23,31,34,3346,0,0,False
INV00000617,20250318,ST001,PRD007,3346,20,32,35,3363,0,0,False
INV00000618,20250319,ST001,PRD007,3363,37,56,58,3398,0,0,False
INV00000619,20250320,ST001,PRD007,3398,22,36,37,3419,0,0,False
INV00000620,20250321,ST001,PRD007,3419,33,37,38,3451,0,0,False
INV00000621,20250322,ST001,PRD007,3451,61,70,59,3523,0,0,False
INV00000622,20250323,ST001,PRD007,3523,20,38,32,3549,0,0,False
INV00000623,20250324,ST001,PRD007,3549,21,41,33,3578,0,0,False
INV00000624,20250325,ST001,PRD007,3578,33,43,39,3615,0,0,False
INV00000625,20250326,ST001,PRD007,3615,51,57,51,3672,0,0,False
INV00000626,20250327,ST001,PRD007,3672,54,50,46,3730,0,0,False
INV00000627,20250328,ST001,PRD007,3730,31,42,36,3767,0,0,False
INV00000628,20250329,ST001,PRD007,3767,48,69,69,3815,0,0,False
INV00000629,20250330,ST001,PRD007,3815,31,65,55,3856,0,0,False
INV00000630,20250331,ST001,PRD007,3856,39,62,61,3896,0,0,False
INV00000631,20250101,ST001,PRD008,17,26,39,34,48,0,0,False
INV00000632,20250102,ST001,PRD008,48,19,35,26,76,0,0,False
INV00000633,20250103,ST001,PRD008,76,46,41,46,117,0,0,False
INV00000634,20250104,ST001,PRD008,117,45,82,76,168,0,0,False
INV00000635,20250105,ST001,PRD008,168,30,59,56,201,0,0,False
INV00000636,20250106,ST001,PRD008,201,28,60,52,237,0,0,False
INV00000637,20250107,ST001,PRD008,237,44,77,63,295,0,0,False
INV00000638,20250108,ST001,PRD008,295,58,48,50,351,0,0,False
INV00000639,20250109,ST001,PRD008,351,53,60,56,408,0,0,False
INV00000640,20250110,ST001,PRD008,408,38,37,37,446,0,0,False
INV00000641,20250111,ST001,PRD008,446,25,51,44,478,0,0,False
INV00000642,20250112,ST001,PRD008,478,26,45,52,497,0,0,False
INV00000643,20250113,ST001,PRD008,497,33,45,47,528,0,0,False
INV00000644,20250114,ST001,PRD008,528,44,57,53,576,0,0,False
INV00000645,20250115,ST001,PRD008,576,35,53,48,616,0,0,False
INV00000646,20250116,ST001,PRD008,616,39,39,33,661,0,0,False
INV00000647,20250117,ST001,PRD008,661,17,26,25,679,0,0,False
INV00000648,20250118,ST001,PRD008,679,74,73,67,759,0,0,False
INV00000649,20250119,ST001,PRD008,759,34,63,59,797,0,0,False
INV00000650,20250120,ST001,PRD008,797,34,73,63,841,0,0,False
INV00000651,20250121,ST001,PRD008,841,41,57,49,890,0,0,False
INV00000652,20250122,ST001,PRD008,890,33,39,37,925,0,0,False
INV00000653,20250123,ST001,PRD008,925,51,53,52,977,0,0,False
INV00000654,20250124,ST001,PRD008,977,17,28,28,994,0,0,False
INV00000655,20250125,ST001,PRD008,994,73,69,68,1068,0,0,False
INV00000656,20250126,ST001,PRD008,1068,55,60,47,1136,0,0,False
INV00000657,20250127,ST001,PRD008,1136,13,23,23,1149,0,0,False
INV00000658,20250128,ST001,PRD008,1149,18,32,26,1173,0,0,False
INV00000659,20250129,ST001,PRD008,1173,37,47,42,1215,0,0,False
INV00000660,20250130,ST001,PRD008,1215,25,36,31,1245,0,0,False
INV00000661,20250131,ST001,PRD008,1245,36,44,39,1286,0,0,False
INV00000662,20250201,ST001,PRD008,1286,63,69,68,1350,0,0,False
INV00000663,20250202,ST001,PRD008,1350,46,54,44,1406,0,0,False
INV00000664,20250203,ST001,PRD008,1406,37,53,48,1448,0,0,False
INV00000665,20250204,ST001,PRD008,1448,45,41,40,1494,0,0,False
INV00000666,20250205,ST001,PRD008,1494,28,44,40,1526,0,0,False
INV00000667,20250206,ST001,PRD008,1526,52,60,57,1581,0,0,False
INV00000668,20250207,ST001,PRD008,1581,53,73,66,1641,0,0,False
INV00000669,20250208,ST001,PRD008,1641,41,42,46,1678,0,0,False
INV00000670,20250209,ST001,PRD008,1678,31,62,57,1714,0,0,False
INV00000671,20250210,ST001,PRD008,1714,62,45,53,1768,0,0,False
INV00000672,20250211,ST001,PRD008,1768,20,33,35,1786,0,0,False
INV00000673,20250212,ST001,PRD008,1786,49,49,47,1837,0,0,False
INV00000674,20250213,ST001,PRD008,1837,30,37,32,1872,0,0,False
INV00000675,20250214,ST001,PRD008,1872,32,58,47,1915,0,0,False
INV00000676,20250215,ST001,PRD008,1915,21,41,37,1940,0,0,False
INV00000677,20250216,ST001,PRD008,1940,51,84,76,1999,0,0,False
INV00000678,20250217,ST001,PRD008,1999,27,38,30,2034,0,0,False
INV00000679,20250218,ST001,PRD008,2034,31,45,51,2059,0,0,False
INV00000680,20250219,ST001,PRD008,2059,57,82,73,2125,0,0,False
INV00000681,20250220,ST001,PRD008,2125,48,43,49,2167,0,0,False
INV00000682,20250221,ST001,PRD008,2167,37,54,45,2213,0,0,False
INV00000683,20250222,ST001,PRD008,2213,25,49,47,2240,0,0,False
INV00000684,20250223,ST001,PRD008,2240,34,44,48,2270,0,0,False
INV00000685,20250224,ST001,PRD008,2270,34,58,49,2313,0,0,False
INV00000686,20250225,ST001,PRD008,2313,64,59,58,2378,0,0,False
INV00000687,20250226,ST001,PRD008,2378,32,59,58,2411,0,0,False
INV00000688,20250227,ST001,PRD008,2411,21,36,31,2437,0,0,False
INV00000689,20250228,ST001,PRD008,2437,27,48,39,2473,0,0,False
INV00000690,20250301,ST001,PRD008,2473,55,59,52,2535,0,0,False
INV00000691,20250302,ST001,PRD008,2535,46,45,50,2576,0,0,False
INV00000692,20250303,ST001,PRD008,2576,36,35,34,2613,0,0,False
INV00000693,20250304,ST001,PRD008,2613,37,57,58,2649,0,0,False
INV00000694,20250305,ST001,PRD008,2649,38,76,65,2698,0,0,False
INV00000695,20250306,ST001,PRD008,2698,43,65,65,2741,0,0,False
INV00000696,20250307,ST001,PRD008,2741,32,68,53,2788,0,0,False
INV00000697,20250308,ST001,PRD008,2788,30,40,44,2814,0,0,False
INV00000698,20250309,ST001,PRD008,2814,50,79,83,2860,0,0,False
INV00000699,20250310,ST001,PRD008,2860,12,20,23,2869,0,0,False
INV00000700,20250311,ST001,PRD008,2869,47,45,45,2916,0,0,False
INV00000701,20250312,ST001,PRD008,2916,53,68,58,2979,0,0,False
INV00000702,20250313,ST001,PRD008,2979,36,40,33,3022,0,0,False
INV00000703,20250314,ST001,PRD008,3022,72,68,63,3099,0,0,False
INV00000704,20250315,ST001,PRD008,3099,35,44,43,3135,0,0,False
INV00000705,20250316,ST001,PRD008,3135,63,66,76,3188,0,0,False
INV00000706,20250317,ST001,PRD008,3188,32,41,45,3216,0,0,False
INV00000707,20250318,ST001,PRD008,3216,45,57,57,3261,0,0,False
INV00000708,20250319,ST001,PRD008,3261,47,64,68,3304,0,0,False
INV00000709,20250320,ST001,PRD008,3304,31,38,35,3338,0,0,False
INV00000710,20250321,ST001,PRD008,3338,45,64,56,3391,0,0,False
INV00000711,20250322,ST001,PRD008,3391,50,63,54,3450,0,0,False
INV00000712,20250323,ST001,PRD008,3450,68,82,61,3539,0,0,False
INV00000713,20250324,ST001,PRD008,3539,76,83,75,3623,0,0,False
INV00000714,20250325,ST001,PRD008,3623,47,59,51,3678,0,0,False
INV00000715,20250326,ST001,PRD008,3678,27,49,53,3701,0,0,False
INV00000716,20250327,ST001,PRD008,3701,42,53,63,3733,0,0,False
INV00000717,20250328,ST001,PRD008,3733,57,73,59,3804,0,0,False
INV00000718,20250329,ST001,PRD008,3804,50,53,45,3862,0,0,False
INV00000719,20250330,ST001,PRD008,3862,65,69,71,3925,0,0,False
INV00000720,20250331,ST001,PRD008,3925,34,76,67,3968,0,0,False
INV00000721,20250101,ST001,PRD009,18,28,30,31,45,0,0,False
INV00000722,20250102,ST001,PRD009,45,29,32,28,78,0,0,False
INV00000723,20250103,ST001,PRD009,78,19,29,30,96,0,0,False
INV00000724,20250104,ST001,PRD009,96,28,37,32,129,0,0,False
INV00000725,20250105,ST001,PRD009,129,20,28,25,152,0,0,False
INV00000726,20250106,ST001,PRD009,152,17,23,24,168,0,0,False
INV00000727,20250107,ST001,PRD009,168,24,24,20,196,0,0,False
INV00000728,20250108,ST001,PRD009,196,39,52,48,239,0,0,False
INV00000729,20250109,ST001,PRD009,239,20,21,19,261,0,0,False
INV00000730,20250110,ST001,PRD009,261,45,39,38,307,0,0,False
INV00000731,20250111,ST001,PRD009,307,31,37,37,338,0,0,False
INV00000732,20250112,ST001,PRD009,338,24,36,30,368,0,0,False
INV00000733,20250113,ST001,PRD009,368,18,29,25,390,0,0,False
INV00000734,20250114,ST001,PRD009,390,17,33,29,411,0,0,False
INV00000735,20250115,ST001,PRD009,411,21,40,34,438,0,0,False
INV00000736,20250116,ST001,PRD009,438,34,49,43,478,0,0,False
INV00000737,20250117,ST001,PRD009,478,14,18,16,494,0,0,False
INV00000738,20250118,ST001,PRD009,494,31,30,32,523,0,0,False
INV00000739,20250119,ST001,PRD009,523,39,57,50,569,0,0,False
INV00000740,20250120,ST001,PRD009,569,22,20,21,590,0,0,False
INV00000741,20250121,ST001,PRD009,590,17,38,33,612,0,0,False
INV00000742,20250122,ST001,PRD009,612,11,21,19,625,0,0,False
INV00000743,20250123,ST001,PRD009,625,26,49,39,661,0,0,False
INV00000744,20250124,ST001,PRD009,661,24,37,42,680,0,0,False
INV00000745,20250125,ST001,PRD009,680,37,31,36,712,0,0,False
INV00000746,20250126,ST001,PRD009,712,60,55,54,773,0,0,False
INV00000747,20250127,ST001,PRD009,773,24,18,22,793,0,0,False
INV00000748,20250128,ST001,PRD009,793,18,37,35,813,0,0,False
INV00000749,20250129,ST001,PRD009,813,24,23,22,838,0,0,False
INV00000750,20250130,ST001,PRD009,838,17,23,21,857,0,0,False
INV00000751,20250131,ST001,PRD009,857,15,32,27,877,0,0,False
INV00000752,20250201,ST001,PRD009,877,23,31,27,904,0,0,False
INV00000753,20250202,ST001,PRD009,904,51,61,54,962,0,0,False
INV00000754,20250203,ST001,PRD009,962,40,44,47,999,0,0,False
INV00000755,20250204,ST001,PRD009,999,15,24,19,1019,0,0,False
INV00000756,20250205,ST001,PRD009,1019,14,27,27,1033,0,0,False
INV00000757,20250206,ST001,PRD009,1033,27,46,40,1066,0,0,False
INV00000758,20250207,ST001,PRD009,1066,21,29,35,1081,0,0,False
INV00000759,20250208,ST001,PRD009,1081,20,31,28,1104,0,0,False
INV00000760,20250209,ST001,PRD009,1104,31,33,28,1140,0,0,False
INV00000761,20250210,ST001,PRD009,1140,20,27,24,1163,0,0,False
INV00000762,20250211,ST001,PRD009,1163,15,29,29,1178,0,0,False
INV00000763,20250212,ST001,PRD009,1178,20,23,21,1200,0,0,False
INV00000764,20250213,ST001,PRD009,1200,25,25,24,1226,0,0,False
INV00000765,20250214,ST001,PRD009,1226,29,31,29,1257,0,0,False
INV00000766,20250215,ST001,PRD009,1257,25,42,35,1289,0,0,False
INV00000767,20250216,ST001,PRD009,1289,29,64,57,1325,0,0,False
INV00000768,20250217,ST001,PRD009,1325,25,34,32,1352,0,0,False
INV00000769,20250218,ST001,PRD009,1352,25,36,38,1375,0,0,False
INV00000770,20250219,ST001,PRD009,1375,21,19,19,1396,0,0,False
INV00000771,20250220,ST001,PRD009,1396,16,30,27,1415,0,0,False
INV00000772,20250221,ST001,PRD009,1415,30,31,26,1450,0,0,False
INV00000773,20250222,ST001,PRD009,1450,38,45,40,1493,0,0,False
INV00000774,20250223,ST001,PRD009,1493,26,47,43,1523,0,0,False
INV00000775,20250224,ST001,PRD009,1523,37,39,32,1567,0,0,False
INV00000776,20250225,ST001,PRD009,1567,27,42,39,1597,0,0,False
INV00000777,20250226,ST001,PRD009,1597,36,39,36,1636,0,0,False
INV00000778,20250227,ST001,PRD009,1636,23,36,29,1666,0,0,False
INV00000779,20250228,ST001,PRD009,1666,20,25,24,1687,0,0,False
INV00000780,20250301,ST001,PRD009,1687,24,29,29,1711,0,0,False
INV00000781,20250302,ST001,PRD009,1711,30,35,37,1739,0,0,False
INV00000782,20250303,ST001,PRD009,1739,28,45,46,1766,0,0,False
INV00000783,20250304,ST001,PRD009,1766,18,34,29,1789,0,0,False
INV00000784,20250305,ST001,PRD009,1789,37,54,40,1840,0,0,False
INV00000785,20250306,ST001,PRD009,1840,57,71,56,1912,0,0,False
INV00000786,20250307,ST001,PRD009,1912,21,36,36,1933,0,0,False
INV00000787,20250308,ST001,PRD009,1933,24,43,43,1957,0,0,False
INV00000788,20250309,ST001,PRD009,1957,51,50,49,2009,0,0,False
INV00000789,20250310,ST001,PRD009,2009,48,41,44,2054,0,0,False
INV00000790,20250311,ST001,PRD009,2054,25,38,34,2083,0,0,False
INV00000791,20250312,ST001,PRD009,2083,28,24,27,2108,0,0,False
INV00000792,20250313,ST001,PRD009,2108,30,56,44,2150,0,0,False
INV00000793,20250314,ST001,PRD009,2150,16,32,31,2167,0,0,False
INV00000794,20250315,ST001,PRD009,2167,25,30,25,2197,0,0,False
INV00000795,20250316,ST001,PRD009,2197,29,32,27,2231,0,0,False
INV00000796,20250317,ST001,PRD009,2231,32,35,35,2263,0,0,False
INV00000797,20250318,ST001,PRD009,2263,28,34,29,2296,0,0,False
INV00000798,20250319,ST001,PRD009,2296,49,48,44,2349,0,0,False
INV00000799,20250320,ST001,PRD009,2349,16,24,20,2369,0,0,False
INV00000800,20250321,ST001,PRD009,2369,29,37,34,2401,0,0,False
INV00000801,20250322,ST001,PRD009,2401,23,30,31,2423,0,0,False
INV00000802,20250323,ST001,PRD009,2423,42,45,41,2469,0,0,False
INV00000803,20250324,ST001,PRD009,2469,21,33,27,2496,0,0,False
INV00000804,20250325,ST001,PRD009,2496,38,40,33,2541,0,0,False
INV00000805,20250326,ST001,PRD009,2541,30,29,27,2573,0,0,False
INV00000806,20250327,ST001,PRD009,2573,26,24,22,2601,0,0,False
INV00000807,20250328,ST001,PRD009,2601,23,29,34,2619,0,0,False
INV00000808,20250329,ST001,PRD009,2619,30,46,39,2656,0,0,False
INV00000809,20250330,ST001,PRD009,2656,35,36,32,2695,0,0,False
INV00000810,20250331,ST001,PRD009,2695,47,63,60,2745,0,0,False
INV00000811,20250101,ST001,PRD010,20,21,24,21,44,0,0,False
INV00000812,20250102,ST001,PRD010,44,16,15,16,59,0,0,False
INV00000813,20250103,ST001,PRD010,59,15,16,14,76,0,0,False
INV00000814,20250104,ST001,PRD010,76,40,58,52,122,0,0,False
INV00000815,20250105,ST001,PRD010,122,21,26,22,147,0,0,False
INV00000816,20250106,ST001,PRD010,147,14,12,13,160,0,0,False
INV00000817,20250107,ST001,PRD010,160,32,24,27,189,0,0,False
INV00000818,20250108,ST001,PRD010,189,17,24,20,210,0,0,False
INV00000819,20250109,ST001,PRD010,210,9,17,17,219,0,0,False
INV00000820,20250110,ST001,PRD010,219,16,22,19,238,0,0,False
INV00000821,20250111,ST001,PRD010,238,36,41,39,276,0,0,False
INV00000822,20250112,ST001,PRD010,276,58,60,52,342,0,0,False
INV00000823,20250113,ST001,PRD010,342,19,22,17,366,0,0,False
INV00000824,20250114,ST001,PRD010,366,24,28,30,388,0,0,False
INV00000825,20250115,ST001,PRD010,388,13,15,15,401,0,0,False
INV00000826,20250116,ST001,PRD010,401,19,23,23,420,0,0,False
INV00000827,20250117,ST001,PRD010,420,22,22,22,442,0,0,False
INV00000828,20250118,ST001,PRD010,442,10,16,13,455,0,0,False
INV00000829,20250119,ST001,PRD010,455,26,33,27,487,0,0,False
INV00000830,20250120,ST001,PRD010,487,9,19,15,500,0,0,False
INV00000831,20250121,ST001,PRD010,500,23,34,28,529,0,0,False
INV00000832,20250122,ST001,PRD010,529,28,25,24,558,0,0,False
INV00000833,20250123,ST001,PRD010,558,13,20,18,573,0,0,False
INV00000834,20250124,ST001,PRD010,573,28,36,28,609,0,0,False
INV00000835,20250125,ST001,PRD010,609,24,30,25,638,0,0,False
INV00000836,20250126,ST001,PRD010,638,42,43,38,685,0,0,False
INV00000837,20250127,ST001,PRD010,685,30,34,27,722,0,0,False
INV00000838,20250128,ST001,PRD010,722,14,14,13,737,0,0,False
INV00000839,20250129,ST001,PRD010,737,11,14,15,747,0,0,False
INV00000840,20250130,ST001,PRD010,747,20,30,28,769,0,0,False
INV00000841,20250131,ST001,PRD010,769,13,12,13,781,0,0,False
INV00000842,20250201,ST001,PRD010,781,24,27,23,809,0,0,False
INV00000843,20250202,ST001,PRD010,809,22,26,20,837,0,0,False
INV00000844,20250203,ST001,PRD010,837,11,26,21,853,0,0,False
INV00000845,20250204,ST001,PRD010,853,18,29,32,868,0,0,False
INV00000846,20250205,ST001,PRD010,868,24,27,26,893,0,0,False
INV00000847,20250206,ST001,PRD010,893,31,30,27,927,0,0,False
INV00000848,20250207,ST001,PRD010,927,20,14,17,944,0,0,False
INV00000849,20250208,ST001,PRD010,944,21,24,21,968,0,0,False
INV00000850,20250209,ST001,PRD010,968,30,36,37,997,0,0,False
INV00000851,20250210,ST001,PRD010,997,7,14,12,1006,0,0,False
INV00000852,20250211,ST001,PRD010,1006,32,37,34,1041,0,0,False
INV00000853,20250212,ST001,PRD010,1041,43,50,39,1095,0,0,False
INV00000854,20250213,ST001,PRD010,1095,18,23,22,1114,0,0,False
INV00000855,20250214,ST001,PRD010,1114,36,49,37,1162,0,0,False
INV00000856,20250215,ST001,PRD010,1162,51,47,45,1215,0,0,False
INV00000857,20250216,ST001,PRD010,1215,12,26,22,1231,0,0,False
INV00000858,20250217,ST001,PRD010,1231,32,34,30,1267,0,0,False
INV00000859,20250218,ST001,PRD010,1267,15,19,21,1280,0,0,False
INV00000860,20250219,ST001,PRD010,1280,16,19,21,1294,0,0,False
INV00000861,20250220,ST001,PRD010,1294,21,37,35,1317,0,0,False
INV00000862,20250221,ST001,PRD010,1317,22,23,25,1337,0,0,False
INV00000863,20250222,ST001,PRD010,1337,22,31,25,1365,0,0,False
INV00000864,20250223,ST001,PRD010,1365,19,16,18,1382,0,0,False
INV00000865,20250224,ST001,PRD010,1382,17,32,27,1404,0,0,False
INV00000866,20250225,ST001,PRD010,1404,16,26,28,1418,0,0,False
INV00000867,20250226,ST001,PRD010,1418,16,15,14,1435,0,0,False
INV00000868,20250227,ST001,PRD010,1435,20,18,21,1452,0,0,False
INV00000869,20250228,ST001,PRD010,1452,11,17,16,1464,0,0,False
INV00000870,20250301,ST001,PRD010,1464,31,28,27,1496,0,0,False
INV00000871,20250302,ST001,PRD010,1496,12,20,20,1508,0,0,False
INV00000872,20250303,ST001,PRD010,1508,42,66,51,1565,0,0,False
INV00000873,20250304,ST001,PRD010,1565,16,25,23,1583,0,0,False
INV00000874,20250305,ST001,PRD010,1583,21,26,31,1599,0,0,False
INV00000875,20250306,ST001,PRD010,1599,17,33,34,1615,0,0,False
INV00000876,20250307,ST001,PRD010,1615,43,41,40,1659,0,0,False
INV00000877,20250308,ST001,PRD010,1659,53,41,47,1706,0,0,False
INV00000878,20250309,ST001,PRD010,1706,16,15,16,1721,0,0,False
INV00000879,20250310,ST001,PRD010,1721,21,43,34,1751,0,0,False
INV00000880,20250311,ST001,PRD010,1751,11,17,14,1765,0,0,False
INV00000881,20250312,ST001,PRD010,1765,24,39,32,1796,0,0,False
INV00000882,20250313,ST001,PRD010,1796,32,42,35,1835,0,0,False
INV00000883,20250314,ST001,PRD010,1835,15,19,16,1853,0,0,False
INV00000884,20250315,ST001,PRD010,1853,26,31,32,1878,0,0,False
INV00000885,20250316,ST001,PRD010,1878,25,35,37,1901,0,0,False
INV00000886,20250317,ST001,PRD010,1901,21,23,19,1926,0,0,False
INV00000887,20250318,ST001,PRD010,1926,18,34,28,1950,0,0,False
INV00000888,20250319,ST001,PRD010,1950,22,34,29,1977,0,0,False
INV00000889,20250320,ST001,PRD010,1977,23,35,27,2008,0,0,False
INV00000890,20250321,ST001,PRD010,2008,23,43,35,2039,0,0,False
INV00000891,20250322,ST001,PRD010,2039,20,27,22,2064,0,0,False
INV00000892,20250323,ST001,PRD010,2064,32,36,36,2096,0,0,False
INV00000893,20250324,ST001,PRD010,2096,16,16,13,2115,0,0,False
INV00000894,20250325,ST001,PRD010,2115,15,20,21,2129,0,0,False
INV00000895,20250326,ST001,PRD010,2129,21,24,18,2156,0,0,False
INV00000896,20250327,ST001,PRD010,2156,28,25,29,2180,0,0,False
INV00000897,20250328,ST001,PRD010,2180,15,21,21,2195,0,0,False
INV00000898,20250329,ST001,PRD010,2195,27,38,30,2230,0,0,False
INV00000899,20250330,ST001,PRD010,2230,35,37,36,2266,0,0,False
INV00000900,20250331,ST001,PRD010,2266,45,52,44,2319,0,0,False
INV00000901,20250101,ST001,PRD011,11,28,31,25,45,0,0,False
INV00000902,20250102,ST001,PRD011,45,23,29,23,74,0,0,False
INV00000903,20250103,ST001,PRD011,74,44,44,41,121,0,0,False
INV00000904,20250104,ST001,PRD011,121,29,24,26,148,0,0,False
INV00000905,20250105,ST001,PRD011,148,43,48,41,198,0,0,False
INV00000906,20250106,ST001,PRD011,198,19,27,29,215,0,0,False
INV00000907,20250107,ST001,PRD011,215,29,31,27,248,0,0,False
INV00000908,20250108,ST001,PRD011,248,27,44,41,278,0,0,False
INV00000909,20250109,ST001,PRD011,278,16,28,25,297,0,0,False
INV00000910,20250110,ST001,PRD011,297,16,27,24,316,0,0,False
INV00000911,20250111,ST001,PRD011,316,40,44,39,361,0,0,False
INV00000912,20250112,ST001,PRD011,361,52,43,50,406,0,0,False
INV00000913,20250113,ST001,PRD011,406,26,27,27,432,0,0,False
INV00000914,20250114,ST001,PRD011,432,21,44,35,462,0,0,False
INV00000915,20250115,ST001,PRD011,462,12,25,22,477,0,0,False
INV00000916,20250116,ST001,PRD011,477,19,24,20,500,0,0,False
INV00000917,20250117,ST001,PRD011,500,15,28,28,515,0,0,False
INV00000918,20250118,ST001,PRD011,515,55,52,52,570,0,0,False
INV00000919,20250119,ST001,PRD011,570,12,24,23,583,0,0,False
INV00000920,20250120,ST001,PRD011,583,23,42,31,617,0,0,False
INV00000921,20250121,ST001,PRD011,617,24,35,40,636,0,0,False
INV00000922,20250122,ST001,PRD011,636,19,17,17,655,0,0,False
INV00000923,20250123,ST001,PRD011,655,35,55,48,697,0,0,False
INV00000924,20250124,ST001,PRD011,697,18,28,23,720,0,0,False
INV00000925,20250125,ST001,PRD011,720,19,30,30,739,0,0,False
INV00000926,20250126,ST001,PRD011,739,35,27,33,768,0,0,False
INV00000927,20250127,ST001,PRD011,768,18,16,16,786,0,0,False
INV00000928,20250128,ST001,PRD011,786,31,39,41,815,0,0,False
INV00000929,20250129,ST001,PRD011,815,15,23,18,835,0,0,False
INV00000930,20250130,ST001,PRD011,835,17,25,24,853,0,0,False
INV00000931,20250131,ST001,PRD011,853,25,46,41,883,0,0,False
INV00000932,20250201,ST001,PRD011,883,33,32,29,919,0,0,False
INV00000933,20250202,ST001,PRD011,919,51,48,44,974,0,0,False
INV00000934,20250203,ST001,PRD011,974,48,37,41,1018,0,0,False
INV00000935,20250204,ST001,PRD011,1018,11,20,16,1033,0,0,False
INV00000936,20250205,ST001,PRD011,1033,51,51,46,1089,0,0,False
INV00000937,20250206,ST001,PRD011,1089,47,56,44,1148,0,0,False
INV00000938,20250207,ST001,PRD011,1148,17,20,20,1165,0,0,False
INV00000939,20250208,ST001,PRD011,1165,24,40,44,1185,0,0,False
INV00000940,20250209,ST001,PRD011,1185,26,30,25,1216,0,0,False
INV00000941,20250210,ST001,PRD011,1216,30,41,45,1242,0,0,False
INV00000942,20250211,ST001,PRD011,1242,27,33,28,1274,0,0,False
INV00000943,20250212,ST001,PRD011,1274,30,32,31,1305,0,0,False
INV00000944,20250213,ST001,PRD011,1305,21,29,27,1328,0,0,False
INV00000945,20250214,ST001,PRD011,1328,29,34,27,1364,0,0,False
INV00000946,20250215,ST001,PRD011,1364,22,25,25,1386,0,0,False
INV00000947,20250216,ST001,PRD011,1386,21,40,38,1409,0,0,False
INV00000948,20250217,ST001,PRD011,1409,15,17,19,1422,0,0,False
INV00000949,20250218,ST001,PRD011,1422,21,37,30,1450,0,0,False
INV00000950,20250219,ST001,PRD011,1450,15,33,25,1473,0,0,False
INV00000951,20250220,ST001,PRD011,1473,38,59,50,1520,0,0,False
INV00000952,20250221,ST001,PRD011,1520,41,47,40,1568,0,0,False
INV00000953,20250222,ST001,PRD011,1568,12,19,17,1582,0,0,False
INV00000954,20250223,ST001,PRD011,1582,31,50,41,1622,0,0,False
INV00000955,20250224,ST001,PRD011,1622,21,25,22,1646,0,0,False
INV00000956,20250225,ST001,PRD011,1646,14,18,18,1660,0,0,False
INV00000957,20250226,ST001,PRD011,1660,22,27,23,1686,0,0,False
INV00000958,20250227,ST001,PRD011,1686,25,34,30,1715,0,0,False
INV00000959,20250228,ST001,PRD011,1715,21,27,23,1740,0,0,False
INV00000960,20250301,ST001,PRD011,1740,42,43,36,1789,0,0,False
INV00000961,20250302,ST001,PRD011,1789,17,29,23,1812,0,0,False
INV00000962,20250303,ST001,PRD011,1812,29,33,31,1843,0,0,False
INV00000963,20250304,ST001,PRD011,1843,42,42,44,1883,0,0,False
INV00000964,20250305,ST001,PRD011,1883,30,31,32,1912,0,0,False
INV00000965,20250306,ST001,PRD011,1912,26,37,32,1943,0,0,False
INV00000966,20250307,ST001,PRD011,1943,18,18,18,1961,0,0,False
INV00000967,20250308,ST001,PRD011,1961,31,40,33,1999,0,0,False
INV00000968,20250309,ST001,PRD011,1999,34,50,59,2024,0,0,False
INV00000969,20250310,ST001,PRD011,2024,15,28,28,2039,0,0,False
INV00000970,20250311,ST001,PRD011,2039,14,24,27,2050,0,0,False
INV00000971,20250312,ST001,PRD011,2050,23,18,19,2072,0,0,False
INV00000972,20250313,ST001,PRD011,2072,20,31,35,2088,0,0,False
INV00000973,20250314,ST001,PRD011,2088,24,43,36,2119,0,0,False
INV00000974,20250315,ST001,PRD011,2119,46,50,53,2162,0,0,False
INV00000975,20250316,ST001,PRD011,2162,33,47,43,2199,0,0,False
INV00000976,20250317,ST001,PRD011,2199,30,50,40,2239,0,0,False
INV00000977,20250318,ST001,PRD011,2239,38,39,33,2283,0,0,False
INV00000978,20250319,ST001,PRD011,2283,41,45,42,2327,0,0,False
INV00000979,20250320,ST001,PRD011,2327,26,40,30,2363,0,0,False
INV00000980,20250321,ST001,PRD011,2363,29,30,32,2390,0,0,False
INV00000981,20250322,ST001,PRD011,2390,31,32,31,2422,0,0,False
INV00000982,20250323,ST001,PRD011,2422,47,51,42,2478,0,0,False
INV00000983,20250324,ST001,PRD011,2478,38,37,40,2513,0,0,False
INV00000984,20250325,ST001,PRD011,2513,40,33,37,2549,0,0,False
INV00000985,20250326,ST001,PRD011,2549,47,52,51,2597,0,0,False
INV00000986,20250327,ST001,PRD011,2597,38,43,33,2645,0,0,False
INV00000987,20250328,ST001,PRD011,2645,12,19,17,2659,0,0,False
INV00000988,20250329,ST001,PRD011,2659,48,59,49,2717,0,0,False
INV00000989,20250330,ST001,PRD011,2717,29,54,45,2755,0,0,False
INV00000990,20250331,ST001,PRD011,2755,28,39,34,2788,0,0,False
INV00000991,20250101,ST001,PRD012,17,60,53,55,75,0,0,False
INV00000992,20250102,ST001,PRD012,75,21,41,37,100,0,0,False
INV00000993,20250103,ST001,PRD012,100,49,49,50,148,0,0,False
INV00000994,20250104,ST001,PRD012,148,50,51,57,192,0,0,False
INV00000995,20250105,ST001,PRD012,192,53,54,45,254,0,0,False
INV00000996,20250106,ST001,PRD012,254,32,52,43,295,0,0,False
INV00000997,20250107,ST001,PRD012,295,23,32,30,320,0,0,False
INV00000998,20250108,ST001,PRD012,320,21,42,33,350,0,0,False
INV00000999,20250109,ST001,PRD012,350,13,26,23,366,0,0,False
INV00001000,20250110,ST001,PRD012,366,27,31,25,399,0,0,False
INV00001001,20250111,ST001,PRD012,399,23,29,28,423,0,0,False
INV00001002,20250112,ST001,PRD012,423,29,29,30,451,0,0,False
INV00001003,20250113,ST001,PRD012,451,46,48,48,497,0,0,False
INV00001004,20250114,ST001,PRD012,497,25,25,27,520,0,0,False
INV00001005,20250115,ST001,PRD012,520,21,44,40,545,0,0,False
INV00001006,20250116,ST001,PRD012,545,27,30,26,576,0,0,False
INV00001007,20250117,ST001,PRD012,576,18,32,27,599,0,0,False
INV00001008,20250118,ST001,PRD012,599,28,41,47,621,0,0,False
INV00001009,20250119,ST001,PRD012,621,29,39,32,657,0,0,False
INV00001010,20250120,ST001,PRD012,657,22,43,41,681,0,0,False
INV00001011,20250121,ST001,PRD012,681,45,44,43,727,0,0,False
INV00001012,20250122,ST001,PRD012,727,21,36,33,751,0,0,False
INV00001013,20250123,ST001,PRD012,751,19,35,29,776,0,0,False
INV00001014,20250124,ST001,PRD012,776,29,26,26,805,0,0,False
INV00001015,20250125,ST001,PRD012,805,42,54,58,843,0,0,False
INV00001016,20250126,ST001,PRD012,843,31,52,51,875,0,0,False
INV00001017,20250127,ST001,PRD012,875,66,63,58,946,0,0,False
INV00001018,20250128,ST001,PRD012,946,14,32,27,965,0,0,False
INV00001019,20250129,ST001,PRD012,965,28,29,25,997,0,0,False
INV00001020,20250130,ST001,PRD012,997,28,47,47,1025,0,0,False
INV00001021,20250131,ST001,PRD012,1025,14,24,23,1040,0,0,False
INV00001022,20250201,ST001,PRD012,1040,21,33,31,1063,0,0,False
INV00001023,20250202,ST001,PRD012,1063,42,73,67,1111,0,0,False
INV00001024,20250203,ST001,PRD012,1111,30,35,31,1145,0,0,False
INV00001025,20250204,ST001,PRD012,1145,19,46,37,1173,0,0,False
INV00001026,20250205,ST001,PRD012,1173,23,52,45,1203,0,0,False
INV00001027,20250206,ST001,PRD012,1203,31,34,29,1239,0,0,False
INV00001028,20250207,ST001,PRD012,1239,22,33,33,1261,0,0,False
INV00001029,20250208,ST001,PRD012,1261,20,25,28,1278,0,0,False
INV00001030,20250209,ST001,PRD012,1278,26,51,42,1313,0,0,False
INV00001031,20250210,ST001,PRD012,1313,17,28,32,1326,0,0,False
INV00001032,20250211,ST001,PRD012,1326,25,31,25,1357,0,0,False
INV00001033,20250212,ST001,PRD012,1357,25,36,29,1389,0,0,False
INV00001034,20250213,ST001,PRD012,1389,30,31,29,1421,0,0,False
INV00001035,20250214,ST001,PRD012,1421,33,38,40,1452,0,0,False
INV00001036,20250215,ST001,PRD012,1452,49,57,47,1511,0,0,False
INV00001037,20250216,ST001,PRD012,1511,43,43,50,1547,0,0,False
INV00001038,20250217,ST001,PRD012,1547,27,54,46,1582,0,0,False
INV00001039,20250218,ST001,PRD012,1582,18,25,21,1604,0,0,False
INV00001040,20250219,ST001,PRD012,1604,27,28,23,1636,0,0,False
INV00001041,20250220,ST001,PRD012,1636,16,29,31,1650,0,0,False
INV00001042,20250221,ST001,PRD012,1650,20,20,19,1671,0,0,False
INV00001043,20250222,ST001,PRD012,1671,35,36,32,1710,0,0,False
INV00001044,20250223,ST001,PRD012,1710,40,49,46,1753,0,0,False
INV00001045,20250224,ST001,PRD012,1753,47,62,57,1805,0,0,False
INV00001046,20250225,ST001,PRD012,1805,41,42,35,1853,0,0,False
INV00001047,20250226,ST001,PRD012,1853,11,25,21,1868,0,0,False
INV00001048,20250227,ST001,PRD012,1868,28,35,33,1898,0,0,False
INV00001049,20250228,ST001,PRD012,1898,33,39,42,1928,0,0,False
INV00001050,20250301,ST001,PRD012,1928,44,50,45,1977,0,0,False
INV00001051,20250302,ST001,PRD012,1977,27,38,32,2010,0,0,False
INV00001052,20250303,ST001,PRD012,2010,40,35,35,2050,0,0,False
INV00001053,20250304,ST001,PRD012,2050,18,32,33,2067,0,0,False
INV00001054,20250305,ST001,PRD012,2067,17,30,30,2084,0,0,False
INV00001055,20250306,ST001,PRD012,2084,34,44,37,2125,0,0,False
INV00001056,20250307,ST001,PRD012,2125,15,27,27,2140,0,0,False
INV00001057,20250308,ST001,PRD012,2140,35,56,51,2180,0,0,False
INV00001058,20250309,ST001,PRD012,2180,33,41,35,2219,0,0,False
INV00001059,20250310,ST001,PRD012,2219,26,33,29,2249,0,0,False
INV00001060,20250311,ST001,PRD012,2249,29,50,40,2288,0,0,False
INV00001061,20250312,ST001,PRD012,2288,63,63,53,2361,0,0,False
INV00001062,20250313,ST001,PRD012,2361,33,40,38,2396,0,0,False
INV00001063,20250314,ST001,PRD012,2396,28,40,34,2430,0,0,False
INV00001064,20250315,ST001,PRD012,2430,36,37,39,2464,0,0,False
INV00001065,20250316,ST001,PRD012,2464,17,28,29,2480,0,0,False
INV00001066,20250317,ST001,PRD012,2480,47,46,47,2526,0,0,False
INV00001067,20250318,ST001,PRD012,2526,36,41,33,2570,0,0,False
INV00001068,20250319,ST001,PRD012,2570,22,21,23,2590,0,0,False
INV00001069,20250320,ST001,PRD012,2590,42,49,40,2641,0,0,False
INV00001070,20250321,ST001,PRD012,2641,31,36,31,2677,0,0,False
INV00001071,20250322,ST001,PRD012,2677,33,49,50,2709,0,0,False
INV00001072,20250323,ST001,PRD012,2709,33,49,41,2750,0,0,False
INV00001073,20250324,ST001,PRD012,2750,28,49,43,2784,0,0,False
INV00001074,20250325,ST001,PRD012,2784,24,34,32,2810,0,0,False
INV00001075,20250326,ST001,PRD012,2810,24,25,29,2830,0,0,False
INV00001076,20250327,ST001,PRD012,2830,25,41,31,2865,0,0,False
INV00001077,20250328,ST001,PRD012,2865,26,41,46,2886,0,0,False
INV00001078,20250329,ST001,PRD012,2886,38,46,47,2923,0,0,False
INV00001079,20250330,ST001,PRD012,2923,41,38,42,2960,0,0,False
INV00001080,20250331,ST001,PRD012,2960,18,27,23,2982,0,0,False
INV00001081,20250101,ST001,PRD013,14,42,53,43,66,0,0,False
INV00001082,20250102,ST001,PRD013,66,14,16,17,79,0,0,False
INV00001083,20250103,ST001,PRD013,79,12,23,22,92,0,0,False
INV00001084,20250104,ST001,PRD013,92,32,65,57,132,0,0,False
INV00001085,20250105,ST001,PRD013,132,20,32,25,159,0,0,False
INV00001086,20250106,ST001,PRD013,159,44,42,43,202,0,0,False
INV00001087,20250107,ST001,PRD013,202,28,44,37,237,0,0,False
INV00001088,20250108,ST001,PRD013,237,20,35,34,258,0,0,False
INV00001089,20250109,ST001,PRD013,258,14,22,26,268,0,0,False
INV00001090,20250110,ST001,PRD013,268,30,31,26,303,0,0,False
INV00001091,20250111,ST001,PRD013,303,46,66,52,363,0,0,False
INV00001092,20250112,ST001,PRD013,363,29,28,30,390,0,0,False
INV00001093,20250113,ST001,PRD013,390,19,21,24,406,0,0,False
INV00001094,20250114,ST001,PRD013,406,34,35,31,444,0,0,False
INV00001095,20250115,ST001,PRD013,444,36,27,31,476,0,0,False
INV00001096,20250116,ST001,PRD013,476,28,30,35,499,0,0,False
INV00001097,20250117,ST001,PRD013,499,50,42,44,547,0,0,False
INV00001098,20250118,ST001,PRD013,547,18,35,34,566,0,0,False
INV00001099,20250119,ST001,PRD013,566,45,53,64,600,0,0,False
INV00001100,20250120,ST001,PRD013,600,35,45,49,631,0,0,False
INV00001101,20250121,ST001,PRD013,631,11,24,20,646,0,0,False
INV00001102,20250122,ST001,PRD013,646,20,21,23,664,0,0,False
INV00001103,20250123,ST001,PRD013,664,12,21,19,678,0,0,False
INV00001104,20250124,ST001,PRD013,678,27,37,32,710,0,0,False
INV00001105,20250125,ST001,PRD013,710,30,30,27,743,0,0,False
INV00001106,20250126,ST001,PRD013,743,37,49,49,780,0,0,False
INV00001107,20250127,ST001,PRD013,780,45,65,51,839,0,0,False
INV00001108,20250128,ST001,PRD013,839,22,31,38,854,0,0,False
INV00001109,20250129,ST001,PRD013,854,23,28,33,872,0,0,False
INV00001110,20250130,ST001,PRD013,872,17,29,26,892,0,0,False
INV00001111,20250131,ST001,PRD013,892,23,30,29,916,0,0,False
INV00001112,20250201,ST001,PRD013,916,41,53,46,964,0,0,False
INV00001113,20250202,ST001,PRD013,964,62,55,60,1021,0,0,False
INV00001114,20250203,ST001,PRD013,1021,31,39,33,1058,0,0,False
INV00001115,20250204,ST001,PRD013,1058,31,40,32,1097,0,0,False
INV00001116,20250205,ST001,PRD013,1097,44,56,49,1148,0,0,False
INV00001117,20250206,ST001,PRD013,1148,32,43,35,1188,0,0,False
INV00001118,20250207,ST001,PRD013,1188,27,34,28,1221,0,0,False
INV00001119,20250208,ST001,PRD013,1221,59,62,60,1282,0,0,False
INV00001120,20250209,ST001,PRD013,1282,18,36,35,1301,0,0,False
INV00001121,20250210,ST001,PRD013,1301,17,33,25,1326,0,0,False
INV00001122,20250211,ST001,PRD013,1326,39,38,38,1365,0,0,False
INV00001123,20250212,ST001,PRD013,1365,37,30,32,1400,0,0,False
INV00001124,20250213,ST001,PRD013,1400,35,51,47,1439,0,0,False
INV00001125,20250214,ST001,PRD013,1439,29,54,47,1475,0,0,False
INV00001126,20250215,ST001,PRD013,1475,23,50,39,1509,0,0,False
INV00001127,20250216,ST001,PRD013,1509,30,31,31,1539,0,0,False
INV00001128,20250217,ST001,PRD013,1539,13,26,23,1555,0,0,False
INV00001129,20250218,ST001,PRD013,1555,38,41,37,1597,0,0,False
INV00001130,20250219,ST001,PRD013,1597,59,62,50,1668,0,0,False
INV00001131,20250220,ST001,PRD013,1668,23,48,40,1699,0,0,False
INV00001132,20250221,ST001,PRD013,1699,38,50,44,1743,0,0,False
INV00001133,20250222,ST001,PRD013,1743,23,35,30,1771,0,0,False
INV00001134,20250223,ST001,PRD013,1771,17,23,21,1790,0,0,False
INV00001135,20250224,ST001,PRD013,1790,15,27,25,1807,0,0,False
INV00001136,20250225,ST001,PRD013,1807,27,38,38,1834,0,0,False
INV00001137,20250226,ST001,PRD013,1834,26,36,36,1860,0,0,False
INV00001138,20250227,ST001,PRD013,1860,32,33,28,1897,0,0,False
INV00001139,20250228,ST001,PRD013,1897,24,27,26,1922,0,0,False
INV00001140,20250301,ST001,PRD013,1922,39,34,35,1960,0,0,False
INV00001141,20250302,ST001,PRD013,1960,21,40,34,1987,0,0,False
INV00001142,20250303,ST001,PRD013,1987,33,38,32,2026,0,0,False
INV00001143,20250304,ST001,PRD013,2026,14,30,27,2043,0,0,False
INV00001144,20250305,ST001,PRD013,2043,18,39,32,2068,0,0,False
INV00001145,20250306,ST001,PRD013,2068,32,46,39,2107,0,0,False
INV00001146,20250307,ST001,PRD013,2107,17,19,21,2122,0,0,False
INV00001147,20250308,ST001,PRD013,2122,32,36,35,2155,0,0,False
INV00001148,20250309,ST001,PRD013,2155,43,61,55,2204,0,0,False
INV00001149,20250310,ST001,PRD013,2204,12,24,19,2221,0,0,False
INV00001150,20250311,ST001,PRD013,2221,35,55,41,2270,0,0,False
INV00001151,20250312,ST001,PRD013,2270,20,29,27,2292,0,0,False
INV00001152,20250313,ST001,PRD013,2292,22,34,38,2310,0,0,False
INV00001153,20250314,ST001,PRD013,2310,50,54,51,2363,0,0,False
INV00001154,20250315,ST001,PRD013,2363,30,35,33,2395,0,0,False
INV00001155,20250316,ST001,PRD013,2395,44,61,51,2449,0,0,False
INV00001156,20250317,ST001,PRD013,2449,34,60,48,2495,0,0,False
INV00001157,20250318,ST001,PRD013,2495,27,45,42,2525,0,0,False
INV00001158,20250319,ST001,PRD013,2525,55,54,46,2588,0,0,False
INV00001159,20250320,ST001,PRD013,2588,23,40,42,2609,0,0,False
INV00001160,20250321,ST001,PRD013,2609,24,38,38,2633,0,0,False
INV00001161,20250322,ST001,PRD013,2633,37,31,32,2669,0,0,False
INV00001162,20250323,ST001,PRD013,2669,47,44,45,2715,0,0,False
INV00001163,20250324,ST001,PRD013,2715,29,35,28,2751,0,0,False
INV00001164,20250325,ST001,PRD013,2751,33,49,47,2786,0,0,False
INV00001165,20250326,ST001,PRD013,2786,16,31,27,2806,0,0,False
INV00001166,20250327,ST001,PRD013,2806,48,52,57,2849,0,0,False
INV00001167,20250328,ST001,PRD013,2849,28,39,35,2881,0,0,False
INV00001168,20250329,ST001,PRD013,2881,32,56,55,2914,0,0,False
INV00001169,20250330,ST001,PRD013,2914,54,55,62,2961,0,0,False
INV00001170,20250331,ST001,PRD013,2961,22,35,33,2985,0,0,False
INV00001171,20250101,ST001,PRD014,27,40,32,37,62,0,0,False
INV00001172,20250102,ST001,PRD014,62,23,25,22,88,0,0,False
INV00001173,20250103,ST001,PRD014,88,14,28,26,104,0,0,False
INV00001174,20250104,ST001,PRD014,104,21,18,19,124,0,0,False
INV00001175,20250105,ST001,PRD014,124,13,23,25,135,0,0,False
INV00001176,20250106,ST001,PRD014,135,19,35,38,151,0,0,False
INV00001177,20250107,ST001,PRD014,151,39,41,34,197,0,0,False
INV00001178,20250108,ST001,PRD014,197,36,39,33,239,0,0,False
INV00001179,20250109,ST001,PRD014,239,19,22,21,259,0,0,False
INV00001180,20250110,ST001,PRD014,259,37,48,41,303,0,0,False
INV00001181,20250111,ST001,PRD014,303,19,22,19,325,0,0,False
INV00001182,20250112,ST001,PRD014,325,24,28,30,347,0,0,False
INV00001183,20250113,ST001,PRD014,347,21,30,36,362,0,0,False
INV00001184,20250114,ST001,PRD014,362,14,37,27,386,0,0,False
INV00001185,20250115,ST001,PRD014,386,22,38,30,416,0,0,False
INV00001186,20250116,ST001,PRD014,416,45,41,42,460,0,0,False
INV00001187,20250117,ST001,PRD014,460,17,20,18,479,0,0,False
INV00001188,20250118,ST001,PRD014,479,25,23,23,504,0,0,False
INV00001189,20250119,ST001,PRD014,504,33,31,29,539,0,0,False
INV00001190,20250120,ST001,PRD014,539,23,38,41,559,0,0,False
INV00001191,20250121,ST001,PRD014,559,22,24,20,585,0,0,False
INV00001192,20250122,ST001,PRD014,585,11,16,17,595,0,0,False
INV00001193,20250123,ST001,PRD014,595,27,33,30,625,0,0,False
INV00001194,20250124,ST001,PRD014,625,30,44,35,664,0,0,False
INV00001195,20250125,ST001,PRD014,664,44,65,57,716,0,0,False
INV00001196,20250126,ST001,PRD014,716,36,47,50,749,0,0,False
INV00001197,20250127,ST001,PRD014,749,21,36,28,778,0,0,False
INV00001198,20250128,ST001,PRD014,778,18,22,25,793,0,0,False
INV00001199,20250129,ST001,PRD014,793,14,22,23,806,0,0,False
INV00001200,20250130,ST001,PRD014,806,21,24,25,826,0,0,False
INV00001201,20250131,ST001,PRD014,826,16,33,28,847,0,0,False
INV00001202,20250201,ST001,PRD014,847,28,36,33,878,0,0,False
INV00001203,20250202,ST001,PRD014,878,56,57,49,942,0,0,False
INV00001204,20250203,ST001,PRD014,942,29,45,39,977,0,0,False
INV00001205,20250204,ST001,PRD014,977,43,54,43,1031,0,0,False
INV00001206,20250205,ST001,PRD014,1031,40,35,37,1069,0,0,False
INV00001207,20250206,ST001,PRD014,1069,27,21,25,1092,0,0,False
INV00001208,20250207,ST001,PRD014,1092,13,23,20,1108,0,0,False
INV00001209,20250208,ST001,PRD014,1108,22,35,36,1129,0,0,False
INV00001210,20250209,ST001,PRD014,1129,17,27,27,1146,0,0,False
INV00001211,20250210,ST001,PRD014,1146,24,33,26,1177,0,0,False
INV00001212,20250211,ST001,PRD014,1177,34,37,33,1215,0,0,False
INV00001213,20250212,ST001,PRD014,1215,31,30,32,1244,0,0,False
INV00001214,20250213,ST001,PRD014,1244,16,24,26,1258,0,0,False
INV00001215,20250214,ST001,PRD014,1258,20,18,19,1277,0,0,False
INV00001216,20250215,ST001,PRD014,1277,41,47,48,1317,0,0,False
INV00001217,20250216,ST001,PRD014,1317,33,33,32,1351,0,0,False
INV00001218,20250217,ST001,PRD014,1351,23,27,22,1379,0,0,False
INV00001219,20250218,ST001,PRD014,1379,15,16,18,1392,0,0,False
INV00001220,20250219,ST001,PRD014,1392,37,40,32,1437,0,0,False
INV00001221,20250220,ST001,PRD014,1437,47,65,52,1497,0,0,False
INV00001222,20250221,ST001,PRD014,1497,26,29,27,1525,0,0,False
INV00001223,20250222,ST001,PRD014,1525,35,46,37,1569,0,0,False
INV00001224,20250223,ST001,PRD014,1569,41,43,37,1616,0,0,False
INV00001225,20250224,ST001,PRD014,1616,13,17,14,1632,0,0,False
INV00001226,20250225,ST001,PRD014,1632,24,42,39,1659,0,0,False
INV00001227,20250226,ST001,PRD014,1659,25,45,45,1684,0,0,False
INV00001228,20250227,ST001,PRD014,1684,28,37,34,1715,0,0,False
INV00001229,20250228,ST001,PRD014,1715,13,21,18,1731,0,0,False
INV00001230,20250301,ST001,PRD014,1731,15,23,22,1747,0,0,False
INV00001231,20250302,ST001,PRD014,1747,16,37,30,1770,0,0,False
INV00001232,20250303,ST001,PRD014,1770,18,18,21,1785,0,0,False
INV00001233,20250304,ST001,PRD014,1785,18,23,25,1801,0,0,False
INV00001234,20250305,ST001,PRD014,1801,14,21,17,1819,0,0,False
INV00001235,20250306,ST001,PRD014,1819,7,15,13,1828,0,0,False
INV00001236,20250307,ST001,PRD014,1828,19,16,18,1845,0,0,False
INV00001237,20250308,ST001,PRD014,1845,14,30,26,1863,0,0,False
INV00001238,20250309,ST001,PRD014,1863,44,41,40,1908,0,0,False
INV00001239,20250310,ST001,PRD014,1908,37,42,34,1953,0,0,False
INV00001240,20250311,ST001,PRD014,1953,43,56,46,2006,0,0,False
INV00001241,20250312,ST001,PRD014,2006,24,37,28,2039,0,0,False
INV00001242,20250313,ST001,PRD014,2039,13,19,16,2055,0,0,False
INV00001243,20250314,ST001,PRD014,2055,21,27,24,2079,0,0,False
INV00001244,20250315,ST001,PRD014,2079,33,35,31,2116,0,0,False
INV00001245,20250316,ST001,PRD014,2116,38,39,34,2159,0,0,False
INV00001246,20250317,ST001,PRD014,2159,20,27,25,2181,0,0,False
INV00001247,20250318,ST001,PRD014,2181,39,40,37,2223,0,0,False
INV00001248,20250319,ST001,PRD014,2223,33,32,35,2253,0,0,False
INV00001249,20250320,ST001,PRD014,2253,17,27,24,2273,0,0,False
INV00001250,20250321,ST001,PRD014,2273,36,46,43,2312,0,0,False
INV00001251,20250322,ST001,PRD014,2312,17,26,28,2327,0,0,False
INV00001252,20250323,ST001,PRD014,2327,28,46,52,2349,0,0,False
INV00001253,20250324,ST001,PRD014,2349,17,27,30,2363,0,0,False
INV00001254,20250325,ST001,PRD014,2363,36,31,32,2398,0,0,False
INV00001255,20250326,ST001,PRD014,2398,18,29,24,2421,0,0,False
INV00001256,20250327,ST001,PRD014,2421,28,29,28,2450,0,0,False
INV00001257,20250328,ST001,PRD014,2450,33,46,39,2490,0,0,False
INV00001258,20250329,ST001,PRD014,2490,24,47,39,2522,0,0,False
INV00001259,20250330,ST001,PRD014,2522,15,27,23,2541,0,0,False
INV00001260,20250331,ST001,PRD014,2541,23,26,28,2562,0,0,False
INV00001261,20250101,ST001,PRD015,24,29,42,34,61,0,0,False
INV00001262,20250102,ST001,PRD015,61,30,32,32,91,0,0,False
INV00001263,20250103,ST001,PRD015,91,32,52,43,132,0,0,False
INV00001264,20250104,ST001,PRD015,132,38,36,33,173,0,0,False
INV00001265,20250105,ST001,PRD015,173,19,28,24,196,0,0,False
INV00001266,20250106,ST001,PRD015,196,44,37,42,235,0,0,False
INV00001267,20250107,ST001,PRD015,235,55,63,56,297,0,0,False
INV00001268,20250108,ST001,PRD015,297,22,37,41,315,0,0,False
INV00001269,20250109,ST001,PRD015,315,28,29,30,342,0,0,False
INV00001270,20250110,ST001,PRD015,342,18,32,24,368,0,0,False
INV00001271,20250111,ST001,PRD015,368,41,58,56,411,0,0,False
INV00001272,20250112,ST001,PRD015,411,35,42,39,449,0,0,False
INV00001273,20250113,ST001,PRD015,449,27,45,35,486,0,0,False
INV00001274,20250114,ST001,PRD015,486,34,59,50,529,0,0,False
INV00001275,20250115,ST001,PRD015,529,32,28,29,560,0,0,False
INV00001276,20250116,ST001,PRD015,560,38,38,32,604,0,0,False
INV00001277,20250117,ST001,PRD015,604,33,43,36,644,0,0,False
INV00001278,20250118,ST001,PRD015,644,33,51,54,674,0,0,False
INV00001279,20250119,ST001,PRD015,674,40,80,71,723,0,0,False
INV00001280,20250120,ST001,PRD015,723,56,61,58,782,0,0,False
INV00001281,20250121,ST001,PRD015,782,63,54,55,844,0,0,False
INV00001282,20250122,ST001,PRD015,844,11,14,16,853,0,0,False
INV00001283,20250123,ST001,PRD015,853,32,38,33,890,0,0,False
INV00001284,20250124,ST001,PRD015,890,43,47,45,935,0,0,False
INV00001285,20250125,ST001,PRD015,935,18,34,31,956,0,0,False
INV00001286,20250126,ST001,PRD015,956,54,61,54,1017,0,0,False
INV00001287,20250127,ST001,PRD015,1017,17,25,31,1028,0,0,False
INV00001288,20250128,ST001,PRD015,1028,40,42,45,1065,0,0,False
INV00001289,20250129,ST001,PRD015,1065,23,21,24,1085,0,0,False
INV00001290,20250130,ST001,PRD015,1085,34,47,46,1120,0,0,False
INV00001291,20250131,ST001,PRD015,1120,22,34,38,1138,0,0,False
INV00001292,20250201,ST001,PRD015,1138,31,38,31,1176,0,0,False
INV00001293,20250202,ST001,PRD015,1176,67,59,58,1244,0,0,False
INV00001294,20250203,ST001,PRD015,1244,35,28,29,1278,0,0,False
INV00001295,20250204,ST001,PRD015,1278,43,42,38,1325,0,0,False
INV00001296,20250205,ST001,PRD015,1325,16,27,29,1339,0,0,False
INV00001297,20250206,ST001,PRD015,1339,50,65,52,1402,0,0,False
INV00001298,20250207,ST001,PRD015,1402,21,25,25,1423,0,0,False
INV00001299,20250208,ST001,PRD015,1423,28,52,55,1448,0,0,False
INV00001300,20250209,ST001,PRD015,1448,23,28,32,1467,0,0,False
INV00001301,20250210,ST001,PRD015,1467,57,49,49,1524,0,0,False
INV00001302,20250211,ST001,PRD015,1524,41,65,55,1575,0,0,False
INV00001303,20250212,ST001,PRD015,1575,35,41,34,1617,0,0,False
INV00001304,20250213,ST001,PRD015,1617,27,40,43,1641,0,0,False
INV00001305,20250214,ST001,PRD015,1641,30,26,25,1672,0,0,False
INV00001306,20250215,ST001,PRD015,1672,18,31,29,1692,0,0,False
INV00001307,20250216,ST001,PRD015,1692,25,34,36,1715,0,0,False
INV00001308,20250217,ST001,PRD015,1715,46,51,44,1768,0,0,False
INV00001309,20250218,ST001,PRD015,1768,28,40,33,1803,0,0,False
INV00001310,20250219,ST001,PRD015,1803,17,20,19,1821,0,0,False
INV00001311,20250220,ST001,PRD015,1821,41,48,40,1870,0,0,False
INV00001312,20250221,ST001,PRD015,1870,32,35,37,1900,0,0,False
INV00001313,20250222,ST001,PRD015,1900,36,42,37,1941,0,0,False
INV00001314,20250223,ST001,PRD015,1941,35,41,31,1986,0,0,False
INV00001315,20250224,ST001,PRD015,1986,23,28,25,2012,0,0,False
INV00001316,20250225,ST001,PRD015,2012,22,31,24,2041,0,0,False
INV00001317,20250226,ST001,PRD015,2041,25,41,41,2066,0,0,False
INV00001318,20250227,ST001,PRD015,2066,29,39,46,2088,0,0,False
INV00001319,20250228,ST001,PRD015,2088,43,43,44,2130,0,0,False
INV00001320,20250301,ST001,PRD015,2130,31,34,33,2162,0,0,False
INV00001321,20250302,ST001,PRD015,2162,68,59,60,2229,0,0,False
INV00001322,20250303,ST001,PRD015,2229,24,24,24,2253,0,0,False
INV00001323,20250304,ST001,PRD015,2253,20,44,37,2280,0,0,False
INV00001324,20250305,ST001,PRD015,2280,19,31,25,2305,0,0,False
INV00001325,20250306,ST001,PRD015,2305,26,26,26,2331,0,0,False
INV00001326,20250307,ST001,PRD015,2331,35,35,30,2371,0,0,False
INV00001327,20250308,ST001,PRD015,2371,48,44,52,2411,0,0,False
INV00001328,20250309,ST001,PRD015,2411,45,57,44,2469,0,0,False
INV00001329,20250310,ST001,PRD015,2469,39,41,37,2512,0,0,False
INV00001330,20250311,ST001,PRD015,2512,27,48,41,2546,0,0,False
INV00001331,20250312,ST001,PRD015,2546,26,45,39,2578,0,0,False
INV00001332,20250313,ST001,PRD015,2578,34,30,29,2613,0,0,False
INV00001333,20250314,ST001,PRD015,2613,49,46,47,2661,0,0,False
INV00001334,20250315,ST001,PRD015,2661,45,39,40,2705,0,0,False
INV00001335,20250316,ST001,PRD015,2705,18,25,28,2720,0,0,False
INV00001336,20250317,ST001,PRD015,2720,42,45,43,2764,0,0,False
INV00001337,20250318,ST001,PRD015,2764,38,40,42,2800,0,0,False
INV00001338,20250319,ST001,PRD015,2800,29,42,36,2835,0,0,False
INV00001339,20250320,ST001,PRD015,2835,25,30,24,2866,0,0,False
INV00001340,20250321,ST001,PRD015,2866,47,52,45,2920,0,0,False
INV00001341,20250322,ST001,PRD015,2920,28,30,33,2945,0,0,False
INV00001342,20250323,ST001,PRD015,2945,22,31,28,2970,0,0,False
INV00001343,20250324,ST001,PRD015,2970,27,44,44,2997,0,0,False
INV00001344,20250325,ST001,PRD015,2997,33,67,52,3045,0,0,False
INV00001345,20250326,ST001,PRD015,3045,24,31,26,3074,0,0,False
INV00001346,20250327,ST001,PRD015,3074,40,39,36,3117,0,0,False
INV00001347,20250328,ST001,PRD015,3117,27,49,50,3143,0,0,False
INV00001348,20250329,ST001,PRD015,3143,58,87,69,3219,0,0,False
INV00001349,20250330,ST001,PRD015,3219,31,50,41,3259,0,0,False
INV00001350,20250331,ST001,PRD015,3259,42,31,36,3296,0,0,False
INV00001351,20250101,ST001,PRD016,26,13,15,12,42,0,0,False
INV00001352,20250102,ST001,PRD016,42,11,14,16,51,0,0,False
INV00001353,20250103,ST001,PRD016,51,12,11,12,62,0,0,False
INV00001354,20250104,ST001,PRD016,62,13,25,19,81,0,0,False
INV00001355,20250105,ST001,PRD016,81,24,25,21,109,0,0,False
INV00001356,20250106,ST001,PRD016,109,11,17,18,119,0,0,False
INV00001357,20250107,ST001,PRD016,119,10,14,12,131,0,0,False
INV00001358,20250108,ST001,PRD016,131,23,23,20,157,0,0,False
INV00001359,20250109,ST001,PRD016,157,18,29,28,176,0,0,False
INV00001360,20250110,ST001,PRD016,176,18,23,22,195,0,0,False
INV00001361,20250111,ST001,PRD016,195,17,22,23,211,0,0,False
INV00001362,20250112,ST001,PRD016,211,5,9,10,215,0,0,False
INV00001363,20250113,ST001,PRD016,215,12,25,23,229,0,0,False
INV00001364,20250114,ST001,PRD016,229,21,31,25,256,0,0,False
INV00001365,20250115,ST001,PRD016,256,13,20,19,270,0,0,False
INV00001366,20250116,ST001,PRD016,270,23,18,19,292,0,0,False
INV00001367,20250117,ST001,PRD016,292,11,17,14,306,0,0,False
INV00001368,20250118,ST001,PRD016,306,19,34,37,322,0,0,False
INV00001369,20250119,ST001,PRD016,322,36,30,31,357,0,0,False
INV00001370,20250120,ST001,PRD016,357,18,16,17,374,0,0,False
INV00001371,20250121,ST001,PRD016,374,19,24,20,397,0,0,False
INV00001372,20250122,ST001,PRD016,397,30,27,28,426,0,0,False
INV00001373,20250123,ST001,PRD016,426,11,21,19,439,0,0,False
INV00001374,20250124,ST001,PRD016,439,17,25,24,457,0,0,False
INV00001375,20250125,ST001,PRD016,457,16,17,15,475,0,0,False
INV00001376,20250126,ST001,PRD016,475,19,23,19,498,0,0,False
INV00001377,20250127,ST001,PRD016,498,14,22,23,511,0,0,False
INV00001378,20250128,ST001,PRD016,511,17,15,17,526,0,0,False
INV00001379,20250129,ST001,PRD016,526,28,41,35,560,0,0,False
INV00001380,20250130,ST001,PRD016,560,9,20,18,571,0,0,False
INV00001381,20250131,ST001,PRD016,571,17,31,31,588,0,0,False
INV00001382,20250201,ST001,PRD016,588,15,18,22,599,0,0,False
INV00001383,20250202,ST001,PRD016,599,26,30,24,631,0,0,False
INV00001384,20250203,ST001,PRD016,631,23,30,26,658,0,0,False
INV00001385,20250204,ST001,PRD016,658,10,12,10,670,0,0,False
INV00001386,20250205,ST001,PRD016,670,22,29,25,696,0,0,False
INV00001387,20250206,ST001,PRD016,696,7,13,12,704,0,0,False
INV00001388,20250207,ST001,PRD016,704,14,19,20,717,0,0,False
INV00001389,20250208,ST001,PRD016,717,22,34,31,742,0,0,False
INV00001390,20250209,ST001,PRD016,742,18,32,33,759,0,0,False
INV00001391,20250210,ST001,PRD016,759,21,28,26,782,0,0,False
INV00001392,20250211,ST001,PRD016,782,17,20,16,803,0,0,False
INV00001393,20250212,ST001,PRD016,803,25,28,30,826,0,0,False
INV00001394,20250213,ST001,PRD016,826,8,18,14,838,0,0,False
INV00001395,20250214,ST001,PRD016,838,34,29,30,871,0,0,False
INV00001396,20250215,ST001,PRD016,871,28,29,31,897,0,0,False
INV00001397,20250216,ST001,PRD016,897,8,15,16,904,0,0,False
INV00001398,20250217,ST001,PRD016,904,14,16,16,918,0,0,False
INV00001399,20250218,ST001,PRD016,918,8,16,12,930,0,0,False
INV00001400,20250219,ST001,PRD016,930,12,19,20,941,0,0,False
INV00001401,20250220,ST001,PRD016,941,12,14,15,952,0,0,False
INV00001402,20250221,ST001,PRD016,952,19,23,20,974,0,0,False
INV00001403,20250222,ST001,PRD016,974,13,21,20,988,0,0,False
INV00001404,20250223,ST001,PRD016,988,14,15,18,999,0,0,False
INV00001405,20250224,ST001,PRD016,999,24,26,25,1024,0,0,False
INV00001406,20250225,ST001,PRD016,1024,17,26,30,1037,0,0,False
INV00001407,20250226,ST001,PRD016,1037,26,23,22,1064,0,0,False
INV00001408,20250227,ST001,PRD016,1064,9,15,16,1072,0,0,False
INV00001409,20250228,ST001,PRD016,1072,24,29,28,1097,0,0,False
INV00001410,20250301,ST001,PRD016,1097,25,35,29,1128,0,0,False
INV00001411,20250302,ST001,PRD016,1128,18,16,15,1147,0,0,False
INV00001412,20250303,ST001,PRD016,1147,15,17,17,1162,0,0,False
INV00001413,20250304,ST001,PRD016,1162,12,17,16,1175,0,0,False
INV00001414,20250305,ST001,PRD016,1175,12,12,14,1185,0,0,False
INV00001415,20250306,ST001,PRD016,1185,24,24,25,1208,0,0,False
INV00001416,20250307,ST001,PRD016,1208,21,19,18,1230,0,0,False
INV00001417,20250308,ST001,PRD016,1230,11,16,16,1241,0,0,False
INV00001418,20250309,ST001,PRD016,1241,13,26,26,1254,0,0,False
INV00001419,20250310,ST001,PRD016,1254,21,23,20,1278,0,0,False
INV00001420,20250311,ST001,PRD016,1278,13,20,17,1294,0,0,False
INV00001421,20250312,ST001,PRD016,1294,25,28,25,1322,0,0,False
INV00001422,20250313,ST001,PRD016,1322,22,26,23,1347,0,0,False
INV00001423,20250314,ST001,PRD016,1347,20,19,19,1367,0,0,False
INV00001424,20250315,ST001,PRD016,1367,29,29,29,1396,0,0,False
INV00001425,20250316,ST001,PRD016,1396,9,11,12,1404,0,0,False
INV00001426,20250317,ST001,PRD016,1404,12,24,22,1418,0,0,False
INV00001427,20250318,ST001,PRD016,1418,10,13,11,1430,0,0,False
INV00001428,20250319,ST001,PRD016,1430,20,18,19,1449,0,0,False
INV00001429,20250320,ST001,PRD016,1449,16,33,25,1473,0,0,False
INV00001430,20250321,ST001,PRD016,1473,16,13,15,1487,0,0,False
INV00001431,20250322,ST001,PRD016,1487,14,16,17,1500,0,0,False
INV00001432,20250323,ST001,PRD016,1500,32,31,32,1531,0,0,False
INV00001433,20250324,ST001,PRD016,1531,27,30,29,1559,0,0,False
INV00001434,20250325,ST001,PRD016,1559,20,20,19,1580,0,0,False
INV00001435,20250326,ST001,PRD016,1580,13,28,24,1597,0,0,False
INV00001436,20250327,ST001,PRD016,1597,32,38,31,1636,0,0,False
INV00001437,20250328,ST001,PRD016,1636,11,12,13,1646,0,0,False
INV00001438,20250329,ST001,PRD016,1646,12,20,17,1661,0,0,False
INV00001439,20250330,ST001,PRD016,1661,20,48,37,1692,0,0,False
INV00001440,20250331,ST001,PRD016,1692,11,18,17,1704,0,0,False
INV00001441,20250101,ST001,PRD017,11,17,28,24,32,0,0,False
INV00001442,20250102,ST001,PRD017,32,17,27,24,52,0,0,False
INV00001443,20250103,ST001,PRD017,52,23,31,30,76,0,0,False
INV00001444,20250104,ST001,PRD017,76,17,14,16,91,0,0,False
INV00001445,20250105,ST001,PRD017,91,34,44,41,128,0,0,False
INV00001446,20250106,ST001,PRD017,128,11,22,21,140,0,0,False
INV00001447,20250107,ST001,PRD017,140,21,26,22,165,0,0,False
INV00001448,20250108,ST001,PRD017,165,11,18,15,179,0,0,False
INV00001449,20250109,ST001,PRD017,179,13,15,12,195,0,0,False
INV00001450,20250110,ST001,PRD017,195,13,32,24,216,0,0,False
INV00001451,20250111,ST001,PRD017,216,28,35,29,250,0,0,False
INV00001452,20250112,ST001,PRD017,250,14,19,20,263,0,0,False
INV00001453,20250113,ST001,PRD017,263,20,21,19,285,0,0,False
INV00001454,20250114,ST001,PRD017,285,15,20,19,301,0,0,False
INV00001455,20250115,ST001,PRD017,301,15,22,19,319,0,0,False
INV00001456,20250116,ST001,PRD017,319,8,9,10,326,0,0,False
INV00001457,20250117,ST001,PRD017,326,28,22,24,352,0,0,False
INV00001458,20250118,ST001,PRD017,352,16,24,22,370,0,0,False
INV00001459,20250119,ST001,PRD017,370,11,21,17,385,0,0,False
INV00001460,20250120,ST001,PRD017,385,29,27,29,412,0,0,False
INV00001461,20250121,ST001,PRD017,412,10,11,13,420,0,0,False
INV00001462,20250122,ST001,PRD017,420,25,25,24,446,0,0,False
INV00001463,20250123,ST001,PRD017,446,13,19,19,459,0,0,False
INV00001464,20250124,ST001,PRD017,459,8,14,15,466,0,0,False
INV00001465,20250125,ST001,PRD017,466,18,27,22,489,0,0,False
INV00001466,20250126,ST001,PRD017,489,27,28,34,510,0,0,False
INV00001467,20250127,ST001,PRD017,510,16,13,13,526,0,0,False
INV00001468,20250128,ST001,PRD017,526,11,16,17,536,0,0,False
INV00001469,20250129,ST001,PRD017,536,11,15,15,547,0,0,False
INV00001470,20250130,ST001,PRD017,547,9,17,16,557,0,0,False
INV00001471,20250131,ST001,PRD017,557,17,27,23,578,0,0,False
INV00001472,20250201,ST001,PRD017,578,13,21,18,594,0,0,False
INV00001473,20250202,ST001,PRD017,594,29,46,36,633,0,0,False
INV00001474,20250203,ST001,PRD017,633,24,31,24,664,0,0,False
INV00001475,20250204,ST001,PRD017,664,10,14,16,672,0,0,False
INV00001476,20250205,ST001,PRD017,672,19,22,24,689,0,0,False
INV00001477,20250206,ST001,PRD017,689,20,31,25,715,0,0,False
INV00001478,20250207,ST001,PRD017,715,22,18,22,733,0,0,False
INV00001479,20250208,ST001,PRD017,733,18,14,16,749,0,0,False
INV00001480,20250209,ST001,PRD017,749,22,28,24,775,0,0,False
INV00001481,20250210,ST001,PRD017,775,20,33,25,803,0,0,False
INV00001482,20250211,ST001,PRD017,803,13,13,14,815,0,0,False
INV00001483,20250212,ST001,PRD017,815,22,24,21,840,0,0,False
INV00001484,20250213,ST001,PRD017,840,12,21,22,851,0,0,False
INV00001485,20250214,ST001,PRD017,851,13,17,13,868,0,0,False
INV00001486,20250215,ST001,PRD017,868,22,31,28,893,0,0,False
INV00001487,20250216,ST001,PRD017,893,28,40,33,928,0,0,False
INV00001488,20250217,ST001,PRD017,928,12,14,12,942,0,0,False
INV00001489,20250218,ST001,PRD017,942,8,14,13,951,0,0,False
INV00001490,20250219,ST001,PRD017,951,11,22,21,963,0,0,False
INV00001491,20250220,ST001,PRD017,963,14,15,13,979,0,0,False
INV00001492,20250221,ST001,PRD017,979,18,21,18,1000,0,0,False
INV00001493,20250222,ST001,PRD017,1000,20,23,25,1018,0,0,False
INV00001494,20250223,ST001,PRD017,1018,14,27,24,1035,0,0,False
INV00001495,20250224,ST001,PRD017,1035,13,18,19,1047,0,0,False
INV00001496,20250225,ST001,PRD017,1047,18,21,19,1067,0,0,False
INV00001497,20250226,ST001,PRD017,1067,20,32,26,1093,0,0,False
INV00001498,20250227,ST001,PRD017,1093,23,19,20,1115,0,0,False
INV00001499,20250228,ST001,PRD017,1115,15,31,28,1133,0,0,False
INV00001500,20250301,ST001,PRD017,1133,17,34,28,1156,0,0,False
INV00001501,20250302,ST001,PRD017,1156,15,19,19,1171,0,0,False
INV00001502,20250303,ST001,PRD017,1171,12,15,16,1182,0,0,False
INV00001503,20250304,ST001,PRD017,1182,20,30,25,1207,0,0,False
INV00001504,20250305,ST001,PRD017,1207,6,11,10,1214,0,0,False
INV00001505,20250306,ST001,PRD017,1214,12,27,20,1233,0,0,False
INV00001506,20250307,ST001,PRD017,1233,11,12,14,1242,0,0,False
INV00001507,20250308,ST001,PRD017,1242,18,22,25,1257,0,0,False
INV00001508,20250309,ST001,PRD017,1257,10,14,14,1267,0,0,False
INV00001509,20250310,ST001,PRD017,1267,29,27,25,1298,0,0,False
INV00001510,20250311,ST001,PRD017,1298,6,12,11,1305,0,0,False
INV00001511,20250312,ST001,PRD017,1305,12,22,19,1320,0,0,False
INV00001512,20250313,ST001,PRD017,1320,8,12,9,1331,0,0,False
INV00001513,20250314,ST001,PRD017,1331,15,12,13,1345,0,0,False
INV00001514,20250315,ST001,PRD017,1345,15,23,26,1357,0,0,False
INV00001515,20250316,ST001,PRD017,1357,16,17,15,1375,0,0,False
INV00001516,20250317,ST001,PRD017,1375,16,18,16,1393,0,0,False
INV00001517,20250318,ST001,PRD017,1393,8,15,13,1403,0,0,False
INV00001518,20250319,ST001,PRD017,1403,11,12,12,1414,0,0,False
INV00001519,20250320,ST001,PRD017,1414,9,12,9,1426,0,0,False
INV00001520,20250321,ST001,PRD017,1426,19,19,16,1448,0,0,False
INV00001521,20250322,ST001,PRD017,1448,6,9,10,1453,0,0,False
INV00001522,20250323,ST001,PRD017,1453,17,28,29,1469,0,0,False
INV00001523,20250324,ST001,PRD017,1469,8,16,15,1478,0,0,False
INV00001524,20250325,ST001,PRD017,1478,9,14,14,1487,0,0,False
INV00001525,20250326,ST001,PRD017,1487,10,12,10,1499,0,0,False
INV00001526,20250327,ST001,PRD017,1499,12,12,10,1513,0,0,False
INV00001527,20250328,ST001,PRD017,1513,28,26,26,1541,0,0,False
INV00001528,20250329,ST001,PRD017,1541,20,15,17,1559,0,0,False
INV00001529,20250330,ST001,PRD017,1559,32,29,27,1593,0,0,False
INV00001530,20250331,ST001,PRD017,1593,26,27,27,1619,0,0,False
INV00001531,20250101,ST001,PRD018,12,23,27,26,36,0,0,False
INV00001532,20250102,ST001,PRD018,36,25,33,36,58,0,0,False
INV00001533,20250103,ST001,PRD018,58,21,31,30,80,0,0,False
INV00001534,20250104,ST001,PRD018,80,22,32,36,98,0,0,False
INV00001535,20250105,ST001,PRD018,98,21,24,21,122,0,0,False
INV00001536,20250106,ST001,PRD018,122,31,29,31,151,0,0,False
INV00001537,20250107,ST001,PRD018,151,15,25,24,167,0,0,False
INV00001538,20250108,ST001,PRD018,167,26,43,35,201,0,0,False
INV00001539,20250109,ST001,PRD018,201,14,26,22,219,0,0,False
INV00001540,20250110,ST001,PRD018,219,24,26,20,249,0,0,False
INV00001541,20250111,ST001,PRD018,249,23,25,22,275,0,0,False
INV00001542,20250112,ST001,PRD018,275,33,48,49,307,0,0,False
INV00001543,20250113,ST001,PRD018,307,25,37,30,339,0,0,False
INV00001544,20250114,ST001,PRD018,339,23,38,30,370,0,0,False
INV00001545,20250115,ST001,PRD018,370,26,30,29,397,0,0,False
INV00001546,20250116,ST001,PRD018,397,15,20,18,414,0,0,False
INV00001547,20250117,ST001,PRD018,414,17,13,14,430,0,0,False
INV00001548,20250118,ST001,PRD018,430,15,25,25,445,0,0,False
INV00001549,20250119,ST001,PRD018,445,37,34,33,483,0,0,False
INV00001550,20250120,ST001,PRD018,483,16,35,29,505,0,0,False
INV00001551,20250121,ST001,PRD018,505,29,43,37,540,0,0,False
INV00001552,20250122,ST001,PRD018,540,16,16,16,556,0,0,False
INV00001553,20250123,ST001,PRD018,556,23,29,27,581,0,0,False
INV00001554,20250124,ST001,PRD018,581,12,16,15,594,0,0,False
INV00001555,20250125,ST001,PRD018,594,13,14,16,605,0,0,False
INV00001556,20250126,ST001,PRD018,605,17,19,19,622,0,0,False
INV00001557,20250127,ST001,PRD018,622,11,19,19,633,0,0,False
INV00001558,20250128,ST001,PRD018,633,30,51,42,672,0,0,False
INV00001559,20250129,ST001,PRD018,672,15,30,27,690,0,0,False
INV00001560,20250130,ST001,PRD018,690,26,31,31,716,0,0,False
INV00001561,20250131,ST001,PRD018,716,28,35,32,747,0,0,False
INV00001562,20250201,ST001,PRD018,747,25,47,43,776,0,0,False
INV00001563,20250202,ST001,PRD018,776,21,18,19,796,0,0,False
INV00001564,20250203,ST001,PRD018,796,33,35,37,827,0,0,False
INV00001565,20250204,ST001,PRD018,827,13,14,14,840,0,0,False
INV00001566,20250205,ST001,PRD018,840,15,17,14,858,0,0,False
INV00001567,20250206,ST001,PRD018,858,11,18,18,869,0,0,False
INV00001568,20250207,ST001,PRD018,869,20,23,24,888,0,0,False
INV00001569,20250208,ST001,PRD018,888,42,38,38,930,0,0,False
INV00001570,20250209,ST001,PRD018,930,31,33,29,965,0,0,False
INV00001571,20250210,ST001,PRD018,965,20,29,23,991,0,0,False
INV00001572,20250211,ST001,PRD018,991,9,14,12,1002,0,0,False
INV00001573,20250212,ST001,PRD018,1002,22,47,36,1035,0,0,False
INV00001574,20250213,ST001,PRD018,1035,31,32,27,1071,0,0,False
INV00001575,20250214,ST001,PRD018,1071,23,46,35,1105,0,0,False
INV00001576,20250215,ST001,PRD018,1105,30,26,26,1135,0,0,False
INV00001577,20250216,ST001,PRD018,1135,26,37,30,1168,0,0,False
INV00001578,20250217,ST001,PRD018,1168,15,27,22,1188,0,0,False
INV00001579,20250218,ST001,PRD018,1188,19,31,35,1203,0,0,False
INV00001580,20250219,ST001,PRD018,1203,19,35,30,1227,0,0,False
INV00001581,20250220,ST001,PRD018,1227,23,19,20,1249,0,0,False
INV00001582,20250221,ST001,PRD018,1249,18,29,26,1270,0,0,False
INV00001583,20250222,ST001,PRD018,1270,29,40,31,1308,0,0,False
INV00001584,20250223,ST001,PRD018,1308,22,27,24,1333,0,0,False
INV00001585,20250224,ST001,PRD018,1333,15,25,26,1347,0,0,False
INV00001586,20250225,ST001,PRD018,1347,39,43,41,1388,0,0,False
INV00001587,20250226,ST001,PRD018,1388,30,38,33,1423,0,0,False
INV00001588,20250227,ST001,PRD018,1423,18,23,20,1444,0,0,False
INV00001589,20250228,ST001,PRD018,1444,13,20,21,1456,0,0,False
INV00001590,20250301,ST001,PRD018,1456,33,42,35,1496,0,0,False
INV00001591,20250302,ST001,PRD018,1496,42,37,37,1538,0,0,False
INV00001592,20250303,ST001,PRD018,1538,27,47,37,1575,0,0,False
INV00001593,20250304,ST001,PRD018,1575,22,19,19,1597,0,0,False
INV00001594,20250305,ST001,PRD018,1597,12,27,22,1614,0,0,False
INV00001595,20250306,ST001,PRD018,1614,41,36,37,1654,0,0,False
INV00001596,20250307,ST001,PRD018,1654,21,46,37,1684,0,0,False
INV00001597,20250308,ST001,PRD018,1684,28,30,24,1718,0,0,False
INV00001598,20250309,ST001,PRD018,1718,42,50,40,1770,0,0,False
INV00001599,20250310,ST001,PRD018,1770,20,28,29,1789,0,0,False
INV00001600,20250311,ST001,PRD018,1789,12,23,19,1805,0,0,False
INV00001601,20250312,ST001,PRD018,1805,19,25,21,1828,0,0,False
INV00001602,20250313,ST001,PRD018,1828,16,19,17,1846,0,0,False
INV00001603,20250314,ST001,PRD018,1846,13,30,25,1864,0,0,False
INV00001604,20250315,ST001,PRD018,1864,31,24,28,1891,0,0,False
INV00001605,20250316,ST001,PRD018,1891,30,30,34,1917,0,0,False
INV00001606,20250317,ST001,PRD018,1917,35,39,37,1954,0,0,False
INV00001607,20250318,ST001,PRD018,1954,18,23,26,1969,0,0,False
INV00001608,20250319,ST001,PRD018,1969,16,23,24,1984,0,0,False
INV00001609,20250320,ST001,PRD018,1984,40,43,38,2029,0,0,False
INV00001610,20250321,ST001,PRD018,2029,20,24,25,2048,0,0,False
INV00001611,20250322,ST001,PRD018,2048,14,17,17,2062,0,0,False
INV00001612,20250323,ST001,PRD018,2062,16,15,16,2077,0,0,False
INV00001613,20250324,ST001,PRD018,2077,14,24,23,2092,0,0,False
INV00001614,20250325,ST001,PRD018,2092,20,26,25,2113,0,0,False
INV00001615,20250326,ST001,PRD018,2113,17,24,21,2133,0,0,False
INV00001616,20250327,ST001,PRD018,2133,15,22,20,2150,0,0,False
INV00001617,20250328,ST001,PRD018,2150,14,23,24,2163,0,0,False
INV00001618,20250329,ST001,PRD018,2163,21,17,19,2182,0,0,False
INV00001619,20250330,ST001,PRD018,2182,12,16,17,2193,0,0,False
INV00001620,20250331,ST001,PRD018,2193,36,37,30,2236,0,0,False
INV00001621,20250101,ST001,PRD019,21,45,47,38,75,0,0,False
INV00001622,20250102,ST001,PRD019,75,10,21,17,89,0,0,False
INV00001623,20250103,ST001,PRD019,89,13,17,17,102,0,0,False
INV00001624,20250104,ST001,PRD019,102,24,24,27,123,0,0,False
INV00001625,20250105,ST001,PRD019,123,25,37,34,151,0,0,False
INV00001626,20250106,ST001,PRD019,151,22,26,27,172,0,0,False
INV00001627,20250107,ST001,PRD019,172,13,17,19,183,0,0,False
INV00001628,20250108,ST001,PRD019,183,20,28,30,201,0,0,False
INV00001629,20250109,ST001,PRD019,201,9,16,15,211,0,0,False
INV00001630,20250110,ST001,PRD019,211,19,24,27,227,0,0,False
INV00001631,20250111,ST001,PRD019,227,18,26,24,247,0,0,False
INV00001632,20250112,ST001,PRD019,247,19,19,20,265,0,0,False
INV00001633,20250113,ST001,PRD019,265,20,25,29,281,0,0,False
INV00001634,20250114,ST001,PRD019,281,25,26,23,309,0,0,False
INV00001635,20250115,ST001,PRD019,309,12,16,20,317,0,0,False
INV00001636,20250116,ST001,PRD019,317,15,18,20,330,0,0,False
INV00001637,20250117,ST001,PRD019,330,24,31,26,359,0,0,False
INV00001638,20250118,ST001,PRD019,359,17,27,23,380,0,0,False
INV00001639,20250119,ST001,PRD019,380,49,44,47,426,0,0,False
INV00001640,20250120,ST001,PRD019,426,18,23,21,446,0,0,False
INV00001641,20250121,ST001,PRD019,446,26,29,30,471,0,0,False
INV00001642,20250122,ST001,PRD019,471,28,32,33,498,0,0,False
INV00001643,20250123,ST001,PRD019,498,23,40,32,529,0,0,False
INV00001644,20250124,ST001,PRD019,529,11,23,21,542,0,0,False
INV00001645,20250125,ST001,PRD019,542,33,26,28,573,0,0,False
INV00001646,20250126,ST001,PRD019,573,15,22,18,592,0,0,False
INV00001647,20250127,ST001,PRD019,592,21,19,18,614,0,0,False
INV00001648,20250128,ST001,PRD019,614,16,31,24,637,0,0,False
INV00001649,20250129,ST001,PRD019,637,14,19,19,651,0,0,False
INV00001650,20250130,ST001,PRD019,651,17,39,32,675,0,0,False
INV00001651,20250131,ST001,PRD019,675,18,23,21,695,0,0,False
INV00001652,20250201,ST001,PRD019,695,41,45,37,744,0,0,False
INV00001653,20250202,ST001,PRD019,744,22,30,23,773,0,0,False
INV00001654,20250203,ST001,PRD019,773,22,32,26,801,0,0,False
INV00001655,20250204,ST001,PRD019,801,20,25,23,823,0,0,False
INV00001656,20250205,ST001,PRD019,823,31,31,28,857,0,0,False
INV00001657,20250206,ST001,PRD019,857,21,32,26,884,0,0,False
INV00001658,20250207,ST001,PRD019,884,15,15,13,901,0,0,False
INV00001659,20250208,ST001,PRD019,901,31,30,31,931,0,0,False
INV00001660,20250209,ST001,PRD019,931,39,39,38,971,0,0,False
INV00001661,20250210,ST001,PRD019,971,29,36,38,998,0,0,False
INV00001662,20250211,ST001,PRD019,998,18,29,23,1022,0,0,False
INV00001663,20250212,ST001,PRD019,1022,16,18,18,1038,0,0,False
INV00001664,20250213,ST001,PRD019,1038,11,19,18,1050,0,0,False
INV00001665,20250214,ST001,PRD019,1050,25,31,28,1078,0,0,False
INV00001666,20250215,ST001,PRD019,1078,14,30,25,1097,0,0,False
INV00001667,20250216,ST001,PRD019,1097,36,46,42,1137,0,0,False
INV00001668,20250217,ST001,PRD019,1137,28,23,27,1161,0,0,False
INV00001669,20250218,ST001,PRD019,1161,21,31,30,1183,0,0,False
INV00001670,20250219,ST001,PRD019,1183,49,43,41,1234,0,0,False
INV00001671,20250220,ST001,PRD019,1234,21,24,21,1258,0,0,False
INV00001672,20250221,ST001,PRD019,1258,16,29,27,1276,0,0,False
INV00001673,20250222,ST001,PRD019,1276,24,18,20,1298,0,0,False
INV00001674,20250223,ST001,PRD019,1298,15,21,19,1315,0,0,False
INV00001675,20250224,ST001,PRD019,1315,37,39,35,1356,0,0,False
INV00001676,20250225,ST001,PRD019,1356,15,26,21,1376,0,0,False
INV00001677,20250226,ST001,PRD019,1376,42,34,36,1416,0,0,False
INV00001678,20250227,ST001,PRD019,1416,26,29,25,1446,0,0,False
INV00001679,20250228,ST001,PRD019,1446,19,28,29,1464,0,0,False
INV00001680,20250301,ST001,PRD019,1464,36,47,42,1505,0,0,False
INV00001681,20250302,ST001,PRD019,1505,34,43,40,1542,0,0,False
INV00001682,20250303,ST001,PRD019,1542,10,23,18,1557,0,0,False
INV00001683,20250304,ST001,PRD019,1557,11,18,19,1567,0,0,False
INV00001684,20250305,ST001,PRD019,1567,12,16,16,1579,0,0,False
INV00001685,20250306,ST001,PRD019,1579,35,40,42,1612,0,0,False
INV00001686,20250307,ST001,PRD019,1612,18,25,22,1633,0,0,False
INV00001687,20250308,ST001,PRD019,1633,18,20,20,1651,0,0,False
INV00001688,20250309,ST001,PRD019,1651,30,38,35,1684,0,0,False
INV00001689,20250310,ST001,PRD019,1684,21,30,29,1706,0,0,False
INV00001690,20250311,ST001,PRD019,1706,24,29,26,1733,0,0,False
INV00001691,20250312,ST001,PRD019,1733,14,24,22,1749,0,0,False
INV00001692,20250313,ST001,PRD019,1749,23,21,19,1774,0,0,False
INV00001693,20250314,ST001,PRD019,1774,14,18,14,1792,0,0,False
INV00001694,20250315,ST001,PRD019,1792,21,26,29,1810,0,0,False
INV00001695,20250316,ST001,PRD019,1810,10,12,14,1818,0,0,False
INV00001696,20250317,ST001,PRD019,1818,36,39,33,1860,0,0,False
INV00001697,20250318,ST001,PRD019,1860,21,23,24,1880,0,0,False
INV00001698,20250319,ST001,PRD019,1880,26,30,26,1910,0,0,False
INV00001699,20250320,ST001,PRD019,1910,23,31,32,1932,0,0,False
INV00001700,20250321,ST001,PRD019,1932,33,31,31,1965,0,0,False
INV00001701,20250322,ST001,PRD019,1965,21,37,28,1995,0,0,False
INV00001702,20250323,ST001,PRD019,1995,38,35,39,2029,0,0,False
INV00001703,20250324,ST001,PRD019,2029,26,20,22,2053,0,0,False
INV00001704,20250325,ST001,PRD019,2053,13,17,14,2069,0,0,False
INV00001705,20250326,ST001,PRD019,2069,17,14,16,2084,0,0,False
INV00001706,20250327,ST001,PRD019,2084,31,34,31,2118,0,0,False
INV00001707,20250328,ST001,PRD019,2118,18,17,18,2135,0,0,False
INV00001708,20250329,ST001,PRD019,2135,17,33,33,2152,0,0,False
INV00001709,20250330,ST001,PRD019,2152,30,43,36,2189,0,0,False
INV00001710,20250331,ST001,PRD019,2189,51,48,43,2245,0,0,False
INV00001711,20250101,ST001,PRD020,28,21,28,23,54,0,0,False
INV00001712,20250102,ST001,PRD020,54,23,26,23,80,0,0,False
INV00001713,20250103,ST001,PRD020,80,34,41,37,118,0,0,False
INV00001714,20250104,ST001,PRD020,118,15,26,24,135,0,0,False
INV00001715,20250105,ST001,PRD020,135,38,46,40,179,0,0,False
INV00001716,20250106,ST001,PRD020,179,26,25,28,202,0,0,False
INV00001717,20250107,ST001,PRD020,202,16,15,15,218,0,0,False
INV00001718,20250108,ST001,PRD020,218,9,17,15,229,0,0,False
INV00001719,20250109,ST001,PRD020,229,18,18,18,247,0,0,False
INV00001720,20250110,ST001,PRD020,247,14,26,27,260,0,0,False
INV00001721,20250111,ST001,PRD020,260,24,21,21,284,0,0,False
INV00001722,20250112,ST001,PRD020,284,18,30,32,300,0,0,False
INV00001723,20250113,ST001,PRD020,300,15,35,30,320,0,0,False
INV00001724,20250114,ST001,PRD020,320,19,24,27,336,0,0,False
INV00001725,20250115,ST001,PRD020,336,9,18,15,348,0,0,False
INV00001726,20250116,ST001,PRD020,348,15,15,15,363,0,0,False
INV00001727,20250117,ST001,PRD020,363,12,15,15,375,0,0,False
INV00001728,20250118,ST001,PRD020,375,25,23,24,399,0,0,False
INV00001729,20250119,ST001,PRD020,399,60,50,52,457,0,0,False
INV00001730,20250120,ST001,PRD020,457,20,19,18,478,0,0,False
INV00001731,20250121,ST001,PRD020,478,42,39,41,518,0,0,False
INV00001732,20250122,ST001,PRD020,518,15,27,28,532,0,0,False
INV00001733,20250123,ST001,PRD020,532,12,20,20,544,0,0,False
INV00001734,20250124,ST001,PRD020,544,14,26,22,562,0,0,False
INV00001735,20250125,ST001,PRD020,562,23,27,31,581,0,0,False
INV00001736,20250126,ST001,PRD020,581,19,24,20,604,0,0,False
INV00001737,20250127,ST001,PRD020,604,34,47,39,646,0,0,False
INV00001738,20250128,ST001,PRD020,646,13,19,18,660,0,0,False
INV00001739,20250129,ST001,PRD020,660,12,24,20,676,0,0,False
INV00001740,20250130,ST001,PRD020,676,22,20,19,699,0,0,False
INV00001741,20250131,ST001,PRD020,699,13,15,17,710,0,0,False
INV00001742,20250201,ST001,PRD020,710,19,23,26,726,0,0,False
INV00001743,20250202,ST001,PRD020,726,43,51,41,779,0,0,False
INV00001744,20250203,ST001,PRD020,779,28,29,28,808,0,0,False
INV00001745,20250204,ST001,PRD020,808,20,20,21,827,0,0,False
INV00001746,20250205,ST001,PRD020,827,32,35,32,862,0,0,False
INV00001747,20250206,ST001,PRD020,862,19,17,20,878,0,0,False
INV00001748,20250207,ST001,PRD020,878,24,31,38,895,0,0,False
INV00001749,20250208,ST001,PRD020,895,15,22,23,909,0,0,False
INV00001750,20250209,ST001,PRD020,909,18,24,20,931,0,0,False
INV00001751,20250210,ST001,PRD020,931,18,27,27,949,0,0,False
INV00001752,20250211,ST001,PRD020,949,28,23,24,976,0,0,False
INV00001753,20250212,ST001,PRD020,976,23,38,32,1005,0,0,False
INV00001754,20250213,ST001,PRD020,1005,27,47,38,1041,0,0,False
INV00001755,20250214,ST001,PRD020,1041,12,17,19,1051,0,0,False
INV00001756,20250215,ST001,PRD020,1051,33,37,33,1088,0,0,False
INV00001757,20250216,ST001,PRD020,1088,30,41,42,1117,0,0,False
INV00001758,20250217,ST001,PRD020,1117,17,23,23,1134,0,0,False
INV00001759,20250218,ST001,PRD020,1134,25,24,22,1161,0,0,False
INV00001760,20250219,ST001,PRD020,1161,25,30,24,1192,0,0,False
INV00001761,20250220,ST001,PRD020,1192,17,30,24,1215,0,0,False
INV00001762,20250221,ST001,PRD020,1215,16,28,28,1231,0,0,False
INV00001763,20250222,ST001,PRD020,1231,13,16,13,1247,0,0,False
INV00001764,20250223,ST001,PRD020,1247,31,45,40,1283,0,0,False
INV00001765,20250224,ST001,PRD020,1283,38,31,32,1320,0,0,False
INV00001766,20250225,ST001,PRD020,1320,14,15,13,1336,0,0,False
INV00001767,20250226,ST001,PRD020,1336,27,30,23,1370,0,0,False
INV00001768,20250227,ST001,PRD020,1370,24,30,23,1401,0,0,False
INV00001769,20250228,ST001,PRD020,1401,19,30,27,1423,0,0,False
INV00001770,20250301,ST001,PRD020,1423,18,29,26,1444,0,0,False
INV00001771,20250302,ST001,PRD020,1444,35,35,35,1479,0,0,False
INV00001772,20250303,ST001,PRD020,1479,23,30,31,1501,0,0,False
INV00001773,20250304,ST001,PRD020,1501,22,25,27,1521,0,0,False
INV00001774,20250305,ST001,PRD020,1521,13,18,19,1533,0,0,False
INV00001775,20250306,ST001,PRD020,1533,23,33,28,1561,0,0,False
INV00001776,20250307,ST001,PRD020,1561,23,41,36,1589,0,0,False
INV00001777,20250308,ST001,PRD020,1589,16,20,18,1607,0,0,False
INV00001778,20250309,ST001,PRD020,1607,37,38,32,1650,0,0,False
INV00001779,20250310,ST001,PRD020,1650,33,39,33,1689,0,0,False
INV00001780,20250311,ST001,PRD020,1689,21,45,36,1719,0,0,False
INV00001781,20250312,ST001,PRD020,1719,15,14,16,1732,0,0,False
INV00001782,20250313,ST001,PRD020,1732,20,24,22,1754,0,0,False
INV00001783,20250314,ST001,PRD020,1754,21,32,32,1775,0,0,False
INV00001784,20250315,ST001,PRD020,1775,26,23,27,1797,0,0,False
INV00001785,20250316,ST001,PRD020,1797,34,44,39,1836,0,0,False
INV00001786,20250317,ST001,PRD020,1836,29,35,31,1869,0,0,False
INV00001787,20250318,ST001,PRD020,1869,10,18,18,1879,0,0,False
INV00001788,20250319,ST001,PRD020,1879,17,27,21,1902,0,0,False
INV00001789,20250320,ST001,PRD020,1902,28,25,28,1927,0,0,False
INV00001790,20250321,ST001,PRD020,1927,9,16,16,1936,0,0,False
INV00001791,20250322,ST001,PRD020,1936,19,21,18,1958,0,0,False
INV00001792,20250323,ST001,PRD020,1958,13,22,25,1968,0,0,False
INV00001793,20250324,ST001,PRD020,1968,25,37,28,2002,0,0,False
INV00001794,20250325,ST001,PRD020,2002,48,45,42,2053,0,0,False
INV00001795,20250326,ST001,PRD020,2053,15,24,19,2073,0,0,False
INV00001796,20250327,ST001,PRD020,2073,36,42,31,2120,0,0,False
INV00001797,20250328,ST001,PRD020,2120,23,21,21,2143,0,0,False
INV00001798,20250329,ST001,PRD020,2143,27,37,32,2175,0,0,False
INV00001799,20250330,ST001,PRD020,2175,21,36,33,2199,0,0,False
INV00001800,20250331,ST001,PRD020,2199,33,36,28,2240,0,0,False
INV00001801,20250101,ST002,PRD001,20,18,28,26,40,0,0,False
INV00001802,20250102,ST002,PRD001,40,22,44,41,65,0,0,False
INV00001803,20250103,ST002,PRD001,65,33,40,32,106,0,0,False
INV00001804,20250104,ST002,PRD001,106,69,92,72,195,0,0,False
INV00001805,20250105,ST002,PRD001,195,52,82,79,250,0,0,False
INV00001806,20250106,ST002,PRD001,250,62,72,61,323,0,0,False
INV00001807,20250107,ST002,PRD001,323,47,39,43,366,0,0,False
INV00001808,20250108,ST002,PRD001,366,14,26,26,380,0,0,False
INV00001809,20250109,ST002,PRD001,380,49,40,43,426,0,0,False
INV00001810,20250110,ST002,PRD001,426,40,53,50,469,0,0,False
INV00001811,20250111,ST002,PRD001,469,77,83,71,558,0,0,False
INV00001812,20250112,ST002,PRD001,558,55,64,48,629,0,0,False
INV00001813,20250113,ST002,PRD001,629,12,23,23,641,0,0,False
INV00001814,20250114,ST002,PRD001,641,36,28,33,672,0,0,False
INV00001815,20250115,ST002,PRD001,672,39,36,37,710,0,0,False
INV00001816,20250116,ST002,PRD001,710,20,36,31,735,0,0,False
INV00001817,20250117,ST002,PRD001,735,59,70,58,806,0,0,False
INV00001818,20250118,ST002,PRD001,806,66,55,59,868,0,0,False
INV00001819,20250119,ST002,PRD001,868,33,58,47,912,0,0,False
INV00001820,20250120,ST002,PRD001,912,17,34,32,931,0,0,False
INV00001821,20250121,ST002,PRD001,931,27,39,38,959,0,0,False
INV00001822,20250122,ST002,PRD001,959,44,65,48,1020,0,0,False
INV00001823,20250123,ST002,PRD001,1020,62,54,54,1082,0,0,False
INV00001824,20250124,ST002,PRD001,1082,35,55,48,1124,0,0,False
INV00001825,20250125,ST002,PRD001,1124,65,86,80,1195,0,0,False
INV00001826,20250126,ST002,PRD001,1195,52,60,55,1252,0,0,False
INV00001827,20250127,ST002,PRD001,1252,58,83,67,1326,0,0,False
INV00001828,20250128,ST002,PRD001,1326,55,56,49,1388,0,0,False
INV00001829,20250129,ST002,PRD001,1388,23,39,38,1412,0,0,False
INV00001830,20250130,ST002,PRD001,1412,41,46,48,1451,0,0,False
INV00001831,20250131,ST002,PRD001,1451,23,31,33,1472,0,0,False
INV00001832,20250201,ST002,PRD001,1472,80,74,75,1551,0,0,False
INV00001833,20250202,ST002,PRD001,1551,44,66,60,1601,0,0,False
INV00001834,20250203,ST002,PRD001,1601,47,58,46,1660,0,0,False
INV00001835,20250204,ST002,PRD001,1660,39,34,41,1692,0,0,False
INV00001836,20250205,ST002,PRD001,1692,41,38,41,1730,0,0,False
INV00001837,20250206,ST002,PRD001,1730,16,39,31,1754,0,0,False
INV00001838,20250207,ST002,PRD001,1754,28,34,38,1778,0,0,False
INV00001839,20250208,ST002,PRD001,1778,25,36,36,1803,0,0,False
INV00001840,20250209,ST002,PRD001,1803,68,91,70,1892,0,0,False
INV00001841,20250210,ST002,PRD001,1892,25,36,39,1914,0,0,False
INV00001842,20250211,ST002,PRD001,1914,45,47,49,1957,0,0,False
INV00001843,20250212,ST002,PRD001,1957,63,77,66,2031,0,0,False
INV00001844,20250213,ST002,PRD001,2031,28,36,36,2059,0,0,False
INV00001845,20250214,ST002,PRD001,2059,38,46,48,2095,0,0,False
INV00001846,20250215,ST002,PRD001,2095,23,28,32,2114,0,0,False
INV00001847,20250216,ST002,PRD001,2114,42,56,54,2158,0,0,False
INV00001848,20250217,ST002,PRD001,2158,24,45,42,2185,0,0,False
INV00001849,20250218,ST002,PRD001,2185,25,26,21,2215,0,0,False
INV00001850,20250219,ST002,PRD001,2215,50,66,60,2271,0,0,False
INV00001851,20250220,ST002,PRD001,2271,65,53,56,2333,0,0,False
INV00001852,20250221,ST002,PRD001,2333,24,53,47,2363,0,0,False
INV00001853,20250222,ST002,PRD001,2363,41,51,54,2401,0,0,False
INV00001854,20250223,ST002,PRD001,2401,33,35,41,2428,0,0,False
INV00001855,20250224,ST002,PRD001,2428,18,27,26,2447,0,0,False
INV00001856,20250225,ST002,PRD001,2447,47,65,65,2494,0,0,False
INV00001857,20250226,ST002,PRD001,2494,30,41,33,2532,0,0,False
INV00001858,20250227,ST002,PRD001,2532,42,47,47,2574,0,0,False
INV00001859,20250228,ST002,PRD001,2574,48,76,70,2628,0,0,False
INV00001860,20250301,ST002,PRD001,2628,27,36,36,2655,0,0,False
INV00001861,20250302,ST002,PRD001,2655,38,72,57,2708,0,0,False
INV00001862,20250303,ST002,PRD001,2708,28,27,29,2734,0,0,False
INV00001863,20250304,ST002,PRD001,2734,38,41,46,2767,0,0,False
INV00001864,20250305,ST002,PRD001,2767,28,53,46,2802,0,0,False
INV00001865,20250306,ST002,PRD001,2802,67,67,68,2868,0,0,False
INV00001866,20250307,ST002,PRD001,2868,38,41,33,2914,0,0,False
INV00001867,20250308,ST002,PRD001,2914,59,52,53,2972,0,0,False
INV00001868,20250309,ST002,PRD001,2972,62,76,60,3050,0,0,False
INV00001869,20250310,ST002,PRD001,3050,33,40,34,3089,0,0,False
INV00001870,20250311,ST002,PRD001,3089,23,25,24,3113,0,0,False
INV00001871,20250312,ST002,PRD001,3113,56,51,48,3172,0,0,False
INV00001872,20250313,ST002,PRD001,3172,24,41,32,3205,0,0,False
INV00001873,20250314,ST002,PRD001,3205,38,65,58,3250,0,0,False
INV00001874,20250315,ST002,PRD001,3250,42,34,36,3290,0,0,False
INV00001875,20250316,ST002,PRD001,3290,33,40,40,3323,0,0,False
INV00001876,20250317,ST002,PRD001,3323,36,42,44,3357,0,0,False
INV00001877,20250318,ST002,PRD001,3357,29,23,24,3385,0,0,False
INV00001878,20250319,ST002,PRD001,3385,21,31,28,3409,0,0,False
INV00001879,20250320,ST002,PRD001,3409,43,51,43,3460,0,0,False
INV00001880,20250321,ST002,PRD001,3460,58,61,51,3528,0,0,False
INV00001881,20250322,ST002,PRD001,3528,77,100,75,3630,0,0,False
INV00001882,20250323,ST002,PRD001,3630,82,71,77,3706,0,0,False
INV00001883,20250324,ST002,PRD001,3706,37,34,34,3743,0,0,False
INV00001884,20250325,ST002,PRD001,3743,57,58,55,3803,0,0,False
INV00001885,20250326,ST002,PRD001,3803,45,46,46,3848,0,0,False
INV00001886,20250327,ST002,PRD001,3848,39,52,42,3897,0,0,False
INV00001887,20250328,ST002,PRD001,3897,43,46,41,3945,0,0,False
INV00001888,20250329,ST002,PRD001,3945,56,75,64,4012,0,0,False
INV00001889,20250330,ST002,PRD001,4012,64,77,74,4079,0,0,False
INV00001890,20250331,ST002,PRD001,4079,40,49,53,4115,0,0,False
INV00001891,20250101,ST002,PRD002,28,27,44,47,52,0,0,False
INV00001892,20250102,ST002,PRD002,52,54,58,50,114,0,0,False
INV00001893,20250103,ST002,PRD002,114,42,44,37,163,0,0,False
INV00001894,20250104,ST002,PRD002,163,31,53,49,198,0,0,False
INV00001895,20250105,ST002,PRD002,198,52,70,59,261,0,0,False
INV00001896,20250106,ST002,PRD002,261,23,45,38,291,0,0,False
INV00001897,20250107,ST002,PRD002,291,36,33,33,327,0,0,False
INV00001898,20250108,ST002,PRD002,327,28,37,34,358,0,0,False
INV00001899,20250109,ST002,PRD002,358,42,38,43,395,0,0,False
INV00001900,20250110,ST002,PRD002,395,41,45,41,440,0,0,False
INV00001901,20250111,ST002,PRD002,440,49,57,58,488,0,0,False
INV00001902,20250112,ST002,PRD002,488,60,56,53,551,0,0,False
INV00001903,20250113,ST002,PRD002,551,38,44,47,586,0,0,False
INV00001904,20250114,ST002,PRD002,586,30,66,55,627,0,0,False
INV00001905,20250115,ST002,PRD002,627,33,66,56,670,0,0,False
INV00001906,20250116,ST002,PRD002,670,26,30,33,693,0,0,False
INV00001907,20250117,ST002,PRD002,693,22,24,25,714,0,0,False
INV00001908,20250118,ST002,PRD002,714,32,44,36,754,0,0,False
INV00001909,20250119,ST002,PRD002,754,38,47,39,800,0,0,False
INV00001910,20250120,ST002,PRD002,800,34,47,47,834,0,0,False
INV00001911,20250121,ST002,PRD002,834,31,62,61,866,0,0,False
INV00001912,20250122,ST002,PRD002,866,25,41,37,895,0,0,False
INV00001913,20250123,ST002,PRD002,895,35,83,70,943,0,0,False
INV00001914,20250124,ST002,PRD002,943,34,47,52,972,0,0,False
INV00001915,20250125,ST002,PRD002,972,19,47,35,1003,0,0,False
INV00001916,20250126,ST002,PRD002,1003,26,41,33,1037,0,0,False
INV00001917,20250127,ST002,PRD002,1037,54,68,55,1104,0,0,False
INV00001918,20250128,ST002,PRD002,1104,57,78,65,1174,0,0,False
INV00001919,20250129,ST002,PRD002,1174,30,60,56,1208,0,0,False
INV00001920,20250130,ST002,PRD002,1208,60,48,53,1263,0,0,False
INV00001921,20250131,ST002,PRD002,1263,48,50,40,1321,0,0,False
INV00001922,20250201,ST002,PRD002,1321,67,89,81,1396,0,0,False
INV00001923,20250202,ST002,PRD002,1396,39,69,56,1448,0,0,False
INV00001924,20250203,ST002,PRD002,1448,23,39,37,1473,0,0,False
INV00001925,20250204,ST002,PRD002,1473,20,40,33,1500,0,0,False
INV00001926,20250205,ST002,PRD002,1500,35,31,37,1529,0,0,False
INV00001927,20250206,ST002,PRD002,1529,60,52,59,1582,0,0,False
INV00001928,20250207,ST002,PRD002,1582,36,39,31,1626,0,0,False
INV00001929,20250208,ST002,PRD002,1626,29,51,38,1668,0,0,False
INV00001930,20250209,ST002,PRD002,1668,88,72,78,1750,0,0,False
INV00001931,20250210,ST002,PRD002,1750,27,39,33,1783,0,0,False
INV00001932,20250211,ST002,PRD002,1783,63,68,55,1859,0,0,False
INV00001933,20250212,ST002,PRD002,1859,29,49,38,1899,0,0,False
INV00001934,20250213,ST002,PRD002,1899,25,38,45,1917,0,0,False
INV00001935,20250214,ST002,PRD002,1917,54,45,46,1970,0,0,False
INV00001936,20250215,ST002,PRD002,1970,83,90,75,2068,0,0,False
INV00001937,20250216,ST002,PRD002,2068,52,90,88,2122,0,0,False
INV00001938,20250217,ST002,PRD002,2122,36,40,33,2165,0,0,False
INV00001939,20250218,ST002,PRD002,2165,20,37,35,2187,0,0,False
INV00001940,20250219,ST002,PRD002,2187,54,47,45,2243,0,0,False
INV00001941,20250220,ST002,PRD002,2243,35,38,45,2271,0,0,False
INV00001942,20250221,ST002,PRD002,2271,26,50,44,2303,0,0,False
INV00001943,20250222,ST002,PRD002,2303,46,51,39,2361,0,0,False
INV00001944,20250223,ST002,PRD002,2361,74,66,68,2433,0,0,False
INV00001945,20250224,ST002,PRD002,2433,40,46,39,2480,0,0,False
INV00001946,20250225,ST002,PRD002,2480,47,47,40,2534,0,0,False
INV00001947,20250226,ST002,PRD002,2534,39,45,47,2571,0,0,False
INV00001948,20250227,ST002,PRD002,2571,45,50,45,2621,0,0,False
INV00001949,20250228,ST002,PRD002,2621,47,70,59,2679,0,0,False
INV00001950,20250301,ST002,PRD002,2679,39,53,51,2720,0,0,False
INV00001951,20250302,ST002,PRD002,2720,34,62,52,2764,0,0,False
INV00001952,20250303,ST002,PRD002,2764,35,45,43,2801,0,0,False
INV00001953,20250304,ST002,PRD002,2801,29,53,47,2836,0,0,False
INV00001954,20250305,ST002,PRD002,2836,17,30,27,2856,0,0,False
INV00001955,20250306,ST002,PRD002,2856,41,33,37,2893,0,0,False
INV00001956,20250307,ST002,PRD002,2893,44,55,42,2950,0,0,False
INV00001957,20250308,ST002,PRD002,2950,24,48,45,2977,0,0,False
INV00001958,20250309,ST002,PRD002,2977,61,73,63,3048,0,0,False
INV00001959,20250310,ST002,PRD002,3048,68,73,73,3116,0,0,False
INV00001960,20250311,ST002,PRD002,3116,55,49,48,3172,0,0,False
INV00001961,20250312,ST002,PRD002,3172,47,50,42,3227,0,0,False
INV00001962,20250313,ST002,PRD002,3227,33,47,50,3257,0,0,False
INV00001963,20250314,ST002,PRD002,3257,20,32,36,3273,0,0,False
INV00001964,20250315,ST002,PRD002,3273,43,46,47,3315,0,0,False
INV00001965,20250316,ST002,PRD002,3315,47,56,58,3360,0,0,False
INV00001966,20250317,ST002,PRD002,3360,40,52,41,3411,0,0,False
INV00001967,20250318,ST002,PRD002,3411,60,70,54,3487,0,0,False
INV00001968,20250319,ST002,PRD002,3487,34,53,51,3523,0,0,False
INV00001969,20250320,ST002,PRD002,3523,27,49,50,3549,0,0,False
INV00001970,20250321,ST002,PRD002,3549,33,38,41,3579,0,0,False
INV00001971,20250322,ST002,PRD002,3579,63,70,72,3640,0,0,False
INV00001972,20250323,ST002,PRD002,3640,51,55,50,3696,0,0,False
INV00001973,20250324,ST002,PRD002,3696,52,53,50,3751,0,0,False
INV00001974,20250325,ST002,PRD002,3751,32,62,53,3792,0,0,False
INV00001975,20250326,ST002,PRD002,3792,60,56,50,3858,0,0,False
INV00001976,20250327,ST002,PRD002,3858,33,59,49,3901,0,0,False
INV00001977,20250328,ST002,PRD002,3901,50,46,44,3953,0,0,False
INV00001978,20250329,ST002,PRD002,3953,44,65,49,4013,0,0,False
INV00001979,20250330,ST002,PRD002,4013,56,74,62,4081,0,0,False
INV00001980,20250331,ST002,PRD002,4081,41,42,39,4125,0,0,False
INV00001981,20250101,ST002,PRD003,20,30,39,45,44,0,0,False
INV00001982,20250102,ST002,PRD003,44,37,33,33,81,0,0,False
INV00001983,20250103,ST002,PRD003,81,46,49,39,137,0,0,False
INV00001984,20250104,ST002,PRD003,137,46,64,53,194,0,0,False
INV00001985,20250105,ST002,PRD003,194,44,72,56,254,0,0,False
INV00001986,20250106,ST002,PRD003,254,33,58,48,297,0,0,False
INV00001987,20250107,ST002,PRD003,297,48,51,54,342,0,0,False
INV00001988,20250108,ST002,PRD003,342,49,64,54,401,0,0,False
INV00001989,20250109,ST002,PRD003,401,69,71,68,473,0,0,False
INV00001990,20250110,ST002,PRD003,473,29,63,47,518,0,0,False
INV00001991,20250111,ST002,PRD003,518,50,60,51,577,0,0,False
INV00001992,20250112,ST002,PRD003,577,33,36,37,609,0,0,False
INV00001993,20250113,ST002,PRD003,609,14,33,27,629,0,0,False
INV00001994,20250114,ST002,PRD003,629,29,44,39,663,0,0,False
INV00001995,20250115,ST002,PRD003,663,36,34,38,695,0,0,False
INV00001996,20250116,ST002,PRD003,695,34,40,44,725,0,0,False
INV00001997,20250117,ST002,PRD003,725,50,75,58,792,0,0,False
INV00001998,20250118,ST002,PRD003,792,72,79,73,870,0,0,False
INV00001999,20250119,ST002,PRD003,870,34,44,43,905,0,0,False
INV00002000,20250120,ST002,PRD003,905,35,42,50,932,0,0,False
INV00002001,20250121,ST002,PRD003,932,20,33,32,953,0,0,False
INV00002002,20250122,ST002,PRD003,953,31,41,35,990,0,0,False
INV00002003,20250123,ST002,PRD003,990,21,30,32,1009,0,0,False
INV00002004,20250124,ST002,PRD003,1009,28,42,42,1037,0,0,False
INV00002005,20250125,ST002,PRD003,1037,68,59,62,1102,0,0,False
INV00002006,20250126,ST002,PRD003,1102,17,30,28,1121,0,0,False
INV00002007,20250127,ST002,PRD003,1121,35,35,42,1149,0,0,False
INV00002008,20250128,ST002,PRD003,1149,26,57,48,1184,0,0,False
INV00002009,20250129,ST002,PRD003,1184,41,58,52,1231,0,0,False
INV00002010,20250130,ST002,PRD003,1231,30,44,38,1267,0,0,False
INV00002011,20250131,ST002,PRD003,1267,20,22,23,1286,0,0,False
INV00002012,20250201,ST002,PRD003,1286,37,55,48,1330,0,0,False
INV00002013,20250202,ST002,PRD003,1330,31,58,46,1373,0,0,False
INV00002014,20250203,ST002,PRD003,1373,24,30,33,1394,0,0,False
INV00002015,20250204,ST002,PRD003,1394,19,34,35,1412,0,0,False
INV00002016,20250205,ST002,PRD003,1412,26,35,32,1441,0,0,False
INV00002017,20250206,ST002,PRD003,1441,43,59,56,1487,0,0,False
INV00002018,20250207,ST002,PRD003,1487,47,55,54,1535,0,0,False
INV00002019,20250208,ST002,PRD003,1535,45,37,42,1575,0,0,False
INV00002020,20250209,ST002,PRD003,1575,24,52,44,1607,0,0,False
INV00002021,20250210,ST002,PRD003,1607,26,40,34,1639,0,0,False
INV00002022,20250211,ST002,PRD003,1639,34,41,37,1677,0,0,False
INV00002023,20250212,ST002,PRD003,1677,21,41,39,1700,0,0,False
INV00002024,20250213,ST002,PRD003,1700,28,53,50,1731,0,0,False
INV00002025,20250214,ST002,PRD003,1731,45,51,42,1785,0,0,False
INV00002026,20250215,ST002,PRD003,1785,49,52,54,1832,0,0,False
INV00002027,20250216,ST002,PRD003,1832,68,83,70,1913,0,0,False
INV00002028,20250217,ST002,PRD003,1913,35,72,53,1967,0,0,False
INV00002029,20250218,ST002,PRD003,1967,40,53,62,1998,0,0,False
INV00002030,20250219,ST002,PRD003,1998,64,51,56,2057,0,0,False
INV00002031,20250220,ST002,PRD003,2057,26,39,37,2085,0,0,False
INV00002032,20250221,ST002,PRD003,2085,35,38,31,2127,0,0,False
INV00002033,20250222,ST002,PRD003,2127,22,44,34,2159,0,0,False
INV00002034,20250223,ST002,PRD003,2159,21,36,33,2183,0,0,False
INV00002035,20250224,ST002,PRD003,2183,53,52,52,2236,0,0,False
INV00002036,20250225,ST002,PRD003,2236,43,43,42,2280,0,0,False
INV00002037,20250226,ST002,PRD003,2280,64,68,62,2350,0,0,False
INV00002038,20250227,ST002,PRD003,2350,46,36,40,2392,0,0,False
INV00002039,20250228,ST002,PRD003,2392,46,51,47,2442,0,0,False
INV00002040,20250301,ST002,PRD003,2442,43,51,43,2493,0,0,False
INV00002041,20250302,ST002,PRD003,2493,36,53,46,2536,0,0,False
INV00002042,20250303,ST002,PRD003,2536,25,47,37,2571,0,0,False
INV00002043,20250304,ST002,PRD003,2571,26,41,36,2602,0,0,False
INV00002044,20250305,ST002,PRD003,2602,24,30,35,2621,0,0,False
INV00002045,20250306,ST002,PRD003,2621,41,61,50,2673,0,0,False
INV00002046,20250307,ST002,PRD003,2673,45,45,47,2716,0,0,False
INV00002047,20250308,ST002,PRD003,2716,31,47,43,2751,0,0,False
INV00002048,20250309,ST002,PRD003,2751,29,39,39,2780,0,0,False
INV00002049,20250310,ST002,PRD003,2780,28,23,25,2806,0,0,False
INV00002050,20250311,ST002,PRD003,2806,28,42,34,2842,0,0,False
INV00002051,20250312,ST002,PRD003,2842,70,86,66,2932,0,0,False
INV00002052,20250313,ST002,PRD003,2932,64,68,64,3000,0,0,False
INV00002053,20250314,ST002,PRD003,3000,35,41,34,3042,0,0,False
INV00002054,20250315,ST002,PRD003,3042,35,53,48,3082,0,0,False
INV00002055,20250316,ST002,PRD003,3082,23,40,36,3109,0,0,False
INV00002056,20250317,ST002,PRD003,3109,35,57,49,3152,0,0,False
INV00002057,20250318,ST002,PRD003,3152,29,57,54,3184,0,0,False
INV00002058,20250319,ST002,PRD003,3184,43,43,39,3231,0,0,False
INV00002059,20250320,ST002,PRD003,3231,33,38,32,3270,0,0,False
INV00002060,20250321,ST002,PRD003,3270,18,45,35,3298,0,0,False
INV00002061,20250322,ST002,PRD003,3298,30,42,34,3336,0,0,False
INV00002062,20250323,ST002,PRD003,3336,46,48,51,3379,0,0,False
INV00002063,20250324,ST002,PRD003,3379,77,71,77,3450,0,0,False
INV00002064,20250325,ST002,PRD003,3450,32,50,45,3487,0,0,False
INV00002065,20250326,ST002,PRD003,3487,30,50,47,3520,0,0,False
INV00002066,20250327,ST002,PRD003,3520,32,59,48,3563,0,0,False
INV00002067,20250328,ST002,PRD003,3563,44,43,49,3601,0,0,False
INV00002068,20250329,ST002,PRD003,3601,48,67,72,3644,0,0,False
INV00002069,20250330,ST002,PRD003,3644,64,75,72,3711,0,0,False
INV00002070,20250331,ST002,PRD003,3711,35,33,30,3749,0,0,False
INV00002071,20250101,ST002,PRD004,20,32,42,47,47,0,0,False
INV00002072,20250102,ST002,PRD004,47,27,24,25,73,0,0,False
INV00002073,20250103,ST002,PRD004,73,74,74,63,158,0,0,False
INV00002074,20250104,ST002,PRD004,158,36,48,38,204,0,0,False
INV00002075,20250105,ST002,PRD004,204,61,72,72,265,0,0,False
INV00002076,20250106,ST002,PRD004,265,15,22,24,278,0,0,False
INV00002077,20250107,ST002,PRD004,278,43,39,41,319,0,0,False
INV00002078,20250108,ST002,PRD004,319,28,43,46,344,0,0,False
INV00002079,20250109,ST002,PRD004,344,35,36,35,380,0,0,False
INV00002080,20250110,ST002,PRD004,380,48,58,57,429,0,0,False
INV00002081,20250111,ST002,PRD004,429,48,48,42,483,0,0,False
INV00002082,20250112,ST002,PRD004,483,48,54,55,530,0,0,False
INV00002083,20250113,ST002,PRD004,530,55,60,58,587,0,0,False
INV00002084,20250114,ST002,PRD004,587,16,31,29,605,0,0,False
INV00002085,20250115,ST002,PRD004,605,29,52,55,631,0,0,False
INV00002086,20250116,ST002,PRD004,631,57,50,52,686,0,0,False
INV00002087,20250117,ST002,PRD004,686,39,42,34,733,0,0,False
INV00002088,20250118,ST002,PRD004,733,64,81,66,812,0,0,False
INV00002089,20250119,ST002,PRD004,812,75,83,72,898,0,0,False
INV00002090,20250120,ST002,PRD004,898,42,53,53,940,0,0,False
INV00002091,20250121,ST002,PRD004,940,49,53,45,997,0,0,False
INV00002092,20250122,ST002,PRD004,997,21,34,31,1021,0,0,False
INV00002093,20250123,ST002,PRD004,1021,26,24,26,1045,0,0,False
INV00002094,20250124,ST002,PRD004,1045,27,48,54,1066,0,0,False
INV00002095,20250125,ST002,PRD004,1066,35,55,41,1115,0,0,False
INV00002096,20250126,ST002,PRD004,1115,27,39,36,1145,0,0,False
INV00002097,20250127,ST002,PRD004,1145,35,47,38,1189,0,0,False
INV00002098,20250128,ST002,PRD004,1189,33,43,34,1231,0,0,False
INV00002099,20250129,ST002,PRD004,1231,48,53,52,1280,0,0,False
INV00002100,20250130,ST002,PRD004,1280,29,37,34,1312,0,0,False
INV00002101,20250131,ST002,PRD004,1312,40,60,47,1365,0,0,False
INV00002102,20250201,ST002,PRD004,1365,33,77,66,1409,0,0,False
INV00002103,20250202,ST002,PRD004,1409,43,55,48,1459,0,0,False
INV00002104,20250203,ST002,PRD004,1459,19,34,37,1475,0,0,False
INV00002105,20250204,ST002,PRD004,1475,35,46,40,1516,0,0,False
INV00002106,20250205,ST002,PRD004,1516,30,43,43,1546,0,0,False
INV00002107,20250206,ST002,PRD004,1546,58,47,49,1602,0,0,False
INV00002108,20250207,ST002,PRD004,1602,29,51,57,1625,0,0,False
INV00002109,20250208,ST002,PRD004,1625,51,52,48,1680,0,0,False
INV00002110,20250209,ST002,PRD004,1680,39,39,40,1718,0,0,False
INV00002111,20250210,ST002,PRD004,1718,73,81,69,1803,0,0,False
INV00002112,20250211,ST002,PRD004,1803,65,68,57,1879,0,0,False
INV00002113,20250212,ST002,PRD004,1879,21,48,37,1911,0,0,False
INV00002114,20250213,ST002,PRD004,1911,30,67,52,1956,0,0,False
INV00002115,20250214,ST002,PRD004,1956,28,46,46,1984,0,0,False
INV00002116,20250215,ST002,PRD004,1984,20,26,31,1999,0,0,False
INV00002117,20250216,ST002,PRD004,1999,49,58,56,2050,0,0,False
INV00002118,20250217,ST002,PRD004,2050,67,66,63,2120,0,0,False
INV00002119,20250218,ST002,PRD004,2120,37,66,54,2169,0,0,False
INV00002120,20250219,ST002,PRD004,2169,25,31,32,2193,0,0,False
INV00002121,20250220,ST002,PRD004,2193,38,62,50,2243,0,0,False
INV00002122,20250221,ST002,PRD004,2243,29,36,37,2271,0,0,False
INV00002123,20250222,ST002,PRD004,2271,73,67,82,2329,0,0,False
INV00002124,20250223,ST002,PRD004,2329,86,78,72,2421,0,0,False
INV00002125,20250224,ST002,PRD004,2421,24,34,36,2443,0,0,False
INV00002126,20250225,ST002,PRD004,2443,31,33,32,2475,0,0,False
INV00002127,20250226,ST002,PRD004,2475,48,39,44,2518,0,0,False
INV00002128,20250227,ST002,PRD004,2518,48,56,50,2572,0,0,False
INV00002129,20250228,ST002,PRD004,2572,45,48,41,2624,0,0,False
INV00002130,20250301,ST002,PRD004,2624,60,56,58,2682,0,0,False
INV00002131,20250302,ST002,PRD004,2682,47,97,84,2742,0,0,False
INV00002132,20250303,ST002,PRD004,2742,28,43,37,2776,0,0,False
INV00002133,20250304,ST002,PRD004,2776,29,32,33,2804,0,0,False
INV00002134,20250305,ST002,PRD004,2804,32,59,60,2835,0,0,False
INV00002135,20250306,ST002,PRD004,2835,21,49,41,2864,0,0,False
INV00002136,20250307,ST002,PRD004,2864,18,33,29,2886,0,0,False
INV00002137,20250308,ST002,PRD004,2886,46,48,54,2926,0,0,False
INV00002138,20250309,ST002,PRD004,2926,57,74,71,2986,0,0,False
INV00002139,20250310,ST002,PRD004,2986,38,32,36,3020,0,0,False
INV00002140,20250311,ST002,PRD004,3020,35,53,39,3069,0,0,False
INV00002141,20250312,ST002,PRD004,3069,75,86,68,3162,0,0,False
INV00002142,20250313,ST002,PRD004,3162,29,48,52,3187,0,0,False
INV00002143,20250314,ST002,PRD004,3187,23,33,26,3217,0,0,False
INV00002144,20250315,ST002,PRD004,3217,37,73,70,3257,0,0,False
INV00002145,20250316,ST002,PRD004,3257,32,56,49,3296,0,0,False
INV00002146,20250317,ST002,PRD004,3296,33,33,30,3332,0,0,False
INV00002147,20250318,ST002,PRD004,3332,52,49,46,3387,0,0,False
INV00002148,20250319,ST002,PRD004,3387,24,27,29,3409,0,0,False
INV00002149,20250320,ST002,PRD004,3409,31,63,59,3444,0,0,False
INV00002150,20250321,ST002,PRD004,3444,20,34,36,3462,0,0,False
INV00002151,20250322,ST002,PRD004,3462,72,59,63,3530,0,0,False
INV00002152,20250323,ST002,PRD004,3530,64,64,57,3601,0,0,False
INV00002153,20250324,ST002,PRD004,3601,26,34,29,3632,0,0,False
INV00002154,20250325,ST002,PRD004,3632,25,47,47,3657,0,0,False
INV00002155,20250326,ST002,PRD004,3657,56,40,49,3704,0,0,False
INV00002156,20250327,ST002,PRD004,3704,40,64,56,3752,0,0,False
INV00002157,20250328,ST002,PRD004,3752,35,28,30,3785,0,0,False
INV00002158,20250329,ST002,PRD004,3785,81,94,89,3871,0,0,False
INV00002159,20250330,ST002,PRD004,3871,51,44,50,3916,0,0,False
INV00002160,20250331,ST002,PRD004,3916,42,41,42,3957,0,0,False
INV00002161,20250101,ST002,PRD005,22,49,47,43,75,0,0,False
INV00002162,20250102,ST002,PRD005,75,40,63,56,122,0,0,False
INV00002163,20250103,ST002,PRD005,122,62,85,69,200,0,0,False
INV00002164,20250104,ST002,PRD005,200,22,26,25,223,0,0,False
INV00002165,20250105,ST002,PRD005,223,46,51,42,278,0,0,False
INV00002166,20250106,ST002,PRD005,278,25,31,26,308,0,0,False
INV00002167,20250107,ST002,PRD005,308,47,66,53,368,0,0,False
INV00002168,20250108,ST002,PRD005,368,20,27,26,389,0,0,False
INV00002169,20250109,ST002,PRD005,389,45,40,44,430,0,0,False
INV00002170,20250110,ST002,PRD005,430,36,29,34,461,0,0,False
INV00002171,20250111,ST002,PRD005,461,52,57,53,517,0,0,False
INV00002172,20250112,ST002,PRD005,517,21,34,38,534,0,0,False
INV00002173,20250113,ST002,PRD005,534,38,35,37,570,0,0,False
INV00002174,20250114,ST002,PRD005,570,31,38,42,597,0,0,False
INV00002175,20250115,ST002,PRD005,597,15,32,27,617,0,0,False
INV00002176,20250116,ST002,PRD005,617,24,35,36,640,0,0,False
INV00002177,20250117,ST002,PRD005,640,15,32,27,660,0,0,False
INV00002178,20250118,ST002,PRD005,660,47,58,51,714,0,0,False
INV00002179,20250119,ST002,PRD005,714,24,32,26,744,0,0,False
INV00002180,20250120,ST002,PRD005,744,57,69,62,808,0,0,False
INV00002181,20250121,ST002,PRD005,808,38,38,32,852,0,0,False
INV00002182,20250122,ST002,PRD005,852,49,72,67,906,0,0,False
INV00002183,20250123,ST002,PRD005,906,53,52,56,955,0,0,False
INV00002184,20250124,ST002,PRD005,955,55,48,52,1006,0,0,False
INV00002185,20250125,ST002,PRD005,1006,33,43,41,1041,0,0,False
INV00002186,20250126,ST002,PRD005,1041,24,44,37,1072,0,0,False
INV00002187,20250127,ST002,PRD005,1072,25,25,28,1094,0,0,False
INV00002188,20250128,ST002,PRD005,1094,34,43,44,1127,0,0,False
INV00002189,20250129,ST002,PRD005,1127,30,59,47,1169,0,0,False
INV00002190,20250130,ST002,PRD005,1169,35,40,39,1205,0,0,False
INV00002191,20250131,ST002,PRD005,1205,32,49,42,1244,0,0,False
INV00002192,20250201,ST002,PRD005,1244,52,49,50,1295,0,0,False
INV00002193,20250202,ST002,PRD005,1295,21,31,30,1317,0,0,False
INV00002194,20250203,ST002,PRD005,1317,30,43,44,1346,0,0,False
INV00002195,20250204,ST002,PRD005,1346,35,57,64,1374,0,0,False
INV00002196,20250205,ST002,PRD005,1374,36,60,53,1417,0,0,False
INV00002197,20250206,ST002,PRD005,1417,28,39,36,1448,0,0,False
INV00002198,20250207,ST002,PRD005,1448,48,60,46,1510,0,0,False
INV00002199,20250208,ST002,PRD005,1510,28,50,46,1542,0,0,False
INV00002200,20250209,ST002,PRD005,1542,46,77,60,1605,0,0,False
INV00002201,20250210,ST002,PRD005,1605,26,36,35,1632,0,0,False
INV00002202,20250211,ST002,PRD005,1632,31,65,55,1673,0,0,False
INV00002203,20250212,ST002,PRD005,1673,46,47,40,1726,0,0,False
INV00002204,20250213,ST002,PRD005,1726,51,83,63,1797,0,0,False
INV00002205,20250214,ST002,PRD005,1797,42,48,41,1846,0,0,False
INV00002206,20250215,ST002,PRD005,1846,35,71,62,1890,0,0,False
INV00002207,20250216,ST002,PRD005,1890,33,57,59,1921,0,0,False
INV00002208,20250217,ST002,PRD005,1921,35,48,44,1960,0,0,False
INV00002209,20250218,ST002,PRD005,1960,42,59,47,2014,0,0,False
INV00002210,20250219,ST002,PRD005,2014,34,42,40,2050,0,0,False
INV00002211,20250220,ST002,PRD005,2050,33,70,58,2095,0,0,False
INV00002212,20250221,ST002,PRD005,2095,27,46,48,2120,0,0,False
INV00002213,20250222,ST002,PRD005,2120,44,53,50,2167,0,0,False
INV00002214,20250223,ST002,PRD005,2167,63,68,69,2229,0,0,False
INV00002215,20250224,ST002,PRD005,2229,54,49,51,2281,0,0,False
INV00002216,20250225,ST002,PRD005,2281,49,47,44,2333,0,0,False
INV00002217,20250226,ST002,PRD005,2333,18,43,35,2359,0,0,False
INV00002218,20250227,ST002,PRD005,2359,19,23,24,2377,0,0,False
INV00002219,20250228,ST002,PRD005,2377,45,49,43,2428,0,0,False
INV00002220,20250301,ST002,PRD005,2428,54,50,54,2478,0,0,False
INV00002221,20250302,ST002,PRD005,2478,50,64,56,2536,0,0,False
INV00002222,20250303,ST002,PRD005,2536,45,47,38,2590,0,0,False
INV00002223,20250304,ST002,PRD005,2590,37,57,55,2629,0,0,False
INV00002224,20250305,ST002,PRD005,2629,35,40,41,2663,0,0,False
INV00002225,20250306,ST002,PRD005,2663,49,59,50,2721,0,0,False
INV00002226,20250307,ST002,PRD005,2721,27,52,44,2756,0,0,False
INV00002227,20250308,ST002,PRD005,2756,36,46,53,2785,0,0,False
INV00002228,20250309,ST002,PRD005,2785,38,61,55,2829,0,0,False
INV00002229,20250310,ST002,PRD005,2829,26,56,44,2867,0,0,False
INV00002230,20250311,ST002,PRD005,2867,25,36,40,2888,0,0,False
INV00002231,20250312,ST002,PRD005,2888,22,30,32,2908,0,0,False
INV00002232,20250313,ST002,PRD005,2908,24,33,34,2931,0,0,False
INV00002233,20250314,ST002,PRD005,2931,68,85,65,3019,0,0,False
INV00002234,20250315,ST002,PRD005,3019,38,47,51,3053,0,0,False
INV00002235,20250316,ST002,PRD005,3053,64,55,55,3117,0,0,False
INV00002236,20250317,ST002,PRD005,3117,37,36,37,3153,0,0,False
INV00002237,20250318,ST002,PRD005,3153,30,45,35,3193,0,0,False
INV00002238,20250319,ST002,PRD005,3193,37,41,40,3231,0,0,False
INV00002239,20250320,ST002,PRD005,3231,58,74,71,3292,0,0,False
INV00002240,20250321,ST002,PRD005,3292,23,47,38,3324,0,0,False
INV00002241,20250322,ST002,PRD005,3324,23,59,45,3361,0,0,False
INV00002242,20250323,ST002,PRD005,3361,64,101,83,3443,0,0,False
INV00002243,20250324,ST002,PRD005,3443,62,68,57,3516,0,0,False
INV00002244,20250325,ST002,PRD005,3516,43,52,56,3555,0,0,False
INV00002245,20250326,ST002,PRD005,3555,66,61,60,3622,0,0,False
INV00002246,20250327,ST002,PRD005,3622,50,64,62,3674,0,0,False
INV00002247,20250328,ST002,PRD005,3674,47,48,59,3710,0,0,False
INV00002248,20250329,ST002,PRD005,3710,79,79,73,3795,0,0,False
INV00002249,20250330,ST002,PRD005,3795,62,79,65,3871,0,0,False
INV00002250,20250331,ST002,PRD005,3871,36,44,39,3912,0,0,False
INV00002251,20250101,ST002,PRD006,19,17,24,24,36,0,0,False
INV00002252,20250102,ST002,PRD006,36,49,44,42,87,0,0,False
INV00002253,20250103,ST002,PRD006,87,25,50,39,123,0,0,False
INV00002254,20250104,ST002,PRD006,123,19,24,27,139,0,0,False
INV00002255,20250105,ST002,PRD006,139,65,63,55,212,0,0,False
INV00002256,20250106,ST002,PRD006,212,35,38,30,255,0,0,False
INV00002257,20250107,ST002,PRD006,255,19,29,27,276,0,0,False
INV00002258,20250108,ST002,PRD006,276,37,32,38,307,0,0,False
INV00002259,20250109,ST002,PRD006,307,21,27,25,330,0,0,False
INV00002260,20250110,ST002,PRD006,330,35,40,39,366,0,0,False
INV00002261,20250111,ST002,PRD006,366,34,48,51,397,0,0,False
INV00002262,20250112,ST002,PRD006,397,23,32,30,422,0,0,False
INV00002263,20250113,ST002,PRD006,422,39,42,36,467,0,0,False
INV00002264,20250114,ST002,PRD006,467,24,34,31,494,0,0,False
INV00002265,20250115,ST002,PRD006,494,16,24,27,507,0,0,False
INV00002266,20250116,ST002,PRD006,507,24,29,27,533,0,0,False
INV00002267,20250117,ST002,PRD006,533,16,21,18,552,0,0,False
INV00002268,20250118,ST002,PRD006,552,22,27,25,576,0,0,False
INV00002269,20250119,ST002,PRD006,576,33,37,34,612,0,0,False
INV00002270,20250120,ST002,PRD006,612,36,39,41,646,0,0,False
INV00002271,20250121,ST002,PRD006,646,28,25,24,675,0,0,False
INV00002272,20250122,ST002,PRD006,675,26,29,31,699,0,0,False
INV00002273,20250123,ST002,PRD006,699,52,58,52,757,0,0,False
INV00002274,20250124,ST002,PRD006,757,44,50,55,796,0,0,False
INV00002275,20250125,ST002,PRD006,796,30,43,43,826,0,0,False
INV00002276,20250126,ST002,PRD006,826,43,50,44,875,0,0,False
INV00002277,20250127,ST002,PRD006,875,24,23,22,900,0,0,False
INV00002278,20250128,ST002,PRD006,900,54,65,51,968,0,0,False
INV00002279,20250129,ST002,PRD006,968,30,35,38,995,0,0,False
INV00002280,20250130,ST002,PRD006,995,33,39,39,1028,0,0,False
INV00002281,20250131,ST002,PRD006,1028,25,27,26,1054,0,0,False
INV00002282,20250201,ST002,PRD006,1054,24,31,36,1073,0,0,False
INV00002283,20250202,ST002,PRD006,1073,47,62,49,1133,0,0,False
INV00002284,20250203,ST002,PRD006,1133,33,33,33,1166,0,0,False
INV00002285,20250204,ST002,PRD006,1166,23,23,22,1190,0,0,False
INV00002286,20250205,ST002,PRD006,1190,22,41,40,1213,0,0,False
INV00002287,20250206,ST002,PRD006,1213,31,30,26,1248,0,0,False
INV00002288,20250207,ST002,PRD006,1248,38,41,46,1281,0,0,False
INV00002289,20250208,ST002,PRD006,1281,29,47,37,1320,0,0,False
INV00002290,20250209,ST002,PRD006,1320,32,37,37,1352,0,0,False
INV00002291,20250210,ST002,PRD006,1352,47,48,41,1406,0,0,False
INV00002292,20250211,ST002,PRD006,1406,55,70,56,1475,0,0,False
INV00002293,20250212,ST002,PRD006,1475,35,45,40,1515,0,0,False
INV00002294,20250213,ST002,PRD006,1515,32,37,30,1554,0,0,False
INV00002295,20250214,ST002,PRD006,1554,26,33,35,1578,0,0,False
INV00002296,20250215,ST002,PRD006,1578,45,42,40,1625,0,0,False
INV00002297,20250216,ST002,PRD006,1625,40,42,46,1661,0,0,False
INV00002298,20250217,ST002,PRD006,1661,37,45,39,1704,0,0,False
INV00002299,20250218,ST002,PRD006,1704,17,39,31,1729,0,0,False
INV00002300,20250219,ST002,PRD006,1729,45,37,43,1768,0,0,False
INV00002301,20250220,ST002,PRD006,1768,27,33,28,1800,0,0,False
INV00002302,20250221,ST002,PRD006,1800,23,34,31,1826,0,0,False
INV00002303,20250222,ST002,PRD006,1826,54,54,57,1877,0,0,False
INV00002304,20250223,ST002,PRD006,1877,19,38,36,1898,0,0,False
INV00002305,20250224,ST002,PRD006,1898,44,49,37,1954,0,0,False
INV00002306,20250225,ST002,PRD006,1954,36,47,37,2000,0,0,False
INV00002307,20250226,ST002,PRD006,2000,21,31,27,2025,0,0,False
INV00002308,20250227,ST002,PRD006,2025,29,33,28,2059,0,0,False
INV00002309,20250228,ST002,PRD006,2059,61,46,52,2114,0,0,False
INV00002310,20250301,ST002,PRD006,2114,21,27,26,2136,0,0,False
INV00002311,20250302,ST002,PRD006,2136,26,62,52,2172,0,0,False
INV00002312,20250303,ST002,PRD006,2172,27,36,40,2195,0,0,False
INV00002313,20250304,ST002,PRD006,2195,15,20,17,2213,0,0,False
INV00002314,20250305,ST002,PRD006,2213,23,33,27,2242,0,0,False
INV00002315,20250306,ST002,PRD006,2242,31,35,34,2274,0,0,False
INV00002316,20250307,ST002,PRD006,2274,24,28,27,2299,0,0,False
INV00002317,20250308,ST002,PRD006,2299,18,20,22,2315,0,0,False
INV00002318,20250309,ST002,PRD006,2315,24,29,31,2337,0,0,False
INV00002319,20250310,ST002,PRD006,2337,40,46,38,2385,0,0,False
INV00002320,20250311,ST002,PRD006,2385,18,23,20,2406,0,0,False
INV00002321,20250312,ST002,PRD006,2406,23,30,27,2432,0,0,False
INV00002322,20250313,ST002,PRD006,2432,28,40,38,2462,0,0,False
INV00002323,20250314,ST002,PRD006,2462,23,44,45,2484,0,0,False
INV00002324,20250315,ST002,PRD006,2484,22,36,39,2503,0,0,False
INV00002325,20250316,ST002,PRD006,2503,29,46,37,2541,0,0,False
INV00002326,20250317,ST002,PRD006,2541,31,30,26,2576,0,0,False
INV00002327,20250318,ST002,PRD006,2576,16,27,28,2591,0,0,False
INV00002328,20250319,ST002,PRD006,2591,44,45,38,2642,0,0,False
INV00002329,20250320,ST002,PRD006,2642,19,37,32,2666,0,0,False
INV00002330,20250321,ST002,PRD006,2666,14,19,20,2679,0,0,False
INV00002331,20250322,ST002,PRD006,2679,28,30,34,2703,0,0,False
INV00002332,20250323,ST002,PRD006,2703,29,41,45,2728,0,0,False
INV00002333,20250324,ST002,PRD006,2728,22,33,26,2757,0,0,False
INV00002334,20250325,ST002,PRD006,2757,24,28,29,2780,0,0,False
INV00002335,20250326,ST002,PRD006,2780,39,45,48,2816,0,0,False
INV00002336,20250327,ST002,PRD006,2816,40,36,40,2852,0,0,False
INV00002337,20250328,ST002,PRD006,2852,25,32,35,2874,0,0,False
INV00002338,20250329,ST002,PRD006,2874,40,73,57,2930,0,0,False
INV00002339,20250330,ST002,PRD006,2930,36,37,34,2969,0,0,False
INV00002340,20250331,ST002,PRD006,2969,12,19,21,2979,0,0,False
INV00002341,20250101,ST002,PRD007,20,31,34,32,53,0,0,False
INV00002342,20250102,ST002,PRD007,53,28,25,29,77,0,0,False
INV00002343,20250103,ST002,PRD007,77,23,40,38,102,0,0,False
INV00002344,20250104,ST002,PRD007,102,42,44,35,153,0,0,False
INV00002345,20250105,ST002,PRD007,153,38,52,57,186,0,0,False
INV00002346,20250106,ST002,PRD007,186,24,42,39,213,0,0,False
INV00002347,20250107,ST002,PRD007,213,20,37,33,237,0,0,False
INV00002348,20250108,ST002,PRD007,237,21,22,23,257,0,0,False
INV00002349,20250109,ST002,PRD007,257,52,52,44,317,0,0,False
INV00002350,20250110,ST002,PRD007,317,23,33,34,339,0,0,False
INV00002351,20250111,ST002,PRD007,339,31,46,39,377,0,0,False
INV00002352,20250112,ST002,PRD007,377,17,24,27,391,0,0,False
INV00002353,20250113,ST002,PRD007,391,36,43,38,432,0,0,False
INV00002354,20250114,ST002,PRD007,432,43,54,54,475,0,0,False
INV00002355,20250115,ST002,PRD007,475,21,37,41,492,0,0,False
INV00002356,20250116,ST002,PRD007,492,42,41,45,530,0,0,False
INV00002357,20250117,ST002,PRD007,530,19,36,29,556,0,0,False
INV00002358,20250118,ST002,PRD007,556,38,51,42,603,0,0,False
INV00002359,20250119,ST002,PRD007,603,32,51,41,645,0,0,False
INV00002360,20250120,ST002,PRD007,645,41,50,41,695,0,0,False
INV00002361,20250121,ST002,PRD007,695,21,30,32,714,0,0,False
INV00002362,20250122,ST002,PRD007,714,49,52,48,767,0,0,False
INV00002363,20250123,ST002,PRD007,767,33,29,31,798,0,0,False
INV00002364,20250124,ST002,PRD007,798,10,21,18,811,0,0,False
INV00002365,20250125,ST002,PRD007,811,33,55,57,842,0,0,False
INV00002366,20250126,ST002,PRD007,842,31,29,28,874,0,0,False
INV00002367,20250127,ST002,PRD007,874,15,22,24,887,0,0,False
INV00002368,20250128,ST002,PRD007,887,23,39,32,917,0,0,False
INV00002369,20250129,ST002,PRD007,917,32,47,39,957,0,0,False
INV00002370,20250130,ST002,PRD007,957,19,32,28,980,0,0,False
INV00002371,20250131,ST002,PRD007,980,35,30,32,1013,0,0,False
INV00002372,20250201,ST002,PRD007,1013,27,35,31,1044,0,0,False
INV00002373,20250202,ST002,PRD007,1044,37,38,39,1080,0,0,False
INV00002374,20250203,ST002,PRD007,1080,30,33,33,1110,0,0,False
INV00002375,20250204,ST002,PRD007,1110,49,49,53,1155,0,0,False
INV00002376,20250205,ST002,PRD007,1155,34,49,37,1201,0,0,False
INV00002377,20250206,ST002,PRD007,1201,37,52,50,1240,0,0,False
INV00002378,20250207,ST002,PRD007,1240,58,57,53,1302,0,0,False
INV00002379,20250208,ST002,PRD007,1302,25,29,27,1329,0,0,False
INV00002380,20250209,ST002,PRD007,1329,56,61,52,1394,0,0,False
INV00002381,20250210,ST002,PRD007,1394,52,60,52,1454,0,0,False
INV00002382,20250211,ST002,PRD007,1454,27,38,38,1481,0,0,False
INV00002383,20250212,ST002,PRD007,1481,19,25,20,1505,0,0,False
INV00002384,20250213,ST002,PRD007,1505,12,26,21,1522,0,0,False
INV00002385,20250214,ST002,PRD007,1522,27,55,45,1559,0,0,False
INV00002386,20250215,ST002,PRD007,1559,21,45,36,1589,0,0,False
INV00002387,20250216,ST002,PRD007,1589,34,59,47,1635,0,0,False
INV00002388,20250217,ST002,PRD007,1635,10,17,16,1646,0,0,False
INV00002389,20250218,ST002,PRD007,1646,36,35,37,1680,0,0,False
INV00002390,20250219,ST002,PRD007,1680,45,63,52,1736,0,0,False
INV00002391,20250220,ST002,PRD007,1736,26,41,33,1770,0,0,False
INV00002392,20250221,ST002,PRD007,1770,17,30,28,1789,0,0,False
INV00002393,20250222,ST002,PRD007,1789,33,41,43,1820,0,0,False
INV00002394,20250223,ST002,PRD007,1820,17,31,27,1841,0,0,False
INV00002395,20250224,ST002,PRD007,1841,33,40,35,1879,0,0,False
INV00002396,20250225,ST002,PRD007,1879,22,23,22,1902,0,0,False
INV00002397,20250226,ST002,PRD007,1902,28,38,29,1939,0,0,False
INV00002398,20250227,ST002,PRD007,1939,47,41,39,1988,0,0,False
INV00002399,20250228,ST002,PRD007,1988,24,31,27,2016,0,0,False
INV00002400,20250301,ST002,PRD007,2016,43,51,51,2059,0,0,False
INV00002401,20250302,ST002,PRD007,2059,15,25,25,2074,0,0,False
INV00002402,20250303,ST002,PRD007,2074,20,32,28,2098,0,0,False
INV00002403,20250304,ST002,PRD007,2098,38,53,46,2143,0,0,False
INV00002404,20250305,ST002,PRD007,2143,15,27,27,2158,0,0,False
INV00002405,20250306,ST002,PRD007,2158,17,21,22,2174,0,0,False
INV00002406,20250307,ST002,PRD007,2174,27,49,53,2197,0,0,False
INV00002407,20250308,ST002,PRD007,2197,17,35,29,2220,0,0,False
INV00002408,20250309,ST002,PRD007,2220,65,58,61,2282,0,0,False
INV00002409,20250310,ST002,PRD007,2282,46,46,39,2335,0,0,False
INV00002410,20250311,ST002,PRD007,2335,20,29,24,2360,0,0,False
INV00002411,20250312,ST002,PRD007,2360,19,23,23,2379,0,0,False
INV00002412,20250313,ST002,PRD007,2379,45,49,46,2427,0,0,False
INV00002413,20250314,ST002,PRD007,2427,14,19,18,2442,0,0,False
INV00002414,20250315,ST002,PRD007,2442,61,58,56,2505,0,0,False
INV00002415,20250316,ST002,PRD007,2505,23,31,27,2532,0,0,False
INV00002416,20250317,ST002,PRD007,2532,26,45,47,2556,0,0,False
INV00002417,20250318,ST002,PRD007,2556,9,17,18,2564,0,0,False
INV00002418,20250319,ST002,PRD007,2564,36,34,35,2599,0,0,False
INV00002419,20250320,ST002,PRD007,2599,27,45,38,2633,0,0,False
INV00002420,20250321,ST002,PRD007,2633,26,37,38,2658,0,0,False
INV00002421,20250322,ST002,PRD007,2658,52,67,59,2718,0,0,False
INV00002422,20250323,ST002,PRD007,2718,20,36,32,2742,0,0,False
INV00002423,20250324,ST002,PRD007,2742,24,26,29,2763,0,0,False
INV00002424,20250325,ST002,PRD007,2763,45,47,44,2811,0,0,False
INV00002425,20250326,ST002,PRD007,2811,26,25,25,2837,0,0,False
INV00002426,20250327,ST002,PRD007,2837,41,38,46,2870,0,0,False
INV00002427,20250328,ST002,PRD007,2870,23,52,40,2905,0,0,False
INV00002428,20250329,ST002,PRD007,2905,25,46,43,2933,0,0,False
INV00002429,20250330,ST002,PRD007,2933,35,46,34,2980,0,0,False
INV00002430,20250331,ST002,PRD007,2980,25,20,23,3002,0,0,False
INV00002431,20250101,ST002,PRD008,21,26,33,29,51,0,0,False
INV00002432,20250102,ST002,PRD008,51,18,23,17,75,0,0,False
INV00002433,20250103,ST002,PRD008,75,32,30,31,106,0,0,False
INV00002434,20250104,ST002,PRD008,106,33,48,41,146,0,0,False
INV00002435,20250105,ST002,PRD008,146,37,75,56,202,0,0,False
INV00002436,20250106,ST002,PRD008,202,23,35,29,231,0,0,False
INV00002437,20250107,ST002,PRD008,231,45,54,44,286,0,0,False
INV00002438,20250108,ST002,PRD008,286,35,43,37,327,0,0,False
INV00002439,20250109,ST002,PRD008,327,14,23,21,343,0,0,False
INV00002440,20250110,ST002,PRD008,343,30,32,27,378,0,0,False
INV00002441,20250111,ST002,PRD008,378,21,51,40,410,0,0,False
INV00002442,20250112,ST002,PRD008,410,24,34,35,433,0,0,False
INV00002443,20250113,ST002,PRD008,433,32,34,29,470,0,0,False
INV00002444,20250114,ST002,PRD008,470,13,24,24,483,0,0,False
INV00002445,20250115,ST002,PRD008,483,35,30,32,516,0,0,False
INV00002446,20250116,ST002,PRD008,516,16,27,27,532,0,0,False
INV00002447,20250117,ST002,PRD008,532,41,39,38,574,0,0,False
INV00002448,20250118,ST002,PRD008,574,33,54,51,610,0,0,False
INV00002449,20250119,ST002,PRD008,610,42,42,41,653,0,0,False
INV00002450,20250120,ST002,PRD008,653,47,48,48,700,0,0,False
INV00002451,20250121,ST002,PRD008,700,40,38,36,742,0,0,False
INV00002452,20250122,ST002,PRD008,742,34,38,37,777,0,0,False
INV00002453,20250123,ST002,PRD008,777,39,53,49,820,0,0,False
INV00002454,20250124,ST002,PRD008,820,34,38,36,856,0,0,False
INV00002455,20250125,ST002,PRD008,856,49,54,47,912,0,0,False
INV00002456,20250126,ST002,PRD008,912,29,32,27,946,0,0,False
INV00002457,20250127,ST002,PRD008,946,23,26,22,973,0,0,False
INV00002458,20250128,ST002,PRD008,973,18,22,20,993,0,0,False
INV00002459,20250129,ST002,PRD008,993,43,58,49,1045,0,0,False
INV00002460,20250130,ST002,PRD008,1045,28,40,30,1083,0,0,False
INV00002461,20250131,ST002,PRD008,1083,29,47,47,1112,0,0,False
INV00002462,20250201,ST002,PRD008,1112,60,60,51,1181,0,0,False
INV00002463,20250202,ST002,PRD008,1181,23,30,33,1201,0,0,False
INV00002464,20250203,ST002,PRD008,1201,29,37,32,1235,0,0,False
INV00002465,20250204,ST002,PRD008,1235,41,35,35,1276,0,0,False
INV00002466,20250205,ST002,PRD008,1276,27,31,31,1303,0,0,False
INV00002467,20250206,ST002,PRD008,1303,36,34,32,1341,0,0,False
INV00002468,20250207,ST002,PRD008,1341,28,25,26,1368,0,0,False
INV00002469,20250208,ST002,PRD008,1368,30,47,51,1394,0,0,False
INV00002470,20250209,ST002,PRD008,1394,42,41,41,1436,0,0,False
INV00002471,20250210,ST002,PRD008,1436,18,24,23,1455,0,0,False
INV00002472,20250211,ST002,PRD008,1455,24,43,44,1478,0,0,False
INV00002473,20250212,ST002,PRD008,1478,33,60,47,1524,0,0,False
INV00002474,20250213,ST002,PRD008,1524,32,29,33,1552,0,0,False
INV00002475,20250214,ST002,PRD008,1552,40,40,40,1592,0,0,False
INV00002476,20250215,ST002,PRD008,1592,31,46,53,1616,0,0,False
INV00002477,20250216,ST002,PRD008,1616,31,56,51,1652,0,0,False
INV00002478,20250217,ST002,PRD008,1652,17,21,23,1667,0,0,False
INV00002479,20250218,ST002,PRD008,1667,28,45,41,1699,0,0,False
INV00002480,20250219,ST002,PRD008,1699,22,21,20,1722,0,0,False
INV00002481,20250220,ST002,PRD008,1722,24,26,31,1741,0,0,False
INV00002482,20250221,ST002,PRD008,1741,14,30,24,1761,0,0,False
INV00002483,20250222,ST002,PRD008,1761,25,30,27,1789,0,0,False
INV00002484,20250223,ST002,PRD008,1789,35,41,37,1828,0,0,False
INV00002485,20250224,ST002,PRD008,1828,29,37,38,1856,0,0,False
INV00002486,20250225,ST002,PRD008,1856,18,35,32,1877,0,0,False
INV00002487,20250226,ST002,PRD008,1877,31,27,29,1906,0,0,False
INV00002488,20250227,ST002,PRD008,1906,31,28,30,1935,0,0,False
INV00002489,20250228,ST002,PRD008,1935,25,38,32,1966,0,0,False
INV00002490,20250301,ST002,PRD008,1966,74,87,72,2055,0,0,False
INV00002491,20250302,ST002,PRD008,2055,30,28,30,2083,0,0,False
INV00002492,20250303,ST002,PRD008,2083,30,24,27,2110,0,0,False
INV00002493,20250304,ST002,PRD008,2110,24,32,29,2137,0,0,False
INV00002494,20250305,ST002,PRD008,2137,39,48,46,2178,0,0,False
INV00002495,20250306,ST002,PRD008,2178,34,39,38,2213,0,0,False
INV00002496,20250307,ST002,PRD008,2213,35,32,32,2248,0,0,False
INV00002497,20250308,ST002,PRD008,2248,45,42,41,2294,0,0,False
INV00002498,20250309,ST002,PRD008,2294,25,46,44,2321,0,0,False
INV00002499,20250310,ST002,PRD008,2321,37,36,31,2363,0,0,False
INV00002500,20250311,ST002,PRD008,2363,29,36,31,2397,0,0,False
INV00002501,20250312,ST002,PRD008,2397,28,24,28,2421,0,0,False
INV00002502,20250313,ST002,PRD008,2421,56,53,51,2479,0,0,False
INV00002503,20250314,ST002,PRD008,2479,42,40,40,2521,0,0,False
INV00002504,20250315,ST002,PRD008,2521,53,73,68,2579,0,0,False
INV00002505,20250316,ST002,PRD008,2579,49,38,42,2624,0,0,False
INV00002506,20250317,ST002,PRD008,2624,34,40,32,2666,0,0,False
INV00002507,20250318,ST002,PRD008,2666,28,38,33,2699,0,0,False
INV00002508,20250319,ST002,PRD008,2699,38,58,52,2743,0,0,False
INV00002509,20250320,ST002,PRD008,2743,26,43,37,2775,0,0,False
INV00002510,20250321,ST002,PRD008,2775,35,36,40,2806,0,0,False
INV00002511,20250322,ST002,PRD008,2806,23,41,39,2831,0,0,False
INV00002512,20250323,ST002,PRD008,2831,50,53,46,2888,0,0,False
INV00002513,20250324,ST002,PRD008,2888,44,43,42,2933,0,0,False
INV00002514,20250325,ST002,PRD008,2933,30,36,27,2972,0,0,False
INV00002515,20250326,ST002,PRD008,2972,50,58,48,3032,0,0,False
INV00002516,20250327,ST002,PRD008,3032,10,23,18,3047,0,0,False
INV00002517,20250328,ST002,PRD008,3047,54,52,58,3095,0,0,False
INV00002518,20250329,ST002,PRD008,3095,38,34,35,3132,0,0,False
INV00002519,20250330,ST002,PRD008,3132,20,44,40,3156,0,0,False
INV00002520,20250331,ST002,PRD008,3156,32,27,28,3187,0,0,False
INV00002521,20250101,ST002,PRD009,15,20,24,25,34,0,0,False
INV00002522,20250102,ST002,PRD009,34,18,30,35,47,0,0,False
INV00002523,20250103,ST002,PRD009,47,27,28,23,79,0,0,False
INV00002524,20250104,ST002,PRD009,79,13,19,21,90,0,0,False
INV00002525,20250105,ST002,PRD009,90,27,32,28,121,0,0,False
INV00002526,20250106,ST002,PRD009,121,20,34,33,142,0,0,False
INV00002527,20250107,ST002,PRD009,142,18,23,19,164,0,0,False
INV00002528,20250108,ST002,PRD009,164,20,34,32,186,0,0,False
INV00002529,20250109,ST002,PRD009,186,15,12,13,200,0,0,False
INV00002530,20250110,ST002,PRD009,200,16,26,23,219,0,0,False
INV00002531,20250111,ST002,PRD009,219,25,26,26,244,0,0,False
INV00002532,20250112,ST002,PRD009,244,23,36,34,269,0,0,False
INV00002533,20250113,ST002,PRD009,269,15,24,20,288,0,0,False
INV00002534,20250114,ST002,PRD009,288,31,29,27,321,0,0,False
INV00002535,20250115,ST002,PRD009,321,12,22,19,336,0,0,False
INV00002536,20250116,ST002,PRD009,336,16,20,20,352,0,0,False
INV00002537,20250117,ST002,PRD009,352,16,20,22,366,0,0,False
INV00002538,20250118,ST002,PRD009,366,33,41,33,407,0,0,False
INV00002539,20250119,ST002,PRD009,407,19,28,28,426,0,0,False
INV00002540,20250120,ST002,PRD009,426,12,14,13,439,0,0,False
INV00002541,20250121,ST002,PRD009,439,11,14,11,453,0,0,False
INV00002542,20250122,ST002,PRD009,453,19,38,37,473,0,0,False
INV00002543,20250123,ST002,PRD009,473,17,19,20,489,0,0,False
INV00002544,20250124,ST002,PRD009,489,11,19,18,501,0,0,False
INV00002545,20250125,ST002,PRD009,501,20,31,31,521,0,0,False
INV00002546,20250126,ST002,PRD009,521,33,41,34,561,0,0,False
INV00002547,20250127,ST002,PRD009,561,10,26,20,577,0,0,False
INV00002548,20250128,ST002,PRD009,577,16,19,16,596,0,0,False
INV00002549,20250129,ST002,PRD009,596,18,16,17,613,0,0,False
INV00002550,20250130,ST002,PRD009,613,21,21,18,637,0,0,False
INV00002551,20250131,ST002,PRD009,637,18,20,22,653,0,0,False
INV00002552,20250201,ST002,PRD009,653,20,34,33,674,0,0,False
INV00002553,20250202,ST002,PRD009,674,12,25,21,690,0,0,False
INV00002554,20250203,ST002,PRD009,690,15,22,19,708,0,0,False
INV00002555,20250204,ST002,PRD009,708,37,35,37,743,0,0,False
INV00002556,20250205,ST002,PRD009,743,10,18,18,753,0,0,False
INV00002557,20250206,ST002,PRD009,753,16,25,22,772,0,0,False
INV00002558,20250207,ST002,PRD009,772,35,30,31,806,0,0,False
INV00002559,20250208,ST002,PRD009,806,22,33,37,824,0,0,False
INV00002560,20250209,ST002,PRD009,824,27,26,26,851,0,0,False
INV00002561,20250210,ST002,PRD009,851,32,32,31,884,0,0,False
INV00002562,20250211,ST002,PRD009,884,14,21,24,895,0,0,False
INV00002563,20250212,ST002,PRD009,895,27,25,23,924,0,0,False
INV00002564,20250213,ST002,PRD009,924,15,32,25,946,0,0,False
INV00002565,20250214,ST002,PRD009,946,13,16,15,960,0,0,False
INV00002566,20250215,ST002,PRD009,960,21,43,42,982,0,0,False
INV00002567,20250216,ST002,PRD009,982,20,29,21,1010,0,0,False
INV00002568,20250217,ST002,PRD009,1010,27,39,34,1042,0,0,False
INV00002569,20250218,ST002,PRD009,1042,15,20,15,1062,0,0,False
INV00002570,20250219,ST002,PRD009,1062,21,30,22,1091,0,0,False
INV00002571,20250220,ST002,PRD009,1091,11,16,18,1100,0,0,False
INV00002572,20250221,ST002,PRD009,1100,25,29,32,1122,0,0,False
INV00002573,20250222,ST002,PRD009,1122,36,41,37,1162,0,0,False
INV00002574,20250223,ST002,PRD009,1162,36,36,33,1201,0,0,False
INV00002575,20250224,ST002,PRD009,1201,16,33,29,1221,0,0,False
INV00002576,20250225,ST002,PRD009,1221,15,28,26,1238,0,0,False
INV00002577,20250226,ST002,PRD009,1238,12,14,12,1252,0,0,False
INV00002578,20250227,ST002,PRD009,1252,20,24,22,1274,0,0,False
INV00002579,20250228,ST002,PRD009,1274,13,21,17,1291,0,0,False
INV00002580,20250301,ST002,PRD009,1291,54,56,46,1355,0,0,False
INV00002581,20250302,ST002,PRD009,1355,32,44,44,1387,0,0,False
INV00002582,20250303,ST002,PRD009,1387,18,40,30,1415,0,0,False
INV00002583,20250304,ST002,PRD009,1415,11,16,16,1426,0,0,False
INV00002584,20250305,ST002,PRD009,1426,11,25,19,1443,0,0,False
INV00002585,20250306,ST002,PRD009,1443,18,22,20,1463,0,0,False
INV00002586,20250307,ST002,PRD009,1463,19,25,21,1486,0,0,False
INV00002587,20250308,ST002,PRD009,1486,29,37,31,1521,0,0,False
INV00002588,20250309,ST002,PRD009,1521,34,43,33,1565,0,0,False
INV00002589,20250310,ST002,PRD009,1565,25,28,25,1593,0,0,False
INV00002590,20250311,ST002,PRD009,1593,28,33,26,1628,0,0,False
INV00002591,20250312,ST002,PRD009,1628,30,38,31,1665,0,0,False
INV00002592,20250313,ST002,PRD009,1665,16,22,22,1681,0,0,False
INV00002593,20250314,ST002,PRD009,1681,20,28,23,1706,0,0,False
INV00002594,20250315,ST002,PRD009,1706,28,38,33,1739,0,0,False
INV00002595,20250316,ST002,PRD009,1739,28,27,27,1767,0,0,False
INV00002596,20250317,ST002,PRD009,1767,15,22,21,1783,0,0,False
INV00002597,20250318,ST002,PRD009,1783,16,32,30,1801,0,0,False
INV00002598,20250319,ST002,PRD009,1801,20,18,18,1821,0,0,False
INV00002599,20250320,ST002,PRD009,1821,23,26,20,1850,0,0,False
INV00002600,20250321,ST002,PRD009,1850,14,16,17,1863,0,0,False
INV00002601,20250322,ST002,PRD009,1863,11,16,19,1871,0,0,False
INV00002602,20250323,ST002,PRD009,1871,15,23,18,1891,0,0,False
INV00002603,20250324,ST002,PRD009,1891,27,31,30,1919,0,0,False
INV00002604,20250325,ST002,PRD009,1919,26,34,30,1949,0,0,False
INV00002605,20250326,ST002,PRD009,1949,19,18,16,1970,0,0,False
INV00002606,20250327,ST002,PRD009,1970,24,23,20,1997,0,0,False
INV00002607,20250328,ST002,PRD009,1997,22,23,19,2023,0,0,False
INV00002608,20250329,ST002,PRD009,2023,21,35,36,2043,0,0,False
INV00002609,20250330,ST002,PRD009,2043,50,52,45,2100,0,0,False
INV00002610,20250331,ST002,PRD009,2100,12,14,13,2113,0,0,False
INV00002611,20250101,ST002,PRD010,21,23,24,26,42,0,0,False
INV00002612,20250102,ST002,PRD010,42,9,14,14,51,0,0,False
INV00002613,20250103,ST002,PRD010,51,17,23,21,70,0,0,False
INV00002614,20250104,ST002,PRD010,70,18,13,15,86,0,0,False
INV00002615,20250105,ST002,PRD010,86,10,17,18,95,0,0,False
INV00002616,20250106,ST002,PRD010,95,19,25,21,118,0,0,False
INV00002617,20250107,ST002,PRD010,118,5,10,10,123,0,0,False
INV00002618,20250108,ST002,PRD010,123,9,16,14,134,0,0,False
INV00002619,20250109,ST002,PRD010,134,27,30,24,167,0,0,False
INV00002620,20250110,ST002,PRD010,167,28,31,24,202,0,0,False
INV00002621,20250111,ST002,PRD010,202,20,26,26,222,0,0,False
INV00002622,20250112,ST002,PRD010,222,23,29,33,241,0,0,False
INV00002623,20250113,ST002,PRD010,241,16,20,16,261,0,0,False
INV00002624,20250114,ST002,PRD010,261,20,23,19,285,0,0,False
INV00002625,20250115,ST002,PRD010,285,9,12,11,295,0,0,False
INV00002626,20250116,ST002,PRD010,295,19,23,24,313,0,0,False
INV00002627,20250117,ST002,PRD010,313,23,25,24,337,0,0,False
INV00002628,20250118,ST002,PRD010,337,21,22,24,356,0,0,False
INV00002629,20250119,ST002,PRD010,356,10,22,17,371,0,0,False
INV00002630,20250120,ST002,PRD010,371,13,27,23,388,0,0,False
INV00002631,20250121,ST002,PRD010,388,14,31,26,407,0,0,False
INV00002632,20250122,ST002,PRD010,407,29,31,25,442,0,0,False
INV00002633,20250123,ST002,PRD010,442,28,21,24,467,0,0,False
INV00002634,20250124,ST002,PRD010,467,12,19,20,478,0,0,False
INV00002635,20250125,ST002,PRD010,478,23,37,31,507,0,0,False
INV00002636,20250126,ST002,PRD010,507,25,33,27,538,0,0,False
INV00002637,20250127,ST002,PRD010,538,17,16,16,555,0,0,False
INV00002638,20250128,ST002,PRD010,555,15,14,16,568,0,0,False
INV00002639,20250129,ST002,PRD010,568,16,20,17,587,0,0,False
INV00002640,20250130,ST002,PRD010,587,22,27,30,606,0,0,False
INV00002641,20250131,ST002,PRD010,606,12,14,15,617,0,0,False
INV00002642,20250201,ST002,PRD010,617,22,23,19,643,0,0,False
INV00002643,20250202,ST002,PRD010,643,7,10,11,649,0,0,False
INV00002644,20250203,ST002,PRD010,649,11,19,16,663,0,0,False
INV00002645,20250204,ST002,PRD010,663,24,19,21,685,0,0,False
INV00002646,20250205,ST002,PRD010,685,14,26,24,701,0,0,False
INV00002647,20250206,ST002,PRD010,701,13,14,14,714,0,0,False
INV00002648,20250207,ST002,PRD010,714,12,28,23,731,0,0,False
INV00002649,20250208,ST002,PRD010,731,24,27,25,757,0,0,False
INV00002650,20250209,ST002,PRD010,757,28,34,29,790,0,0,False
INV00002651,20250210,ST002,PRD010,790,12,25,19,808,0,0,False
INV00002652,20250211,ST002,PRD010,808,7,15,13,817,0,0,False
INV00002653,20250212,ST002,PRD010,817,8,16,14,827,0,0,False
INV00002654,20250213,ST002,PRD010,827,12,22,24,837,0,0,False
INV00002655,20250214,ST002,PRD010,837,14,17,16,852,0,0,False
INV00002656,20250215,ST002,PRD010,852,13,21,18,868,0,0,False
INV00002657,20250216,ST002,PRD010,868,17,21,20,886,0,0,False
INV00002658,20250217,ST002,PRD010,886,12,13,11,900,0,0,False
INV00002659,20250218,ST002,PRD010,900,9,14,13,910,0,0,False
INV00002660,20250219,ST002,PRD010,910,8,11,10,919,0,0,False
INV00002661,20250220,ST002,PRD010,919,14,15,14,934,0,0,False
INV00002662,20250221,ST002,PRD010,934,14,14,13,949,0,0,False
INV00002663,20250222,ST002,PRD010,949,27,25,27,974,0,0,False
INV00002664,20250223,ST002,PRD010,974,17,30,29,992,0,0,False
INV00002665,20250224,ST002,PRD010,992,28,31,25,1026,0,0,False
INV00002666,20250225,ST002,PRD010,1026,7,11,10,1034,0,0,False
INV00002667,20250226,ST002,PRD010,1034,16,26,20,1056,0,0,False
INV00002668,20250227,ST002,PRD010,1056,15,19,17,1073,0,0,False
INV00002669,20250228,ST002,PRD010,1073,8,12,12,1081,0,0,False
INV00002670,20250301,ST002,PRD010,1081,33,31,28,1117,0,0,False
INV00002671,20250302,ST002,PRD010,1117,20,22,21,1138,0,0,False
INV00002672,20250303,ST002,PRD010,1138,23,32,27,1166,0,0,False
INV00002673,20250304,ST002,PRD010,1166,24,27,28,1189,0,0,False
INV00002674,20250305,ST002,PRD010,1189,9,18,17,1199,0,0,False
INV00002675,20250306,ST002,PRD010,1199,26,32,24,1233,0,0,False
INV00002676,20250307,ST002,PRD010,1233,10,17,16,1244,0,0,False
INV00002677,20250308,ST002,PRD010,1244,15,26,24,1261,0,0,False
INV00002678,20250309,ST002,PRD010,1261,31,32,30,1294,0,0,False
INV00002679,20250310,ST002,PRD010,1294,32,31,28,1329,0,0,False
INV00002680,20250311,ST002,PRD010,1329,13,12,13,1341,0,0,False
INV00002681,20250312,ST002,PRD010,1341,13,23,23,1354,0,0,False
INV00002682,20250313,ST002,PRD010,1354,23,27,23,1381,0,0,False
INV00002683,20250314,ST002,PRD010,1381,6,11,12,1386,0,0,False
INV00002684,20250315,ST002,PRD010,1386,22,18,20,1406,0,0,False
INV00002685,20250316,ST002,PRD010,1406,9,17,18,1414,0,0,False
INV00002686,20250317,ST002,PRD010,1414,8,19,15,1426,0,0,False
INV00002687,20250318,ST002,PRD010,1426,20,26,26,1446,0,0,False
INV00002688,20250319,ST002,PRD010,1446,19,21,17,1469,0,0,False
INV00002689,20250320,ST002,PRD010,1469,18,27,28,1486,0,0,False
INV00002690,20250321,ST002,PRD010,1486,29,31,25,1521,0,0,False
INV00002691,20250322,ST002,PRD010,1521,12,21,22,1532,0,0,False
INV00002692,20250323,ST002,PRD010,1532,12,13,11,1546,0,0,False
INV00002693,20250324,ST002,PRD010,1546,12,12,12,1558,0,0,False
INV00002694,20250325,ST002,PRD010,1558,21,18,22,1575,0,0,False
INV00002695,20250326,ST002,PRD010,1575,14,24,22,1591,0,0,False
INV00002696,20250327,ST002,PRD010,1591,10,15,15,1601,0,0,False
INV00002697,20250328,ST002,PRD010,1601,21,20,18,1624,0,0,False
INV00002698,20250329,ST002,PRD010,1624,20,33,27,1650,0,0,False
INV00002699,20250330,ST002,PRD010,1650,13,15,12,1666,0,0,False
INV00002700,20250331,ST002,PRD010,1666,14,20,16,1684,0,0,False
INV00002701,20250101,ST002,PRD011,13,27,42,32,50,0,0,False
INV00002702,20250102,ST002,PRD011,50,24,27,21,80,0,0,False
INV00002703,20250103,ST002,PRD011,80,13,18,20,91,0,0,False
INV00002704,20250104,ST002,PRD011,91,20,20,19,112,0,0,False
INV00002705,20250105,ST002,PRD011,112,17,17,14,132,0,0,False
INV00002706,20250106,ST002,PRD011,132,28,28,24,164,0,0,False
INV00002707,20250107,ST002,PRD011,164,21,34,38,181,0,0,False
INV00002708,20250108,ST002,PRD011,181,28,36,34,211,0,0,False
INV00002709,20250109,ST002,PRD011,211,15,26,21,231,0,0,False
INV00002710,20250110,ST002,PRD011,231,17,20,16,252,0,0,False
INV00002711,20250111,ST002,PRD011,252,28,45,39,286,0,0,False
INV00002712,20250112,ST002,PRD011,286,31,43,35,325,0,0,False
INV00002713,20250113,ST002,PRD011,325,12,24,23,338,0,0,False
INV00002714,20250114,ST002,PRD011,338,20,34,31,361,0,0,False
INV00002715,20250115,ST002,PRD011,361,14,15,16,374,0,0,False
INV00002716,20250116,ST002,PRD011,374,23,30,32,395,0,0,False
INV00002717,20250117,ST002,PRD011,395,15,18,16,412,0,0,False
INV00002718,20250118,ST002,PRD011,412,26,30,31,437,0,0,False
INV00002719,20250119,ST002,PRD011,437,18,26,20,461,0,0,False
INV00002720,20250120,ST002,PRD011,461,19,25,22,483,0,0,False
INV00002721,20250121,ST002,PRD011,483,30,32,29,516,0,0,False
INV00002722,20250122,ST002,PRD011,516,14,18,22,526,0,0,False
INV00002723,20250123,ST002,PRD011,526,20,22,18,550,0,0,False
INV00002724,20250124,ST002,PRD011,550,38,32,37,583,0,0,False
INV00002725,20250125,ST002,PRD011,583,16,27,24,602,0,0,False
INV00002726,20250126,ST002,PRD011,602,11,20,21,612,0,0,False
INV00002727,20250127,ST002,PRD011,612,16,20,20,628,0,0,False
INV00002728,20250128,ST002,PRD011,628,7,13,11,637,0,0,False
INV00002729,20250129,ST002,PRD011,637,17,23,23,654,0,0,False
INV00002730,20250130,ST002,PRD011,654,30,24,28,680,0,0,False
INV00002731,20250131,ST002,PRD011,680,23,20,21,702,0,0,False
INV00002732,20250201,ST002,PRD011,702,30,26,26,732,0,0,False
INV00002733,20250202,ST002,PRD011,732,17,37,34,752,0,0,False
INV00002734,20250203,ST002,PRD011,752,22,27,23,778,0,0,False
INV00002735,20250204,ST002,PRD011,778,31,33,28,814,0,0,False
INV00002736,20250205,ST002,PRD011,814,22,23,22,837,0,0,False
INV00002737,20250206,ST002,PRD011,837,19,36,33,859,0,0,False
INV00002738,20250207,ST002,PRD011,859,17,27,20,883,0,0,False
INV00002739,20250208,ST002,PRD011,883,19,34,29,907,0,0,False
INV00002740,20250209,ST002,PRD011,907,39,45,46,945,0,0,False
INV00002741,20250210,ST002,PRD011,945,10,15,18,952,0,0,False
INV00002742,20250211,ST002,PRD011,952,30,22,25,979,0,0,False
INV00002743,20250212,ST002,PRD011,979,30,37,30,1016,0,0,False
INV00002744,20250213,ST002,PRD011,1016,11,22,20,1029,0,0,False
INV00002745,20250214,ST002,PRD011,1029,17,16,15,1047,0,0,False
INV00002746,20250215,ST002,PRD011,1047,35,40,31,1091,0,0,False
INV00002747,20250216,ST002,PRD011,1091,16,18,18,1107,0,0,False
INV00002748,20250217,ST002,PRD011,1107,15,16,15,1123,0,0,False
INV00002749,20250218,ST002,PRD011,1123,13,18,17,1137,0,0,False
INV00002750,20250219,ST002,PRD011,1137,30,26,25,1168,0,0,False
INV00002751,20250220,ST002,PRD011,1168,17,29,31,1183,0,0,False
INV00002752,20250221,ST002,PRD011,1183,15,28,27,1199,0,0,False
INV00002753,20250222,ST002,PRD011,1199,9,14,15,1207,0,0,False
INV00002754,20250223,ST002,PRD011,1207,19,21,18,1229,0,0,False
INV00002755,20250224,ST002,PRD011,1229,12,26,22,1245,0,0,False
INV00002756,20250225,ST002,PRD011,1245,18,25,20,1268,0,0,False
INV00002757,20250226,ST002,PRD011,1268,20,24,25,1287,0,0,False
INV00002758,20250227,ST002,PRD011,1287,31,33,26,1325,0,0,False
INV00002759,20250228,ST002,PRD011,1325,8,11,12,1332,0,0,False
INV00002760,20250301,ST002,PRD011,1332,15,26,22,1351,0,0,False
INV00002761,20250302,ST002,PRD011,1351,34,61,47,1399,0,0,False
INV00002762,20250303,ST002,PRD011,1399,14,13,13,1413,0,0,False
INV00002763,20250304,ST002,PRD011,1413,36,32,36,1445,0,0,False
INV00002764,20250305,ST002,PRD011,1445,30,33,30,1478,0,0,False
INV00002765,20250306,ST002,PRD011,1478,12,18,16,1492,0,0,False
INV00002766,20250307,ST002,PRD011,1492,18,33,26,1517,0,0,False
INV00002767,20250308,ST002,PRD011,1517,20,36,36,1537,0,0,False
INV00002768,20250309,ST002,PRD011,1537,22,35,34,1560,0,0,False
INV00002769,20250310,ST002,PRD011,1560,28,26,27,1587,0,0,False
INV00002770,20250311,ST002,PRD011,1587,18,21,20,1606,0,0,False
INV00002771,20250312,ST002,PRD011,1606,7,11,11,1613,0,0,False
INV00002772,20250313,ST002,PRD011,1613,11,16,18,1622,0,0,False
INV00002773,20250314,ST002,PRD011,1622,20,22,24,1640,0,0,False
INV00002774,20250315,ST002,PRD011,1640,15,20,19,1656,0,0,False
INV00002775,20250316,ST002,PRD011,1656,20,28,23,1681,0,0,False
INV00002776,20250317,ST002,PRD011,1681,34,29,29,1715,0,0,False
INV00002777,20250318,ST002,PRD011,1715,15,25,24,1731,0,0,False
INV00002778,20250319,ST002,PRD011,1731,22,29,31,1751,0,0,False
INV00002779,20250320,ST002,PRD011,1751,11,20,16,1766,0,0,False
INV00002780,20250321,ST002,PRD011,1766,9,17,15,1777,0,0,False
INV00002781,20250322,ST002,PRD011,1777,21,32,35,1795,0,0,False
INV00002782,20250323,ST002,PRD011,1795,25,26,25,1821,0,0,False
INV00002783,20250324,ST002,PRD011,1821,33,31,31,1854,0,0,False
INV00002784,20250325,ST002,PRD011,1854,15,17,15,1871,0,0,False
INV00002785,20250326,ST002,PRD011,1871,16,32,31,1888,0,0,False
INV00002786,20250327,ST002,PRD011,1888,28,34,26,1924,0,0,False
INV00002787,20250328,ST002,PRD011,1924,15,25,21,1943,0,0,False
INV00002788,20250329,ST002,PRD011,1943,11,20,19,1955,0,0,False
INV00002789,20250330,ST002,PRD011,1955,26,53,39,1995,0,0,False
INV00002790,20250331,ST002,PRD011,1995,13,23,18,2013,0,0,False
INV00002791,20250101,ST002,PRD012,26,24,51,45,56,0,0,False
INV00002792,20250102,ST002,PRD012,56,12,17,17,68,0,0,False
INV00002793,20250103,ST002,PRD012,68,17,15,16,84,0,0,False
INV00002794,20250104,ST002,PRD012,84,20,39,32,111,0,0,False
INV00002795,20250105,ST002,PRD012,111,31,33,27,148,0,0,False
INV00002796,20250106,ST002,PRD012,148,35,29,32,180,0,0,False
INV00002797,20250107,ST002,PRD012,180,22,24,25,201,0,0,False
INV00002798,20250108,ST002,PRD012,201,18,24,20,223,0,0,False
INV00002799,20250109,ST002,PRD012,223,10,17,18,232,0,0,False
INV00002800,20250110,ST002,PRD012,232,14,23,25,244,0,0,False
INV00002801,20250111,ST002,PRD012,244,46,45,44,291,0,0,False
INV00002802,20250112,ST002,PRD012,291,20,40,34,317,0,0,False
INV00002803,20250113,ST002,PRD012,317,7,12,12,324,0,0,False
INV00002804,20250114,ST002,PRD012,324,21,24,20,349,0,0,False
INV00002805,20250115,ST002,PRD012,349,26,40,39,376,0,0,False
INV00002806,20250116,ST002,PRD012,376,22,33,35,396,0,0,False
INV00002807,20250117,ST002,PRD012,396,27,38,34,427,0,0,False
INV00002808,20250118,ST002,PRD012,427,53,66,54,492,0,0,False
INV00002809,20250119,ST002,PRD012,492,35,36,30,533,0,0,False
INV00002810,20250120,ST002,PRD012,533,25,47,45,560,0,0,False
INV00002811,20250121,ST002,PRD012,560,17,17,19,575,0,0,False
INV00002812,20250122,ST002,PRD012,575,48,55,42,636,0,0,False
INV00002813,20250123,ST002,PRD012,636,20,47,36,667,0,0,False
INV00002814,20250124,ST002,PRD012,667,29,25,24,697,0,0,False
INV00002815,20250125,ST002,PRD012,697,13,24,20,714,0,0,False
INV00002816,20250126,ST002,PRD012,714,20,25,21,738,0,0,False
INV00002817,20250127,ST002,PRD012,738,23,22,22,761,0,0,False
INV00002818,20250128,ST002,PRD012,761,14,24,25,774,0,0,False
INV00002819,20250129,ST002,PRD012,774,33,34,30,811,0,0,False
INV00002820,20250130,ST002,PRD012,811,17,14,16,826,0,0,False
INV00002821,20250131,ST002,PRD012,826,16,32,28,846,0,0,False
INV00002822,20250201,ST002,PRD012,846,28,28,24,878,0,0,False
INV00002823,20250202,ST002,PRD012,878,18,29,34,891,0,0,False
INV00002824,20250203,ST002,PRD012,891,39,32,34,928,0,0,False
INV00002825,20250204,ST002,PRD012,928,18,26,22,950,0,0,False
INV00002826,20250205,ST002,PRD012,950,17,20,17,970,0,0,False
INV00002827,20250206,ST002,PRD012,970,25,32,29,998,0,0,False
INV00002828,20250207,ST002,PRD012,998,25,43,32,1034,0,0,False
INV00002829,20250208,ST002,PRD012,1034,15,23,19,1053,0,0,False
INV00002830,20250209,ST002,PRD012,1053,14,17,19,1065,0,0,False
INV00002831,20250210,ST002,PRD012,1065,23,18,20,1086,0,0,False
INV00002832,20250211,ST002,PRD012,1086,23,36,33,1112,0,0,False
INV00002833,20250212,ST002,PRD012,1112,24,31,30,1137,0,0,False
INV00002834,20250213,ST002,PRD012,1137,14,22,24,1149,0,0,False
INV00002835,20250214,ST002,PRD012,1149,30,36,32,1183,0,0,False
INV00002836,20250215,ST002,PRD012,1183,21,21,23,1202,0,0,False
INV00002837,20250216,ST002,PRD012,1202,36,48,38,1248,0,0,False
INV00002838,20250217,ST002,PRD012,1248,13,16,15,1262,0,0,False
INV00002839,20250218,ST002,PRD012,1262,20,23,18,1287,0,0,False
INV00002840,20250219,ST002,PRD012,1287,23,29,27,1312,0,0,False
INV00002841,20250220,ST002,PRD012,1312,17,35,31,1333,0,0,False
INV00002842,20250221,ST002,PRD012,1333,25,31,32,1357,0,0,False
INV00002843,20250222,ST002,PRD012,1357,27,37,34,1387,0,0,False
INV00002844,20250223,ST002,PRD012,1387,28,32,30,1417,0,0,False
INV00002845,20250224,ST002,PRD012,1417,38,40,36,1459,0,0,False
INV00002846,20250225,ST002,PRD012,1459,17,25,25,1476,0,0,False
INV00002847,20250226,ST002,PRD012,1476,41,40,34,1523,0,0,False
INV00002848,20250227,ST002,PRD012,1523,29,35,33,1554,0,0,False
INV00002849,20250228,ST002,PRD012,1554,9,18,18,1563,0,0,False
INV00002850,20250301,ST002,PRD012,1563,25,37,32,1593,0,0,False
INV00002851,20250302,ST002,PRD012,1593,25,31,25,1624,0,0,False
INV00002852,20250303,ST002,PRD012,1624,21,24,25,1644,0,0,False
INV00002853,20250304,ST002,PRD012,1644,25,25,24,1670,0,0,False
INV00002854,20250305,ST002,PRD012,1670,28,36,38,1696,0,0,False
INV00002855,20250306,ST002,PRD012,1696,26,27,29,1720,0,0,False
INV00002856,20250307,ST002,PRD012,1720,12,18,16,1734,0,0,False
INV00002857,20250308,ST002,PRD012,1734,18,24,26,1750,0,0,False
INV00002858,20250309,ST002,PRD012,1750,15,30,28,1767,0,0,False
INV00002859,20250310,ST002,PRD012,1767,22,21,24,1786,0,0,False
INV00002860,20250311,ST002,PRD012,1786,10,23,20,1799,0,0,False
INV00002861,20250312,ST002,PRD012,1799,35,34,33,1835,0,0,False
INV00002862,20250313,ST002,PRD012,1835,19,31,27,1858,0,0,False
INV00002863,20250314,ST002,PRD012,1858,29,33,27,1893,0,0,False
INV00002864,20250315,ST002,PRD012,1893,31,35,37,1922,0,0,False
INV00002865,20250316,ST002,PRD012,1922,18,24,24,1940,0,0,False
INV00002866,20250317,ST002,PRD012,1940,29,28,32,1965,0,0,False
INV00002867,20250318,ST002,PRD012,1965,15,26,22,1984,0,0,False
INV00002868,20250319,ST002,PRD012,1984,11,18,18,1995,0,0,False
INV00002869,20250320,ST002,PRD012,1995,16,28,24,2015,0,0,False
INV00002870,20250321,ST002,PRD012,2015,13,18,20,2026,0,0,False
INV00002871,20250322,ST002,PRD012,2026,23,28,26,2051,0,0,False
INV00002872,20250323,ST002,PRD012,2051,17,14,16,2066,0,0,False
INV00002873,20250324,ST002,PRD012,2066,39,37,38,2104,0,0,False
INV00002874,20250325,ST002,PRD012,2104,31,39,30,2144,0,0,False
INV00002875,20250326,ST002,PRD012,2144,40,32,34,2182,0,0,False
INV00002876,20250327,ST002,PRD012,2182,22,22,24,2202,0,0,False
INV00002877,20250328,ST002,PRD012,2202,42,38,35,2247,0,0,False
INV00002878,20250329,ST002,PRD012,2247,33,53,43,2290,0,0,False
INV00002879,20250330,ST002,PRD012,2290,37,36,32,2331,0,0,False
INV00002880,20250331,ST002,PRD012,2331,19,18,16,2352,0,0,False
INV00002881,20250101,ST002,PRD013,15,14,28,22,35,0,0,False
INV00002882,20250102,ST002,PRD013,35,19,26,21,59,0,0,False
INV00002883,20250103,ST002,PRD013,59,35,34,33,95,0,0,False
INV00002884,20250104,ST002,PRD013,95,32,39,32,134,0,0,False
INV00002885,20250105,ST002,PRD013,134,26,21,23,158,0,0,False
INV00002886,20250106,ST002,PRD013,158,12,21,24,167,0,0,False
INV00002887,20250107,ST002,PRD013,167,20,21,20,188,0,0,False
INV00002888,20250108,ST002,PRD013,188,35,27,30,220,0,0,False
INV00002889,20250109,ST002,PRD013,220,17,22,19,240,0,0,False
INV00002890,20250110,ST002,PRD013,240,20,19,22,257,0,0,False
INV00002891,20250111,ST002,PRD013,257,25,39,39,282,0,0,False
INV00002892,20250112,ST002,PRD013,282,42,34,35,323,0,0,False
INV00002893,20250113,ST002,PRD013,323,22,24,20,349,0,0,False
INV00002894,20250114,ST002,PRD013,349,32,43,38,386,0,0,False
INV00002895,20250115,ST002,PRD013,386,21,28,30,405,0,0,False
INV00002896,20250116,ST002,PRD013,405,20,26,24,427,0,0,False
INV00002897,20250117,ST002,PRD013,427,20,46,36,457,0,0,False
INV00002898,20250118,ST002,PRD013,457,19,34,28,482,0,0,False
INV00002899,20250119,ST002,PRD013,482,22,40,34,510,0,0,False
INV00002900,20250120,ST002,PRD013,510,26,35,30,541,0,0,False
INV00002901,20250121,ST002,PRD013,541,17,33,33,558,0,0,False
INV00002902,20250122,ST002,PRD013,558,24,21,21,582,0,0,False
INV00002903,20250123,ST002,PRD013,582,15,21,23,595,0,0,False
INV00002904,20250124,ST002,PRD013,595,17,27,28,611,0,0,False
INV00002905,20250125,ST002,PRD013,611,34,38,34,649,0,0,False
INV00002906,20250126,ST002,PRD013,649,33,31,29,684,0,0,False
INV00002907,20250127,ST002,PRD013,684,32,33,29,720,0,0,False
INV00002908,20250128,ST002,PRD013,720,13,22,18,737,0,0,False
INV00002909,20250129,ST002,PRD013,737,12,28,24,753,0,0,False
INV00002910,20250130,ST002,PRD013,753,24,25,26,776,0,0,False
INV00002911,20250131,ST002,PRD013,776,19,21,17,799,0,0,False
INV00002912,20250201,ST002,PRD013,799,50,45,48,846,0,0,False
INV00002913,20250202,ST002,PRD013,846,50,54,46,904,0,0,False
INV00002914,20250203,ST002,PRD013,904,31,31,28,938,0,0,False
INV00002915,20250204,ST002,PRD013,938,26,27,22,969,0,0,False
INV00002916,20250205,ST002,PRD013,969,23,36,30,998,0,0,False
INV00002917,20250206,ST002,PRD013,998,34,33,29,1036,0,0,False
INV00002918,20250207,ST002,PRD013,1036,18,27,23,1058,0,0,False
INV00002919,20250208,ST002,PRD013,1058,27,54,47,1092,0,0,False
INV00002920,20250209,ST002,PRD013,1092,18,23,25,1108,0,0,False
INV00002921,20250210,ST002,PRD013,1108,13,21,21,1121,0,0,False
INV00002922,20250211,ST002,PRD013,1121,18,35,29,1145,0,0,False
INV00002923,20250212,ST002,PRD013,1145,36,29,31,1179,0,0,False
INV00002924,20250213,ST002,PRD013,1179,22,26,21,1206,0,0,False
INV00002925,20250214,ST002,PRD013,1206,32,28,27,1239,0,0,False
INV00002926,20250215,ST002,PRD013,1239,18,25,19,1263,0,0,False
INV00002927,20250216,ST002,PRD013,1263,18,30,29,1282,0,0,False
INV00002928,20250217,ST002,PRD013,1282,46,45,39,1334,0,0,False
INV00002929,20250218,ST002,PRD013,1334,15,16,15,1350,0,0,False
INV00002930,20250219,ST002,PRD013,1350,45,41,39,1397,0,0,False
INV00002931,20250220,ST002,PRD013,1397,32,26,30,1425,0,0,False
INV00002932,20250221,ST002,PRD013,1425,9,13,13,1434,0,0,False
INV00002933,20250222,ST002,PRD013,1434,42,46,46,1476,0,0,False
INV00002934,20250223,ST002,PRD013,1476,17,31,27,1497,0,0,False
INV00002935,20250224,ST002,PRD013,1497,24,32,34,1519,0,0,False
INV00002936,20250225,ST002,PRD013,1519,29,28,30,1546,0,0,False
INV00002937,20250226,ST002,PRD013,1546,18,31,30,1565,0,0,False
INV00002938,20250227,ST002,PRD013,1565,33,33,33,1598,0,0,False
INV00002939,20250228,ST002,PRD013,1598,23,24,20,1625,0,0,False
INV00002940,20250301,ST002,PRD013,1625,55,42,47,1675,0,0,False
INV00002941,20250302,ST002,PRD013,1675,36,43,46,1708,0,0,False
INV00002942,20250303,ST002,PRD013,1708,31,32,26,1745,0,0,False
INV00002943,20250304,ST002,PRD013,1745,42,45,36,1796,0,0,False
INV00002944,20250305,ST002,PRD013,1796,9,20,17,1808,0,0,False
INV00002945,20250306,ST002,PRD013,1808,30,30,33,1835,0,0,False
INV00002946,20250307,ST002,PRD013,1835,38,41,33,1881,0,0,False
INV00002947,20250308,ST002,PRD013,1881,32,34,27,1920,0,0,False
INV00002948,20250309,ST002,PRD013,1920,12,18,19,1931,0,0,False
INV00002949,20250310,ST002,PRD013,1931,40,50,45,1976,0,0,False
INV00002950,20250311,ST002,PRD013,1976,24,20,21,1999,0,0,False
INV00002951,20250312,ST002,PRD013,1999,13,23,21,2014,0,0,False
INV00002952,20250313,ST002,PRD013,2014,18,23,18,2037,0,0,False
INV00002953,20250314,ST002,PRD013,2037,26,49,39,2073,0,0,False
INV00002954,20250315,ST002,PRD013,2073,29,30,24,2108,0,0,False
INV00002955,20250316,ST002,PRD013,2108,26,46,42,2138,0,0,False
INV00002956,20250317,ST002,PRD013,2138,40,40,36,2182,0,0,False
INV00002957,20250318,ST002,PRD013,2182,26,45,46,2207,0,0,False
INV00002958,20250319,ST002,PRD013,2207,34,38,34,2245,0,0,False
INV00002959,20250320,ST002,PRD013,2245,24,23,25,2267,0,0,False
INV00002960,20250321,ST002,PRD013,2267,28,25,25,2295,0,0,False
INV00002961,20250322,ST002,PRD013,2295,29,48,36,2336,0,0,False
INV00002962,20250323,ST002,PRD013,2336,34,58,50,2378,0,0,False
INV00002963,20250324,ST002,PRD013,2378,16,22,23,2393,0,0,False
INV00002964,20250325,ST002,PRD013,2393,15,27,27,2408,0,0,False
INV00002965,20250326,ST002,PRD013,2408,20,31,29,2430,0,0,False
INV00002966,20250327,ST002,PRD013,2430,17,34,29,2452,0,0,False
INV00002967,20250328,ST002,PRD013,2452,9,20,18,2463,0,0,False
INV00002968,20250329,ST002,PRD013,2463,30,43,39,2497,0,0,False
INV00002969,20250330,ST002,PRD013,2497,39,46,39,2543,0,0,False
INV00002970,20250331,ST002,PRD013,2543,25,21,21,2568,0,0,False
INV00002971,20250101,ST002,PRD014,23,22,23,26,42,0,0,False
INV00002972,20250102,ST002,PRD014,42,19,30,25,66,0,0,False
INV00002973,20250103,ST002,PRD014,66,23,26,26,89,0,0,False
INV00002974,20250104,ST002,PRD014,89,21,42,37,115,0,0,False
INV00002975,20250105,ST002,PRD014,115,20,23,24,134,0,0,False
INV00002976,20250106,ST002,PRD014,134,33,34,30,171,0,0,False
INV00002977,20250107,ST002,PRD014,171,31,33,32,203,0,0,False
INV00002978,20250108,ST002,PRD014,203,32,42,33,244,0,0,False
INV00002979,20250109,ST002,PRD014,244,12,22,20,258,0,0,False
INV00002980,20250110,ST002,PRD014,258,14,25,26,271,0,0,False
INV00002981,20250111,ST002,PRD014,271,33,33,30,307,0,0,False
INV00002982,20250112,ST002,PRD014,307,11,20,16,322,0,0,False
INV00002983,20250113,ST002,PRD014,322,20,37,28,351,0,0,False
INV00002984,20250114,ST002,PRD014,351,19,14,16,368,0,0,False
INV00002985,20250115,ST002,PRD014,368,11,21,20,380,0,0,False
INV00002986,20250116,ST002,PRD014,380,9,14,14,389,0,0,False
INV00002987,20250117,ST002,PRD014,389,18,27,24,410,0,0,False
INV00002988,20250118,ST002,PRD014,410,22,26,22,436,0,0,False
INV00002989,20250119,ST002,PRD014,436,21,28,24,461,0,0,False
INV00002990,20250120,ST002,PRD014,461,27,20,24,484,0,0,False
INV00002991,20250121,ST002,PRD014,484,15,31,27,503,0,0,False
INV00002992,20250122,ST002,PRD014,503,28,33,31,533,0,0,False
INV00002993,20250123,ST002,PRD014,533,20,26,21,558,0,0,False
INV00002994,20250124,ST002,PRD014,558,16,21,19,576,0,0,False
INV00002995,20250125,ST002,PRD014,576,16,29,30,591,0,0,False
INV00002996,20250126,ST002,PRD014,591,31,31,27,626,0,0,False
INV00002997,20250127,ST002,PRD014,626,19,31,31,645,0,0,False
INV00002998,20250128,ST002,PRD014,645,28,27,25,675,0,0,False
INV00002999,20250129,ST002,PRD014,675,12,18,19,686,0,0,False
INV00003000,20250130,ST002,PRD014,686,7,10,12,691,0,0,False
INV00003001,20250131,ST002,PRD014,691,10,13,15,699,0,0,False
INV00003002,20250201,ST002,PRD014,699,13,22,21,713,0,0,False
INV00003003,20250202,ST002,PRD014,713,33,42,33,755,0,0,False
INV00003004,20250203,ST002,PRD014,755,23,23,23,778,0,0,False
INV00003005,20250204,ST002,PRD014,778,15,16,15,794,0,0,False
INV00003006,20250205,ST002,PRD014,794,11,19,16,808,0,0,False
INV00003007,20250206,ST002,PRD014,808,24,39,34,837,0,0,False
INV00003008,20250207,ST002,PRD014,837,19,28,29,855,0,0,False
INV00003009,20250208,ST002,PRD014,855,22,44,42,879,0,0,False
INV00003010,20250209,ST002,PRD014,879,23,33,25,910,0,0,False
INV00003011,20250210,ST002,PRD014,910,42,43,39,956,0,0,False
INV00003012,20250211,ST002,PRD014,956,18,29,30,973,0,0,False
INV00003013,20250212,ST002,PRD014,973,14,22,19,990,0,0,False
INV00003014,20250213,ST002,PRD014,990,20,29,25,1014,0,0,False
INV00003015,20250214,ST002,PRD014,1014,16,24,22,1032,0,0,False
INV00003016,20250215,ST002,PRD014,1032,31,34,32,1065,0,0,False
INV00003017,20250216,ST002,PRD014,1065,17,23,19,1086,0,0,False
INV00003018,20250217,ST002,PRD014,1086,13,26,20,1105,0,0,False
INV00003019,20250218,ST002,PRD014,1105,15,28,28,1120,0,0,False
INV00003020,20250219,ST002,PRD014,1120,16,29,26,1139,0,0,False
INV00003021,20250220,ST002,PRD014,1139,12,17,17,1151,0,0,False
INV00003022,20250221,ST002,PRD014,1151,20,37,36,1172,0,0,False
INV00003023,20250222,ST002,PRD014,1172,48,44,44,1220,0,0,False
INV00003024,20250223,ST002,PRD014,1220,19,34,26,1247,0,0,False
INV00003025,20250224,ST002,PRD014,1247,23,26,29,1267,0,0,False
INV00003026,20250225,ST002,PRD014,1267,20,25,24,1288,0,0,False
INV00003027,20250226,ST002,PRD014,1288,25,31,26,1318,0,0,False
INV00003028,20250227,ST002,PRD014,1318,10,16,18,1326,0,0,False
INV00003029,20250228,ST002,PRD014,1326,20,22,23,1345,0,0,False
INV00003030,20250301,ST002,PRD014,1345,14,23,22,1360,0,0,False
INV00003031,20250302,ST002,PRD014,1360,34,38,30,1402,0,0,False
INV00003032,20250303,ST002,PRD014,1402,22,35,29,1430,0,0,False
INV00003033,20250304,ST002,PRD014,1430,16,18,20,1444,0,0,False
INV00003034,20250305,ST002,PRD014,1444,10,15,14,1455,0,0,False
INV00003035,20250306,ST002,PRD014,1455,19,27,23,1478,0,0,False
INV00003036,20250307,ST002,PRD014,1478,26,46,39,1511,0,0,False
INV00003037,20250308,ST002,PRD014,1511,17,25,24,1529,0,0,False
INV00003038,20250309,ST002,PRD014,1529,11,23,20,1543,0,0,False
INV00003039,20250310,ST002,PRD014,1543,14,16,14,1559,0,0,False
INV00003040,20250311,ST002,PRD014,1559,24,24,25,1582,0,0,False
INV00003041,20250312,ST002,PRD014,1582,16,34,29,1603,0,0,False
INV00003042,20250313,ST002,PRD014,1603,18,21,24,1618,0,0,False
INV00003043,20250314,ST002,PRD014,1618,11,16,12,1633,0,0,False
INV00003044,20250315,ST002,PRD014,1633,28,28,24,1665,0,0,False
INV00003045,20250316,ST002,PRD014,1665,14,19,15,1683,0,0,False
INV00003046,20250317,ST002,PRD014,1683,34,46,38,1725,0,0,False
INV00003047,20250318,ST002,PRD014,1725,24,24,22,1751,0,0,False
INV00003048,20250319,ST002,PRD014,1751,34,33,32,1786,0,0,False
INV00003049,20250320,ST002,PRD014,1786,10,16,13,1799,0,0,False
INV00003050,20250321,ST002,PRD014,1799,19,27,22,1823,0,0,False
INV00003051,20250322,ST002,PRD014,1823,46,56,42,1883,0,0,False
INV00003052,20250323,ST002,PRD014,1883,23,36,28,1914,0,0,False
INV00003053,20250324,ST002,PRD014,1914,22,22,20,1938,0,0,False
INV00003054,20250325,ST002,PRD014,1938,16,17,19,1952,0,0,False
INV00003055,20250326,ST002,PRD014,1952,15,31,27,1971,0,0,False
INV00003056,20250327,ST002,PRD014,1971,34,27,30,2002,0,0,False
INV00003057,20250328,ST002,PRD014,2002,15,13,15,2015,0,0,False
INV00003058,20250329,ST002,PRD014,2015,16,20,19,2032,0,0,False
INV00003059,20250330,ST002,PRD014,2032,20,21,18,2055,0,0,False
INV00003060,20250331,ST002,PRD014,2055,16,18,15,2074,0,0,False
INV00003061,20250101,ST002,PRD015,29,24,39,40,52,0,0,False
INV00003062,20250102,ST002,PRD015,52,42,38,36,96,0,0,False
INV00003063,20250103,ST002,PRD015,96,26,35,32,125,0,0,False
INV00003064,20250104,ST002,PRD015,125,63,58,54,192,0,0,False
INV00003065,20250105,ST002,PRD015,192,12,18,19,203,0,0,False
INV00003066,20250106,ST002,PRD015,203,16,26,24,221,0,0,False
INV00003067,20250107,ST002,PRD015,221,16,24,25,236,0,0,False
INV00003068,20250108,ST002,PRD015,236,15,35,29,257,0,0,False
INV00003069,20250109,ST002,PRD015,257,17,34,30,278,0,0,False
INV00003070,20250110,ST002,PRD015,278,40,38,41,315,0,0,False
INV00003071,20250111,ST002,PRD015,315,15,23,24,329,0,0,False
INV00003072,20250112,ST002,PRD015,329,22,24,20,355,0,0,False
INV00003073,20250113,ST002,PRD015,355,14,24,23,370,0,0,False
INV00003074,20250114,ST002,PRD015,370,16,20,18,388,0,0,False
INV00003075,20250115,ST002,PRD015,388,12,18,16,402,0,0,False
INV00003076,20250116,ST002,PRD015,402,48,61,48,463,0,0,False
INV00003077,20250117,ST002,PRD015,463,50,61,47,527,0,0,False
INV00003078,20250118,ST002,PRD015,527,18,31,32,544,0,0,False
INV00003079,20250119,ST002,PRD015,544,36,51,41,590,0,0,False
INV00003080,20250120,ST002,PRD015,590,19,21,21,609,0,0,False
INV00003081,20250121,ST002,PRD015,609,23,23,21,634,0,0,False
INV00003082,20250122,ST002,PRD015,634,31,42,36,671,0,0,False
INV00003083,20250123,ST002,PRD015,671,38,30,33,706,0,0,False
INV00003084,20250124,ST002,PRD015,706,14,24,28,716,0,0,False
INV00003085,20250125,ST002,PRD015,716,51,56,52,771,0,0,False
INV00003086,20250126,ST002,PRD015,771,28,38,31,806,0,0,False
INV00003087,20250127,ST002,PRD015,806,20,21,19,828,0,0,False
INV00003088,20250128,ST002,PRD015,828,16,35,28,851,0,0,False
INV00003089,20250129,ST002,PRD015,851,16,31,26,872,0,0,False
INV00003090,20250130,ST002,PRD015,872,17,19,19,889,0,0,False
INV00003091,20250131,ST002,PRD015,889,15,21,17,908,0,0,False
INV00003092,20250201,ST002,PRD015,908,42,42,36,956,0,0,False
INV00003093,20250202,ST002,PRD015,956,19,42,34,983,0,0,False
INV00003094,20250203,ST002,PRD015,983,20,34,35,1002,0,0,False
INV00003095,20250204,ST002,PRD015,1002,24,20,23,1023,0,0,False
INV00003096,20250205,ST002,PRD015,1023,19,22,18,1046,0,0,False
INV00003097,20250206,ST002,PRD015,1046,19,17,17,1065,0,0,False
INV00003098,20250207,ST002,PRD015,1065,50,52,45,1122,0,0,False
INV00003099,20250208,ST002,PRD015,1122,47,45,42,1172,0,0,False
INV00003100,20250209,ST002,PRD015,1172,29,38,42,1197,0,0,False
INV00003101,20250210,ST002,PRD015,1197,37,41,39,1236,0,0,False
INV00003102,20250211,ST002,PRD015,1236,15,19,17,1253,0,0,False
INV00003103,20250212,ST002,PRD015,1253,21,25,25,1274,0,0,False
INV00003104,20250213,ST002,PRD015,1274,13,26,21,1292,0,0,False
INV00003105,20250214,ST002,PRD015,1292,23,35,30,1320,0,0,False
INV00003106,20250215,ST002,PRD015,1320,20,22,21,1341,0,0,False
INV00003107,20250216,ST002,PRD015,1341,38,39,39,1379,0,0,False
INV00003108,20250217,ST002,PRD015,1379,14,16,18,1391,0,0,False
INV00003109,20250218,ST002,PRD015,1391,25,38,32,1422,0,0,False
INV00003110,20250219,ST002,PRD015,1422,20,17,18,1441,0,0,False
INV00003111,20250220,ST002,PRD015,1441,33,38,34,1478,0,0,False
INV00003112,20250221,ST002,PRD015,1478,12,24,22,1492,0,0,False
INV00003113,20250222,ST002,PRD015,1492,22,26,27,1513,0,0,False
INV00003114,20250223,ST002,PRD015,1513,17,29,25,1534,0,0,False
INV00003115,20250224,ST002,PRD015,1534,16,21,21,1550,0,0,False
INV00003116,20250225,ST002,PRD015,1550,21,37,29,1579,0,0,False
INV00003117,20250226,ST002,PRD015,1579,39,47,37,1628,0,0,False
INV00003118,20250227,ST002,PRD015,1628,16,23,22,1645,0,0,False
INV00003119,20250228,ST002,PRD015,1645,32,36,29,1684,0,0,False
INV00003120,20250301,ST002,PRD015,1684,35,31,32,1718,0,0,False
INV00003121,20250302,ST002,PRD015,1718,16,18,16,1736,0,0,False
INV00003122,20250303,ST002,PRD015,1736,30,33,25,1774,0,0,False
INV00003123,20250304,ST002,PRD015,1774,21,36,32,1799,0,0,False
INV00003124,20250305,ST002,PRD015,1799,19,34,27,1825,0,0,False
INV00003125,20250306,ST002,PRD015,1825,36,34,35,1860,0,0,False
INV00003126,20250307,ST002,PRD015,1860,28,23,27,1884,0,0,False
INV00003127,20250308,ST002,PRD015,1884,11,18,15,1898,0,0,False
INV00003128,20250309,ST002,PRD015,1898,25,29,25,1927,0,0,False
INV00003129,20250310,ST002,PRD015,1927,25,33,27,1958,0,0,False
INV00003130,20250311,ST002,PRD015,1958,23,47,40,1988,0,0,False
INV00003131,20250312,ST002,PRD015,1988,28,41,34,2023,0,0,False
INV00003132,20250313,ST002,PRD015,2023,22,21,19,2047,0,0,False
INV00003133,20250314,ST002,PRD015,2047,12,17,15,2061,0,0,False
INV00003134,20250315,ST002,PRD015,2061,31,33,37,2088,0,0,False
INV00003135,20250316,ST002,PRD015,2088,23,31,27,2115,0,0,False
INV00003136,20250317,ST002,PRD015,2115,22,35,29,2143,0,0,False
INV00003137,20250318,ST002,PRD015,2143,10,18,18,2153,0,0,False
INV00003138,20250319,ST002,PRD015,2153,42,39,40,2194,0,0,False
INV00003139,20250320,ST002,PRD015,2194,8,15,15,2202,0,0,False
INV00003140,20250321,ST002,PRD015,2202,37,38,37,2240,0,0,False
INV00003141,20250322,ST002,PRD015,2240,20,25,25,2260,0,0,False
INV00003142,20250323,ST002,PRD015,2260,36,40,34,2302,0,0,False
INV00003143,20250324,ST002,PRD015,2302,32,43,37,2340,0,0,False
INV00003144,20250325,ST002,PRD015,2340,31,41,34,2378,0,0,False
INV00003145,20250326,ST002,PRD015,2378,17,27,28,2394,0,0,False
INV00003146,20250327,ST002,PRD015,2394,24,21,22,2417,0,0,False
INV00003147,20250328,ST002,PRD015,2417,13,17,20,2427,0,0,False
INV00003148,20250329,ST002,PRD015,2427,8,19,15,2439,0,0,False
INV00003149,20250330,ST002,PRD015,2439,29,70,56,2482,0,0,False
INV00003150,20250331,ST002,PRD015,2482,16,30,29,2499,0,0,False
INV00003151,20250101,ST002,PRD016,21,13,13,13,34,0,0,False
INV00003152,20250102,ST002,PRD016,34,5,8,7,40,0,0,False
INV00003153,20250103,ST002,PRD016,40,17,17,16,58,0,0,False
INV00003154,20250104,ST002,PRD016,58,14,17,16,73,0,0,False
INV00003155,20250105,ST002,PRD016,73,14,17,15,89,0,0,False
INV00003156,20250106,ST002,PRD016,89,9,16,15,99,0,0,False
INV00003157,20250107,ST002,PRD016,99,6,11,11,105,0,0,False
INV00003158,20250108,ST002,PRD016,105,14,25,19,125,0,0,False
INV00003159,20250109,ST002,PRD016,125,18,22,20,145,0,0,False
INV00003160,20250110,ST002,PRD016,145,16,32,25,168,0,0,False
INV00003161,20250111,ST002,PRD016,168,14,14,13,183,0,0,False
INV00003162,20250112,ST002,PRD016,183,19,23,21,204,0,0,False
INV00003163,20250113,ST002,PRD016,204,7,10,9,212,0,0,False
INV00003164,20250114,ST002,PRD016,212,13,21,21,225,0,0,False
INV00003165,20250115,ST002,PRD016,225,18,20,16,247,0,0,False
INV00003166,20250116,ST002,PRD016,247,16,18,16,265,0,0,False
INV00003167,20250117,ST002,PRD016,265,27,24,27,289,0,0,False
INV00003168,20250118,ST002,PRD016,289,14,19,20,302,0,0,False
INV00003169,20250119,ST002,PRD016,302,15,18,19,316,0,0,False
INV00003170,20250120,ST002,PRD016,316,8,14,13,325,0,0,False
INV00003171,20250121,ST002,PRD016,325,15,20,17,343,0,0,False
INV00003172,20250122,ST002,PRD016,343,19,18,16,364,0,0,False
INV00003173,20250123,ST002,PRD016,364,19,22,17,388,0,0,False
INV00003174,20250124,ST002,PRD016,388,11,13,12,400,0,0,False
INV00003175,20250125,ST002,PRD016,400,23,28,24,427,0,0,False
INV00003176,20250126,ST002,PRD016,427,8,11,11,435,0,0,False
INV00003177,20250127,ST002,PRD016,435,10,15,13,447,0,0,False
INV00003178,20250128,ST002,PRD016,447,7,13,14,453,0,0,False
INV00003179,20250129,ST002,PRD016,453,10,9,10,462,0,0,False
INV00003180,20250130,ST002,PRD016,462,21,20,20,483,0,0,False
INV00003181,20250131,ST002,PRD016,483,4,6,7,486,0,0,False
INV00003182,20250201,ST002,PRD016,486,27,26,24,515,0,0,False
INV00003183,20250202,ST002,PRD016,515,13,16,14,530,0,0,False
INV00003184,20250203,ST002,PRD016,530,14,18,15,547,0,0,False
INV00003185,20250204,ST002,PRD016,547,8,17,15,557,0,0,False
INV00003186,20250205,ST002,PRD016,557,11,17,16,569,0,0,False
INV00003187,20250206,ST002,PRD016,569,16,13,15,583,0,0,False
INV00003188,20250207,ST002,PRD016,583,8,11,11,591,0,0,False
INV00003189,20250208,ST002,PRD016,591,18,17,15,611,0,0,False
INV00003190,20250209,ST002,PRD016,611,20,24,21,634,0,0,False
INV00003191,20250210,ST002,PRD016,634,14,20,18,650,0,0,False
INV00003192,20250211,ST002,PRD016,650,13,17,17,663,0,0,False
INV00003193,20250212,ST002,PRD016,663,17,22,23,679,0,0,False
INV00003194,20250213,ST002,PRD016,679,9,16,13,691,0,0,False
INV00003195,20250214,ST002,PRD016,691,7,10,9,699,0,0,False
INV00003196,20250215,ST002,PRD016,699,15,19,15,718,0,0,False
INV00003197,20250216,ST002,PRD016,718,13,13,12,732,0,0,False
INV00003198,20250217,ST002,PRD016,732,9,11,11,741,0,0,False
INV00003199,20250218,ST002,PRD016,741,11,25,20,757,0,0,False
INV00003200,20250219,ST002,PRD016,757,6,7,7,763,0,0,False
INV00003201,20250220,ST002,PRD016,763,11,12,11,775,0,0,False
INV00003202,20250221,ST002,PRD016,775,23,21,21,798,0,0,False
INV00003203,20250222,ST002,PRD016,798,6,9,8,805,0,0,False
INV00003204,20250223,ST002,PRD016,805,17,20,18,824,0,0,False
INV00003205,20250224,ST002,PRD016,824,13,14,14,837,0,0,False
INV00003206,20250225,ST002,PRD016,837,14,19,20,850,0,0,False
INV00003207,20250226,ST002,PRD016,850,4,7,7,854,0,0,False
INV00003208,20250227,ST002,PRD016,854,5,10,10,859,0,0,False
INV00003209,20250228,ST002,PRD016,859,13,13,11,874,0,0,False
INV00003210,20250301,ST002,PRD016,874,21,25,22,898,0,0,False
INV00003211,20250302,ST002,PRD016,898,22,21,20,921,0,0,False
INV00003212,20250303,ST002,PRD016,921,12,23,18,938,0,0,False
INV00003213,20250304,ST002,PRD016,938,9,8,9,946,0,0,False
INV00003214,20250305,ST002,PRD016,946,25,22,22,971,0,0,False
INV00003215,20250306,ST002,PRD016,971,11,16,16,982,0,0,False
INV00003216,20250307,ST002,PRD016,982,7,10,12,987,0,0,False
INV00003217,20250308,ST002,PRD016,987,21,24,20,1012,0,0,False
INV00003218,20250309,ST002,PRD016,1012,23,23,20,1038,0,0,False
INV00003219,20250310,ST002,PRD016,1038,9,8,8,1047,0,0,False
INV00003220,20250311,ST002,PRD016,1047,10,10,9,1058,0,0,False
INV00003221,20250312,ST002,PRD016,1058,16,17,17,1074,0,0,False
INV00003222,20250313,ST002,PRD016,1074,15,22,16,1095,0,0,False
INV00003223,20250314,ST002,PRD016,1095,23,25,24,1119,0,0,False
INV00003224,20250315,ST002,PRD016,1119,16,20,16,1139,0,0,False
INV00003225,20250316,ST002,PRD016,1139,19,21,20,1159,0,0,False
INV00003226,20250317,ST002,PRD016,1159,19,20,16,1182,0,0,False
INV00003227,20250318,ST002,PRD016,1182,7,11,11,1189,0,0,False
INV00003228,20250319,ST002,PRD016,1189,10,14,12,1201,0,0,False
INV00003229,20250320,ST002,PRD016,1201,5,6,6,1206,0,0,False
INV00003230,20250321,ST002,PRD016,1206,7,16,13,1216,0,0,False
INV00003231,20250322,ST002,PRD016,1216,19,23,19,1239,0,0,False
INV00003232,20250323,ST002,PRD016,1239,22,28,24,1265,0,0,False
INV00003233,20250324,ST002,PRD016,1265,8,17,13,1277,0,0,False
INV00003234,20250325,ST002,PRD016,1277,7,6,7,1283,0,0,False
INV00003235,20250326,ST002,PRD016,1283,11,17,17,1294,0,0,False
INV00003236,20250327,ST002,PRD016,1294,10,12,12,1304,0,0,False
INV00003237,20250328,ST002,PRD016,1304,19,18,18,1323,0,0,False
INV00003238,20250329,ST002,PRD016,1323,11,11,10,1335,0,0,False
INV00003239,20250330,ST002,PRD016,1335,26,29,27,1363,0,0,False
INV00003240,20250331,ST002,PRD016,1363,9,10,10,1372,0,0,False
INV00003241,20250101,ST002,PRD017,15,10,11,9,27,0,0,False
INV00003242,20250102,ST002,PRD017,27,20,22,18,51,0,0,False
INV00003243,20250103,ST002,PRD017,51,11,18,18,62,0,0,False
INV00003244,20250104,ST002,PRD017,62,9,20,16,75,0,0,False
INV00003245,20250105,ST002,PRD017,75,15,22,25,87,0,0,False
INV00003246,20250106,ST002,PRD017,87,13,20,19,101,0,0,False
INV00003247,20250107,ST002,PRD017,101,7,6,7,107,0,0,False
INV00003248,20250108,ST002,PRD017,107,13,15,13,122,0,0,False
INV00003249,20250109,ST002,PRD017,122,6,12,10,130,0,0,False
INV00003250,20250110,ST002,PRD017,130,14,15,14,145,0,0,False
INV00003251,20250111,ST002,PRD017,145,9,15,12,157,0,0,False
INV00003252,20250112,ST002,PRD017,157,5,8,9,161,0,0,False
INV00003253,20250113,ST002,PRD017,161,10,17,14,174,0,0,False
INV00003254,20250114,ST002,PRD017,174,12,14,12,188,0,0,False
INV00003255,20250115,ST002,PRD017,188,15,28,21,210,0,0,False
INV00003256,20250116,ST002,PRD017,210,14,15,13,226,0,0,False
INV00003257,20250117,ST002,PRD017,226,9,11,12,234,0,0,False
INV00003258,20250118,ST002,PRD017,234,9,16,13,246,0,0,False
INV00003259,20250119,ST002,PRD017,246,13,17,18,258,0,0,False
INV00003260,20250120,ST002,PRD017,258,8,9,7,268,0,0,False
INV00003261,20250121,ST002,PRD017,268,15,16,18,281,0,0,False
INV00003262,20250122,ST002,PRD017,281,15,17,14,299,0,0,False
INV00003263,20250123,ST002,PRD017,299,15,21,17,318,0,0,False
INV00003264,20250124,ST002,PRD017,318,23,22,20,343,0,0,False
INV00003265,20250125,ST002,PRD017,343,13,26,24,358,0,0,False
INV00003266,20250126,ST002,PRD017,358,20,18,18,378,0,0,False
INV00003267,20250127,ST002,PRD017,378,15,23,18,398,0,0,False
INV00003268,20250128,ST002,PRD017,398,22,19,20,419,0,0,False
INV00003269,20250129,ST002,PRD017,419,10,15,13,431,0,0,False
INV00003270,20250130,ST002,PRD017,431,10,15,14,442,0,0,False
INV00003271,20250131,ST002,PRD017,442,5,10,10,447,0,0,False
INV00003272,20250201,ST002,PRD017,447,16,15,15,463,0,0,False
INV00003273,20250202,ST002,PRD017,463,9,17,15,474,0,0,False
INV00003274,20250203,ST002,PRD017,474,14,25,22,491,0,0,False
INV00003275,20250204,ST002,PRD017,491,9,15,11,504,0,0,False
INV00003276,20250205,ST002,PRD017,504,12,14,13,517,0,0,False
INV00003277,20250206,ST002,PRD017,517,14,11,12,530,0,0,False
INV00003278,20250207,ST002,PRD017,530,9,13,11,541,0,0,False
INV00003279,20250208,ST002,PRD017,541,6,10,8,549,0,0,False
INV00003280,20250209,ST002,PRD017,549,32,36,32,585,0,0,False
INV00003281,20250210,ST002,PRD017,585,28,36,27,622,0,0,False
INV00003282,20250211,ST002,PRD017,622,16,18,19,637,0,0,False
INV00003283,20250212,ST002,PRD017,637,15,19,16,655,0,0,False
INV00003284,20250213,ST002,PRD017,655,12,22,19,670,0,0,False
INV00003285,20250214,ST002,PRD017,670,14,17,15,686,0,0,False
INV00003286,20250215,ST002,PRD017,686,11,25,22,700,0,0,False
INV00003287,20250216,ST002,PRD017,700,20,28,29,719,0,0,False
INV00003288,20250217,ST002,PRD017,719,14,11,14,730,0,0,False
INV00003289,20250218,ST002,PRD017,730,11,21,17,745,0,0,False
INV00003290,20250219,ST002,PRD017,745,8,8,8,753,0,0,False
INV00003291,20250220,ST002,PRD017,753,14,17,17,767,0,0,False
INV00003292,20250221,ST002,PRD017,767,16,18,15,786,0,0,False
INV00003293,20250222,ST002,PRD017,786,11,25,20,802,0,0,False
INV00003294,20250223,ST002,PRD017,802,16,15,17,816,0,0,False
INV00003295,20250224,ST002,PRD017,816,20,19,21,834,0,0,False
INV00003296,20250225,ST002,PRD017,834,12,16,15,847,0,0,False
INV00003297,20250226,ST002,PRD017,847,18,16,15,866,0,0,False
INV00003298,20250227,ST002,PRD017,866,12,16,15,879,0,0,False
INV00003299,20250228,ST002,PRD017,879,7,14,13,887,0,0,False
INV00003300,20250301,ST002,PRD017,887,17,26,26,904,0,0,False
INV00003301,20250302,ST002,PRD017,904,15,23,20,922,0,0,False
INV00003302,20250303,ST002,PRD017,922,6,12,12,928,0,0,False
INV00003303,20250304,ST002,PRD017,928,8,14,11,939,0,0,False
INV00003304,20250305,ST002,PRD017,939,21,24,19,965,0,0,False
INV00003305,20250306,ST002,PRD017,965,13,22,21,979,0,0,False
INV00003306,20250307,ST002,PRD017,979,19,17,20,995,0,0,False
INV00003307,20250308,ST002,PRD017,995,17,21,18,1015,0,0,False
INV00003308,20250309,ST002,PRD017,1015,14,24,21,1032,0,0,False
INV00003309,20250310,ST002,PRD017,1032,9,10,9,1042,0,0,False
INV00003310,20250311,ST002,PRD017,1042,11,16,15,1054,0,0,False
INV00003311,20250312,ST002,PRD017,1054,11,24,18,1071,0,0,False
INV00003312,20250313,ST002,PRD017,1071,7,10,9,1079,0,0,False
INV00003313,20250314,ST002,PRD017,1079,21,24,23,1101,0,0,False
INV00003314,20250315,ST002,PRD017,1101,14,26,22,1119,0,0,False
INV00003315,20250316,ST002,PRD017,1119,22,21,20,1142,0,0,False
INV00003316,20250317,ST002,PRD017,1142,11,13,15,1151,0,0,False
INV00003317,20250318,ST002,PRD017,1151,6,7,8,1156,0,0,False
INV00003318,20250319,ST002,PRD017,1156,7,7,7,1163,0,0,False
INV00003319,20250320,ST002,PRD017,1163,16,15,17,1177,0,0,False
INV00003320,20250321,ST002,PRD017,1177,9,13,12,1187,0,0,False
INV00003321,20250322,ST002,PRD017,1187,20,22,18,1211,0,0,False
INV00003322,20250323,ST002,PRD017,1211,28,26,23,1242,0,0,False
INV00003323,20250324,ST002,PRD017,1242,13,21,18,1258,0,0,False
INV00003324,20250325,ST002,PRD017,1258,9,10,8,1269,0,0,False
INV00003325,20250326,ST002,PRD017,1269,8,13,11,1279,0,0,False
INV00003326,20250327,ST002,PRD017,1279,13,25,20,1297,0,0,False
INV00003327,20250328,ST002,PRD017,1297,12,12,10,1311,0,0,False
INV00003328,20250329,ST002,PRD017,1311,13,14,11,1327,0,0,False
INV00003329,20250330,ST002,PRD017,1327,14,22,18,1345,0,0,False
INV00003330,20250331,ST002,PRD017,1345,5,11,8,1353,0,0,False
INV00003331,20250101,ST002,PRD018,14,9,16,14,25,0,0,False
INV00003332,20250102,ST002,PRD018,25,5,9,10,29,0,0,False
INV00003333,20250103,ST002,PRD018,29,13,16,15,43,0,0,False
INV00003334,20250104,ST002,PRD018,43,12,24,21,58,0,0,False
INV00003335,20250105,ST002,PRD018,58,14,18,14,76,0,0,False
INV00003336,20250106,ST002,PRD018,76,23,27,22,104,0,0,False
INV00003337,20250107,ST002,PRD018,104,11,14,15,114,0,0,False
INV00003338,20250108,ST002,PRD018,114,19,22,20,135,0,0,False
INV00003339,20250109,ST002,PRD018,135,22,21,21,157,0,0,False
INV00003340,20250110,ST002,PRD018,157,25,24,27,179,0,0,False
INV00003341,20250111,ST002,PRD018,179,16,18,17,196,0,0,False
INV00003342,20250112,ST002,PRD018,196,14,36,27,219,0,0,False
INV00003343,20250113,ST002,PRD018,219,6,10,11,224,0,0,False
INV00003344,20250114,ST002,PRD018,224,27,30,25,256,0,0,False
INV00003345,20250115,ST002,PRD018,256,16,31,30,273,0,0,False
INV00003346,20250116,ST002,PRD018,273,8,16,14,283,0,0,False
INV00003347,20250117,ST002,PRD018,283,9,14,11,295,0,0,False
INV00003348,20250118,ST002,PRD018,295,6,13,11,303,0,0,False
INV00003349,20250119,ST002,PRD018,303,9,14,13,313,0,0,False
INV00003350,20250120,ST002,PRD018,313,19,21,19,334,0,0,False
INV00003351,20250121,ST002,PRD018,334,12,23,19,350,0,0,False
INV00003352,20250122,ST002,PRD018,350,9,9,9,359,0,0,False
INV00003353,20250123,ST002,PRD018,359,8,15,15,367,0,0,False
INV00003354,20250124,ST002,PRD018,367,9,13,11,378,0,0,False
INV00003355,20250125,ST002,PRD018,378,9,14,16,385,0,0,False
INV00003356,20250126,ST002,PRD018,385,22,25,26,406,0,0,False
INV00003357,20250127,ST002,PRD018,406,7,7,8,412,0,0,False
INV00003358,20250128,ST002,PRD018,412,23,23,23,435,0,0,False
INV00003359,20250129,ST002,PRD018,435,10,13,13,445,0,0,False
INV00003360,20250130,ST002,PRD018,445,15,13,13,460,0,0,False
INV00003361,20250131,ST002,PRD018,460,17,23,20,480,0,0,False
INV00003362,20250201,ST002,PRD018,480,37,51,40,528,0,0,False
INV00003363,20250202,ST002,PRD018,528,18,26,26,546,0,0,False
INV00003364,20250203,ST002,PRD018,546,17,18,16,565,0,0,False
INV00003365,20250204,ST002,PRD018,565,12,12,14,575,0,0,False
INV00003366,20250205,ST002,PRD018,575,17,19,18,593,0,0,False
INV00003367,20250206,ST002,PRD018,593,20,19,19,613,0,0,False
INV00003368,20250207,ST002,PRD018,613,21,17,19,632,0,0,False
INV00003369,20250208,ST002,PRD018,632,24,18,20,654,0,0,False
INV00003370,20250209,ST002,PRD018,654,23,29,31,675,0,0,False
INV00003371,20250210,ST002,PRD018,675,12,20,15,692,0,0,False
INV00003372,20250211,ST002,PRD018,692,11,21,18,706,0,0,False
INV00003373,20250212,ST002,PRD018,706,15,19,17,723,0,0,False
INV00003374,20250213,ST002,PRD018,723,39,39,34,767,0,0,False
INV00003375,20250214,ST002,PRD018,767,14,17,14,784,0,0,False
INV00003376,20250215,ST002,PRD018,784,23,31,27,811,0,0,False
INV00003377,20250216,ST002,PRD018,811,15,24,22,828,0,0,False
INV00003378,20250217,ST002,PRD018,828,11,20,22,837,0,0,False
INV00003379,20250218,ST002,PRD018,837,14,32,25,858,0,0,False
INV00003380,20250219,ST002,PRD018,858,13,26,22,875,0,0,False
INV00003381,20250220,ST002,PRD018,875,10,14,11,888,0,0,False
INV00003382,20250221,ST002,PRD018,888,27,33,32,916,0,0,False
INV00003383,20250222,ST002,PRD018,916,28,26,24,946,0,0,False
INV00003384,20250223,ST002,PRD018,946,39,33,37,981,0,0,False
INV00003385,20250224,ST002,PRD018,981,10,20,18,993,0,0,False
INV00003386,20250225,ST002,PRD018,993,28,29,28,1022,0,0,False
INV00003387,20250226,ST002,PRD018,1022,26,27,23,1052,0,0,False
INV00003388,20250227,ST002,PRD018,1052,26,33,27,1084,0,0,False
INV00003389,20250228,ST002,PRD018,1084,9,13,11,1095,0,0,False
INV00003390,20250301,ST002,PRD018,1095,22,24,19,1122,0,0,False
INV00003391,20250302,ST002,PRD018,1122,12,17,18,1133,0,0,False
INV00003392,20250303,ST002,PRD018,1133,13,23,25,1144,0,0,False
INV00003393,20250304,ST002,PRD018,1144,21,22,20,1167,0,0,False
INV00003394,20250305,ST002,PRD018,1167,21,20,19,1189,0,0,False
INV00003395,20250306,ST002,PRD018,1189,24,20,22,1211,0,0,False
INV00003396,20250307,ST002,PRD018,1211,14,15,18,1222,0,0,False
INV00003397,20250308,ST002,PRD018,1222,21,26,22,1247,0,0,False
INV00003398,20250309,ST002,PRD018,1247,15,20,19,1263,0,0,False
INV00003399,20250310,ST002,PRD018,1263,15,22,25,1275,0,0,False
INV00003400,20250311,ST002,PRD018,1275,15,13,14,1289,0,0,False
INV00003401,20250312,ST002,PRD018,1289,37,36,33,1329,0,0,False
INV00003402,20250313,ST002,PRD018,1329,14,25,28,1340,0,0,False
INV00003403,20250314,ST002,PRD018,1340,12,25,20,1357,0,0,False
INV00003404,20250315,ST002,PRD018,1357,30,28,32,1383,0,0,False
INV00003405,20250316,ST002,PRD018,1383,11,14,15,1393,0,0,False
INV00003406,20250317,ST002,PRD018,1393,16,14,14,1409,0,0,False
INV00003407,20250318,ST002,PRD018,1409,12,9,10,1420,0,0,False
INV00003408,20250319,ST002,PRD018,1420,20,26,29,1437,0,0,False
INV00003409,20250320,ST002,PRD018,1437,18,22,18,1459,0,0,False
INV00003410,20250321,ST002,PRD018,1459,15,23,20,1477,0,0,False
INV00003411,20250322,ST002,PRD018,1477,14,22,19,1494,0,0,False
INV00003412,20250323,ST002,PRD018,1494,14,29,25,1512,0,0,False
INV00003413,20250324,ST002,PRD018,1512,14,16,18,1524,0,0,False
INV00003414,20250325,ST002,PRD018,1524,10,11,12,1533,0,0,False
INV00003415,20250326,ST002,PRD018,1533,27,32,25,1567,0,0,False
INV00003416,20250327,ST002,PRD018,1567,22,26,22,1593,0,0,False
INV00003417,20250328,ST002,PRD018,1593,10,14,12,1605,0,0,False
INV00003418,20250329,ST002,PRD018,1605,21,31,26,1631,0,0,False
INV00003419,20250330,ST002,PRD018,1631,37,33,33,1668,0,0,False
INV00003420,20250331,ST002,PRD018,1668,9,16,14,1679,0,0,False
INV00003421,20250101,ST002,PRD019,14,18,22,18,36,0,0,False
INV00003422,20250102,ST002,PRD019,36,6,11,12,41,0,0,False
INV00003423,20250103,ST002,PRD019,41,22,22,19,66,0,0,False
INV00003424,20250104,ST002,PRD019,66,20,42,33,95,0,0,False
INV00003425,20250105,ST002,PRD019,95,22,28,28,117,0,0,False
INV00003426,20250106,ST002,PRD019,117,11,14,12,130,0,0,False
INV00003427,20250107,ST002,PRD019,130,17,17,16,148,0,0,False
INV00003428,20250108,ST002,PRD019,148,29,33,30,180,0,0,False
INV00003429,20250109,ST002,PRD019,180,12,20,19,193,0,0,False
INV00003430,20250110,ST002,PRD019,193,11,16,15,205,0,0,False
INV00003431,20250111,ST002,PRD019,205,9,11,12,213,0,0,False
INV00003432,20250112,ST002,PRD019,213,8,16,16,221,0,0,False
INV00003433,20250113,ST002,PRD019,221,25,24,26,244,0,0,False
INV00003434,20250114,ST002,PRD019,244,33,30,30,277,0,0,False
INV00003435,20250115,ST002,PRD019,277,14,14,12,293,0,0,False
INV00003436,20250116,ST002,PRD019,293,9,17,15,304,0,0,False
INV00003437,20250117,ST002,PRD019,304,33,28,29,336,0,0,False
INV00003438,20250118,ST002,PRD019,336,17,35,30,358,0,0,False
INV00003439,20250119,ST002,PRD019,358,20,28,26,380,0,0,False
INV00003440,20250120,ST002,PRD019,380,16,40,31,405,0,0,False
INV00003441,20250121,ST002,PRD019,405,12,15,17,415,0,0,False
INV00003442,20250122,ST002,PRD019,415,14,20,19,430,0,0,False
INV00003443,20250123,ST002,PRD019,430,20,23,20,453,0,0,False
INV00003444,20250124,ST002,PRD019,453,21,20,22,472,0,0,False
INV00003445,20250125,ST002,PRD019,472,26,25,25,498,0,0,False
INV00003446,20250126,ST002,PRD019,498,31,41,34,536,0,0,False
INV00003447,20250127,ST002,PRD019,536,28,29,31,562,0,0,False
INV00003448,20250128,ST002,PRD019,562,25,27,21,593,0,0,False
INV00003449,20250129,ST002,PRD019,593,14,14,14,607,0,0,False
INV00003450,20250130,ST002,PRD019,607,22,28,30,627,0,0,False
INV00003451,20250131,ST002,PRD019,627,25,37,29,660,0,0,False
INV00003452,20250201,ST002,PRD019,660,13,15,13,675,0,0,False
INV00003453,20250202,ST002,PRD019,675,16,36,29,698,0,0,False
INV00003454,20250203,ST002,PRD019,698,20,22,21,719,0,0,False
INV00003455,20250204,ST002,PRD019,719,10,18,15,732,0,0,False
INV00003456,20250205,ST002,PRD019,732,15,22,20,749,0,0,False
INV00003457,20250206,ST002,PRD019,749,14,16,14,765,0,0,False
INV00003458,20250207,ST002,PRD019,765,13,19,17,780,0,0,False
INV00003459,20250208,ST002,PRD019,780,20,23,18,805,0,0,False
INV00003460,20250209,ST002,PRD019,805,19,20,21,823,0,0,False
INV00003461,20250210,ST002,PRD019,823,30,29,25,857,0,0,False
INV00003462,20250211,ST002,PRD019,857,9,18,16,868,0,0,False
INV00003463,20250212,ST002,PRD019,868,16,15,17,882,0,0,False
INV00003464,20250213,ST002,PRD019,882,8,12,13,889,0,0,False
INV00003465,20250214,ST002,PRD019,889,27,23,25,914,0,0,False
INV00003466,20250215,ST002,PRD019,914,18,18,16,934,0,0,False
INV00003467,20250216,ST002,PRD019,934,16,17,14,953,0,0,False
INV00003468,20250217,ST002,PRD019,953,16,34,29,974,0,0,False
INV00003469,20250218,ST002,PRD019,974,17,20,20,991,0,0,False
INV00003470,20250219,ST002,PRD019,991,11,20,17,1005,0,0,False
INV00003471,20250220,ST002,PRD019,1005,26,22,22,1031,0,0,False
INV00003472,20250221,ST002,PRD019,1031,12,29,23,1049,0,0,False
INV00003473,20250222,ST002,PRD019,1049,12,19,18,1062,0,0,False
INV00003474,20250223,ST002,PRD019,1062,17,22,18,1083,0,0,False
INV00003475,20250224,ST002,PRD019,1083,12,17,15,1097,0,0,False
INV00003476,20250225,ST002,PRD019,1097,11,16,17,1107,0,0,False
INV00003477,20250226,ST002,PRD019,1107,7,10,9,1115,0,0,False
INV00003478,20250227,ST002,PRD019,1115,20,18,19,1134,0,0,False
INV00003479,20250228,ST002,PRD019,1134,15,20,19,1150,0,0,False
INV00003480,20250301,ST002,PRD019,1150,27,24,25,1176,0,0,False
INV00003481,20250302,ST002,PRD019,1176,21,31,26,1202,0,0,False
INV00003482,20250303,ST002,PRD019,1202,6,11,11,1208,0,0,False
INV00003483,20250304,ST002,PRD019,1208,11,14,13,1220,0,0,False
INV00003484,20250305,ST002,PRD019,1220,15,16,16,1235,0,0,False
INV00003485,20250306,ST002,PRD019,1235,17,29,30,1251,0,0,False
INV00003486,20250307,ST002,PRD019,1251,11,18,14,1266,0,0,False
INV00003487,20250308,ST002,PRD019,1266,23,27,26,1290,0,0,False
INV00003488,20250309,ST002,PRD019,1290,10,23,19,1304,0,0,False
INV00003489,20250310,ST002,PRD019,1304,10,16,18,1312,0,0,False
INV00003490,20250311,ST002,PRD019,1312,14,14,15,1325,0,0,False
INV00003491,20250312,ST002,PRD019,1325,12,13,13,1337,0,0,False
INV00003492,20250313,ST002,PRD019,1337,19,28,27,1357,0,0,False
INV00003493,20250314,ST002,PRD019,1357,13,18,15,1373,0,0,False
INV00003494,20250315,ST002,PRD019,1373,17,22,26,1386,0,0,False
INV00003495,20250316,ST002,PRD019,1386,20,18,21,1403,0,0,False
INV00003496,20250317,ST002,PRD019,1403,17,19,15,1424,0,0,False
INV00003497,20250318,ST002,PRD019,1424,15,24,20,1443,0,0,False
INV00003498,20250319,ST002,PRD019,1443,6,14,11,1452,0,0,False
INV00003499,20250320,ST002,PRD019,1452,8,13,12,1461,0,0,False
INV00003500,20250321,ST002,PRD019,1461,22,25,27,1481,0,0,False
INV00003501,20250322,ST002,PRD019,1481,16,15,18,1494,0,0,False
INV00003502,20250323,ST002,PRD019,1494,13,14,14,1507,0,0,False
INV00003503,20250324,ST002,PRD019,1507,18,28,22,1531,0,0,False
INV00003504,20250325,ST002,PRD019,1531,19,24,20,1554,0,0,False
INV00003505,20250326,ST002,PRD019,1554,16,20,16,1574,0,0,False
INV00003506,20250327,ST002,PRD019,1574,16,27,27,1590,0,0,False
INV00003507,20250328,ST002,PRD019,1590,13,15,13,1605,0,0,False
INV00003508,20250329,ST002,PRD019,1605,20,29,30,1624,0,0,False
INV00003509,20250330,ST002,PRD019,1624,14,23,19,1642,0,0,False
INV00003510,20250331,ST002,PRD019,1642,12,10,11,1653,0,0,False
INV00003511,20250101,ST002,PRD020,19,12,13,14,30,0,0,False
INV00003512,20250102,ST002,PRD020,30,18,23,23,48,0,0,False
INV00003513,20250103,ST002,PRD020,48,14,32,25,69,0,0,False
INV00003514,20250104,ST002,PRD020,69,28,23,25,95,0,0,False
INV00003515,20250105,ST002,PRD020,95,22,24,26,115,0,0,False
INV00003516,20250106,ST002,PRD020,115,18,19,17,135,0,0,False
INV00003517,20250107,ST002,PRD020,135,21,25,21,160,0,0,False
INV00003518,20250108,ST002,PRD020,160,9,13,11,171,0,0,False
INV00003519,20250109,ST002,PRD020,171,10,15,15,181,0,0,False
INV00003520,20250110,ST002,PRD020,181,7,10,11,187,0,0,False
INV00003521,20250111,ST002,PRD020,187,13,23,22,201,0,0,False
INV00003522,20250112,ST002,PRD020,201,29,28,26,232,0,0,False
INV00003523,20250113,ST002,PRD020,232,16,22,25,245,0,0,False
INV00003524,20250114,ST002,PRD020,245,15,16,14,262,0,0,False
INV00003525,20250115,ST002,PRD020,262,19,32,30,283,0,0,False
INV00003526,20250116,ST002,PRD020,283,16,22,22,299,0,0,False
INV00003527,20250117,ST002,PRD020,299,18,16,17,316,0,0,False
INV00003528,20250118,ST002,PRD020,316,12,26,23,331,0,0,False
INV00003529,20250119,ST002,PRD020,331,20,20,21,350,0,0,False
INV00003530,20250120,ST002,PRD020,350,14,16,14,366,0,0,False
INV00003531,20250121,ST002,PRD020,366,9,12,15,372,0,0,False
INV00003532,20250122,ST002,PRD020,372,30,27,27,402,0,0,False
INV00003533,20250123,ST002,PRD020,402,10,12,12,412,0,0,False
INV00003534,20250124,ST002,PRD020,412,21,27,23,437,0,0,False
INV00003535,20250125,ST002,PRD020,437,25,35,29,468,0,0,False
INV00003536,20250126,ST002,PRD020,468,21,16,18,487,0,0,False
INV00003537,20250127,ST002,PRD020,487,11,22,21,499,0,0,False
INV00003538,20250128,ST002,PRD020,499,10,9,10,508,0,0,False
INV00003539,20250129,ST002,PRD020,508,20,21,22,527,0,0,False
INV00003540,20250130,ST002,PRD020,527,23,27,29,548,0,0,False
INV00003541,20250131,ST002,PRD020,548,24,26,26,572,0,0,False
INV00003542,20250201,ST002,PRD020,572,32,26,28,602,0,0,False
INV00003543,20250202,ST002,PRD020,602,14,12,13,615,0,0,False
INV00003544,20250203,ST002,PRD020,615,24,26,21,644,0,0,False
INV00003545,20250204,ST002,PRD020,644,23,27,23,671,0,0,False
INV00003546,20250205,ST002,PRD020,671,14,21,22,684,0,0,False
INV00003547,20250206,ST002,PRD020,684,11,12,10,697,0,0,False
INV00003548,20250207,ST002,PRD020,697,9,18,16,708,0,0,False
INV00003549,20250208,ST002,PRD020,708,25,29,26,736,0,0,False
INV00003550,20250209,ST002,PRD020,736,30,35,32,769,0,0,False
INV00003551,20250210,ST002,PRD020,769,10,13,14,778,0,0,False
INV00003552,20250211,ST002,PRD020,778,27,27,24,808,0,0,False
INV00003553,20250212,ST002,PRD020,808,9,11,11,817,0,0,False
INV00003554,20250213,ST002,PRD020,817,20,20,22,835,0,0,False
INV00003555,20250214,ST002,PRD020,835,24,29,24,864,0,0,False
INV00003556,20250215,ST002,PRD020,864,20,35,29,890,0,0,False
INV00003557,20250216,ST002,PRD020,890,12,18,16,904,0,0,False
INV00003558,20250217,ST002,PRD020,904,13,17,18,916,0,0,False
INV00003559,20250218,ST002,PRD020,916,8,13,11,926,0,0,False
INV00003560,20250219,ST002,PRD020,926,29,29,27,957,0,0,False
INV00003561,20250220,ST002,PRD020,957,8,15,14,966,0,0,False
INV00003562,20250221,ST002,PRD020,966,15,17,16,982,0,0,False
INV00003563,20250222,ST002,PRD020,982,22,19,20,1003,0,0,False
INV00003564,20250223,ST002,PRD020,1003,10,12,12,1013,0,0,False
INV00003565,20250224,ST002,PRD020,1013,25,24,23,1039,0,0,False
INV00003566,20250225,ST002,PRD020,1039,7,8,8,1046,0,0,False
INV00003567,20250226,ST002,PRD020,1046,14,15,19,1056,0,0,False
INV00003568,20250227,ST002,PRD020,1056,33,32,32,1089,0,0,False
INV00003569,20250228,ST002,PRD020,1089,18,19,20,1106,0,0,False
INV00003570,20250301,ST002,PRD020,1106,12,17,18,1117,0,0,False
INV00003571,20250302,ST002,PRD020,1117,17,26,26,1134,0,0,False
INV00003572,20250303,ST002,PRD020,1134,11,11,11,1145,0,0,False
INV00003573,20250304,ST002,PRD020,1145,25,31,25,1176,0,0,False
INV00003574,20250305,ST002,PRD020,1176,33,34,29,1214,0,0,False
INV00003575,20250306,ST002,PRD020,1214,12,21,20,1227,0,0,False
INV00003576,20250307,ST002,PRD020,1227,16,14,16,1241,0,0,False
INV00003577,20250308,ST002,PRD020,1241,20,20,17,1264,0,0,False
INV00003578,20250309,ST002,PRD020,1264,20,31,32,1283,0,0,False
INV00003579,20250310,ST002,PRD020,1283,20,19,23,1299,0,0,False
INV00003580,20250311,ST002,PRD020,1299,18,17,19,1315,0,0,False
INV00003581,20250312,ST002,PRD020,1315,23,28,23,1343,0,0,False
INV00003582,20250313,ST002,PRD020,1343,13,15,13,1358,0,0,False
INV00003583,20250314,ST002,PRD020,1358,13,14,14,1371,0,0,False
INV00003584,20250315,ST002,PRD020,1371,13,15,14,1385,0,0,False
INV00003585,20250316,ST002,PRD020,1385,14,13,12,1400,0,0,False
INV00003586,20250317,ST002,PRD020,1400,26,24,26,1424,0,0,False
INV00003587,20250318,ST002,PRD020,1424,22,27,23,1450,0,0,False
INV00003588,20250319,ST002,PRD020,1450,14,12,12,1464,0,0,False
INV00003589,20250320,ST002,PRD020,1464,12,13,14,1475,0,0,False
INV00003590,20250321,ST002,PRD020,1475,36,38,32,1517,0,0,False
INV00003591,20250322,ST002,PRD020,1517,12,21,15,1535,0,0,False
INV00003592,20250323,ST002,PRD020,1535,9,19,18,1545,0,0,False
INV00003593,20250324,ST002,PRD020,1545,13,22,23,1557,0,0,False
INV00003594,20250325,ST002,PRD020,1557,18,21,23,1573,0,0,False
INV00003595,20250326,ST002,PRD020,1573,9,15,17,1580,0,0,False
INV00003596,20250327,ST002,PRD020,1580,11,26,21,1596,0,0,False
INV00003597,20250328,ST002,PRD020,1596,7,11,10,1604,0,0,False
INV00003598,20250329,ST002,PRD020,1604,25,26,24,1631,0,0,False
INV00003599,20250330,ST002,PRD020,1631,20,22,17,1656,0,0,False
INV00003600,20250331,ST002,PRD020,1656,15,19,15,1675,0,0,False
INV00003601,20250101,ST003,PRD001,14,23,23,21,39,0,0,False
INV00003602,20250102,ST003,PRD001,39,24,26,24,65,0,0,False
INV00003603,20250103,ST003,PRD001,65,18,25,26,82,0,0,False
INV00003604,20250104,ST003,PRD001,82,48,51,47,134,0,0,False
INV00003605,20250105,ST003,PRD001,134,21,39,41,153,0,0,False
INV00003606,20250106,ST003,PRD001,153,37,35,35,190,0,0,False
INV00003607,20250107,ST003,PRD001,190,29,42,50,211,0,0,False
INV00003608,20250108,ST003,PRD001,211,38,36,34,251,0,0,False
INV00003609,20250109,ST003,PRD001,251,16,18,16,269,0,0,False
INV00003610,20250110,ST003,PRD001,269,40,37,36,310,0,0,False
INV00003611,20250111,ST003,PRD001,310,44,48,43,359,0,0,False
INV00003612,20250112,ST003,PRD001,359,46,49,52,402,0,0,False
INV00003613,20250113,ST003,PRD001,402,27,39,40,428,0,0,False
INV00003614,20250114,ST003,PRD001,428,26,27,25,456,0,0,False
INV00003615,20250115,ST003,PRD001,456,30,26,28,484,0,0,False
INV00003616,20250116,ST003,PRD001,484,24,43,34,517,0,0,False
INV00003617,20250117,ST003,PRD001,517,50,55,52,570,0,0,False
INV00003618,20250118,ST003,PRD001,570,53,52,46,629,0,0,False
INV00003619,20250119,ST003,PRD001,629,16,20,21,644,0,0,False
INV00003620,20250120,ST003,PRD001,644,40,34,34,684,0,0,False
INV00003621,20250121,ST003,PRD001,684,31,29,26,718,0,0,False
INV00003622,20250122,ST003,PRD001,718,15,22,21,734,0,0,False
INV00003623,20250123,ST003,PRD001,734,25,29,28,760,0,0,False
INV00003624,20250124,ST003,PRD001,760,20,46,39,787,0,0,False
INV00003625,20250125,ST003,PRD001,787,34,54,51,824,0,0,False
INV00003626,20250126,ST003,PRD001,824,39,52,42,873,0,0,False
INV00003627,20250127,ST003,PRD001,873,36,40,34,915,0,0,False
INV00003628,20250128,ST003,PRD001,915,33,32,30,950,0,0,False
INV00003629,20250129,ST003,PRD001,950,36,39,33,992,0,0,False
INV00003630,20250130,ST003,PRD001,992,27,30,24,1025,0,0,False
INV00003631,20250131,ST003,PRD001,1025,26,24,26,1049,0,0,False
INV00003632,20250201,ST003,PRD001,1049,31,40,32,1088,0,0,False
INV00003633,20250202,ST003,PRD001,1088,53,52,52,1141,0,0,False
INV00003634,20250203,ST003,PRD001,1141,19,23,22,1161,0,0,False
INV00003635,20250204,ST003,PRD001,1161,20,21,22,1180,0,0,False
INV00003636,20250205,ST003,PRD001,1180,44,49,42,1231,0,0,False
INV00003637,20250206,ST003,PRD001,1231,21,21,18,1255,0,0,False
INV00003638,20250207,ST003,PRD001,1255,25,34,36,1278,0,0,False
INV00003639,20250208,ST003,PRD001,1278,19,30,31,1296,0,0,False
INV00003640,20250209,ST003,PRD001,1296,39,45,40,1340,0,0,False
INV00003641,20250210,ST003,PRD001,1340,20,34,31,1363,0,0,False
INV00003642,20250211,ST003,PRD001,1363,29,56,47,1401,0,0,False
INV00003643,20250212,ST003,PRD001,1401,40,56,47,1450,0,0,False
INV00003644,20250213,ST003,PRD001,1450,30,48,39,1489,0,0,False
INV00003645,20250214,ST003,PRD001,1489,26,38,33,1520,0,0,False
INV00003646,20250215,ST003,PRD001,1520,34,35,38,1551,0,0,False
INV00003647,20250216,ST003,PRD001,1551,18,36,31,1574,0,0,False
INV00003648,20250217,ST003,PRD001,1574,22,29,24,1601,0,0,False
INV00003649,20250218,ST003,PRD001,1601,12,20,18,1615,0,0,False
INV00003650,20250219,ST003,PRD001,1615,29,43,39,1648,0,0,False
INV00003651,20250220,ST003,PRD001,1648,39,45,39,1693,0,0,False
INV00003652,20250221,ST003,PRD001,1693,18,31,29,1713,0,0,False
INV00003653,20250222,ST003,PRD001,1713,27,53,44,1749,0,0,False
INV00003654,20250223,ST003,PRD001,1749,30,44,41,1782,0,0,False
INV00003655,20250224,ST003,PRD001,1782,14,28,26,1798,0,0,False
INV00003656,20250225,ST003,PRD001,1798,37,35,32,1838,0,0,False
INV00003657,20250226,ST003,PRD001,1838,47,60,50,1895,0,0,False
INV00003658,20250227,ST003,PRD001,1895,24,22,25,1916,0,0,False
INV00003659,20250228,ST003,PRD001,1916,30,40,35,1951,0,0,False
INV00003660,20250301,ST003,PRD001,1951,35,46,39,1993,0,0,False
INV00003661,20250302,ST003,PRD001,1993,48,69,64,2046,0,0,False
INV00003662,20250303,ST003,PRD001,2046,34,30,32,2078,0,0,False
INV00003663,20250304,ST003,PRD001,2078,29,44,40,2111,0,0,False
INV00003664,20250305,ST003,PRD001,2111,18,30,27,2132,0,0,False
INV00003665,20250306,ST003,PRD001,2132,21,37,34,2156,0,0,False
INV00003666,20250307,ST003,PRD001,2156,16,35,29,2178,0,0,False
INV00003667,20250308,ST003,PRD001,2178,32,37,38,2209,0,0,False
INV00003668,20250309,ST003,PRD001,2209,44,69,55,2267,0,0,False
INV00003669,20250310,ST003,PRD001,2267,25,27,28,2291,0,0,False
INV00003670,20250311,ST003,PRD001,2291,23,49,40,2323,0,0,False
INV00003671,20250312,ST003,PRD001,2323,12,21,19,2337,0,0,False
INV00003672,20250313,ST003,PRD001,2337,23,35,35,2360,0,0,False
INV00003673,20250314,ST003,PRD001,2360,38,67,52,2413,0,0,False
INV00003674,20250315,ST003,PRD001,2413,19,23,25,2430,0,0,False
INV00003675,20250316,ST003,PRD001,2430,25,33,39,2449,0,0,False
INV00003676,20250317,ST003,PRD001,2449,34,32,33,2482,0,0,False
INV00003677,20250318,ST003,PRD001,2482,22,28,25,2507,0,0,False
INV00003678,20250319,ST003,PRD001,2507,36,31,30,2544,0,0,False
INV00003679,20250320,ST003,PRD001,2544,48,54,45,2601,0,0,False
INV00003680,20250321,ST003,PRD001,2601,43,37,36,2645,0,0,False
INV00003681,20250322,ST003,PRD001,2645,14,33,28,2664,0,0,False
INV00003682,20250323,ST003,PRD001,2664,33,38,34,2701,0,0,False
INV00003683,20250324,ST003,PRD001,2701,33,48,41,2741,0,0,False
INV00003684,20250325,ST003,PRD001,2741,42,47,37,2793,0,0,False
INV00003685,20250326,ST003,PRD001,2793,24,32,26,2823,0,0,False
INV00003686,20250327,ST003,PRD001,2823,46,44,49,2864,0,0,False
INV00003687,20250328,ST003,PRD001,2864,25,20,21,2888,0,0,False
INV00003688,20250329,ST003,PRD001,2888,44,47,45,2934,0,0,False
INV00003689,20250330,ST003,PRD001,2934,33,50,45,2972,0,0,False
INV00003690,20250331,ST003,PRD001,2972,42,40,37,3017,0,0,False
INV00003691,20250101,ST003,PRD002,13,22,34,29,40,0,0,False
INV00003692,20250102,ST003,PRD002,40,23,29,26,66,0,0,False
INV00003693,20250103,ST003,PRD002,66,30,46,43,99,0,0,False
INV00003694,20250104,ST003,PRD002,99,51,39,45,144,0,0,False
INV00003695,20250105,ST003,PRD002,144,25,21,23,167,0,0,False
INV00003696,20250106,ST003,PRD002,167,21,29,28,189,0,0,False
INV00003697,20250107,ST003,PRD002,189,33,35,31,226,0,0,False
INV00003698,20250108,ST003,PRD002,226,15,18,19,240,0,0,False
INV00003699,20250109,ST003,PRD002,240,15,31,29,257,0,0,False
INV00003700,20250110,ST003,PRD002,257,20,23,18,282,0,0,False
INV00003701,20250111,ST003,PRD002,282,18,26,28,298,0,0,False
INV00003702,20250112,ST003,PRD002,298,28,39,33,332,0,0,False
INV00003703,20250113,ST003,PRD002,332,21,19,18,354,0,0,False
INV00003704,20250114,ST003,PRD002,354,20,32,33,373,0,0,False
INV00003705,20250115,ST003,PRD002,373,54,47,46,428,0,0,False
INV00003706,20250116,ST003,PRD002,428,26,35,30,459,0,0,False
INV00003707,20250117,ST003,PRD002,459,16,32,31,476,0,0,False
INV00003708,20250118,ST003,PRD002,476,23,40,43,496,0,0,False
INV00003709,20250119,ST003,PRD002,496,24,27,25,522,0,0,False
INV00003710,20250120,ST003,PRD002,522,28,31,27,554,0,0,False
INV00003711,20250121,ST003,PRD002,554,43,44,39,602,0,0,False
INV00003712,20250122,ST003,PRD002,602,14,20,18,618,0,0,False
INV00003713,20250123,ST003,PRD002,618,12,21,21,630,0,0,False
INV00003714,20250124,ST003,PRD002,630,37,48,42,673,0,0,False
INV00003715,20250125,ST003,PRD002,673,41,37,41,710,0,0,False
INV00003716,20250126,ST003,PRD002,710,70,73,59,794,0,0,False
INV00003717,20250127,ST003,PRD002,794,45,49,43,845,0,0,False
INV00003718,20250128,ST003,PRD002,845,39,46,41,889,0,0,False
INV00003719,20250129,ST003,PRD002,889,42,33,36,928,0,0,False
INV00003720,20250130,ST003,PRD002,928,50,51,49,980,0,0,False
INV00003721,20250131,ST003,PRD002,980,30,46,49,1007,0,0,False
INV00003722,20250201,ST003,PRD002,1007,24,29,29,1031,0,0,False
INV00003723,20250202,ST003,PRD002,1031,27,49,37,1070,0,0,False
INV00003724,20250203,ST003,PRD002,1070,17,26,30,1083,0,0,False
INV00003725,20250204,ST003,PRD002,1083,16,34,30,1103,0,0,False
INV00003726,20250205,ST003,PRD002,1103,27,33,26,1137,0,0,False
INV00003727,20250206,ST003,PRD002,1137,22,25,25,1159,0,0,False
INV00003728,20250207,ST003,PRD002,1159,42,58,46,1213,0,0,False
INV00003729,20250208,ST003,PRD002,1213,22,37,34,1238,0,0,False
INV00003730,20250209,ST003,PRD002,1238,29,54,43,1278,0,0,False
INV00003731,20250210,ST003,PRD002,1278,21,33,27,1305,0,0,False
INV00003732,20250211,ST003,PRD002,1305,30,35,32,1338,0,0,False
INV00003733,20250212,ST003,PRD002,1338,24,28,30,1360,0,0,False
INV00003734,20250213,ST003,PRD002,1360,21,50,42,1389,0,0,False
INV00003735,20250214,ST003,PRD002,1389,20,25,21,1413,0,0,False
INV00003736,20250215,ST003,PRD002,1413,31,32,36,1440,0,0,False
INV00003737,20250216,ST003,PRD002,1440,52,49,55,1486,0,0,False
INV00003738,20250217,ST003,PRD002,1486,25,36,27,1520,0,0,False
INV00003739,20250218,ST003,PRD002,1520,41,37,40,1558,0,0,False
INV00003740,20250219,ST003,PRD002,1558,18,22,20,1578,0,0,False
INV00003741,20250220,ST003,PRD002,1578,31,29,31,1607,0,0,False
INV00003742,20250221,ST003,PRD002,1607,18,37,32,1630,0,0,False
INV00003743,20250222,ST003,PRD002,1630,22,21,19,1654,0,0,False
INV00003744,20250223,ST003,PRD002,1654,26,40,45,1675,0,0,False
INV00003745,20250224,ST003,PRD002,1675,23,25,22,1701,0,0,False
INV00003746,20250225,ST003,PRD002,1701,26,33,36,1724,0,0,False
INV00003747,20250226,ST003,PRD002,1724,26,62,46,1766,0,0,False
INV00003748,20250227,ST003,PRD002,1766,25,27,24,1794,0,0,False
INV00003749,20250228,ST003,PRD002,1794,36,45,45,1830,0,0,False
INV00003750,20250301,ST003,PRD002,1830,25,36,32,1859,0,0,False
INV00003751,20250302,ST003,PRD002,1859,44,54,46,1911,0,0,False
INV00003752,20250303,ST003,PRD002,1911,20,26,24,1933,0,0,False
INV00003753,20250304,ST003,PRD002,1933,28,41,32,1970,0,0,False
INV00003754,20250305,ST003,PRD002,1970,24,41,40,1995,0,0,False
INV00003755,20250306,ST003,PRD002,1995,22,37,28,2026,0,0,False
INV00003756,20250307,ST003,PRD002,2026,50,54,47,2083,0,0,False
INV00003757,20250308,ST003,PRD002,2083,36,40,41,2118,0,0,False
INV00003758,20250309,ST003,PRD002,2118,32,27,27,2150,0,0,False
INV00003759,20250310,ST003,PRD002,2150,18,37,30,2175,0,0,False
INV00003760,20250311,ST003,PRD002,2175,37,49,38,2223,0,0,False
INV00003761,20250312,ST003,PRD002,2223,49,38,43,2267,0,0,False
INV00003762,20250313,ST003,PRD002,2267,57,53,54,2323,0,0,False
INV00003763,20250314,ST003,PRD002,2323,38,41,38,2364,0,0,False
INV00003764,20250315,ST003,PRD002,2364,33,45,44,2398,0,0,False
INV00003765,20250316,ST003,PRD002,2398,37,41,32,2444,0,0,False
INV00003766,20250317,ST003,PRD002,2444,32,38,36,2478,0,0,False
INV00003767,20250318,ST003,PRD002,2478,33,39,37,2513,0,0,False
INV00003768,20250319,ST003,PRD002,2513,23,44,39,2541,0,0,False
INV00003769,20250320,ST003,PRD002,2541,10,23,20,2554,0,0,False
INV00003770,20250321,ST003,PRD002,2554,38,52,41,2603,0,0,False
INV00003771,20250322,ST003,PRD002,2603,22,31,25,2631,0,0,False
INV00003772,20250323,ST003,PRD002,2631,72,62,62,2703,0,0,False
INV00003773,20250324,ST003,PRD002,2703,26,36,36,2729,0,0,False
INV00003774,20250325,ST003,PRD002,2729,23,26,22,2756,0,0,False
INV00003775,20250326,ST003,PRD002,2756,37,31,33,2791,0,0,False
INV00003776,20250327,ST003,PRD002,2791,32,45,43,2825,0,0,False
INV00003777,20250328,ST003,PRD002,2825,29,32,37,2849,0,0,False
INV00003778,20250329,ST003,PRD002,2849,30,36,32,2883,0,0,False
INV00003779,20250330,ST003,PRD002,2883,46,48,53,2924,0,0,False
INV00003780,20250331,ST003,PRD002,2924,28,53,46,2959,0,0,False
INV00003781,20250101,ST003,PRD003,17,20,21,21,37,0,0,False
INV00003782,20250102,ST003,PRD003,37,31,52,46,74,0,0,False
INV00003783,20250103,ST003,PRD003,74,20,45,34,105,0,0,False
INV00003784,20250104,ST003,PRD003,105,39,35,40,139,0,0,False
INV00003785,20250105,ST003,PRD003,139,34,48,38,183,0,0,False
INV00003786,20250106,ST003,PRD003,183,20,37,37,203,0,0,False
INV00003787,20250107,ST003,PRD003,203,37,43,36,247,0,0,False
INV00003788,20250108,ST003,PRD003,247,49,42,41,297,0,0,False
INV00003789,20250109,ST003,PRD003,297,18,21,20,316,0,0,False
INV00003790,20250110,ST003,PRD003,316,25,24,26,339,0,0,False
INV00003791,20250111,ST003,PRD003,339,34,66,61,378,0,0,False
INV00003792,20250112,ST003,PRD003,378,26,25,27,402,0,0,False
INV00003793,20250113,ST003,PRD003,402,35,50,52,435,0,0,False
INV00003794,20250114,ST003,PRD003,435,13,22,21,449,0,0,False
INV00003795,20250115,ST003,PRD003,449,30,36,33,482,0,0,False
INV00003796,20250116,ST003,PRD003,482,31,34,27,520,0,0,False
INV00003797,20250117,ST003,PRD003,520,36,46,48,554,0,0,False
INV00003798,20250118,ST003,PRD003,554,49,48,51,600,0,0,False
INV00003799,20250119,ST003,PRD003,600,19,26,28,617,0,0,False
INV00003800,20250120,ST003,PRD003,617,34,51,48,654,0,0,False
INV00003801,20250121,ST003,PRD003,654,19,41,34,680,0,0,False
INV00003802,20250122,ST003,PRD003,680,25,34,40,699,0,0,False
INV00003803,20250123,ST003,PRD003,699,26,28,31,722,0,0,False
INV00003804,20250124,ST003,PRD003,722,18,24,24,740,0,0,False
INV00003805,20250125,ST003,PRD003,740,44,45,46,783,0,0,False
INV00003806,20250126,ST003,PRD003,783,38,35,39,817,0,0,False
INV00003807,20250127,ST003,PRD003,817,17,31,28,837,0,0,False
INV00003808,20250128,ST003,PRD003,837,20,21,22,856,0,0,False
INV00003809,20250129,ST003,PRD003,856,21,22,20,879,0,0,False
INV00003810,20250130,ST003,PRD003,879,47,42,40,928,0,0,False
INV00003811,20250131,ST003,PRD003,928,21,46,34,961,0,0,False
INV00003812,20250201,ST003,PRD003,961,23,30,32,982,0,0,False
INV00003813,20250202,ST003,PRD003,982,33,32,31,1016,0,0,False
INV00003814,20250203,ST003,PRD003,1016,34,34,34,1050,0,0,False
INV00003815,20250204,ST003,PRD003,1050,19,19,20,1068,0,0,False
INV00003816,20250205,ST003,PRD003,1068,21,36,30,1095,0,0,False
INV00003817,20250206,ST003,PRD003,1095,33,49,44,1133,0,0,False
INV00003818,20250207,ST003,PRD003,1133,31,42,32,1174,0,0,False
INV00003819,20250208,ST003,PRD003,1174,18,26,25,1193,0,0,False
INV00003820,20250209,ST003,PRD003,1193,36,40,43,1226,0,0,False
INV00003821,20250210,ST003,PRD003,1226,15,17,18,1240,0,0,False
INV00003822,20250211,ST003,PRD003,1240,43,50,41,1292,0,0,False
INV00003823,20250212,ST003,PRD003,1292,27,41,32,1328,0,0,False
INV00003824,20250213,ST003,PRD003,1328,11,23,19,1343,0,0,False
INV00003825,20250214,ST003,PRD003,1343,19,22,20,1364,0,0,False
INV00003826,20250215,ST003,PRD003,1364,21,38,38,1385,0,0,False
INV00003827,20250216,ST003,PRD003,1385,26,41,38,1414,0,0,False
INV00003828,20250217,ST003,PRD003,1414,44,54,41,1471,0,0,False
INV00003829,20250218,ST003,PRD003,1471,21,20,19,1493,0,0,False
INV00003830,20250219,ST003,PRD003,1493,13,24,20,1510,0,0,False
INV00003831,20250220,ST003,PRD003,1510,41,47,40,1558,0,0,False
INV00003832,20250221,ST003,PRD003,1558,41,50,44,1605,0,0,False
INV00003833,20250222,ST003,PRD003,1605,40,42,40,1647,0,0,False
INV00003834,20250223,ST003,PRD003,1647,39,32,35,1683,0,0,False
INV00003835,20250224,ST003,PRD003,1683,26,28,24,1713,0,0,False
INV00003836,20250225,ST003,PRD003,1713,25,25,27,1736,0,0,False
INV00003837,20250226,ST003,PRD003,1736,29,24,27,1762,0,0,False
INV00003838,20250227,ST003,PRD003,1762,24,23,26,1783,0,0,False
INV00003839,20250228,ST003,PRD003,1783,34,37,33,1821,0,0,False
INV00003840,20250301,ST003,PRD003,1821,18,35,28,1846,0,0,False
INV00003841,20250302,ST003,PRD003,1846,14,34,26,1868,0,0,False
INV00003842,20250303,ST003,PRD003,1868,25,48,37,1904,0,0,False
INV00003843,20250304,ST003,PRD003,1904,28,29,25,1936,0,0,False
INV00003844,20250305,ST003,PRD003,1936,20,29,23,1962,0,0,False
INV00003845,20250306,ST003,PRD003,1962,34,35,36,1995,0,0,False
INV00003846,20250307,ST003,PRD003,1995,27,45,45,2022,0,0,False
INV00003847,20250308,ST003,PRD003,2022,32,52,41,2065,0,0,False
INV00003848,20250309,ST003,PRD003,2065,65,67,58,2139,0,0,False
INV00003849,20250310,ST003,PRD003,2139,37,38,41,2173,0,0,False
INV00003850,20250311,ST003,PRD003,2173,24,24,22,2199,0,0,False
INV00003851,20250312,ST003,PRD003,2199,9,21,16,2213,0,0,False
INV00003852,20250313,ST003,PRD003,2213,23,26,27,2235,0,0,False
INV00003853,20250314,ST003,PRD003,2235,23,46,40,2264,0,0,False
INV00003854,20250315,ST003,PRD003,2264,33,47,44,2300,0,0,False
INV00003855,20250316,ST003,PRD003,2300,17,31,33,2315,0,0,False
INV00003856,20250317,ST003,PRD003,2315,24,38,36,2341,0,0,False
INV00003857,20250318,ST003,PRD003,2341,40,34,34,2381,0,0,False
INV00003858,20250319,ST003,PRD003,2381,23,20,19,2405,0,0,False
INV00003859,20250320,ST003,PRD003,2405,26,33,27,2437,0,0,False
INV00003860,20250321,ST003,PRD003,2437,34,36,33,2474,0,0,False
INV00003861,20250322,ST003,PRD003,2474,32,68,54,2520,0,0,False
INV00003862,20250323,ST003,PRD003,2520,35,67,58,2564,0,0,False
INV00003863,20250324,ST003,PRD003,2564,17,24,19,2586,0,0,False
INV00003864,20250325,ST003,PRD003,2586,36,40,40,2622,0,0,False
INV00003865,20250326,ST003,PRD003,2622,26,25,23,2650,0,0,False
INV00003866,20250327,ST003,PRD003,2650,16,30,26,2670,0,0,False
INV00003867,20250328,ST003,PRD003,2670,34,28,34,2698,0,0,False
INV00003868,20250329,ST003,PRD003,2698,56,62,48,2768,0,0,False
INV00003869,20250330,ST003,PRD003,2768,20,40,38,2790,0,0,False
INV00003870,20250331,ST003,PRD003,2790,33,32,32,2823,0,0,False
INV00003871,20250101,ST003,PRD004,17,21,50,39,49,0,0,False
INV00003872,20250102,ST003,PRD004,49,14,22,19,66,0,0,False
INV00003873,20250103,ST003,PRD004,66,22,45,41,92,0,0,False
INV00003874,20250104,ST003,PRD004,92,29,49,45,125,0,0,False
INV00003875,20250105,ST003,PRD004,125,35,28,31,157,0,0,False
INV00003876,20250106,ST003,PRD004,157,20,28,26,179,0,0,False
INV00003877,20250107,ST003,PRD004,179,34,54,41,226,0,0,False
INV00003878,20250108,ST003,PRD004,226,18,23,22,245,0,0,False
INV00003879,20250109,ST003,PRD004,245,12,29,23,263,0,0,False
INV00003880,20250110,ST003,PRD004,263,44,45,37,315,0,0,False
INV00003881,20250111,ST003,PRD004,315,19,28,26,336,0,0,False
INV00003882,20250112,ST003,PRD004,336,43,48,43,384,0,0,False
INV00003883,20250113,ST003,PRD004,384,39,59,45,437,0,0,False
INV00003884,20250114,ST003,PRD004,437,55,56,51,497,0,0,False
INV00003885,20250115,ST003,PRD004,497,38,45,35,545,0,0,False
INV00003886,20250116,ST003,PRD004,545,16,24,23,562,0,0,False
INV00003887,20250117,ST003,PRD004,562,48,57,55,612,0,0,False
INV00003888,20250118,ST003,PRD004,612,30,54,48,648,0,0,False
INV00003889,20250119,ST003,PRD004,648,40,40,42,686,0,0,False
INV00003890,20250120,ST003,PRD004,686,20,27,26,707,0,0,False
INV00003891,20250121,ST003,PRD004,707,37,52,39,757,0,0,False
INV00003892,20250122,ST003,PRD004,757,49,42,45,803,0,0,False
INV00003893,20250123,ST003,PRD004,803,42,51,49,847,0,0,False
INV00003894,20250124,ST003,PRD004,847,21,28,27,869,0,0,False
INV00003895,20250125,ST003,PRD004,869,57,55,50,931,0,0,False
INV00003896,20250126,ST003,PRD004,931,48,58,56,981,0,0,False
INV00003897,20250127,ST003,PRD004,981,28,42,38,1013,0,0,False
INV00003898,20250128,ST003,PRD004,1013,24,28,22,1043,0,0,False
INV00003899,20250129,ST003,PRD004,1043,21,25,25,1064,0,0,False
INV00003900,20250130,ST003,PRD004,1064,17,27,20,1088,0,0,False
INV00003901,20250131,ST003,PRD004,1088,32,34,35,1119,0,0,False
INV00003902,20250201,ST003,PRD004,1119,26,27,30,1142,0,0,False
INV00003903,20250202,ST003,PRD004,1142,14,29,23,1162,0,0,False
INV00003904,20250203,ST003,PRD004,1162,23,42,38,1189,0,0,False
INV00003905,20250204,ST003,PRD004,1189,12,21,22,1200,0,0,False
INV00003906,20250205,ST003,PRD004,1200,23,28,24,1227,0,0,False
INV00003907,20250206,ST003,PRD004,1227,22,41,34,1256,0,0,False
INV00003908,20250207,ST003,PRD004,1256,26,50,42,1290,0,0,False
INV00003909,20250208,ST003,PRD004,1290,33,44,44,1323,0,0,False
INV00003910,20250209,ST003,PRD004,1323,59,66,59,1389,0,0,False
INV00003911,20250210,ST003,PRD004,1389,26,46,45,1416,0,0,False
INV00003912,20250211,ST003,PRD004,1416,24,35,37,1438,0,0,False
INV00003913,20250212,ST003,PRD004,1438,23,25,22,1464,0,0,False
INV00003914,20250213,ST003,PRD004,1464,25,24,25,1488,0,0,False
INV00003915,20250214,ST003,PRD004,1488,24,38,29,1521,0,0,False
INV00003916,20250215,ST003,PRD004,1521,23,29,27,1546,0,0,False
INV00003917,20250216,ST003,PRD004,1546,21,34,33,1568,0,0,False
INV00003918,20250217,ST003,PRD004,1568,26,43,42,1595,0,0,False
INV00003919,20250218,ST003,PRD004,1595,27,27,25,1624,0,0,False
INV00003920,20250219,ST003,PRD004,1624,21,47,40,1652,0,0,False
INV00003921,20250220,ST003,PRD004,1652,17,30,32,1667,0,0,False
INV00003922,20250221,ST003,PRD004,1667,32,36,35,1700,0,0,False
INV00003923,20250222,ST003,PRD004,1700,26,41,43,1724,0,0,False
INV00003924,20250223,ST003,PRD004,1724,48,54,51,1775,0,0,False
INV00003925,20250224,ST003,PRD004,1775,11,21,20,1787,0,0,False
INV00003926,20250225,ST003,PRD004,1787,35,37,39,1820,0,0,False
INV00003927,20250226,ST003,PRD004,1820,12,23,23,1832,0,0,False
INV00003928,20250227,ST003,PRD004,1832,14,25,20,1851,0,0,False
INV00003929,20250228,ST003,PRD004,1851,23,42,37,1879,0,0,False
INV00003930,20250301,ST003,PRD004,1879,46,47,39,1933,0,0,False
INV00003931,20250302,ST003,PRD004,1933,34,45,37,1975,0,0,False
INV00003932,20250303,ST003,PRD004,1975,27,38,30,2010,0,0,False
INV00003933,20250304,ST003,PRD004,2010,18,37,35,2030,0,0,False
INV00003934,20250305,ST003,PRD004,2030,43,37,43,2067,0,0,False
INV00003935,20250306,ST003,PRD004,2067,47,61,49,2126,0,0,False
INV00003936,20250307,ST003,PRD004,2126,24,32,34,2148,0,0,False
INV00003937,20250308,ST003,PRD004,2148,15,28,26,2165,0,0,False
INV00003938,20250309,ST003,PRD004,2165,44,61,54,2216,0,0,False
INV00003939,20250310,ST003,PRD004,2216,36,27,30,2249,0,0,False
INV00003940,20250311,ST003,PRD004,2249,25,23,23,2274,0,0,False
INV00003941,20250312,ST003,PRD004,2274,13,22,21,2288,0,0,False
INV00003942,20250313,ST003,PRD004,2288,53,49,49,2341,0,0,False
INV00003943,20250314,ST003,PRD004,2341,37,34,40,2372,0,0,False
INV00003944,20250315,ST003,PRD004,2372,32,35,30,2409,0,0,False
INV00003945,20250316,ST003,PRD004,2409,41,44,38,2456,0,0,False
INV00003946,20250317,ST003,PRD004,2456,26,45,41,2486,0,0,False
INV00003947,20250318,ST003,PRD004,2486,27,30,28,2515,0,0,False
INV00003948,20250319,ST003,PRD004,2515,26,36,38,2539,0,0,False
INV00003949,20250320,ST003,PRD004,2539,26,26,26,2565,0,0,False
INV00003950,20250321,ST003,PRD004,2565,27,34,36,2590,0,0,False
INV00003951,20250322,ST003,PRD004,2590,29,45,36,2628,0,0,False
INV00003952,20250323,ST003,PRD004,2628,24,26,26,2652,0,0,False
INV00003953,20250324,ST003,PRD004,2652,15,21,22,2666,0,0,False
INV00003954,20250325,ST003,PRD004,2666,34,54,44,2710,0,0,False
INV00003955,20250326,ST003,PRD004,2710,25,39,43,2731,0,0,False
INV00003956,20250327,ST003,PRD004,2731,17,26,27,2747,0,0,False
INV00003957,20250328,ST003,PRD004,2747,39,38,35,2789,0,0,False
INV00003958,20250329,ST003,PRD004,2789,25,26,29,2811,0,0,False
INV00003959,20250330,ST003,PRD004,2811,28,40,35,2844,0,0,False
INV00003960,20250331,ST003,PRD004,2844,14,27,23,2862,0,0,False
INV00003961,20250101,ST003,PRD005,13,31,41,49,36,0,0,False
INV00003962,20250102,ST003,PRD005,36,34,31,30,71,0,0,False
INV00003963,20250103,ST003,PRD005,71,28,33,30,102,0,0,False
INV00003964,20250104,ST003,PRD005,102,36,32,32,138,0,0,False
INV00003965,20250105,ST003,PRD005,138,20,24,23,159,0,0,False
INV00003966,20250106,ST003,PRD005,159,44,42,43,202,0,0,False
INV00003967,20250107,ST003,PRD005,202,24,44,43,227,0,0,False
INV00003968,20250108,ST003,PRD005,227,38,38,40,263,0,0,False
INV00003969,20250109,ST003,PRD005,263,43,44,38,312,0,0,False
INV00003970,20250110,ST003,PRD005,312,18,22,20,332,0,0,False
INV00003971,20250111,ST003,PRD005,332,21,46,42,357,0,0,False
INV00003972,20250112,ST003,PRD005,357,53,54,46,418,0,0,False
INV00003973,20250113,ST003,PRD005,418,40,44,41,461,0,0,False
INV00003974,20250114,ST003,PRD005,461,30,45,38,498,0,0,False
INV00003975,20250115,ST003,PRD005,498,28,44,35,535,0,0,False
INV00003976,20250116,ST003,PRD005,535,34,35,31,573,0,0,False
INV00003977,20250117,ST003,PRD005,573,42,49,43,621,0,0,False
INV00003978,20250118,ST003,PRD005,621,22,34,28,649,0,0,False
INV00003979,20250119,ST003,PRD005,649,24,24,21,676,0,0,False
INV00003980,20250120,ST003,PRD005,676,22,31,26,703,0,0,False
INV00003981,20250121,ST003,PRD005,703,31,34,30,738,0,0,False
INV00003982,20250122,ST003,PRD005,738,28,36,37,765,0,0,False
INV00003983,20250123,ST003,PRD005,765,51,49,48,817,0,0,False
INV00003984,20250124,ST003,PRD005,817,39,36,34,858,0,0,False
INV00003985,20250125,ST003,PRD005,858,41,36,38,897,0,0,False
INV00003986,20250126,ST003,PRD005,897,42,60,47,952,0,0,False
INV00003987,20250127,ST003,PRD005,952,25,30,31,976,0,0,False
INV00003988,20250128,ST003,PRD005,976,17,25,25,993,0,0,False
INV00003989,20250129,ST003,PRD005,993,45,43,43,1038,0,0,False
INV00003990,20250130,ST003,PRD005,1038,41,38,36,1081,0,0,False
INV00003991,20250131,ST003,PRD005,1081,25,50,45,1111,0,0,False
INV00003992,20250201,ST003,PRD005,1111,26,27,28,1136,0,0,False
INV00003993,20250202,ST003,PRD005,1136,34,47,39,1178,0,0,False
INV00003994,20250203,ST003,PRD005,1178,19,30,28,1199,0,0,False
INV00003995,20250204,ST003,PRD005,1199,21,51,42,1229,0,0,False
INV00003996,20250205,ST003,PRD005,1229,18,22,18,1251,0,0,False
INV00003997,20250206,ST003,PRD005,1251,17,33,34,1267,0,0,False
INV00003998,20250207,ST003,PRD005,1267,25,27,29,1290,0,0,False
INV00003999,20250208,ST003,PRD005,1290,21,25,24,1312,0,0,False
INV00004000,20250209,ST003,PRD005,1312,26,42,34,1346,0,0,False
INV00004001,20250210,ST003,PRD005,1346,21,38,33,1372,0,0,False
INV00004002,20250211,ST003,PRD005,1372,31,39,29,1413,0,0,False
INV00004003,20250212,ST003,PRD005,1413,18,25,23,1433,0,0,False
INV00004004,20250213,ST003,PRD005,1433,16,33,28,1454,0,0,False
INV00004005,20250214,ST003,PRD005,1454,15,17,19,1467,0,0,False
INV00004006,20250215,ST003,PRD005,1467,32,43,35,1507,0,0,False
INV00004007,20250216,ST003,PRD005,1507,34,62,50,1553,0,0,False
INV00004008,20250217,ST003,PRD005,1553,31,34,35,1583,0,0,False
INV00004009,20250218,ST003,PRD005,1583,36,45,40,1624,0,0,False
INV00004010,20250219,ST003,PRD005,1624,19,18,20,1641,0,0,False
INV00004011,20250220,ST003,PRD005,1641,41,34,34,1682,0,0,False
INV00004012,20250221,ST003,PRD005,1682,23,26,29,1702,0,0,False
INV00004013,20250222,ST003,PRD005,1702,22,39,34,1729,0,0,False
INV00004014,20250223,ST003,PRD005,1729,48,64,54,1787,0,0,False
INV00004015,20250224,ST003,PRD005,1787,26,33,29,1817,0,0,False
INV00004016,20250225,ST003,PRD005,1817,14,25,23,1833,0,0,False
INV00004017,20250226,ST003,PRD005,1833,30,33,34,1862,0,0,False
INV00004018,20250227,ST003,PRD005,1862,25,37,30,1894,0,0,False
INV00004019,20250228,ST003,PRD005,1894,35,31,29,1931,0,0,False
INV00004020,20250301,ST003,PRD005,1931,36,54,40,1981,0,0,False
INV00004021,20250302,ST003,PRD005,1981,58,58,56,2041,0,0,False
INV00004022,20250303,ST003,PRD005,2041,26,38,33,2072,0,0,False
INV00004023,20250304,ST003,PRD005,2072,27,44,46,2097,0,0,False
INV00004024,20250305,ST003,PRD005,2097,38,33,34,2134,0,0,False
INV00004025,20250306,ST003,PRD005,2134,19,30,32,2151,0,0,False
INV00004026,20250307,ST003,PRD005,2151,19,25,29,2166,0,0,False
INV00004027,20250308,ST003,PRD005,2166,38,39,36,2207,0,0,False
INV00004028,20250309,ST003,PRD005,2207,56,47,48,2262,0,0,False
INV00004029,20250310,ST003,PRD005,2262,16,28,28,2278,0,0,False
INV00004030,20250311,ST003,PRD005,2278,24,25,28,2299,0,0,False
INV00004031,20250312,ST003,PRD005,2299,32,29,30,2330,0,0,False
INV00004032,20250313,ST003,PRD005,2330,35,39,33,2371,0,0,False
INV00004033,20250314,ST003,PRD005,2371,23,29,25,2398,0,0,False
INV00004034,20250315,ST003,PRD005,2398,40,51,41,2448,0,0,False
INV00004035,20250316,ST003,PRD005,2448,31,67,58,2488,0,0,False
INV00004036,20250317,ST003,PRD005,2488,23,29,30,2510,0,0,False
INV00004037,20250318,ST003,PRD005,2510,31,37,33,2545,0,0,False
INV00004038,20250319,ST003,PRD005,2545,37,37,35,2584,0,0,False
INV00004039,20250320,ST003,PRD005,2584,28,29,26,2615,0,0,False
INV00004040,20250321,ST003,PRD005,2615,30,39,36,2648,0,0,False
INV00004041,20250322,ST003,PRD005,2648,40,59,44,2703,0,0,False
INV00004042,20250323,ST003,PRD005,2703,15,26,26,2718,0,0,False
INV00004043,20250324,ST003,PRD005,2718,19,26,28,2735,0,0,False
INV00004044,20250325,ST003,PRD005,2735,24,33,31,2761,0,0,False
INV00004045,20250326,ST003,PRD005,2761,48,54,52,2811,0,0,False
INV00004046,20250327,ST003,PRD005,2811,29,34,29,2845,0,0,False
INV00004047,20250328,ST003,PRD005,2845,37,41,32,2891,0,0,False
INV00004048,20250329,ST003,PRD005,2891,41,58,53,2937,0,0,False
INV00004049,20250330,ST003,PRD005,2937,29,27,30,2963,0,0,False
INV00004050,20250331,ST003,PRD005,2963,21,31,30,2985,0,0,False
INV00004051,20250101,ST003,PRD006,29,11,20,21,39,0,0,False
INV00004052,20250102,ST003,PRD006,39,15,13,14,53,0,0,False
INV00004053,20250103,ST003,PRD006,53,11,16,17,63,0,0,False
INV00004054,20250104,ST003,PRD006,63,31,43,37,100,0,0,False
INV00004055,20250105,ST003,PRD006,100,10,21,19,112,0,0,False
INV00004056,20250106,ST003,PRD006,112,35,37,32,152,0,0,False
INV00004057,20250107,ST003,PRD006,152,40,32,35,189,0,0,False
INV00004058,20250108,ST003,PRD006,189,28,38,32,223,0,0,False
INV00004059,20250109,ST003,PRD006,223,11,22,17,239,0,0,False
INV00004060,20250110,ST003,PRD006,239,30,25,29,265,0,0,False
INV00004061,20250111,ST003,PRD006,265,24,36,28,297,0,0,False
INV00004062,20250112,ST003,PRD006,297,28,35,28,332,0,0,False
INV00004063,20250113,ST003,PRD006,332,25,35,27,365,0,0,False
INV00004064,20250114,ST003,PRD006,365,39,37,40,401,0,0,False
INV00004065,20250115,ST003,PRD006,401,14,23,19,419,0,0,False
INV00004066,20250116,ST003,PRD006,419,23,33,24,451,0,0,False
INV00004067,20250117,ST003,PRD006,451,39,39,33,496,0,0,False
INV00004068,20250118,ST003,PRD006,496,17,35,30,518,0,0,False
INV00004069,20250119,ST003,PRD006,518,15,23,21,535,0,0,False
INV00004070,20250120,ST003,PRD006,535,30,48,39,574,0,0,False
INV00004071,20250121,ST003,PRD006,574,20,21,21,594,0,0,False
INV00004072,20250122,ST003,PRD006,594,34,49,44,633,0,0,False
INV00004073,20250123,ST003,PRD006,633,17,34,27,657,0,0,False
INV00004074,20250124,ST003,PRD006,657,11,26,22,672,0,0,False
INV00004075,20250125,ST003,PRD006,672,27,35,27,707,0,0,False
INV00004076,20250126,ST003,PRD006,707,26,26,23,736,0,0,False
INV00004077,20250127,ST003,PRD006,736,28,35,32,767,0,0,False
INV00004078,20250128,ST003,PRD006,767,18,23,18,790,0,0,False
INV00004079,20250129,ST003,PRD006,790,21,25,23,813,0,0,False
INV00004080,20250130,ST003,PRD006,813,19,25,21,836,0,0,False
INV00004081,20250131,ST003,PRD006,836,13,18,18,849,0,0,False
INV00004082,20250201,ST003,PRD006,849,26,25,24,876,0,0,False
INV00004083,20250202,ST003,PRD006,876,22,40,33,905,0,0,False
INV00004084,20250203,ST003,PRD006,905,49,45,42,957,0,0,False
INV00004085,20250204,ST003,PRD006,957,16,20,19,974,0,0,False
INV00004086,20250205,ST003,PRD006,974,24,32,31,999,0,0,False
INV00004087,20250206,ST003,PRD006,999,12,26,23,1014,0,0,False
INV00004088,20250207,ST003,PRD006,1014,16,28,26,1032,0,0,False
INV00004089,20250208,ST003,PRD006,1032,32,44,37,1071,0,0,False
INV00004090,20250209,ST003,PRD006,1071,40,51,45,1117,0,0,False
INV00004091,20250210,ST003,PRD006,1117,20,22,24,1135,0,0,False
INV00004092,20250211,ST003,PRD006,1135,11,15,15,1146,0,0,False
INV00004093,20250212,ST003,PRD006,1146,9,17,16,1156,0,0,False
INV00004094,20250213,ST003,PRD006,1156,14,14,16,1168,0,0,False
INV00004095,20250214,ST003,PRD006,1168,18,35,27,1194,0,0,False
INV00004096,20250215,ST003,PRD006,1194,31,33,35,1223,0,0,False
INV00004097,20250216,ST003,PRD006,1223,34,28,32,1253,0,0,False
INV00004098,20250217,ST003,PRD006,1253,15,19,22,1265,0,0,False
INV00004099,20250218,ST003,PRD006,1265,20,29,25,1289,0,0,False
INV00004100,20250219,ST003,PRD006,1289,21,34,28,1316,0,0,False
INV00004101,20250220,ST003,PRD006,1316,14,17,17,1330,0,0,False
INV00004102,20250221,ST003,PRD006,1330,17,24,25,1346,0,0,False
INV00004103,20250222,ST003,PRD006,1346,14,21,19,1362,0,0,False
INV00004104,20250223,ST003,PRD006,1362,32,32,31,1395,0,0,False
INV00004105,20250224,ST003,PRD006,1395,25,33,26,1427,0,0,False
INV00004106,20250225,ST003,PRD006,1427,30,28,27,1458,0,0,False
INV00004107,20250226,ST003,PRD006,1458,35,36,32,1497,0,0,False
INV00004108,20250227,ST003,PRD006,1497,26,31,31,1523,0,0,False
INV00004109,20250228,ST003,PRD006,1523,16,26,23,1542,0,0,False
INV00004110,20250301,ST003,PRD006,1542,20,27,26,1563,0,0,False
INV00004111,20250302,ST003,PRD006,1563,25,30,24,1594,0,0,False
INV00004112,20250303,ST003,PRD006,1594,27,45,41,1625,0,0,False
INV00004113,20250304,ST003,PRD006,1625,22,22,22,1647,0,0,False
INV00004114,20250305,ST003,PRD006,1647,37,44,35,1693,0,0,False
INV00004115,20250306,ST003,PRD006,1693,17,24,21,1713,0,0,False
INV00004116,20250307,ST003,PRD006,1713,20,31,27,1737,0,0,False
INV00004117,20250308,ST003,PRD006,1737,34,42,39,1774,0,0,False
INV00004118,20250309,ST003,PRD006,1774,39,38,39,1812,0,0,False
INV00004119,20250310,ST003,PRD006,1812,16,27,24,1831,0,0,False
INV00004120,20250311,ST003,PRD006,1831,24,33,34,1854,0,0,False
INV00004121,20250312,ST003,PRD006,1854,25,29,32,1876,0,0,False
INV00004122,20250313,ST003,PRD006,1876,26,24,25,1901,0,0,False
INV00004123,20250314,ST003,PRD006,1901,20,25,27,1919,0,0,False
INV00004124,20250315,ST003,PRD006,1919,13,18,15,1935,0,0,False
INV00004125,20250316,ST003,PRD006,1935,18,26,29,1950,0,0,False
INV00004126,20250317,ST003,PRD006,1950,23,34,32,1975,0,0,False
INV00004127,20250318,ST003,PRD006,1975,14,24,22,1991,0,0,False
INV00004128,20250319,ST003,PRD006,1991,11,13,12,2003,0,0,False
INV00004129,20250320,ST003,PRD006,2003,20,37,32,2028,0,0,False
INV00004130,20250321,ST003,PRD006,2028,29,35,28,2064,0,0,False
INV00004131,20250322,ST003,PRD006,2064,28,29,24,2097,0,0,False
INV00004132,20250323,ST003,PRD006,2097,21,31,33,2116,0,0,False
INV00004133,20250324,ST003,PRD006,2116,28,34,28,2150,0,0,False
INV00004134,20250325,ST003,PRD006,2150,22,31,33,2170,0,0,False
INV00004135,20250326,ST003,PRD006,2170,27,44,41,2200,0,0,False
INV00004136,20250327,ST003,PRD006,2200,24,30,35,2219,0,0,False
INV00004137,20250328,ST003,PRD006,2219,20,35,30,2244,0,0,False
INV00004138,20250329,ST003,PRD006,2244,20,24,18,2270,0,0,False
INV00004139,20250330,ST003,PRD006,2270,30,29,28,2301,0,0,False
INV00004140,20250331,ST003,PRD006,2301,16,27,21,2323,0,0,False
INV00004141,20250101,ST003,PRD007,13,23,48,40,44,0,0,False
INV00004142,20250102,ST003,PRD007,44,16,31,28,63,0,0,False
INV00004143,20250103,ST003,PRD007,63,34,29,29,97,0,0,False
INV00004144,20250104,ST003,PRD007,97,27,39,32,131,0,0,False
INV00004145,20250105,ST003,PRD007,131,18,36,35,150,0,0,False
INV00004146,20250106,ST003,PRD007,150,46,48,42,202,0,0,False
INV00004147,20250107,ST003,PRD007,202,41,45,35,253,0,0,False
INV00004148,20250108,ST003,PRD007,253,38,44,35,300,0,0,False
INV00004149,20250109,ST003,PRD007,300,24,30,31,323,0,0,False
INV00004150,20250110,ST003,PRD007,323,19,31,26,347,0,0,False
INV00004151,20250111,ST003,PRD007,347,32,32,28,383,0,0,False
INV00004152,20250112,ST003,PRD007,383,42,44,38,431,0,0,False
INV00004153,20250113,ST003,PRD007,431,19,29,21,458,0,0,False
INV00004154,20250114,ST003,PRD007,458,22,34,32,482,0,0,False
INV00004155,20250115,ST003,PRD007,482,16,29,26,501,0,0,False
INV00004156,20250116,ST003,PRD007,501,34,38,33,540,0,0,False
INV00004157,20250117,ST003,PRD007,540,28,31,33,566,0,0,False
INV00004158,20250118,ST003,PRD007,566,30,41,38,599,0,0,False
INV00004159,20250119,ST003,PRD007,599,46,48,45,648,0,0,False
INV00004160,20250120,ST003,PRD007,648,20,32,34,666,0,0,False
INV00004161,20250121,ST003,PRD007,666,12,16,14,680,0,0,False
INV00004162,20250122,ST003,PRD007,680,21,29,26,704,0,0,False
INV00004163,20250123,ST003,PRD007,704,39,29,34,738,0,0,False
INV00004164,20250124,ST003,PRD007,738,15,29,29,753,0,0,False
INV00004165,20250125,ST003,PRD007,753,26,32,35,776,0,0,False
INV00004166,20250126,ST003,PRD007,776,52,46,47,827,0,0,False
INV00004167,20250127,ST003,PRD007,827,23,22,22,850,0,0,False
INV00004168,20250128,ST003,PRD007,850,18,25,22,871,0,0,False
INV00004169,20250129,ST003,PRD007,871,15,30,26,890,0,0,False
INV00004170,20250130,ST003,PRD007,890,23,29,27,915,0,0,False
INV00004171,20250131,ST003,PRD007,915,24,30,33,936,0,0,False
INV00004172,20250201,ST003,PRD007,936,15,36,29,958,0,0,False
INV00004173,20250202,ST003,PRD007,958,21,24,22,981,0,0,False
INV00004174,20250203,ST003,PRD007,981,13,18,17,995,0,0,False
INV00004175,20250204,ST003,PRD007,995,10,18,18,1005,0,0,False
INV00004176,20250205,ST003,PRD007,1005,22,30,29,1028,0,0,False
INV00004177,20250206,ST003,PRD007,1028,17,15,15,1045,0,0,False
INV00004178,20250207,ST003,PRD007,1045,10,18,16,1057,0,0,False
INV00004179,20250208,ST003,PRD007,1057,18,26,27,1074,0,0,False
INV00004180,20250209,ST003,PRD007,1074,29,45,42,1106,0,0,False
INV00004181,20250210,ST003,PRD007,1106,25,20,21,1130,0,0,False
INV00004182,20250211,ST003,PRD007,1130,17,22,23,1146,0,0,False
INV00004183,20250212,ST003,PRD007,1146,15,26,24,1163,0,0,False
INV00004184,20250213,ST003,PRD007,1163,14,16,18,1175,0,0,False
INV00004185,20250214,ST003,PRD007,1175,25,37,31,1206,0,0,False
INV00004186,20250215,ST003,PRD007,1206,30,38,29,1245,0,0,False
INV00004187,20250216,ST003,PRD007,1245,26,39,35,1275,0,0,False
INV00004188,20250217,ST003,PRD007,1275,34,51,44,1316,0,0,False
INV00004189,20250218,ST003,PRD007,1316,17,27,21,1339,0,0,False
INV00004190,20250219,ST003,PRD007,1339,25,31,28,1367,0,0,False
INV00004191,20250220,ST003,PRD007,1367,19,15,16,1385,0,0,False
INV00004192,20250221,ST003,PRD007,1385,23,20,23,1405,0,0,False
INV00004193,20250222,ST003,PRD007,1405,36,39,34,1446,0,0,False
INV00004194,20250223,ST003,PRD007,1446,34,43,34,1489,0,0,False
INV00004195,20250224,ST003,PRD007,1489,14,13,13,1503,0,0,False
INV00004196,20250225,ST003,PRD007,1503,19,24,21,1525,0,0,False
INV00004197,20250226,ST003,PRD007,1525,35,29,32,1557,0,0,False
INV00004198,20250227,ST003,PRD007,1557,15,30,23,1579,0,0,False
INV00004199,20250228,ST003,PRD007,1579,18,18,17,1598,0,0,False
INV00004200,20250301,ST003,PRD007,1598,27,36,27,1634,0,0,False
INV00004201,20250302,ST003,PRD007,1634,38,41,46,1667,0,0,False
INV00004202,20250303,ST003,PRD007,1667,14,28,28,1681,0,0,False
INV00004203,20250304,ST003,PRD007,1681,29,49,36,1723,0,0,False
INV00004204,20250305,ST003,PRD007,1723,27,51,45,1756,0,0,False
INV00004205,20250306,ST003,PRD007,1756,35,30,31,1790,0,0,False
INV00004206,20250307,ST003,PRD007,1790,31,45,33,1833,0,0,False
INV00004207,20250308,ST003,PRD007,1833,30,36,34,1865,0,0,False
INV00004208,20250309,ST003,PRD007,1865,35,50,48,1902,0,0,False
INV00004209,20250310,ST003,PRD007,1902,19,22,23,1920,0,0,False
INV00004210,20250311,ST003,PRD007,1920,27,34,40,1941,0,0,False
INV00004211,20250312,ST003,PRD007,1941,24,26,22,1969,0,0,False
INV00004212,20250313,ST003,PRD007,1969,10,20,18,1981,0,0,False
INV00004213,20250314,ST003,PRD007,1981,15,28,26,1998,0,0,False
INV00004214,20250315,ST003,PRD007,1998,22,38,36,2022,0,0,False
INV00004215,20250316,ST003,PRD007,2022,18,29,28,2041,0,0,False
INV00004216,20250317,ST003,PRD007,2041,20,33,30,2064,0,0,False
INV00004217,20250318,ST003,PRD007,2064,34,33,31,2100,0,0,False
INV00004218,20250319,ST003,PRD007,2100,14,29,25,2118,0,0,False
INV00004219,20250320,ST003,PRD007,2118,29,36,28,2155,0,0,False
INV00004220,20250321,ST003,PRD007,2155,16,22,23,2170,0,0,False
INV00004221,20250322,ST003,PRD007,2170,33,43,44,2202,0,0,False
INV00004222,20250323,ST003,PRD007,2202,43,58,48,2255,0,0,False
INV00004223,20250324,ST003,PRD007,2255,31,27,29,2284,0,0,False
INV00004224,20250325,ST003,PRD007,2284,13,19,17,2299,0,0,False
INV00004225,20250326,ST003,PRD007,2299,20,23,25,2317,0,0,False
INV00004226,20250327,ST003,PRD007,2317,14,19,19,2331,0,0,False
INV00004227,20250328,ST003,PRD007,2331,16,17,16,2348,0,0,False
INV00004228,20250329,ST003,PRD007,2348,25,32,27,2378,0,0,False
INV00004229,20250330,ST003,PRD007,2378,27,39,30,2414,0,0,False
INV00004230,20250331,ST003,PRD007,2414,25,26,26,2439,0,0,False
INV00004231,20250101,ST003,PRD008,27,11,15,17,36,0,0,False
INV00004232,20250102,ST003,PRD008,36,38,42,36,80,0,0,False
INV00004233,20250103,ST003,PRD008,80,22,31,29,104,0,0,False
INV00004234,20250104,ST003,PRD008,104,33,42,34,145,0,0,False
INV00004235,20250105,ST003,PRD008,145,30,33,36,172,0,0,False
INV00004236,20250106,ST003,PRD008,172,18,17,18,189,0,0,False
INV00004237,20250107,ST003,PRD008,189,29,27,26,219,0,0,False
INV00004238,20250108,ST003,PRD008,219,18,33,24,246,0,0,False
INV00004239,20250109,ST003,PRD008,246,20,29,29,266,0,0,False
INV00004240,20250110,ST003,PRD008,266,23,25,24,290,0,0,False
INV00004241,20250111,ST003,PRD008,290,16,27,27,306,0,0,False
INV00004242,20250112,ST003,PRD008,306,23,39,38,330,0,0,False
INV00004243,20250113,ST003,PRD008,330,23,25,22,356,0,0,False
INV00004244,20250114,ST003,PRD008,356,18,26,25,375,0,0,False
INV00004245,20250115,ST003,PRD008,375,31,42,33,415,0,0,False
INV00004246,20250116,ST003,PRD008,415,20,24,22,437,0,0,False
INV00004247,20250117,ST003,PRD008,437,20,21,18,460,0,0,False
INV00004248,20250118,ST003,PRD008,460,16,37,29,484,0,0,False
INV00004249,20250119,ST003,PRD008,484,17,27,28,500,0,0,False
INV00004250,20250120,ST003,PRD008,500,22,33,33,522,0,0,False
INV00004251,20250121,ST003,PRD008,522,19,23,26,538,0,0,False
INV00004252,20250122,ST003,PRD008,538,17,25,24,556,0,0,False
INV00004253,20250123,ST003,PRD008,556,19,27,28,574,0,0,False
INV00004254,20250124,ST003,PRD008,574,29,29,31,601,0,0,False
INV00004255,20250125,ST003,PRD008,601,34,49,49,635,0,0,False
INV00004256,20250126,ST003,PRD008,635,27,43,33,672,0,0,False
INV00004257,20250127,ST003,PRD008,672,42,43,38,719,0,0,False
INV00004258,20250128,ST003,PRD008,719,32,46,43,754,0,0,False
INV00004259,20250129,ST003,PRD008,754,31,40,34,791,0,0,False
INV00004260,20250130,ST003,PRD008,791,41,43,35,840,0,0,False
INV00004261,20250131,ST003,PRD008,840,17,19,22,854,0,0,False
INV00004262,20250201,ST003,PRD008,854,16,27,26,871,0,0,False
INV00004263,20250202,ST003,PRD008,871,12,23,23,883,0,0,False
INV00004264,20250203,ST003,PRD008,883,22,22,22,905,0,0,False
INV00004265,20250204,ST003,PRD008,905,30,32,31,936,0,0,False
INV00004266,20250205,ST003,PRD008,936,37,36,32,977,0,0,False
INV00004267,20250206,ST003,PRD008,977,20,21,20,998,0,0,False
INV00004268,20250207,ST003,PRD008,998,13,26,23,1014,0,0,False
INV00004269,20250208,ST003,PRD008,1014,15,32,25,1036,0,0,False
INV00004270,20250209,ST003,PRD008,1036,17,36,29,1060,0,0,False
INV00004271,20250210,ST003,PRD008,1060,13,23,24,1072,0,0,False
INV00004272,20250211,ST003,PRD008,1072,21,21,19,1095,0,0,False
INV00004273,20250212,ST003,PRD008,1095,16,17,18,1110,0,0,False
INV00004274,20250213,ST003,PRD008,1110,12,24,24,1122,0,0,False
INV00004275,20250214,ST003,PRD008,1122,16,24,21,1141,0,0,False
INV00004276,20250215,ST003,PRD008,1141,42,46,41,1188,0,0,False
INV00004277,20250216,ST003,PRD008,1188,22,42,39,1213,0,0,False
INV00004278,20250217,ST003,PRD008,1213,11,15,16,1223,0,0,False
INV00004279,20250218,ST003,PRD008,1223,12,21,19,1237,0,0,False
INV00004280,20250219,ST003,PRD008,1237,35,34,37,1269,0,0,False
INV00004281,20250220,ST003,PRD008,1269,28,28,25,1300,0,0,False
INV00004282,20250221,ST003,PRD008,1300,23,41,32,1332,0,0,False
INV00004283,20250222,ST003,PRD008,1332,19,27,28,1350,0,0,False
INV00004284,20250223,ST003,PRD008,1350,29,43,42,1380,0,0,False
INV00004285,20250224,ST003,PRD008,1380,14,17,15,1396,0,0,False
INV00004286,20250225,ST003,PRD008,1396,11,24,19,1412,0,0,False
INV00004287,20250226,ST003,PRD008,1412,23,24,21,1438,0,0,False
INV00004288,20250227,ST003,PRD008,1438,7,17,14,1448,0,0,False
INV00004289,20250228,ST003,PRD008,1448,19,23,20,1470,0,0,False
INV00004290,20250301,ST003,PRD008,1470,28,25,25,1498,0,0,False
INV00004291,20250302,ST003,PRD008,1498,23,35,31,1525,0,0,False
INV00004292,20250303,ST003,PRD008,1525,42,56,50,1573,0,0,False
INV00004293,20250304,ST003,PRD008,1573,43,34,36,1614,0,0,False
INV00004294,20250305,ST003,PRD008,1614,24,25,27,1636,0,0,False
INV00004295,20250306,ST003,PRD008,1636,20,30,29,1657,0,0,False
INV00004296,20250307,ST003,PRD008,1657,16,19,20,1672,0,0,False
INV00004297,20250308,ST003,PRD008,1672,40,39,34,1717,0,0,False
INV00004298,20250309,ST003,PRD008,1717,31,34,31,1751,0,0,False
INV00004299,20250310,ST003,PRD008,1751,10,18,16,1763,0,0,False
INV00004300,20250311,ST003,PRD008,1763,28,33,30,1794,0,0,False
INV00004301,20250312,ST003,PRD008,1794,42,44,45,1835,0,0,False
INV00004302,20250313,ST003,PRD008,1835,31,36,33,1869,0,0,False
INV00004303,20250314,ST003,PRD008,1869,26,26,29,1892,0,0,False
INV00004304,20250315,ST003,PRD008,1892,42,49,48,1935,0,0,False
INV00004305,20250316,ST003,PRD008,1935,39,35,41,1968,0,0,False
INV00004306,20250317,ST003,PRD008,1968,18,24,25,1985,0,0,False
INV00004307,20250318,ST003,PRD008,1985,31,46,42,2020,0,0,False
INV00004308,20250319,ST003,PRD008,2020,34,39,39,2054,0,0,False
INV00004309,20250320,ST003,PRD008,2054,41,41,39,2097,0,0,False
INV00004310,20250321,ST003,PRD008,2097,29,35,36,2125,0,0,False
INV00004311,20250322,ST003,PRD008,2125,26,38,34,2155,0,0,False
INV00004312,20250323,ST003,PRD008,2155,36,48,53,2186,0,0,False
INV00004313,20250324,ST003,PRD008,2186,12,19,17,2200,0,0,False
INV00004314,20250325,ST003,PRD008,2200,13,26,25,2214,0,0,False
INV00004315,20250326,ST003,PRD008,2214,47,47,44,2264,0,0,False
INV00004316,20250327,ST003,PRD008,2264,38,41,35,2308,0,0,False
INV00004317,20250328,ST003,PRD008,2308,24,38,33,2337,0,0,False
INV00004318,20250329,ST003,PRD008,2337,24,26,29,2358,0,0,False
INV00004319,20250330,ST003,PRD008,2358,16,39,32,2381,0,0,False
INV00004320,20250331,ST003,PRD008,2381,57,59,50,2447,0,0,False
INV00004321,20250101,ST003,PRD009,25,16,28,22,47,0,0,False
INV00004322,20250102,ST003,PRD009,47,8,8,8,55,0,0,False
INV00004323,20250103,ST003,PRD009,55,28,25,26,82,0,0,False
INV00004324,20250104,ST003,PRD009,82,23,31,25,111,0,0,False
INV00004325,20250105,ST003,PRD009,111,19,19,18,131,0,0,False
INV00004326,20250106,ST003,PRD009,131,18,24,20,153,0,0,False
INV00004327,20250107,ST003,PRD009,153,7,13,11,162,0,0,False
INV00004328,20250108,ST003,PRD009,162,22,19,20,183,0,0,False
INV00004329,20250109,ST003,PRD009,183,15,16,18,196,0,0,False
INV00004330,20250110,ST003,PRD009,196,11,18,16,209,0,0,False
INV00004331,20250111,ST003,PRD009,209,20,19,20,228,0,0,False
INV00004332,20250112,ST003,PRD009,228,18,24,19,251,0,0,False
INV00004333,20250113,ST003,PRD009,251,10,11,9,263,0,0,False
INV00004334,20250114,ST003,PRD009,263,12,21,19,277,0,0,False
INV00004335,20250115,ST003,PRD009,277,9,15,16,285,0,0,False
INV00004336,20250116,ST003,PRD009,285,20,24,21,308,0,0,False
INV00004337,20250117,ST003,PRD009,308,22,26,26,330,0,0,False
INV00004338,20250118,ST003,PRD009,330,20,22,19,353,0,0,False
INV00004339,20250119,ST003,PRD009,353,33,31,35,382,0,0,False
INV00004340,20250120,ST003,PRD009,382,27,35,27,417,0,0,False
INV00004341,20250121,ST003,PRD009,417,12,18,17,430,0,0,False
INV00004342,20250122,ST003,PRD009,430,15,20,16,449,0,0,False
INV00004343,20250123,ST003,PRD009,449,15,16,17,463,0,0,False
INV00004344,20250124,ST003,PRD009,463,8,10,11,470,0,0,False
INV00004345,20250125,ST003,PRD009,470,11,19,17,483,0,0,False
INV00004346,20250126,ST003,PRD009,483,13,26,24,498,0,0,False
INV00004347,20250127,ST003,PRD009,498,8,15,13,508,0,0,False
INV00004348,20250128,ST003,PRD009,508,14,32,25,529,0,0,False
INV00004349,20250129,ST003,PRD009,529,11,13,13,540,0,0,False
INV00004350,20250130,ST003,PRD009,540,7,7,8,546,0,0,False
INV00004351,20250131,ST003,PRD009,546,12,11,12,557,0,0,False
INV00004352,20250201,ST003,PRD009,557,21,27,25,580,0,0,False
INV00004353,20250202,ST003,PRD009,580,18,23,25,596,0,0,False
INV00004354,20250203,ST003,PRD009,596,7,11,11,603,0,0,False
INV00004355,20250204,ST003,PRD009,603,19,14,16,620,0,0,False
INV00004356,20250205,ST003,PRD009,620,9,17,18,628,0,0,False
INV00004357,20250206,ST003,PRD009,628,25,26,21,658,0,0,False
INV00004358,20250207,ST003,PRD009,658,14,21,20,673,0,0,False
INV00004359,20250208,ST003,PRD009,673,17,35,29,696,0,0,False
INV00004360,20250209,ST003,PRD009,696,26,34,32,724,0,0,False
INV00004361,20250210,ST003,PRD009,724,12,27,23,740,0,0,False
INV00004362,20250211,ST003,PRD009,740,8,14,15,747,0,0,False
INV00004363,20250212,ST003,PRD009,747,11,24,21,761,0,0,False
INV00004364,20250213,ST003,PRD009,761,16,29,24,782,0,0,False
INV00004365,20250214,ST003,PRD009,782,14,18,18,796,0,0,False
INV00004366,20250215,ST003,PRD009,796,21,20,20,817,0,0,False
INV00004367,20250216,ST003,PRD009,817,11,13,13,828,0,0,False
INV00004368,20250217,ST003,PRD009,828,8,9,10,835,0,0,False
INV00004369,20250218,ST003,PRD009,835,23,23,23,858,0,0,False
INV00004370,20250219,ST003,PRD009,858,5,9,10,862,0,0,False
INV00004371,20250220,ST003,PRD009,862,8,20,15,875,0,0,False
INV00004372,20250221,ST003,PRD009,875,22,25,21,901,0,0,False
INV00004373,20250222,ST003,PRD009,901,16,27,26,918,0,0,False
INV00004374,20250223,ST003,PRD009,918,8,12,12,926,0,0,False
INV00004375,20250224,ST003,PRD009,926,16,24,21,945,0,0,False
INV00004376,20250225,ST003,PRD009,945,22,30,25,972,0,0,False
INV00004377,20250226,ST003,PRD009,972,10,17,16,983,0,0,False
INV00004378,20250227,ST003,PRD009,983,11,11,10,995,0,0,False
INV00004379,20250228,ST003,PRD009,995,8,11,12,1002,0,0,False
INV00004380,20250301,ST003,PRD009,1002,12,17,15,1016,0,0,False
INV00004381,20250302,ST003,PRD009,1016,17,38,33,1038,0,0,False
INV00004382,20250303,ST003,PRD009,1038,20,18,17,1059,0,0,False
INV00004383,20250304,ST003,PRD009,1059,19,21,19,1080,0,0,False
INV00004384,20250305,ST003,PRD009,1080,8,14,11,1091,0,0,False
INV00004385,20250306,ST003,PRD009,1091,14,13,12,1106,0,0,False
INV00004386,20250307,ST003,PRD009,1106,13,25,19,1125,0,0,False
INV00004387,20250308,ST003,PRD009,1125,43,41,36,1173,0,0,False
INV00004388,20250309,ST003,PRD009,1173,11,23,17,1190,0,0,False
INV00004389,20250310,ST003,PRD009,1190,15,17,15,1207,0,0,False
INV00004390,20250311,ST003,PRD009,1207,15,30,27,1225,0,0,False
INV00004391,20250312,ST003,PRD009,1225,14,15,15,1239,0,0,False
INV00004392,20250313,ST003,PRD009,1239,14,25,22,1256,0,0,False
INV00004393,20250314,ST003,PRD009,1256,15,22,19,1274,0,0,False
INV00004394,20250315,ST003,PRD009,1274,19,15,16,1292,0,0,False
INV00004395,20250316,ST003,PRD009,1292,14,12,12,1306,0,0,False
INV00004396,20250317,ST003,PRD009,1306,11,21,18,1320,0,0,False
INV00004397,20250318,ST003,PRD009,1320,25,32,25,1352,0,0,False
INV00004398,20250319,ST003,PRD009,1352,17,22,17,1374,0,0,False
INV00004399,20250320,ST003,PRD009,1374,13,18,15,1390,0,0,False
INV00004400,20250321,ST003,PRD009,1390,13,22,22,1403,0,0,False
INV00004401,20250322,ST003,PRD009,1403,15,18,18,1418,0,0,False
INV00004402,20250323,ST003,PRD009,1418,21,30,29,1440,0,0,False
INV00004403,20250324,ST003,PRD009,1440,12,14,16,1450,0,0,False
INV00004404,20250325,ST003,PRD009,1450,8,17,15,1460,0,0,False
INV00004405,20250326,ST003,PRD009,1460,16,21,17,1480,0,0,False
INV00004406,20250327,ST003,PRD009,1480,13,10,11,1492,0,0,False
INV00004407,20250328,ST003,PRD009,1492,8,14,12,1502,0,0,False
INV00004408,20250329,ST003,PRD009,1502,13,16,16,1515,0,0,False
INV00004409,20250330,ST003,PRD009,1515,9,17,18,1523,0,0,False
INV00004410,20250331,ST003,PRD009,1523,24,24,23,1548,0,0,False
INV00004411,20250101,ST003,PRD010,28,5,11,8,36,0,0,False
INV00004412,20250102,ST003,PRD010,36,18,16,17,53,0,0,False
INV00004413,20250103,ST003,PRD010,53,4,8,8,57,0,0,False
INV00004414,20250104,ST003,PRD010,57,9,18,17,67,0,0,False
INV00004415,20250105,ST003,PRD010,67,26,28,25,96,0,0,False
INV00004416,20250106,ST003,PRD010,96,10,13,12,107,0,0,False
INV00004417,20250107,ST003,PRD010,107,9,11,10,117,0,0,False
INV00004418,20250108,ST003,PRD010,117,9,13,12,127,0,0,False
INV00004419,20250109,ST003,PRD010,127,11,20,19,139,0,0,False
INV00004420,20250110,ST003,PRD010,139,5,10,9,145,0,0,False
INV00004421,20250111,ST003,PRD010,145,7,15,13,154,0,0,False
INV00004422,20250112,ST003,PRD010,154,26,29,28,181,0,0,False
INV00004423,20250113,ST003,PRD010,181,10,11,9,193,0,0,False
INV00004424,20250114,ST003,PRD010,193,18,15,15,211,0,0,False
INV00004425,20250115,ST003,PRD010,211,9,10,10,220,0,0,False
INV00004426,20250116,ST003,PRD010,220,8,18,15,231,0,0,False
INV00004427,20250117,ST003,PRD010,231,11,11,12,241,0,0,False
INV00004428,20250118,ST003,PRD010,241,21,22,21,263,0,0,False
INV00004429,20250119,ST003,PRD010,263,17,17,16,281,0,0,False
INV00004430,20250120,ST003,PRD010,281,13,29,22,301,0,0,False
INV00004431,20250121,ST003,PRD010,301,8,11,12,308,0,0,False
INV00004432,20250122,ST003,PRD010,308,19,14,16,325,0,0,False
INV00004433,20250123,ST003,PRD010,325,21,22,20,348,0,0,False
INV00004434,20250124,ST003,PRD010,348,16,19,16,367,0,0,False
INV00004435,20250125,ST003,PRD010,367,12,10,11,378,0,0,False
INV00004436,20250126,ST003,PRD010,378,6,9,8,385,0,0,False
INV00004437,20250127,ST003,PRD010,385,10,16,15,396,0,0,False
INV00004438,20250128,ST003,PRD010,396,13,15,13,411,0,0,False
INV00004439,20250129,ST003,PRD010,411,7,11,9,420,0,0,False
INV00004440,20250130,ST003,PRD010,420,9,15,15,429,0,0,False
INV00004441,20250131,ST003,PRD010,429,16,18,14,449,0,0,False
INV00004442,20250201,ST003,PRD010,449,13,14,15,461,0,0,False
INV00004443,20250202,ST003,PRD010,461,10,13,12,472,0,0,False
INV00004444,20250203,ST003,PRD010,472,17,29,24,494,0,0,False
INV00004445,20250204,ST003,PRD010,494,16,18,16,512,0,0,False
INV00004446,20250205,ST003,PRD010,512,7,10,11,518,0,0,False
INV00004447,20250206,ST003,PRD010,518,13,19,20,530,0,0,False
INV00004448,20250207,ST003,PRD010,530,11,15,15,541,0,0,False
INV00004449,20250208,ST003,PRD010,541,16,15,16,556,0,0,False
INV00004450,20250209,ST003,PRD010,556,10,16,14,568,0,0,False
INV00004451,20250210,ST003,PRD010,568,18,15,17,584,0,0,False
INV00004452,20250211,ST003,PRD010,584,16,13,14,599,0,0,False
INV00004453,20250212,ST003,PRD010,599,17,18,19,615,0,0,False
INV00004454,20250213,ST003,PRD010,615,7,16,13,625,0,0,False
INV00004455,20250214,ST003,PRD010,625,14,26,23,642,0,0,False
INV00004456,20250215,ST003,PRD010,642,6,11,9,650,0,0,False
INV00004457,20250216,ST003,PRD010,650,7,12,10,659,0,0,False
INV00004458,20250217,ST003,PRD010,659,6,8,8,665,0,0,False
INV00004459,20250218,ST003,PRD010,665,5,10,9,671,0,0,False
INV00004460,20250219,ST003,PRD010,671,23,23,24,693,0,0,False
INV00004461,20250220,ST003,PRD010,693,12,18,16,707,0,0,False
INV00004462,20250221,ST003,PRD010,707,7,14,11,717,0,0,False
INV00004463,20250222,ST003,PRD010,717,7,16,13,727,0,0,False
INV00004464,20250223,ST003,PRD010,727,23,23,21,752,0,0,False
INV00004465,20250224,ST003,PRD010,752,11,13,11,765,0,0,False
INV00004466,20250225,ST003,PRD010,765,10,15,15,775,0,0,False
INV00004467,20250226,ST003,PRD010,775,17,20,17,795,0,0,False
INV00004468,20250227,ST003,PRD010,795,12,15,13,809,0,0,False
INV00004469,20250228,ST003,PRD010,809,9,10,10,818,0,0,False
INV00004470,20250301,ST003,PRD010,818,8,10,11,825,0,0,False
INV00004471,20250302,ST003,PRD010,825,21,30,24,852,0,0,False
INV00004472,20250303,ST003,PRD010,852,24,26,28,874,0,0,False
INV00004473,20250304,ST003,PRD010,874,19,23,21,895,0,0,False
INV00004474,20250305,ST003,PRD010,895,20,20,21,914,0,0,False
INV00004475,20250306,ST003,PRD010,914,7,10,10,921,0,0,False
INV00004476,20250307,ST003,PRD010,921,10,14,11,934,0,0,False
INV00004477,20250308,ST003,PRD010,934,9,15,15,943,0,0,False
INV00004478,20250309,ST003,PRD010,943,16,21,18,962,0,0,False
INV00004479,20250310,ST003,PRD010,962,7,14,13,970,0,0,False
INV00004480,20250311,ST003,PRD010,970,16,14,15,985,0,0,False
INV00004481,20250312,ST003,PRD010,985,5,9,8,991,0,0,False
INV00004482,20250313,ST003,PRD010,991,22,20,20,1013,0,0,False
INV00004483,20250314,ST003,PRD010,1013,10,19,16,1026,0,0,False
INV00004484,20250315,ST003,PRD010,1026,18,20,22,1042,0,0,False
INV00004485,20250316,ST003,PRD010,1042,9,17,16,1052,0,0,False
INV00004486,20250317,ST003,PRD010,1052,7,8,8,1059,0,0,False
INV00004487,20250318,ST003,PRD010,1059,23,22,21,1083,0,0,False
INV00004488,20250319,ST003,PRD010,1083,16,18,17,1100,0,0,False
INV00004489,20250320,ST003,PRD010,1100,15,19,17,1117,0,0,False
INV00004490,20250321,ST003,PRD010,1117,8,8,8,1125,0,0,False
INV00004491,20250322,ST003,PRD010,1125,15,28,22,1146,0,0,False
INV00004492,20250323,ST003,PRD010,1146,11,17,15,1159,0,0,False
INV00004493,20250324,ST003,PRD010,1159,18,20,19,1178,0,0,False
INV00004494,20250325,ST003,PRD010,1178,7,13,12,1186,0,0,False
INV00004495,20250326,ST003,PRD010,1186,20,17,17,1206,0,0,False
INV00004496,20250327,ST003,PRD010,1206,10,14,16,1214,0,0,False
INV00004497,20250328,ST003,PRD010,1214,8,10,10,1222,0,0,False
INV00004498,20250329,ST003,PRD010,1222,11,12,10,1235,0,0,False
INV00004499,20250330,ST003,PRD010,1235,13,26,23,1251,0,0,False
INV00004500,20250331,ST003,PRD010,1251,16,13,15,1265,0,0,False
INV00004501,20250101,ST003,PRD011,11,12,15,16,22,0,0,False
INV00004502,20250102,ST003,PRD011,22,14,18,14,40,0,0,False
INV00004503,20250103,ST003,PRD011,40,9,9,8,50,0,0,False
INV00004504,20250104,ST003,PRD011,50,18,21,17,72,0,0,False
INV00004505,20250105,ST003,PRD011,72,35,41,33,115,0,0,False
INV00004506,20250106,ST003,PRD011,115,9,15,16,123,0,0,False
INV00004507,20250107,ST003,PRD011,123,24,33,26,154,0,0,False
INV00004508,20250108,ST003,PRD011,154,17,24,20,175,0,0,False
INV00004509,20250109,ST003,PRD011,175,20,23,20,198,0,0,False
INV00004510,20250110,ST003,PRD011,198,22,20,20,220,0,0,False
INV00004511,20250111,ST003,PRD011,220,15,30,27,238,0,0,False
INV00004512,20250112,ST003,PRD011,238,16,28,25,257,0,0,False
INV00004513,20250113,ST003,PRD011,257,10,15,12,270,0,0,False
INV00004514,20250114,ST003,PRD011,270,11,18,19,280,0,0,False
INV00004515,20250115,ST003,PRD011,280,11,20,17,294,0,0,False
INV00004516,20250116,ST003,PRD011,294,19,26,25,314,0,0,False
INV00004517,20250117,ST003,PRD011,314,17,24,26,329,0,0,False
INV00004518,20250118,ST003,PRD011,329,15,19,16,347,0,0,False
INV00004519,20250119,ST003,PRD011,347,10,12,11,358,0,0,False
INV00004520,20250120,ST003,PRD011,358,29,26,25,388,0,0,False
INV00004521,20250121,ST003,PRD011,388,16,16,18,402,0,0,False
INV00004522,20250122,ST003,PRD011,402,14,19,16,419,0,0,False
INV00004523,20250123,ST003,PRD011,419,20,17,20,436,0,0,False
INV00004524,20250124,ST003,PRD011,436,16,12,15,449,0,0,False
INV00004525,20250125,ST003,PRD011,449,16,18,18,465,0,0,False
INV00004526,20250126,ST003,PRD011,465,19,24,20,488,0,0,False
INV00004527,20250127,ST003,PRD011,488,13,14,13,502,0,0,False
INV00004528,20250128,ST003,PRD011,502,22,26,28,522,0,0,False
INV00004529,20250129,ST003,PRD011,522,7,16,13,532,0,0,False
INV00004530,20250130,ST003,PRD011,532,18,20,17,553,0,0,False
INV00004531,20250131,ST003,PRD011,553,14,19,16,570,0,0,False
INV00004532,20250201,ST003,PRD011,570,14,18,16,586,0,0,False
INV00004533,20250202,ST003,PRD011,586,12,13,13,598,0,0,False
INV00004534,20250203,ST003,PRD011,598,12,13,14,609,0,0,False
INV00004535,20250204,ST003,PRD011,609,17,20,19,627,0,0,False
INV00004536,20250205,ST003,PRD011,627,14,15,12,644,0,0,False
INV00004537,20250206,ST003,PRD011,644,14,12,12,658,0,0,False
INV00004538,20250207,ST003,PRD011,658,15,20,17,676,0,0,False
INV00004539,20250208,ST003,PRD011,676,22,18,18,698,0,0,False
INV00004540,20250209,ST003,PRD011,698,33,32,30,733,0,0,False
INV00004541,20250210,ST003,PRD011,733,16,22,20,751,0,0,False
INV00004542,20250211,ST003,PRD011,751,13,16,14,766,0,0,False
INV00004543,20250212,ST003,PRD011,766,14,13,13,780,0,0,False
INV00004544,20250213,ST003,PRD011,780,14,19,19,794,0,0,False
INV00004545,20250214,ST003,PRD011,794,9,13,14,802,0,0,False
INV00004546,20250215,ST003,PRD011,802,19,26,22,825,0,0,False
INV00004547,20250216,ST003,PRD011,825,12,17,16,838,0,0,False
INV00004548,20250217,ST003,PRD011,838,16,23,18,859,0,0,False
INV00004549,20250218,ST003,PRD011,859,21,20,21,879,0,0,False
INV00004550,20250219,ST003,PRD011,879,12,18,16,893,0,0,False
INV00004551,20250220,ST003,PRD011,893,8,9,10,900,0,0,False
INV00004552,20250221,ST003,PRD011,900,13,9,11,911,0,0,False
INV00004553,20250222,ST003,PRD011,911,6,14,12,919,0,0,False
INV00004554,20250223,ST003,PRD011,919,6,11,12,924,0,0,False
INV00004555,20250224,ST003,PRD011,924,7,10,10,931,0,0,False
INV00004556,20250225,ST003,PRD011,931,12,22,23,942,0,0,False
INV00004557,20250226,ST003,PRD011,942,16,32,27,963,0,0,False
INV00004558,20250227,ST003,PRD011,963,15,13,13,978,0,0,False
INV00004559,20250228,ST003,PRD011,978,10,22,19,991,0,0,False
INV00004560,20250301,ST003,PRD011,991,21,20,18,1014,0,0,False
INV00004561,20250302,ST003,PRD011,1014,18,27,28,1031,0,0,False
INV00004562,20250303,ST003,PRD011,1031,11,15,15,1042,0,0,False
INV00004563,20250304,ST003,PRD011,1042,12,13,12,1055,0,0,False
INV00004564,20250305,ST003,PRD011,1055,21,22,18,1080,0,0,False
INV00004565,20250306,ST003,PRD011,1080,19,23,18,1104,0,0,False
INV00004566,20250307,ST003,PRD011,1104,13,10,11,1116,0,0,False
INV00004567,20250308,ST003,PRD011,1116,14,15,16,1129,0,0,False
INV00004568,20250309,ST003,PRD011,1129,13,14,14,1142,0,0,False
INV00004569,20250310,ST003,PRD011,1142,11,14,12,1155,0,0,False
INV00004570,20250311,ST003,PRD011,1155,11,24,20,1170,0,0,False
INV00004571,20250312,ST003,PRD011,1170,17,25,21,1191,0,0,False
INV00004572,20250313,ST003,PRD011,1191,16,25,27,1205,0,0,False
INV00004573,20250314,ST003,PRD011,1205,14,25,21,1223,0,0,False
INV00004574,20250315,ST003,PRD011,1223,38,37,34,1264,0,0,False
INV00004575,20250316,ST003,PRD011,1264,16,24,24,1280,0,0,False
INV00004576,20250317,ST003,PRD011,1280,10,15,14,1291,0,0,False
INV00004577,20250318,ST003,PRD011,1291,9,13,13,1300,0,0,False
INV00004578,20250319,ST003,PRD011,1300,12,14,13,1313,0,0,False
INV00004579,20250320,ST003,PRD011,1313,21,30,23,1341,0,0,False
INV00004580,20250321,ST003,PRD011,1341,10,13,15,1349,0,0,False
INV00004581,20250322,ST003,PRD011,1349,7,13,13,1356,0,0,False
INV00004582,20250323,ST003,PRD011,1356,24,37,33,1384,0,0,False
INV00004583,20250324,ST003,PRD011,1384,14,16,17,1397,0,0,False
INV00004584,20250325,ST003,PRD011,1397,13,17,16,1411,0,0,False
INV00004585,20250326,ST003,PRD011,1411,21,23,19,1436,0,0,False
INV00004586,20250327,ST003,PRD011,1436,9,9,9,1445,0,0,False
INV00004587,20250328,ST003,PRD011,1445,13,12,12,1458,0,0,False
INV00004588,20250329,ST003,PRD011,1458,12,19,21,1468,0,0,False
INV00004589,20250330,ST003,PRD011,1468,10,11,11,1478,0,0,False
INV00004590,20250331,ST003,PRD011,1478,11,21,20,1490,0,0,False
INV00004591,20250101,ST003,PRD012,28,12,18,15,43,0,0,False
INV00004592,20250102,ST003,PRD012,43,15,18,14,62,0,0,False
INV00004593,20250103,ST003,PRD012,62,33,30,29,96,0,0,False
INV00004594,20250104,ST003,PRD012,96,22,34,30,122,0,0,False
INV00004595,20250105,ST003,PRD012,122,28,33,25,158,0,0,False
INV00004596,20250106,ST003,PRD012,158,12,16,15,171,0,0,False
INV00004597,20250107,ST003,PRD012,171,21,22,18,196,0,0,False
INV00004598,20250108,ST003,PRD012,196,13,22,23,208,0,0,False
INV00004599,20250109,ST003,PRD012,208,21,21,20,230,0,0,False
INV00004600,20250110,ST003,PRD012,230,16,18,16,248,0,0,False
INV00004601,20250111,ST003,PRD012,248,37,29,34,280,0,0,False
INV00004602,20250112,ST003,PRD012,280,24,24,21,307,0,0,False
INV00004603,20250113,ST003,PRD012,307,25,28,26,334,0,0,False
INV00004604,20250114,ST003,PRD012,334,18,22,19,355,0,0,False
INV00004605,20250115,ST003,PRD012,355,13,30,24,374,0,0,False
INV00004606,20250116,ST003,PRD012,374,17,23,20,394,0,0,False
INV00004607,20250117,ST003,PRD012,394,12,18,17,407,0,0,False
INV00004608,20250118,ST003,PRD012,407,16,18,18,423,0,0,False
INV00004609,20250119,ST003,PRD012,423,15,19,20,437,0,0,False
INV00004610,20250120,ST003,PRD012,437,26,25,26,462,0,0,False
INV00004611,20250121,ST003,PRD012,462,14,23,23,476,0,0,False
INV00004612,20250122,ST003,PRD012,476,14,18,14,494,0,0,False
INV00004613,20250123,ST003,PRD012,494,20,21,17,518,0,0,False
INV00004614,20250124,ST003,PRD012,518,28,33,24,555,0,0,False
INV00004615,20250125,ST003,PRD012,555,24,30,23,586,0,0,False
INV00004616,20250126,ST003,PRD012,586,16,16,18,600,0,0,False
INV00004617,20250127,ST003,PRD012,600,8,20,15,613,0,0,False
INV00004618,20250128,ST003,PRD012,613,18,28,23,636,0,0,False
INV00004619,20250129,ST003,PRD012,636,29,36,28,673,0,0,False
INV00004620,20250130,ST003,PRD012,673,11,15,18,681,0,0,False
INV00004621,20250131,ST003,PRD012,681,15,19,20,695,0,0,False
INV00004622,20250201,ST003,PRD012,695,14,20,17,712,0,0,False
INV00004623,20250202,ST003,PRD012,712,27,29,26,742,0,0,False
INV00004624,20250203,ST003,PRD012,742,21,20,24,759,0,0,False
INV00004625,20250204,ST003,PRD012,759,17,29,25,780,0,0,False
INV00004626,20250205,ST003,PRD012,780,14,21,18,797,0,0,False
INV00004627,20250206,ST003,PRD012,797,18,20,23,812,0,0,False
INV00004628,20250207,ST003,PRD012,812,16,17,16,829,0,0,False
INV00004629,20250208,ST003,PRD012,829,26,25,25,855,0,0,False
INV00004630,20250209,ST003,PRD012,855,20,25,24,876,0,0,False
INV00004631,20250210,ST003,PRD012,876,14,29,22,897,0,0,False
INV00004632,20250211,ST003,PRD012,897,10,16,13,910,0,0,False
INV00004633,20250212,ST003,PRD012,910,23,26,26,933,0,0,False
INV00004634,20250213,ST003,PRD012,933,15,17,17,948,0,0,False
INV00004635,20250214,ST003,PRD012,948,37,33,31,987,0,0,False
INV00004636,20250215,ST003,PRD012,987,26,28,30,1011,0,0,False
INV00004637,20250216,ST003,PRD012,1011,10,18,15,1024,0,0,False
INV00004638,20250217,ST003,PRD012,1024,11,20,16,1039,0,0,False
INV00004639,20250218,ST003,PRD012,1039,13,18,16,1054,0,0,False
INV00004640,20250219,ST003,PRD012,1054,19,26,19,1080,0,0,False
INV00004641,20250220,ST003,PRD012,1080,24,23,27,1100,0,0,False
INV00004642,20250221,ST003,PRD012,1100,9,15,16,1108,0,0,False
INV00004643,20250222,ST003,PRD012,1108,14,21,18,1125,0,0,False
INV00004644,20250223,ST003,PRD012,1125,24,37,32,1154,0,0,False
INV00004645,20250224,ST003,PRD012,1154,17,25,27,1169,0,0,False
INV00004646,20250225,ST003,PRD012,1169,15,26,20,1190,0,0,False
INV00004647,20250226,ST003,PRD012,1190,22,26,23,1215,0,0,False
INV00004648,20250227,ST003,PRD012,1215,23,22,22,1238,0,0,False
INV00004649,20250228,ST003,PRD012,1238,11,20,17,1252,0,0,False
INV00004650,20250301,ST003,PRD012,1252,11,18,15,1266,0,0,False
INV00004651,20250302,ST003,PRD012,1266,37,30,34,1299,0,0,False
INV00004652,20250303,ST003,PRD012,1299,31,37,29,1338,0,0,False
INV00004653,20250304,ST003,PRD012,1338,21,24,22,1361,0,0,False
INV00004654,20250305,ST003,PRD012,1361,18,28,22,1385,0,0,False
INV00004655,20250306,ST003,PRD012,1385,11,12,10,1398,0,0,False
INV00004656,20250307,ST003,PRD012,1398,13,22,19,1414,0,0,False
INV00004657,20250308,ST003,PRD012,1414,22,19,22,1433,0,0,False
INV00004658,20250309,ST003,PRD012,1433,9,18,15,1445,0,0,False
INV00004659,20250310,ST003,PRD012,1445,14,17,14,1462,0,0,False
INV00004660,20250311,ST003,PRD012,1462,7,15,13,1471,0,0,False
INV00004661,20250312,ST003,PRD012,1471,20,17,20,1488,0,0,False
INV00004662,20250313,ST003,PRD012,1488,8,12,12,1496,0,0,False
INV00004663,20250314,ST003,PRD012,1496,18,23,19,1518,0,0,False
INV00004664,20250315,ST003,PRD012,1518,13,20,21,1530,0,0,False
INV00004665,20250316,ST003,PRD012,1530,41,42,38,1575,0,0,False
INV00004666,20250317,ST003,PRD012,1575,9,13,13,1584,0,0,False
INV00004667,20250318,ST003,PRD012,1584,13,18,18,1597,0,0,False
INV00004668,20250319,ST003,PRD012,1597,13,12,12,1610,0,0,False
INV00004669,20250320,ST003,PRD012,1610,18,27,25,1630,0,0,False
INV00004670,20250321,ST003,PRD012,1630,14,21,17,1648,0,0,False
INV00004671,20250322,ST003,PRD012,1648,25,33,34,1672,0,0,False
INV00004672,20250323,ST003,PRD012,1672,17,14,17,1686,0,0,False
INV00004673,20250324,ST003,PRD012,1686,15,27,23,1705,0,0,False
INV00004674,20250325,ST003,PRD012,1705,14,17,16,1720,0,0,False
INV00004675,20250326,ST003,PRD012,1720,17,19,17,1739,0,0,False
INV00004676,20250327,ST003,PRD012,1739,18,22,20,1759,0,0,False
INV00004677,20250328,ST003,PRD012,1759,23,31,25,1788,0,0,False
INV00004678,20250329,ST003,PRD012,1788,37,38,31,1832,0,0,False
INV00004679,20250330,ST003,PRD012,1832,12,11,12,1843,0,0,False
INV00004680,20250331,ST003,PRD012,1843,16,20,17,1862,0,0,False
INV00004681,20250101,ST003,PRD013,22,15,17,17,37,0,0,False
INV00004682,20250102,ST003,PRD013,37,16,15,17,51,0,0,False
INV00004683,20250103,ST003,PRD013,51,10,16,18,59,0,0,False
INV00004684,20250104,ST003,PRD013,59,17,25,27,74,0,0,False
INV00004685,20250105,ST003,PRD013,74,18,26,26,92,0,0,False
INV00004686,20250106,ST003,PRD013,92,14,16,13,109,0,0,False
INV00004687,20250107,ST003,PRD013,109,16,20,17,128,0,0,False
INV00004688,20250108,ST003,PRD013,128,10,21,19,140,0,0,False
INV00004689,20250109,ST003,PRD013,140,20,21,21,160,0,0,False
INV00004690,20250110,ST003,PRD013,160,7,15,14,168,0,0,False
INV00004691,20250111,ST003,PRD013,168,18,29,23,192,0,0,False
INV00004692,20250112,ST003,PRD013,192,24,39,35,220,0,0,False
INV00004693,20250113,ST003,PRD013,220,25,22,23,244,0,0,False
INV00004694,20250114,ST003,PRD013,244,10,11,10,255,0,0,False
INV00004695,20250115,ST003,PRD013,255,30,26,27,284,0,0,False
INV00004696,20250116,ST003,PRD013,284,7,13,13,291,0,0,False
INV00004697,20250117,ST003,PRD013,291,18,19,16,312,0,0,False
INV00004698,20250118,ST003,PRD013,312,38,39,40,349,0,0,False
INV00004699,20250119,ST003,PRD013,349,23,34,35,371,0,0,False
INV00004700,20250120,ST003,PRD013,371,13,15,17,382,0,0,False
INV00004701,20250121,ST003,PRD013,382,24,23,20,409,0,0,False
INV00004702,20250122,ST003,PRD013,409,10,16,18,417,0,0,False
INV00004703,20250123,ST003,PRD013,417,8,11,11,425,0,0,False
INV00004704,20250124,ST003,PRD013,425,11,13,10,439,0,0,False
INV00004705,20250125,ST003,PRD013,439,31,39,35,474,0,0,False
INV00004706,20250126,ST003,PRD013,474,14,26,22,492,0,0,False
INV00004707,20250127,ST003,PRD013,492,16,21,19,510,0,0,False
INV00004708,20250128,ST003,PRD013,510,16,24,20,530,0,0,False
INV00004709,20250129,ST003,PRD013,530,17,18,15,550,0,0,False
INV00004710,20250130,ST003,PRD013,550,13,30,26,567,0,0,False
INV00004711,20250131,ST003,PRD013,567,13,23,20,583,0,0,False
INV00004712,20250201,ST003,PRD013,583,29,30,33,609,0,0,False
INV00004713,20250202,ST003,PRD013,609,17,25,23,628,0,0,False
INV00004714,20250203,ST003,PRD013,628,9,10,11,636,0,0,False
INV00004715,20250204,ST003,PRD013,636,6,10,10,642,0,0,False
INV00004716,20250205,ST003,PRD013,642,10,13,14,651,0,0,False
INV00004717,20250206,ST003,PRD013,651,25,31,34,673,0,0,False
INV00004718,20250207,ST003,PRD013,673,22,25,23,697,0,0,False
INV00004719,20250208,ST003,PRD013,697,17,25,25,714,0,0,False
INV00004720,20250209,ST003,PRD013,714,18,13,15,730,0,0,False
INV00004721,20250210,ST003,PRD013,730,11,15,13,743,0,0,False
INV00004722,20250211,ST003,PRD013,743,14,13,13,757,0,0,False
INV00004723,20250212,ST003,PRD013,757,21,20,22,776,0,0,False
INV00004724,20250213,ST003,PRD013,776,21,20,19,798,0,0,False
INV00004725,20250214,ST003,PRD013,798,17,16,15,816,0,0,False
INV00004726,20250215,ST003,PRD013,816,32,28,30,846,0,0,False
INV00004727,20250216,ST003,PRD013,846,11,25,21,861,0,0,False
INV00004728,20250217,ST003,PRD013,861,12,14,14,873,0,0,False
INV00004729,20250218,ST003,PRD013,873,10,13,15,881,0,0,False
INV00004730,20250219,ST003,PRD013,881,10,18,16,893,0,0,False
INV00004731,20250220,ST003,PRD013,893,12,12,11,906,0,0,False
INV00004732,20250221,ST003,PRD013,906,28,37,29,942,0,0,False
INV00004733,20250222,ST003,PRD013,942,8,16,15,951,0,0,False
INV00004734,20250223,ST003,PRD013,951,16,19,21,965,0,0,False
INV00004735,20250224,ST003,PRD013,965,34,26,29,996,0,0,False
INV00004736,20250225,ST003,PRD013,996,22,29,24,1023,0,0,False
INV00004737,20250226,ST003,PRD013,1023,13,13,14,1035,0,0,False
INV00004738,20250227,ST003,PRD013,1035,17,31,26,1057,0,0,False
INV00004739,20250228,ST003,PRD013,1057,13,25,19,1076,0,0,False
INV00004740,20250301,ST003,PRD013,1076,20,29,33,1092,0,0,False
INV00004741,20250302,ST003,PRD013,1092,21,16,18,1111,0,0,False
INV00004742,20250303,ST003,PRD013,1111,24,21,21,1135,0,0,False
INV00004743,20250304,ST003,PRD013,1135,8,12,11,1144,0,0,False
INV00004744,20250305,ST003,PRD013,1144,16,15,18,1157,0,0,False
INV00004745,20250306,ST003,PRD013,1157,20,37,31,1183,0,0,False
INV00004746,20250307,ST003,PRD013,1183,14,31,24,1204,0,0,False
INV00004747,20250308,ST003,PRD013,1204,25,33,29,1233,0,0,False
INV00004748,20250309,ST003,PRD013,1233,23,28,22,1262,0,0,False
INV00004749,20250310,ST003,PRD013,1262,21,22,19,1286,0,0,False
INV00004750,20250311,ST003,PRD013,1286,9,12,13,1294,0,0,False
INV00004751,20250312,ST003,PRD013,1294,17,21,17,1315,0,0,False
INV00004752,20250313,ST003,PRD013,1315,15,16,17,1329,0,0,False
INV00004753,20250314,ST003,PRD013,1329,13,20,22,1340,0,0,False
INV00004754,20250315,ST003,PRD013,1340,41,40,34,1387,0,0,False
INV00004755,20250316,ST003,PRD013,1387,25,25,21,1416,0,0,False
INV00004756,20250317,ST003,PRD013,1416,12,23,20,1431,0,0,False
INV00004757,20250318,ST003,PRD013,1431,36,31,31,1467,0,0,False
INV00004758,20250319,ST003,PRD013,1467,21,24,18,1494,0,0,False
INV00004759,20250320,ST003,PRD013,1494,10,15,14,1505,0,0,False
INV00004760,20250321,ST003,PRD013,1505,16,18,18,1521,0,0,False
INV00004761,20250322,ST003,PRD013,1521,43,36,37,1563,0,0,False
INV00004762,20250323,ST003,PRD013,1563,9,16,15,1573,0,0,False
INV00004763,20250324,ST003,PRD013,1573,13,21,18,1589,0,0,False
INV00004764,20250325,ST003,PRD013,1589,29,29,26,1621,0,0,False
INV00004765,20250326,ST003,PRD013,1621,22,23,22,1644,0,0,False
INV00004766,20250327,ST003,PRD013,1644,22,24,21,1669,0,0,False
INV00004767,20250328,ST003,PRD013,1669,27,21,24,1693,0,0,False
INV00004768,20250329,ST003,PRD013,1693,13,19,16,1709,0,0,False
INV00004769,20250330,ST003,PRD013,1709,19,27,24,1731,0,0,False
INV00004770,20250331,ST003,PRD013,1731,18,28,22,1755,0,0,False
INV00004771,20250101,ST003,PRD014,30,27,21,23,55,0,0,False
INV00004772,20250102,ST003,PRD014,55,8,12,11,64,0,0,False
INV00004773,20250103,ST003,PRD014,64,27,24,26,89,0,0,False
INV00004774,20250104,ST003,PRD014,89,11,24,20,104,0,0,False
INV00004775,20250105,ST003,PRD014,104,10,19,16,117,0,0,False
INV00004776,20250106,ST003,PRD014,117,18,21,17,139,0,0,False
INV00004777,20250107,ST003,PRD014,139,17,20,18,158,0,0,False
INV00004778,20250108,ST003,PRD014,158,8,11,11,166,0,0,False
INV00004779,20250109,ST003,PRD014,166,19,24,21,188,0,0,False
INV00004780,20250110,ST003,PRD014,188,17,23,25,203,0,0,False
INV00004781,20250111,ST003,PRD014,203,13,22,19,219,0,0,False
INV00004782,20250112,ST003,PRD014,219,11,14,11,233,0,0,False
INV00004783,20250113,ST003,PRD014,233,15,22,20,250,0,0,False
INV00004784,20250114,ST003,PRD014,250,19,23,19,273,0,0,False
INV00004785,20250115,ST003,PRD014,273,14,21,17,291,0,0,False
INV00004786,20250116,ST003,PRD014,291,15,18,18,306,0,0,False
INV00004787,20250117,ST003,PRD014,306,12,14,13,319,0,0,False
INV00004788,20250118,ST003,PRD014,319,30,33,30,352,0,0,False
INV00004789,20250119,ST003,PRD014,352,11,15,15,363,0,0,False
INV00004790,20250120,ST003,PRD014,363,11,9,10,373,0,0,False
INV00004791,20250121,ST003,PRD014,373,18,22,21,392,0,0,False
INV00004792,20250122,ST003,PRD014,392,8,12,13,399,0,0,False
INV00004793,20250123,ST003,PRD014,399,9,16,14,410,0,0,False
INV00004794,20250124,ST003,PRD014,410,11,19,21,419,0,0,False
INV00004795,20250125,ST003,PRD014,419,17,14,16,434,0,0,False
INV00004796,20250126,ST003,PRD014,434,6,11,12,439,0,0,False
INV00004797,20250127,ST003,PRD014,439,10,17,15,451,0,0,False
INV00004798,20250128,ST003,PRD014,451,15,20,19,467,0,0,False
INV00004799,20250129,ST003,PRD014,467,14,17,14,484,0,0,False
INV00004800,20250130,ST003,PRD014,484,35,29,29,519,0,0,False
INV00004801,20250131,ST003,PRD014,519,20,21,19,541,0,0,False
INV00004802,20250201,ST003,PRD014,541,7,17,13,552,0,0,False
INV00004803,20250202,ST003,PRD014,552,28,23,24,579,0,0,False
INV00004804,20250203,ST003,PRD014,579,19,15,16,597,0,0,False
INV00004805,20250204,ST003,PRD014,597,32,29,29,629,0,0,False
INV00004806,20250205,ST003,PRD014,629,20,24,24,649,0,0,False
INV00004807,20250206,ST003,PRD014,649,12,16,17,660,0,0,False
INV00004808,20250207,ST003,PRD014,660,11,13,13,671,0,0,False
INV00004809,20250208,ST003,PRD014,671,17,30,25,693,0,0,False
INV00004810,20250209,ST003,PRD014,693,24,31,31,717,0,0,False
INV00004811,20250210,ST003,PRD014,717,6,11,12,722,0,0,False
INV00004812,20250211,ST003,PRD014,722,8,9,8,731,0,0,False
INV00004813,20250212,ST003,PRD014,731,15,19,20,745,0,0,False
INV00004814,20250213,ST003,PRD014,745,17,22,23,761,0,0,False
INV00004815,20250214,ST003,PRD014,761,8,12,9,772,0,0,False
INV00004816,20250215,ST003,PRD014,772,15,17,15,789,0,0,False
INV00004817,20250216,ST003,PRD014,789,16,17,17,805,0,0,False
INV00004818,20250217,ST003,PRD014,805,24,31,28,832,0,0,False
INV00004819,20250218,ST003,PRD014,832,17,15,15,849,0,0,False
INV00004820,20250219,ST003,PRD014,849,25,28,24,878,0,0,False
INV00004821,20250220,ST003,PRD014,878,16,17,19,892,0,0,False
INV00004822,20250221,ST003,PRD014,892,14,14,17,903,0,0,False
INV00004823,20250222,ST003,PRD014,903,14,12,13,916,0,0,False
INV00004824,20250223,ST003,PRD014,916,10,22,18,930,0,0,False
INV00004825,20250224,ST003,PRD014,930,25,23,21,957,0,0,False
INV00004826,20250225,ST003,PRD014,957,18,25,21,979,0,0,False
INV00004827,20250226,ST003,PRD014,979,9,12,12,988,0,0,False
INV00004828,20250227,ST003,PRD014,988,25,26,25,1014,0,0,False
INV00004829,20250228,ST003,PRD014,1014,20,26,23,1037,0,0,False
INV00004830,20250301,ST003,PRD014,1037,22,26,26,1059,0,0,False
INV00004831,20250302,ST003,PRD014,1059,14,17,15,1075,0,0,False
INV00004832,20250303,ST003,PRD014,1075,11,17,21,1082,0,0,False
INV00004833,20250304,ST003,PRD014,1082,11,16,16,1093,0,0,False
INV00004834,20250305,ST003,PRD014,1093,6,9,8,1100,0,0,False
INV00004835,20250306,ST003,PRD014,1100,17,25,24,1118,0,0,False
INV00004836,20250307,ST003,PRD014,1118,19,16,18,1135,0,0,False
INV00004837,20250308,ST003,PRD014,1135,21,25,25,1156,0,0,False
INV00004838,20250309,ST003,PRD014,1156,13,16,16,1169,0,0,False
INV00004839,20250310,ST003,PRD014,1169,12,16,13,1184,0,0,False
INV00004840,20250311,ST003,PRD014,1184,9,20,16,1197,0,0,False
INV00004841,20250312,ST003,PRD014,1197,15,19,17,1214,0,0,False
INV00004842,20250313,ST003,PRD014,1214,7,11,12,1220,0,0,False
INV00004843,20250314,ST003,PRD014,1220,15,12,14,1233,0,0,False
INV00004844,20250315,ST003,PRD014,1233,14,17,17,1247,0,0,False
INV00004845,20250316,ST003,PRD014,1247,22,26,22,1273,0,0,False
INV00004846,20250317,ST003,PRD014,1273,10,16,18,1281,0,0,False
INV00004847,20250318,ST003,PRD014,1281,20,20,19,1302,0,0,False
INV00004848,20250319,ST003,PRD014,1302,16,16,14,1320,0,0,False
INV00004849,20250320,ST003,PRD014,1320,11,11,11,1331,0,0,False
INV00004850,20250321,ST003,PRD014,1331,7,11,12,1337,0,0,False
INV00004851,20250322,ST003,PRD014,1337,16,18,20,1351,0,0,False
INV00004852,20250323,ST003,PRD014,1351,8,12,10,1361,0,0,False
INV00004853,20250324,ST003,PRD014,1361,11,17,18,1371,0,0,False
INV00004854,20250325,ST003,PRD014,1371,17,22,19,1391,0,0,False
INV00004855,20250326,ST003,PRD014,1391,8,8,8,1399,0,0,False
INV00004856,20250327,ST003,PRD014,1399,6,12,10,1407,0,0,False
INV00004857,20250328,ST003,PRD014,1407,7,8,9,1413,0,0,False
INV00004858,20250329,ST003,PRD014,1413,11,20,16,1428,0,0,False
INV00004859,20250330,ST003,PRD014,1428,19,22,19,1450,0,0,False
INV00004860,20250331,ST003,PRD014,1450,28,29,25,1482,0,0,False
INV00004861,20250101,ST003,PRD015,15,15,16,15,31,0,0,False
INV00004862,20250102,ST003,PRD015,31,10,22,17,46,0,0,False
INV00004863,20250103,ST003,PRD015,46,8,12,14,52,0,0,False
INV00004864,20250104,ST003,PRD015,52,28,32,34,78,0,0,False
INV00004865,20250105,ST003,PRD015,78,14,17,18,91,0,0,False
INV00004866,20250106,ST003,PRD015,91,10,13,12,102,0,0,False
INV00004867,20250107,ST003,PRD015,102,16,21,21,118,0,0,False
INV00004868,20250108,ST003,PRD015,118,16,15,15,134,0,0,False
INV00004869,20250109,ST003,PRD015,134,17,21,20,152,0,0,False
INV00004870,20250110,ST003,PRD015,152,30,24,26,180,0,0,False
INV00004871,20250111,ST003,PRD015,180,22,31,29,204,0,0,False
INV00004872,20250112,ST003,PRD015,204,14,18,18,218,0,0,False
INV00004873,20250113,ST003,PRD015,218,27,30,26,249,0,0,False
INV00004874,20250114,ST003,PRD015,249,22,20,19,272,0,0,False
INV00004875,20250115,ST003,PRD015,272,13,17,15,287,0,0,False
INV00004876,20250116,ST003,PRD015,287,27,31,28,317,0,0,False
INV00004877,20250117,ST003,PRD015,317,13,25,21,334,0,0,False
INV00004878,20250118,ST003,PRD015,334,31,31,28,368,0,0,False
INV00004879,20250119,ST003,PRD015,368,13,23,20,384,0,0,False
INV00004880,20250120,ST003,PRD015,384,11,13,11,397,0,0,False
INV00004881,20250121,ST003,PRD015,397,16,22,20,415,0,0,False
INV00004882,20250122,ST003,PRD015,415,22,38,31,444,0,0,False
INV00004883,20250123,ST003,PRD015,444,18,17,17,462,0,0,False
INV00004884,20250124,ST003,PRD015,462,17,19,21,477,0,0,False
INV00004885,20250125,ST003,PRD015,477,18,20,19,496,0,0,False
INV00004886,20250126,ST003,PRD015,496,12,17,20,505,0,0,False
INV00004887,20250127,ST003,PRD015,505,19,31,32,523,0,0,False
INV00004888,20250128,ST003,PRD015,523,11,18,17,535,0,0,False
INV00004889,20250129,ST003,PRD015,535,22,23,24,556,0,0,False
INV00004890,20250130,ST003,PRD015,556,14,18,20,568,0,0,False
INV00004891,20250131,ST003,PRD015,568,12,18,15,583,0,0,False
INV00004892,20250201,ST003,PRD015,583,32,30,29,616,0,0,False
INV00004893,20250202,ST003,PRD015,616,18,21,21,634,0,0,False
INV00004894,20250203,ST003,PRD015,634,9,18,17,644,0,0,False
INV00004895,20250204,ST003,PRD015,644,26,26,23,673,0,0,False
INV00004896,20250205,ST003,PRD015,673,12,22,18,689,0,0,False
INV00004897,20250206,ST003,PRD015,689,14,19,15,707,0,0,False
INV00004898,20250207,ST003,PRD015,707,10,11,12,716,0,0,False
INV00004899,20250208,ST003,PRD015,716,26,35,33,744,0,0,False
INV00004900,20250209,ST003,PRD015,744,19,30,35,758,0,0,False
INV00004901,20250210,ST003,PRD015,758,20,26,22,782,0,0,False
INV00004902,20250211,ST003,PRD015,782,15,19,22,794,0,0,False
INV00004903,20250212,ST003,PRD015,794,12,13,14,805,0,0,False
INV00004904,20250213,ST003,PRD015,805,19,24,20,828,0,0,False
INV00004905,20250214,ST003,PRD015,828,20,19,22,845,0,0,False
INV00004906,20250215,ST003,PRD015,845,22,18,20,865,0,0,False
INV00004907,20250216,ST003,PRD015,865,19,42,36,890,0,0,False
INV00004908,20250217,ST003,PRD015,890,8,15,13,900,0,0,False
INV00004909,20250218,ST003,PRD015,900,20,20,21,919,0,0,False
INV00004910,20250219,ST003,PRD015,919,8,19,15,931,0,0,False
INV00004911,20250220,ST003,PRD015,931,29,29,26,963,0,0,False
INV00004912,20250221,ST003,PRD015,963,23,26,24,988,0,0,False
INV00004913,20250222,ST003,PRD015,988,24,26,22,1016,0,0,False
INV00004914,20250223,ST003,PRD015,1016,16,25,22,1035,0,0,False
INV00004915,20250224,ST003,PRD015,1035,23,21,20,1059,0,0,False
INV00004916,20250225,ST003,PRD015,1059,6,14,11,1068,0,0,False
INV00004917,20250226,ST003,PRD015,1068,10,14,12,1080,0,0,False
INV00004918,20250227,ST003,PRD015,1080,7,13,12,1088,0,0,False
INV00004919,20250228,ST003,PRD015,1088,12,13,12,1101,0,0,False
INV00004920,20250301,ST003,PRD015,1101,15,19,16,1119,0,0,False
INV00004921,20250302,ST003,PRD015,1119,16,17,16,1136,0,0,False
INV00004922,20250303,ST003,PRD015,1136,17,21,19,1155,0,0,False
INV00004923,20250304,ST003,PRD015,1155,21,23,20,1179,0,0,False
INV00004924,20250305,ST003,PRD015,1179,12,21,19,1193,0,0,False
INV00004925,20250306,ST003,PRD015,1193,9,14,11,1205,0,0,False
INV00004926,20250307,ST003,PRD015,1205,17,19,19,1222,0,0,False
INV00004927,20250308,ST003,PRD015,1222,22,24,19,1249,0,0,False
INV00004928,20250309,ST003,PRD015,1249,13,20,23,1259,0,0,False
INV00004929,20250310,ST003,PRD015,1259,15,22,21,1275,0,0,False
INV00004930,20250311,ST003,PRD015,1275,14,23,19,1293,0,0,False
INV00004931,20250312,ST003,PRD015,1293,11,13,14,1303,0,0,False
INV00004932,20250313,ST003,PRD015,1303,7,17,13,1314,0,0,False
INV00004933,20250314,ST003,PRD015,1314,14,18,18,1328,0,0,False
INV00004934,20250315,ST003,PRD015,1328,15,16,17,1342,0,0,False
INV00004935,20250316,ST003,PRD015,1342,11,18,15,1356,0,0,False
INV00004936,20250317,ST003,PRD015,1356,12,26,21,1373,0,0,False
INV00004937,20250318,ST003,PRD015,1373,30,33,30,1406,0,0,False
INV00004938,20250319,ST003,PRD015,1406,12,16,17,1417,0,0,False
INV00004939,20250320,ST003,PRD015,1417,12,16,14,1431,0,0,False
INV00004940,20250321,ST003,PRD015,1431,18,26,21,1454,0,0,False
INV00004941,20250322,ST003,PRD015,1454,40,44,41,1497,0,0,False
INV00004942,20250323,ST003,PRD015,1497,13,17,14,1513,0,0,False
INV00004943,20250324,ST003,PRD015,1513,15,26,26,1528,0,0,False
INV00004944,20250325,ST003,PRD015,1528,30,25,30,1553,0,0,False
INV00004945,20250326,ST003,PRD015,1553,13,12,14,1564,0,0,False
INV00004946,20250327,ST003,PRD015,1564,23,21,19,1589,0,0,False
INV00004947,20250328,ST003,PRD015,1589,8,12,10,1599,0,0,False
INV00004948,20250329,ST003,PRD015,1599,18,18,18,1617,0,0,False
INV00004949,20250330,ST003,PRD015,1617,33,28,29,1649,0,0,False
INV00004950,20250331,ST003,PRD015,1649,31,30,26,1684,0,0,False
INV00004951,20250101,ST003,PRD016,19,10,16,13,32,0,0,False
INV00004952,20250102,ST003,PRD016,32,13,15,12,48,0,0,False
INV00004953,20250103,ST003,PRD016,48,5,7,7,53,0,0,False
INV00004954,20250104,ST003,PRD016,53,11,15,12,67,0,0,False
INV00004955,20250105,ST003,PRD016,67,17,21,18,87,0,0,False
INV00004956,20250106,ST003,PRD016,87,16,15,14,104,0,0,False
INV00004957,20250107,ST003,PRD016,104,12,12,13,115,0,0,False
INV00004958,20250108,ST003,PRD016,115,12,16,14,129,0,0,False
INV00004959,20250109,ST003,PRD016,129,14,16,14,145,0,0,False
INV00004960,20250110,ST003,PRD016,145,9,12,11,155,0,0,False
INV00004961,20250111,ST003,PRD016,155,13,12,12,168,0,0,False
INV00004962,20250112,ST003,PRD016,168,19,22,17,192,0,0,False
INV00004963,20250113,ST003,PRD016,192,7,12,11,200,0,0,False
INV00004964,20250114,ST003,PRD016,200,4,5,6,203,0,0,False
INV00004965,20250115,ST003,PRD016,203,6,12,10,211,0,0,False
INV00004966,20250116,ST003,PRD016,211,9,20,16,224,0,0,False
INV00004967,20250117,ST003,PRD016,224,5,7,6,230,0,0,False
INV00004968,20250118,ST003,PRD016,230,16,15,15,246,0,0,False
INV00004969,20250119,ST003,PRD016,246,12,15,12,261,0,0,False
INV00004970,20250120,ST003,PRD016,261,7,11,11,268,0,0,False
INV00004971,20250121,ST003,PRD016,268,11,11,12,278,0,0,False
INV00004972,20250122,ST003,PRD016,278,11,12,14,287,0,0,False
INV00004973,20250123,ST003,PRD016,287,4,8,8,291,0,0,False
INV00004974,20250124,ST003,PRD016,291,9,10,12,298,0,0,False
INV00004975,20250125,ST003,PRD016,298,9,9,8,308,0,0,False
INV00004976,20250126,ST003,PRD016,308,8,14,13,317,0,0,False
INV00004977,20250127,ST003,PRD016,317,9,13,10,329,0,0,False
INV00004978,20250128,ST003,PRD016,329,11,13,11,342,0,0,False
INV00004979,20250129,ST003,PRD016,342,6,11,9,350,0,0,False
INV00004980,20250130,ST003,PRD016,350,3,5,5,353,0,0,False
INV00004981,20250131,ST003,PRD016,353,6,9,9,359,0,0,False
INV00004982,20250201,ST003,PRD016,359,12,15,13,373,0,0,False
INV00004983,20250202,ST003,PRD016,373,12,14,12,387,0,0,False
INV00004984,20250203,ST003,PRD016,387,3,6,6,390,0,0,False
INV00004985,20250204,ST003,PRD016,390,10,16,14,402,0,0,False
INV00004986,20250205,ST003,PRD016,402,7,11,9,411,0,0,False
INV00004987,20250206,ST003,PRD016,411,11,11,12,421,0,0,False
INV00004988,20250207,ST003,PRD016,421,16,17,14,440,0,0,False
INV00004989,20250208,ST003,PRD016,440,23,25,21,467,0,0,False
INV00004990,20250209,ST003,PRD016,467,6,12,10,475,0,0,False
INV00004991,20250210,ST003,PRD016,475,11,9,10,485,0,0,False
INV00004992,20250211,ST003,PRD016,485,19,22,17,509,0,0,False
INV00004993,20250212,ST003,PRD016,509,13,16,16,522,0,0,False
INV00004994,20250213,ST003,PRD016,522,11,15,13,535,0,0,False
INV00004995,20250214,ST003,PRD016,535,6,11,12,540,0,0,False
INV00004996,20250215,ST003,PRD016,540,7,12,11,548,0,0,False
INV00004997,20250216,ST003,PRD016,548,8,14,13,557,0,0,False
INV00004998,20250217,ST003,PRD016,557,10,13,12,568,0,0,False
INV00004999,20250218,ST003,PRD016,568,15,15,14,584,0,0,False
INV00005000,20250219,ST003,PRD016,584,20,17,18,603,0,0,False
INV00005001,20250220,ST003,PRD016,603,9,13,11,614,0,0,False
INV00005002,20250221,ST003,PRD016,614,9,10,8,625,0,0,False
INV00005003,20250222,ST003,PRD016,625,16,15,14,642,0,0,False
INV00005004,20250223,ST003,PRD016,642,8,18,15,653,0,0,False
INV00005005,20250224,ST003,PRD016,653,11,12,13,663,0,0,False
INV00005006,20250225,ST003,PRD016,663,5,6,6,668,0,0,False
INV00005007,20250226,ST003,PRD016,668,8,7,8,675,0,0,False
INV00005008,20250227,ST003,PRD016,675,14,18,16,691,0,0,False
INV00005009,20250228,ST003,PRD016,691,6,10,11,696,0,0,False
INV00005010,20250301,ST003,PRD016,696,10,14,11,709,0,0,False
INV00005011,20250302,ST003,PRD016,709,10,14,13,720,0,0,False
INV00005012,20250303,ST003,PRD016,720,11,11,10,732,0,0,False
INV00005013,20250304,ST003,PRD016,732,18,17,17,750,0,0,False
INV00005014,20250305,ST003,PRD016,750,9,15,16,758,0,0,False
INV00005015,20250306,ST003,PRD016,758,8,14,14,766,0,0,False
INV00005016,20250307,ST003,PRD016,766,16,17,15,784,0,0,False
INV00005017,20250308,ST003,PRD016,784,7,13,10,794,0,0,False
INV00005018,20250309,ST003,PRD016,794,8,12,11,803,0,0,False
INV00005019,20250310,ST003,PRD016,803,14,17,16,818,0,0,False
INV00005020,20250311,ST003,PRD016,818,10,18,17,829,0,0,False
INV00005021,20250312,ST003,PRD016,829,9,13,10,841,0,0,False
INV00005022,20250313,ST003,PRD016,841,6,12,10,849,0,0,False
INV00005023,20250314,ST003,PRD016,849,8,13,13,857,0,0,False
INV00005024,20250315,ST003,PRD016,857,16,17,15,875,0,0,False
INV00005025,20250316,ST003,PRD016,875,9,14,12,886,0,0,False
INV00005026,20250317,ST003,PRD016,886,10,10,9,897,0,0,False
INV00005027,20250318,ST003,PRD016,897,20,25,20,922,0,0,False
INV00005028,20250319,ST003,PRD016,922,4,8,6,928,0,0,False
INV00005029,20250320,ST003,PRD016,928,6,11,10,935,0,0,False
INV00005030,20250321,ST003,PRD016,935,8,6,7,942,0,0,False
INV00005031,20250322,ST003,PRD016,942,14,18,19,955,0,0,False
INV00005032,20250323,ST003,PRD016,955,18,16,17,972,0,0,False
INV00005033,20250324,ST003,PRD016,972,9,13,12,982,0,0,False
INV00005034,20250325,ST003,PRD016,982,6,8,7,989,0,0,False
INV00005035,20250326,ST003,PRD016,989,7,11,12,995,0,0,False
INV00005036,20250327,ST003,PRD016,995,9,11,12,1003,0,0,False
INV00005037,20250328,ST003,PRD016,1003,8,13,15,1009,0,0,False
INV00005038,20250329,ST003,PRD016,1009,11,20,17,1023,0,0,False
INV00005039,20250330,ST003,PRD016,1023,5,11,9,1030,0,0,False
INV00005040,20250331,ST003,PRD016,1030,7,8,8,1037,0,0,False
INV00005041,20250101,ST003,PRD017,25,17,16,15,43,0,0,False
INV00005042,20250102,ST003,PRD017,43,9,13,14,51,0,0,False
INV00005043,20250103,ST003,PRD017,51,10,15,13,63,0,0,False
INV00005044,20250104,ST003,PRD017,63,12,17,14,78,0,0,False
INV00005045,20250105,ST003,PRD017,78,16,15,14,95,0,0,False
INV00005046,20250106,ST003,PRD017,95,9,14,13,105,0,0,False
INV00005047,20250107,ST003,PRD017,105,10,17,14,118,0,0,False
INV00005048,20250108,ST003,PRD017,118,10,12,10,130,0,0,False
INV00005049,20250109,ST003,PRD017,130,6,12,11,137,0,0,False
INV00005050,20250110,ST003,PRD017,137,10,7,8,146,0,0,False
INV00005051,20250111,ST003,PRD017,146,18,18,21,161,0,0,False
INV00005052,20250112,ST003,PRD017,161,17,16,14,180,0,0,False
INV00005053,20250113,ST003,PRD017,180,12,23,19,196,0,0,False
INV00005054,20250114,ST003,PRD017,196,5,12,10,203,0,0,False
INV00005055,20250115,ST003,PRD017,203,13,19,17,218,0,0,False
INV00005056,20250116,ST003,PRD017,218,9,8,8,227,0,0,False
INV00005057,20250117,ST003,PRD017,227,8,14,14,235,0,0,False
INV00005058,20250118,ST003,PRD017,235,9,15,13,246,0,0,False
INV00005059,20250119,ST003,PRD017,246,9,16,17,254,0,0,False
INV00005060,20250120,ST003,PRD017,254,16,14,15,269,0,0,False
INV00005061,20250121,ST003,PRD017,269,10,10,9,280,0,0,False
INV00005062,20250122,ST003,PRD017,280,10,15,14,291,0,0,False
INV00005063,20250123,ST003,PRD017,291,21,21,19,314,0,0,False
INV00005064,20250124,ST003,PRD017,314,5,9,8,320,0,0,False
INV00005065,20250125,ST003,PRD017,320,15,16,14,337,0,0,False
INV00005066,20250126,ST003,PRD017,337,15,16,15,353,0,0,False
INV00005067,20250127,ST003,PRD017,353,4,8,7,358,0,0,False
INV00005068,20250128,ST003,PRD017,358,10,12,10,370,0,0,False
INV00005069,20250129,ST003,PRD017,370,10,12,11,381,0,0,False
INV00005070,20250130,ST003,PRD017,381,6,11,10,388,0,0,False
INV00005071,20250131,ST003,PRD017,388,4,6,6,392,0,0,False
INV00005072,20250201,ST003,PRD017,392,6,11,9,400,0,0,False
INV00005073,20250202,ST003,PRD017,400,10,13,12,411,0,0,False
INV00005074,20250203,ST003,PRD017,411,10,11,10,422,0,0,False
INV00005075,20250204,ST003,PRD017,422,11,9,11,431,0,0,False
INV00005076,20250205,ST003,PRD017,431,13,18,19,443,0,0,False
INV00005077,20250206,ST003,PRD017,443,5,7,8,447,0,0,False
INV00005078,20250207,ST003,PRD017,447,5,10,9,453,0,0,False
INV00005079,20250208,ST003,PRD017,453,18,13,15,469,0,0,False
INV00005080,20250209,ST003,PRD017,469,13,17,15,484,0,0,False
INV00005081,20250210,ST003,PRD017,484,5,9,8,490,0,0,False
INV00005082,20250211,ST003,PRD017,490,6,8,7,497,0,0,False
INV00005083,20250212,ST003,PRD017,497,14,16,16,511,0,0,False
INV00005084,20250213,ST003,PRD017,511,7,11,10,519,0,0,False
INV00005085,20250214,ST003,PRD017,519,17,17,15,538,0,0,False
INV00005086,20250215,ST003,PRD017,538,16,15,15,554,0,0,False
INV00005087,20250216,ST003,PRD017,554,19,23,21,575,0,0,False
INV00005088,20250217,ST003,PRD017,575,7,10,11,581,0,0,False
INV00005089,20250218,ST003,PRD017,581,6,8,8,587,0,0,False
INV00005090,20250219,ST003,PRD017,587,9,9,8,597,0,0,False
INV00005091,20250220,ST003,PRD017,597,9,9,10,605,0,0,False
INV00005092,20250221,ST003,PRD017,605,6,15,12,614,0,0,False
INV00005093,20250222,ST003,PRD017,614,6,12,12,620,0,0,False
INV00005094,20250223,ST003,PRD017,620,18,16,16,638,0,0,False
INV00005095,20250224,ST003,PRD017,638,6,14,12,646,0,0,False
INV00005096,20250225,ST003,PRD017,646,5,9,7,653,0,0,False
INV00005097,20250226,ST003,PRD017,653,3,7,6,657,0,0,False
INV00005098,20250227,ST003,PRD017,657,7,10,9,665,0,0,False
INV00005099,20250228,ST003,PRD017,665,18,18,18,683,0,0,False
INV00005100,20250301,ST003,PRD017,683,12,14,11,698,0,0,False
INV00005101,20250302,ST003,PRD017,698,20,26,21,723,0,0,False
INV00005102,20250303,ST003,PRD017,723,10,13,10,736,0,0,False
INV00005103,20250304,ST003,PRD017,736,11,14,14,747,0,0,False
INV00005104,20250305,ST003,PRD017,747,7,9,9,754,0,0,False
INV00005105,20250306,ST003,PRD017,754,12,16,16,766,0,0,False
INV00005106,20250307,ST003,PRD017,766,8,13,13,774,0,0,False
INV00005107,20250308,ST003,PRD017,774,9,8,9,782,0,0,False
INV00005108,20250309,ST003,PRD017,782,18,18,17,801,0,0,False
INV00005109,20250310,ST003,PRD017,801,7,14,12,810,0,0,False
INV00005110,20250311,ST003,PRD017,810,7,5,6,816,0,0,False
INV00005111,20250312,ST003,PRD017,816,9,8,9,824,0,0,False
INV00005112,20250313,ST003,PRD017,824,13,13,14,836,0,0,False
INV00005113,20250314,ST003,PRD017,836,7,12,13,842,0,0,False
INV00005114,20250315,ST003,PRD017,842,10,10,9,853,0,0,False
INV00005115,20250316,ST003,PRD017,853,21,25,21,878,0,0,False
INV00005116,20250317,ST003,PRD017,878,6,12,11,885,0,0,False
INV00005117,20250318,ST003,PRD017,885,5,6,7,889,0,0,False
INV00005118,20250319,ST003,PRD017,889,9,9,9,898,0,0,False
INV00005119,20250320,ST003,PRD017,898,15,15,14,914,0,0,False
INV00005120,20250321,ST003,PRD017,914,14,19,17,930,0,0,False
INV00005121,20250322,ST003,PRD017,930,19,19,16,952,0,0,False
INV00005122,20250323,ST003,PRD017,952,6,11,10,959,0,0,False
INV00005123,20250324,ST003,PRD017,959,15,17,13,978,0,0,False
INV00005124,20250325,ST003,PRD017,978,10,15,14,989,0,0,False
INV00005125,20250326,ST003,PRD017,989,9,16,12,1002,0,0,False
INV00005126,20250327,ST003,PRD017,1002,7,12,11,1010,0,0,False
INV00005127,20250328,ST003,PRD017,1010,10,9,9,1020,0,0,False
INV00005128,20250329,ST003,PRD017,1020,13,16,18,1031,0,0,False
INV00005129,20250330,ST003,PRD017,1031,11,9,10,1041,0,0,False
INV00005130,20250331,ST003,PRD017,1041,7,8,9,1047,0,0,False
INV00005131,20250101,ST003,PRD018,25,7,17,13,36,0,0,False
INV00005132,20250102,ST003,PRD018,36,17,25,20,58,0,0,False
INV00005133,20250103,ST003,PRD018,58,5,9,7,65,0,0,False
INV00005134,20250104,ST003,PRD018,65,10,13,12,76,0,0,False
INV00005135,20250105,ST003,PRD018,76,6,11,10,83,0,0,False
INV00005136,20250106,ST003,PRD018,83,20,18,19,102,0,0,False
INV00005137,20250107,ST003,PRD018,102,12,12,13,113,0,0,False
INV00005138,20250108,ST003,PRD018,113,8,14,13,122,0,0,False
INV00005139,20250109,ST003,PRD018,122,7,14,13,130,0,0,False
INV00005140,20250110,ST003,PRD018,130,8,7,7,138,0,0,False
INV00005141,20250111,ST003,PRD018,138,15,15,14,154,0,0,False
INV00005142,20250112,ST003,PRD018,154,10,15,14,165,0,0,False
INV00005143,20250113,ST003,PRD018,165,11,14,11,179,0,0,False
INV00005144,20250114,ST003,PRD018,179,21,25,20,205,0,0,False
INV00005145,20250115,ST003,PRD018,205,13,15,15,218,0,0,False
INV00005146,20250116,ST003,PRD018,218,11,14,14,229,0,0,False
INV00005147,20250117,ST003,PRD018,229,8,11,10,238,0,0,False
INV00005148,20250118,ST003,PRD018,238,30,29,32,265,0,0,False
INV00005149,20250119,ST003,PRD018,265,21,27,24,289,0,0,False
INV00005150,20250120,ST003,PRD018,289,14,13,12,304,0,0,False
INV00005151,20250121,ST003,PRD018,304,7,11,9,313,0,0,False
INV00005152,20250122,ST003,PRD018,313,13,16,17,325,0,0,False
INV00005153,20250123,ST003,PRD018,325,20,20,19,346,0,0,False
INV00005154,20250124,ST003,PRD018,346,18,21,20,365,0,0,False
INV00005155,20250125,ST003,PRD018,365,14,13,13,379,0,0,False
INV00005156,20250126,ST003,PRD018,379,19,29,24,403,0,0,False
INV00005157,20250127,ST003,PRD018,403,14,12,13,416,0,0,False
INV00005158,20250128,ST003,PRD018,416,13,13,15,427,0,0,False
INV00005159,20250129,ST003,PRD018,427,9,13,13,436,0,0,False
INV00005160,20250130,ST003,PRD018,436,10,11,10,447,0,0,False
INV00005161,20250131,ST003,PRD018,447,7,13,13,454,0,0,False
INV00005162,20250201,ST003,PRD018,454,24,25,21,482,0,0,False
INV00005163,20250202,ST003,PRD018,482,23,32,26,511,0,0,False
INV00005164,20250203,ST003,PRD018,511,12,16,14,525,0,0,False
INV00005165,20250204,ST003,PRD018,525,10,10,11,534,0,0,False
INV00005166,20250205,ST003,PRD018,534,9,12,11,544,0,0,False
INV00005167,20250206,ST003,PRD018,544,9,11,10,554,0,0,False
INV00005168,20250207,ST003,PRD018,554,20,22,19,577,0,0,False
INV00005169,20250208,ST003,PRD018,577,11,22,18,592,0,0,False
INV00005170,20250209,ST003,PRD018,592,12,13,10,607,0,0,False
INV00005171,20250210,ST003,PRD018,607,14,30,25,626,0,0,False
INV00005172,20250211,ST003,PRD018,626,12,22,20,640,0,0,False
INV00005173,20250212,ST003,PRD018,640,19,16,18,657,0,0,False
INV00005174,20250213,ST003,PRD018,657,14,12,13,670,0,0,False
INV00005175,20250214,ST003,PRD018,670,6,7,8,675,0,0,False
INV00005176,20250215,ST003,PRD018,675,20,24,24,695,0,0,False
INV00005177,20250216,ST003,PRD018,695,22,21,23,715,0,0,False
INV00005178,20250217,ST003,PRD018,715,7,12,12,722,0,0,False
INV00005179,20250218,ST003,PRD018,722,13,13,12,736,0,0,False
INV00005180,20250219,ST003,PRD018,736,12,12,11,749,0,0,False
INV00005181,20250220,ST003,PRD018,749,15,12,13,763,0,0,False
INV00005182,20250221,ST003,PRD018,763,9,12,10,774,0,0,False
INV00005183,20250222,ST003,PRD018,774,8,18,15,785,0,0,False
INV00005184,20250223,ST003,PRD018,785,7,14,11,795,0,0,False
INV00005185,20250224,ST003,PRD018,795,6,9,10,800,0,0,False
INV00005186,20250225,ST003,PRD018,800,12,17,14,815,0,0,False
INV00005187,20250226,ST003,PRD018,815,11,16,14,828,0,0,False
INV00005188,20250227,ST003,PRD018,828,11,16,12,843,0,0,False
INV00005189,20250228,ST003,PRD018,843,6,11,9,851,0,0,False
INV00005190,20250301,ST003,PRD018,851,16,16,16,867,0,0,False
INV00005191,20250302,ST003,PRD018,867,12,19,16,882,0,0,False
INV00005192,20250303,ST003,PRD018,882,18,24,20,904,0,0,False
INV00005193,20250304,ST003,PRD018,904,19,19,17,925,0,0,False
INV00005194,20250305,ST003,PRD018,925,14,18,20,937,0,0,False
INV00005195,20250306,ST003,PRD018,937,10,10,9,948,0,0,False
INV00005196,20250307,ST003,PRD018,948,10,11,13,956,0,0,False
INV00005197,20250308,ST003,PRD018,956,25,22,21,982,0,0,False
INV00005198,20250309,ST003,PRD018,982,17,22,23,998,0,0,False
INV00005199,20250310,ST003,PRD018,998,7,14,13,1006,0,0,False
INV00005200,20250311,ST003,PRD018,1006,6,11,12,1011,0,0,False
INV00005201,20250312,ST003,PRD018,1011,23,24,19,1039,0,0,False
INV00005202,20250313,ST003,PRD018,1039,17,28,22,1062,0,0,False
INV00005203,20250314,ST003,PRD018,1062,12,20,20,1074,0,0,False
INV00005204,20250315,ST003,PRD018,1074,8,10,11,1081,0,0,False
INV00005205,20250316,ST003,PRD018,1081,18,24,24,1099,0,0,False
INV00005206,20250317,ST003,PRD018,1099,6,8,7,1106,0,0,False
INV00005207,20250318,ST003,PRD018,1106,8,17,14,1117,0,0,False
INV00005208,20250319,ST003,PRD018,1117,12,12,12,1129,0,0,False
INV00005209,20250320,ST003,PRD018,1129,10,9,9,1139,0,0,False
INV00005210,20250321,ST003,PRD018,1139,10,12,13,1148,0,0,False
INV00005211,20250322,ST003,PRD018,1148,26,22,24,1172,0,0,False
INV00005212,20250323,ST003,PRD018,1172,18,14,16,1188,0,0,False
INV00005213,20250324,ST003,PRD018,1188,9,16,13,1200,0,0,False
INV00005214,20250325,ST003,PRD018,1200,15,17,15,1217,0,0,False
INV00005215,20250326,ST003,PRD018,1217,14,24,18,1237,0,0,False
INV00005216,20250327,ST003,PRD018,1237,11,14,15,1247,0,0,False
INV00005217,20250328,ST003,PRD018,1247,8,11,10,1256,0,0,False
INV00005218,20250329,ST003,PRD018,1256,15,20,19,1272,0,0,False
INV00005219,20250330,ST003,PRD018,1272,16,20,18,1290,0,0,False
INV00005220,20250331,ST003,PRD018,1290,11,13,11,1303,0,0,False
INV00005221,20250101,ST003,PRD019,25,11,18,18,36,0,0,False
INV00005222,20250102,ST003,PRD019,36,16,19,18,53,0,0,False
INV00005223,20250103,ST003,PRD019,53,20,16,18,71,0,0,False
INV00005224,20250104,ST003,PRD019,71,10,11,13,79,0,0,False
INV00005225,20250105,ST003,PRD019,79,17,24,21,99,0,0,False
INV00005226,20250106,ST003,PRD019,99,10,15,14,110,0,0,False
INV00005227,20250107,ST003,PRD019,110,12,11,11,122,0,0,False
INV00005228,20250108,ST003,PRD019,122,8,14,13,131,0,0,False
INV00005229,20250109,ST003,PRD019,131,10,26,20,147,0,0,False
INV00005230,20250110,ST003,PRD019,147,13,13,14,159,0,0,False
INV00005231,20250111,ST003,PRD019,159,13,26,22,176,0,0,False
INV00005232,20250112,ST003,PRD019,176,18,18,16,196,0,0,False
INV00005233,20250113,ST003,PRD019,196,10,10,10,206,0,0,False
INV00005234,20250114,ST003,PRD019,206,12,10,10,218,0,0,False
INV00005235,20250115,ST003,PRD019,218,10,19,16,231,0,0,False
INV00005236,20250116,ST003,PRD019,231,12,23,20,246,0,0,False
INV00005237,20250117,ST003,PRD019,246,17,16,16,263,0,0,False
INV00005238,20250118,ST003,PRD019,263,25,24,23,289,0,0,False
INV00005239,20250119,ST003,PRD019,289,17,17,15,308,0,0,False
INV00005240,20250120,ST003,PRD019,308,24,27,24,335,0,0,False
INV00005241,20250121,ST003,PRD019,335,12,12,10,349,0,0,False
INV00005242,20250122,ST003,PRD019,349,10,13,11,361,0,0,False
INV00005243,20250123,ST003,PRD019,361,11,13,13,372,0,0,False
INV00005244,20250124,ST003,PRD019,372,8,11,10,381,0,0,False
INV00005245,20250125,ST003,PRD019,381,17,21,16,403,0,0,False
INV00005246,20250126,ST003,PRD019,403,9,11,12,411,0,0,False
INV00005247,20250127,ST003,PRD019,411,7,9,10,417,0,0,False
INV00005248,20250128,ST003,PRD019,417,18,28,23,440,0,0,False
INV00005249,20250129,ST003,PRD019,440,5,11,10,446,0,0,False
INV00005250,20250130,ST003,PRD019,446,18,22,21,465,0,0,False
INV00005251,20250131,ST003,PRD019,465,15,13,15,478,0,0,False
INV00005252,20250201,ST003,PRD019,478,13,13,13,491,0,0,False
INV00005253,20250202,ST003,PRD019,491,6,10,8,499,0,0,False
INV00005254,20250203,ST003,PRD019,499,14,11,12,512,0,0,False
INV00005255,20250204,ST003,PRD019,512,9,12,10,523,0,0,False
INV00005256,20250205,ST003,PRD019,523,6,11,11,529,0,0,False
INV00005257,20250206,ST003,PRD019,529,6,12,11,536,0,0,False
INV00005258,20250207,ST003,PRD019,536,5,6,6,541,0,0,False
INV00005259,20250208,ST003,PRD019,541,9,14,12,552,0,0,False
INV00005260,20250209,ST003,PRD019,552,14,15,15,566,0,0,False
INV00005261,20250210,ST003,PRD019,566,11,12,9,580,0,0,False
INV00005262,20250211,ST003,PRD019,580,7,15,13,589,0,0,False
INV00005263,20250212,ST003,PRD019,589,15,18,15,607,0,0,False
INV00005264,20250213,ST003,PRD019,607,15,20,17,625,0,0,False
INV00005265,20250214,ST003,PRD019,625,18,19,16,646,0,0,False
INV00005266,20250215,ST003,PRD019,646,32,40,31,687,0,0,False
INV00005267,20250216,ST003,PRD019,687,8,13,12,696,0,0,False
INV00005268,20250217,ST003,PRD019,696,14,18,16,712,0,0,False
INV00005269,20250218,ST003,PRD019,712,16,22,19,731,0,0,False
INV00005270,20250219,ST003,PRD019,731,16,21,17,751,0,0,False
INV00005271,20250220,ST003,PRD019,751,15,19,22,763,0,0,False
INV00005272,20250221,ST003,PRD019,763,20,22,21,784,0,0,False
INV00005273,20250222,ST003,PRD019,784,13,13,13,797,0,0,False
INV00005274,20250223,ST003,PRD019,797,17,19,18,815,0,0,False
INV00005275,20250224,ST003,PRD019,815,10,10,10,825,0,0,False
INV00005276,20250225,ST003,PRD019,825,18,24,20,847,0,0,False
INV00005277,20250226,ST003,PRD019,847,7,7,8,853,0,0,False
INV00005278,20250227,ST003,PRD019,853,17,16,18,868,0,0,False
INV00005279,20250228,ST003,PRD019,868,14,13,12,883,0,0,False
INV00005280,20250301,ST003,PRD019,883,11,14,13,895,0,0,False
INV00005281,20250302,ST003,PRD019,895,11,28,21,913,0,0,False
INV00005282,20250303,ST003,PRD019,913,13,15,16,925,0,0,False
INV00005283,20250304,ST003,PRD019,925,14,11,12,938,0,0,False
INV00005284,20250305,ST003,PRD019,938,10,10,11,947,0,0,False
INV00005285,20250306,ST003,PRD019,947,7,9,10,953,0,0,False
INV00005286,20250307,ST003,PRD019,953,6,8,8,959,0,0,False
INV00005287,20250308,ST003,PRD019,959,28,29,24,992,0,0,False
INV00005288,20250309,ST003,PRD019,992,8,11,12,999,0,0,False
INV00005289,20250310,ST003,PRD019,999,10,17,17,1009,0,0,False
INV00005290,20250311,ST003,PRD019,1009,14,16,14,1025,0,0,False
INV00005291,20250312,ST003,PRD019,1025,16,23,17,1047,0,0,False
INV00005292,20250313,ST003,PRD019,1047,13,21,18,1063,0,0,False
INV00005293,20250314,ST003,PRD019,1063,9,10,9,1073,0,0,False
INV00005294,20250315,ST003,PRD019,1073,6,10,9,1080,0,0,False
INV00005295,20250316,ST003,PRD019,1080,19,25,20,1104,0,0,False
INV00005296,20250317,ST003,PRD019,1104,12,16,13,1119,0,0,False
INV00005297,20250318,ST003,PRD019,1119,12,14,13,1132,0,0,False
INV00005298,20250319,ST003,PRD019,1132,9,10,9,1142,0,0,False
INV00005299,20250320,ST003,PRD019,1142,10,18,14,1156,0,0,False
INV00005300,20250321,ST003,PRD019,1156,19,21,19,1177,0,0,False
INV00005301,20250322,ST003,PRD019,1177,11,20,21,1187,0,0,False
INV00005302,20250323,ST003,PRD019,1187,16,18,19,1202,0,0,False
INV00005303,20250324,ST003,PRD019,1202,12,22,20,1216,0,0,False
INV00005304,20250325,ST003,PRD019,1216,3,5,6,1218,0,0,False
INV00005305,20250326,ST003,PRD019,1218,12,12,11,1231,0,0,False
INV00005306,20250327,ST003,PRD019,1231,11,19,16,1245,0,0,False
INV00005307,20250328,ST003,PRD019,1245,20,28,22,1271,0,0,False
INV00005308,20250329,ST003,PRD019,1271,15,26,22,1290,0,0,False
INV00005309,20250330,ST003,PRD019,1290,16,29,23,1312,0,0,False
INV00005310,20250331,ST003,PRD019,1312,15,15,15,1327,0,0,False
INV00005311,20250101,ST003,PRD020,29,7,13,12,37,0,0,False
INV00005312,20250102,ST003,PRD020,37,13,14,14,50,0,0,False
INV00005313,20250103,ST003,PRD020,50,8,11,13,56,0,0,False
INV00005314,20250104,ST003,PRD020,56,14,17,17,70,0,0,False
INV00005315,20250105,ST003,PRD020,70,16,18,15,89,0,0,False
INV00005316,20250106,ST003,PRD020,89,8,14,12,99,0,0,False
INV00005317,20250107,ST003,PRD020,99,11,11,11,110,0,0,False
INV00005318,20250108,ST003,PRD020,110,17,21,20,128,0,0,False
INV00005319,20250109,ST003,PRD020,128,19,22,18,151,0,0,False
INV00005320,20250110,ST003,PRD020,151,18,14,16,167,0,0,False
INV00005321,20250111,ST003,PRD020,167,14,20,19,182,0,0,False
INV00005322,20250112,ST003,PRD020,182,11,18,19,192,0,0,False
INV00005323,20250113,ST003,PRD020,192,7,14,11,202,0,0,False
INV00005324,20250114,ST003,PRD020,202,23,21,20,226,0,0,False
INV00005325,20250115,ST003,PRD020,226,7,12,12,233,0,0,False
INV00005326,20250116,ST003,PRD020,233,8,13,10,244,0,0,False
INV00005327,20250117,ST003,PRD020,244,13,13,11,259,0,0,False
INV00005328,20250118,ST003,PRD020,259,22,20,21,280,0,0,False
INV00005329,20250119,ST003,PRD020,280,8,16,12,292,0,0,False
INV00005330,20250120,ST003,PRD020,292,6,9,8,299,0,0,False
INV00005331,20250121,ST003,PRD020,299,13,15,14,313,0,0,False
INV00005332,20250122,ST003,PRD020,313,13,19,20,325,0,0,False
INV00005333,20250123,ST003,PRD020,325,21,24,21,349,0,0,False
INV00005334,20250124,ST003,PRD020,349,16,20,21,364,0,0,False
INV00005335,20250125,ST003,PRD020,364,19,23,20,386,0,0,False
INV00005336,20250126,ST003,PRD020,386,25,23,24,410,0,0,False
INV00005337,20250127,ST003,PRD020,410,10,21,17,424,0,0,False
INV00005338,20250128,ST003,PRD020,424,10,15,17,432,0,0,False
INV00005339,20250129,ST003,PRD020,432,9,13,12,442,0,0,False
INV00005340,20250130,ST003,PRD020,442,12,23,17,460,0,0,False
INV00005341,20250131,ST003,PRD020,460,12,12,12,472,0,0,False
INV00005342,20250201,ST003,PRD020,472,11,12,11,484,0,0,False
INV00005343,20250202,ST003,PRD020,484,10,12,11,495,0,0,False
INV00005344,20250203,ST003,PRD020,495,12,15,16,506,0,0,False
INV00005345,20250204,ST003,PRD020,506,15,16,15,522,0,0,False
INV00005346,20250205,ST003,PRD020,522,12,17,14,537,0,0,False
INV00005347,20250206,ST003,PRD020,537,7,14,12,546,0,0,False
INV00005348,20250207,ST003,PRD020,546,10,8,9,555,0,0,False
INV00005349,20250208,ST003,PRD020,555,6,10,11,560,0,0,False
INV00005350,20250209,ST003,PRD020,560,14,13,12,575,0,0,False
INV00005351,20250210,ST003,PRD020,575,16,23,20,594,0,0,False
INV00005352,20250211,ST003,PRD020,594,22,29,23,622,0,0,False
INV00005353,20250212,ST003,PRD020,622,11,9,9,633,0,0,False
INV00005354,20250213,ST003,PRD020,633,15,19,15,652,0,0,False
INV00005355,20250214,ST003,PRD020,652,9,19,17,663,0,0,False
INV00005356,20250215,ST003,PRD020,663,26,26,23,692,0,0,False
INV00005357,20250216,ST003,PRD020,692,12,14,13,705,0,0,False
INV00005358,20250217,ST003,PRD020,705,22,22,19,730,0,0,False
INV00005359,20250218,ST003,PRD020,730,8,9,10,737,0,0,False
INV00005360,20250219,ST003,PRD020,737,15,16,13,755,0,0,False
INV00005361,20250220,ST003,PRD020,755,18,17,16,774,0,0,False
INV00005362,20250221,ST003,PRD020,774,12,17,16,787,0,0,False
INV00005363,20250222,ST003,PRD020,787,16,31,24,810,0,0,False
INV00005364,20250223,ST003,PRD020,810,4,9,7,816,0,0,False
INV00005365,20250224,ST003,PRD020,816,18,18,19,833,0,0,False
INV00005366,20250225,ST003,PRD020,833,12,13,15,843,0,0,False
INV00005367,20250226,ST003,PRD020,843,21,20,20,864,0,0,False
INV00005368,20250227,ST003,PRD020,864,20,20,20,884,0,0,False
INV00005369,20250228,ST003,PRD020,884,19,17,19,901,0,0,False
INV00005370,20250301,ST003,PRD020,901,8,11,9,911,0,0,False
INV00005371,20250302,ST003,PRD020,911,11,22,18,926,0,0,False
INV00005372,20250303,ST003,PRD020,926,12,17,16,939,0,0,False
INV00005373,20250304,ST003,PRD020,939,16,16,16,955,0,0,False
INV00005374,20250305,ST003,PRD020,955,8,13,12,964,0,0,False
INV00005375,20250306,ST003,PRD020,964,15,14,17,976,0,0,False
INV00005376,20250307,ST003,PRD020,976,11,10,11,986,0,0,False
INV00005377,20250308,ST003,PRD020,986,17,17,16,1004,0,0,False
INV00005378,20250309,ST003,PRD020,1004,5,11,9,1011,0,0,False
INV00005379,20250310,ST003,PRD020,1011,3,6,6,1014,0,0,False
INV00005380,20250311,ST003,PRD020,1014,8,16,14,1024,0,0,False
INV00005381,20250312,ST003,PRD020,1024,13,14,16,1035,0,0,False
INV00005382,20250313,ST003,PRD020,1035,12,20,18,1049,0,0,False
INV00005383,20250314,ST003,PRD020,1049,12,20,17,1064,0,0,False
INV00005384,20250315,ST003,PRD020,1064,10,20,16,1078,0,0,False
INV00005385,20250316,ST003,PRD020,1078,10,23,20,1091,0,0,False
INV00005386,20250317,ST003,PRD020,1091,13,31,23,1112,0,0,False
INV00005387,20250318,ST003,PRD020,1112,21,17,18,1132,0,0,False
INV00005388,20250319,ST003,PRD020,1132,13,16,14,1147,0,0,False
INV00005389,20250320,ST003,PRD020,1147,15,16,14,1164,0,0,False
INV00005390,20250321,ST003,PRD020,1164,10,12,9,1177,0,0,False
INV00005391,20250322,ST003,PRD020,1177,21,18,22,1194,0,0,False
INV00005392,20250323,ST003,PRD020,1194,22,19,22,1213,0,0,False
INV00005393,20250324,ST003,PRD020,1213,9,16,16,1222,0,0,False
INV00005394,20250325,ST003,PRD020,1222,23,21,21,1245,0,0,False
INV00005395,20250326,ST003,PRD020,1245,6,12,10,1253,0,0,False
INV00005396,20250327,ST003,PRD020,1253,18,24,19,1276,0,0,False
INV00005397,20250328,ST003,PRD020,1276,14,15,12,1293,0,0,False
INV00005398,20250329,ST003,PRD020,1293,21,21,23,1312,0,0,False
INV00005399,20250330,ST003,PRD020,1312,14,12,12,1326,0,0,False
INV00005400,20250331,ST003,PRD020,1326,14,11,12,1339,0,0,False
INV00005401,20250101,ST004,PRD001,15,36,63,53,61,0,0,False
INV00005402,20250102,ST004,PRD001,61,43,68,52,120,0,0,False
INV00005403,20250103,ST004,PRD001,120,55,60,48,187,0,0,False
INV00005404,20250104,ST004,PRD001,187,39,39,41,224,0,0,False
INV00005405,20250105,ST004,PRD001,224,107,112,93,350,0,0,False
INV00005406,20250106,ST004,PRD001,350,34,64,49,399,0,0,False
INV00005407,20250107,ST004,PRD001,399,28,44,35,436,0,0,False
INV00005408,20250108,ST004,PRD001,436,96,78,85,525,0,0,False
INV00005409,20250109,ST004,PRD001,525,41,42,39,569,0,0,False
INV00005410,20250110,ST004,PRD001,569,33,54,45,611,0,0,False
INV00005411,20250111,ST004,PRD001,611,53,75,86,653,0,0,False
INV00005412,20250112,ST004,PRD001,653,31,62,56,690,0,0,False
INV00005413,20250113,ST004,PRD001,690,53,56,51,748,0,0,False
INV00005414,20250114,ST004,PRD001,748,25,31,33,771,0,0,False
INV00005415,20250115,ST004,PRD001,771,23,28,32,790,0,0,False
INV00005416,20250116,ST004,PRD001,790,38,73,71,830,0,0,False
INV00005417,20250117,ST004,PRD001,830,67,52,57,892,0,0,False
INV00005418,20250118,ST004,PRD001,892,45,71,65,943,0,0,False
INV00005419,20250119,ST004,PRD001,943,53,71,66,1001,0,0,False
INV00005420,20250120,ST004,PRD001,1001,52,64,62,1055,0,0,False
INV00005421,20250121,ST004,PRD001,1055,63,69,55,1132,0,0,False
INV00005422,20250122,ST004,PRD001,1132,70,75,75,1202,0,0,False
INV00005423,20250123,ST004,PRD001,1202,31,58,49,1242,0,0,False
INV00005424,20250124,ST004,PRD001,1242,71,75,84,1304,0,0,False
INV00005425,20250125,ST004,PRD001,1304,68,111,113,1370,0,0,False
INV00005426,20250126,ST004,PRD001,1370,48,40,46,1412,0,0,False
INV00005427,20250127,ST004,PRD001,1412,27,39,42,1436,0,0,False
INV00005428,20250128,ST004,PRD001,1436,65,67,68,1500,0,0,False
INV00005429,20250129,ST004,PRD001,1500,71,56,62,1565,0,0,False
INV00005430,20250130,ST004,PRD001,1565,39,38,39,1603,0,0,False
INV00005431,20250131,ST004,PRD001,1603,38,79,67,1653,0,0,False
INV00005432,20250201,ST004,PRD001,1653,48,86,88,1699,0,0,False
INV00005433,20250202,ST004,PRD001,1699,73,80,81,1771,0,0,False
INV00005434,20250203,ST004,PRD001,1771,20,30,30,1791,0,0,False
INV00005435,20250204,ST004,PRD001,1791,64,69,79,1845,0,0,False
INV00005436,20250205,ST004,PRD001,1845,85,69,75,1924,0,0,False
INV00005437,20250206,ST004,PRD001,1924,31,49,51,1953,0,0,False
INV00005438,20250207,ST004,PRD001,1953,38,41,40,1992,0,0,False
INV00005439,20250208,ST004,PRD001,1992,51,46,44,2045,0,0,False
INV00005440,20250209,ST004,PRD001,2045,81,81,84,2123,0,0,False
INV00005441,20250210,ST004,PRD001,2123,32,49,46,2158,0,0,False
INV00005442,20250211,ST004,PRD001,2158,86,91,87,2248,0,0,False
INV00005443,20250212,ST004,PRD001,2248,48,45,42,2299,0,0,False
INV00005444,20250213,ST004,PRD001,2299,42,60,47,2354,0,0,False
INV00005445,20250214,ST004,PRD001,2354,62,73,72,2417,0,0,False
INV00005446,20250215,ST004,PRD001,2417,80,73,69,2501,0,0,False
INV00005447,20250216,ST004,PRD001,2501,60,85,71,2575,0,0,False
INV00005448,20250217,ST004,PRD001,2575,35,39,44,2605,0,0,False
INV00005449,20250218,ST004,PRD001,2605,41,40,38,2648,0,0,False
INV00005450,20250219,ST004,PRD001,2648,52,52,50,2702,0,0,False
INV00005451,20250220,ST004,PRD001,2702,47,41,45,2745,0,0,False
INV00005452,20250221,ST004,PRD001,2745,32,48,36,2789,0,0,False
INV00005453,20250222,ST004,PRD001,2789,34,77,68,2832,0,0,False
INV00005454,20250223,ST004,PRD001,2832,50,41,43,2880,0,0,False
INV00005455,20250224,ST004,PRD001,2880,57,53,53,2937,0,0,False
INV00005456,20250225,ST004,PRD001,2937,59,68,71,2993,0,0,False
INV00005457,20250226,ST004,PRD001,2993,36,41,40,3030,0,0,False
INV00005458,20250227,ST004,PRD001,3030,43,36,37,3072,0,0,False
INV00005459,20250228,ST004,PRD001,3072,32,45,43,3106,0,0,False
INV00005460,20250301,ST004,PRD001,3106,59,70,60,3175,0,0,False
INV00005461,20250302,ST004,PRD001,3175,47,69,60,3231,0,0,False
INV00005462,20250303,ST004,PRD001,3231,28,37,30,3266,0,0,False
INV00005463,20250304,ST004,PRD001,3266,70,70,60,3346,0,0,False
INV00005464,20250305,ST004,PRD001,3346,21,38,38,3367,0,0,False
INV00005465,20250306,ST004,PRD001,3367,64,86,73,3444,0,0,False
INV00005466,20250307,ST004,PRD001,3444,66,68,56,3522,0,0,False
INV00005467,20250308,ST004,PRD001,3522,42,89,76,3577,0,0,False
INV00005468,20250309,ST004,PRD001,3577,63,91,77,3654,0,0,False
INV00005469,20250310,ST004,PRD001,3654,80,77,77,3734,0,0,False
INV00005470,20250311,ST004,PRD001,3734,55,53,58,3784,0,0,False
INV00005471,20250312,ST004,PRD001,3784,57,88,92,3837,0,0,False
INV00005472,20250313,ST004,PRD001,3837,44,74,84,3871,0,0,False
INV00005473,20250314,ST004,PRD001,3871,57,92,74,3946,0,0,False
INV00005474,20250315,ST004,PRD001,3946,57,95,90,4008,0,0,False
INV00005475,20250316,ST004,PRD001,4008,70,72,71,4079,0,0,False
INV00005476,20250317,ST004,PRD001,4079,70,73,62,4160,0,0,False
INV00005477,20250318,ST004,PRD001,4160,57,76,61,4232,0,0,False
INV00005478,20250319,ST004,PRD001,4232,58,100,77,4313,0,0,False
INV00005479,20250320,ST004,PRD001,4313,25,43,45,4336,0,0,False
INV00005480,20250321,ST004,PRD001,4336,61,65,65,4397,0,0,False
INV00005481,20250322,ST004,PRD001,4397,94,118,93,4516,0,0,False
INV00005482,20250323,ST004,PRD001,4516,53,80,88,4561,0,0,False
INV00005483,20250324,ST004,PRD001,4561,31,51,49,4594,0,0,False
INV00005484,20250325,ST004,PRD001,4594,44,43,44,4637,0,0,False
INV00005485,20250326,ST004,PRD001,4637,61,69,67,4700,0,0,False
INV00005486,20250327,ST004,PRD001,4700,62,68,74,4756,0,0,False
INV00005487,20250328,ST004,PRD001,4756,21,48,38,4787,0,0,False
INV00005488,20250329,ST004,PRD001,4787,47,67,53,4848,0,0,False
INV00005489,20250330,ST004,PRD001,4848,51,78,71,4906,0,0,False
INV00005490,20250331,ST004,PRD001,4906,48,48,55,4947,0,0,False
INV00005491,20250101,ST004,PRD002,24,105,106,89,146,0,0,False
INV00005492,20250102,ST004,PRD002,146,31,76,60,193,0,0,False
INV00005493,20250103,ST004,PRD002,193,44,72,60,249,0,0,False
INV00005494,20250104,ST004,PRD002,249,33,55,45,292,0,0,False
INV00005495,20250105,ST004,PRD002,292,61,73,61,365,0,0,False
INV00005496,20250106,ST004,PRD002,365,56,88,71,438,0,0,False
INV00005497,20250107,ST004,PRD002,438,43,58,67,472,0,0,False
INV00005498,20250108,ST004,PRD002,472,72,88,75,557,0,0,False
INV00005499,20250109,ST004,PRD002,557,62,82,72,629,0,0,False
INV00005500,20250110,ST004,PRD002,629,66,61,57,699,0,0,False
INV00005501,20250111,ST004,PRD002,699,113,90,102,800,0,0,False
INV00005502,20250112,ST004,PRD002,800,74,90,85,879,0,0,False
INV00005503,20250113,ST004,PRD002,879,69,65,68,945,0,0,False
INV00005504,20250114,ST004,PRD002,945,28,43,42,974,0,0,False
INV00005505,20250115,ST004,PRD002,974,35,62,64,1007,0,0,False
INV00005506,20250116,ST004,PRD002,1007,33,33,33,1040,0,0,False
INV00005507,20250117,ST004,PRD002,1040,31,41,37,1075,0,0,False
INV00005508,20250118,ST004,PRD002,1075,38,77,74,1116,0,0,False
INV00005509,20250119,ST004,PRD002,1116,89,97,78,1224,0,0,False
INV00005510,20250120,ST004,PRD002,1224,39,47,42,1268,0,0,False
INV00005511,20250121,ST004,PRD002,1268,58,84,87,1323,0,0,False
INV00005512,20250122,ST004,PRD002,1323,27,27,28,1349,0,0,False
INV00005513,20250123,ST004,PRD002,1349,27,53,53,1376,0,0,False
INV00005514,20250124,ST004,PRD002,1376,53,59,56,1432,0,0,False
INV00005515,20250125,ST004,PRD002,1432,67,57,59,1497,0,0,False
INV00005516,20250126,ST004,PRD002,1497,100,85,93,1589,0,0,False
INV00005517,20250127,ST004,PRD002,1589,40,82,70,1641,0,0,False
INV00005518,20250128,ST004,PRD002,1641,45,59,48,1697,0,0,False
INV00005519,20250129,ST004,PRD002,1697,51,52,47,1753,0,0,False
INV00005520,20250130,ST004,PRD002,1753,21,45,38,1781,0,0,False
INV00005521,20250131,ST004,PRD002,1781,76,62,71,1848,0,0,False
INV00005522,20250201,ST004,PRD002,1848,32,54,56,1878,0,0,False
INV00005523,20250202,ST004,PRD002,1878,62,65,68,1937,0,0,False
INV00005524,20250203,ST004,PRD002,1937,56,65,60,1998,0,0,False
INV00005525,20250204,ST004,PRD002,1998,38,84,69,2051,0,0,False
INV00005526,20250205,ST004,PRD002,2051,35,47,54,2079,0,0,False
INV00005527,20250206,ST004,PRD002,2079,37,44,50,2110,0,0,False
INV00005528,20250207,ST004,PRD002,2110,72,73,66,2189,0,0,False
INV00005529,20250208,ST004,PRD002,2189,47,45,46,2235,0,0,False
INV00005530,20250209,ST004,PRD002,2235,53,84,68,2304,0,0,False
INV00005531,20250210,ST004,PRD002,2304,20,39,34,2329,0,0,False
INV00005532,20250211,ST004,PRD002,2329,33,32,34,2360,0,0,False
INV00005533,20250212,ST004,PRD002,2360,60,62,68,2414,0,0,False
INV00005534,20250213,ST004,PRD002,2414,52,95,72,2489,0,0,False
INV00005535,20250214,ST004,PRD002,2489,56,59,48,2556,0,0,False
INV00005536,20250215,ST004,PRD002,2556,42,57,64,2591,0,0,False
INV00005537,20250216,ST004,PRD002,2591,38,71,71,2629,0,0,False
INV00005538,20250217,ST004,PRD002,2629,43,82,69,2685,0,0,False
INV00005539,20250218,ST004,PRD002,2685,34,61,63,2717,0,0,False
INV00005540,20250219,ST004,PRD002,2717,33,53,48,2755,0,0,False
INV00005541,20250220,ST004,PRD002,2755,43,56,42,2812,0,0,False
INV00005542,20250221,ST004,PRD002,2812,30,55,49,2848,0,0,False
INV00005543,20250222,ST004,PRD002,2848,37,52,49,2888,0,0,False
INV00005544,20250223,ST004,PRD002,2888,31,45,51,2913,0,0,False
INV00005545,20250224,ST004,PRD002,2913,58,76,86,2961,0,0,False
INV00005546,20250225,ST004,PRD002,2961,45,57,50,3013,0,0,False
INV00005547,20250226,ST004,PRD002,3013,46,74,78,3055,0,0,False
INV00005548,20250227,ST004,PRD002,3055,66,66,63,3124,0,0,False
INV00005549,20250228,ST004,PRD002,3124,42,43,45,3164,0,0,False
INV00005550,20250301,ST004,PRD002,3164,52,85,68,3233,0,0,False
INV00005551,20250302,ST004,PRD002,3233,41,73,67,3280,0,0,False
INV00005552,20250303,ST004,PRD002,3280,60,64,54,3350,0,0,False
INV00005553,20250304,ST004,PRD002,3350,29,65,52,3392,0,0,False
INV00005554,20250305,ST004,PRD002,3392,43,92,86,3441,0,0,False
INV00005555,20250306,ST004,PRD002,3441,45,35,39,3482,0,0,False
INV00005556,20250307,ST004,PRD002,3482,49,62,49,3544,0,0,False
INV00005557,20250308,ST004,PRD002,3544,51,54,56,3593,0,0,False
INV00005558,20250309,ST004,PRD002,3593,59,89,84,3657,0,0,False
INV00005559,20250310,ST004,PRD002,3657,46,42,47,3698,0,0,False
INV00005560,20250311,ST004,PRD002,3698,51,53,48,3754,0,0,False
INV00005561,20250312,ST004,PRD002,3754,74,105,89,3844,0,0,False
INV00005562,20250313,ST004,PRD002,3844,55,89,93,3895,0,0,False
INV00005563,20250314,ST004,PRD002,3895,33,70,55,3943,0,0,False
INV00005564,20250315,ST004,PRD002,3943,43,63,63,3986,0,0,False
INV00005565,20250316,ST004,PRD002,3986,42,66,51,4043,0,0,False
INV00005566,20250317,ST004,PRD002,4043,35,49,52,4075,0,0,False
INV00005567,20250318,ST004,PRD002,4075,29,52,47,4109,0,0,False
INV00005568,20250319,ST004,PRD002,4109,40,51,41,4159,0,0,False
INV00005569,20250320,ST004,PRD002,4159,53,74,58,4228,0,0,False
INV00005570,20250321,ST004,PRD002,4228,61,56,61,4284,0,0,False
INV00005571,20250322,ST004,PRD002,4284,90,112,97,4389,0,0,False
INV00005572,20250323,ST004,PRD002,4389,27,53,48,4421,0,0,False
INV00005573,20250324,ST004,PRD002,4421,78,85,72,4512,0,0,False
INV00005574,20250325,ST004,PRD002,4512,25,40,35,4542,0,0,False
INV00005575,20250326,ST004,PRD002,4542,29,45,37,4579,0,0,False
INV00005576,20250327,ST004,PRD002,4579,55,72,62,4644,0,0,False
INV00005577,20250328,ST004,PRD002,4644,29,49,46,4676,0,0,False
INV00005578,20250329,ST004,PRD002,4676,137,133,115,4831,0,0,False
INV00005579,20250330,ST004,PRD002,4831,121,120,102,4970,0,0,False
INV00005580,20250331,ST004,PRD002,4970,47,62,50,5029,0,0,False
INV00005581,20250101,ST004,PRD003,27,29,29,34,51,0,0,False
INV00005582,20250102,ST004,PRD003,51,58,64,70,103,0,0,False
INV00005583,20250103,ST004,PRD003,103,40,51,43,151,0,0,False
INV00005584,20250104,ST004,PRD003,151,39,82,61,211,0,0,False
INV00005585,20250105,ST004,PRD003,211,28,59,53,245,0,0,False
INV00005586,20250106,ST004,PRD003,245,42,77,73,291,0,0,False
INV00005587,20250107,ST004,PRD003,291,31,57,51,328,0,0,False
INV00005588,20250108,ST004,PRD003,328,57,54,52,387,0,0,False
INV00005589,20250109,ST004,PRD003,387,68,75,60,470,0,0,False
INV00005590,20250110,ST004,PRD003,470,32,34,38,498,0,0,False
INV00005591,20250111,ST004,PRD003,498,41,70,67,542,0,0,False
INV00005592,20250112,ST004,PRD003,542,60,68,52,618,0,0,False
INV00005593,20250113,ST004,PRD003,618,33,64,61,654,0,0,False
INV00005594,20250114,ST004,PRD003,654,57,89,75,725,0,0,False
INV00005595,20250115,ST004,PRD003,725,47,66,72,766,0,0,False
INV00005596,20250116,ST004,PRD003,766,29,42,43,794,0,0,False
INV00005597,20250117,ST004,PRD003,794,65,88,70,877,0,0,False
INV00005598,20250118,ST004,PRD003,877,44,48,39,930,0,0,False
INV00005599,20250119,ST004,PRD003,930,60,78,74,994,0,0,False
INV00005600,20250120,ST004,PRD003,994,43,89,75,1051,0,0,False
INV00005601,20250121,ST004,PRD003,1051,31,50,58,1074,0,0,False
INV00005602,20250122,ST004,PRD003,1074,44,45,50,1113,0,0,False
INV00005603,20250123,ST004,PRD003,1113,31,59,51,1152,0,0,False
INV00005604,20250124,ST004,PRD003,1152,18,31,34,1167,0,0,False
INV00005605,20250125,ST004,PRD003,1167,60,71,70,1228,0,0,False
INV00005606,20250126,ST004,PRD003,1228,52,106,94,1292,0,0,False
INV00005607,20250127,ST004,PRD003,1292,35,46,53,1320,0,0,False
INV00005608,20250128,ST004,PRD003,1320,39,53,48,1364,0,0,False
INV00005609,20250129,ST004,PRD003,1364,48,63,53,1422,0,0,False
INV00005610,20250130,ST004,PRD003,1422,48,61,61,1470,0,0,False
INV00005611,20250131,ST004,PRD003,1470,33,29,32,1500,0,0,False
INV00005612,20250201,ST004,PRD003,1500,63,55,56,1562,0,0,False
INV00005613,20250202,ST004,PRD003,1562,63,113,95,1643,0,0,False
INV00005614,20250203,ST004,PRD003,1643,33,62,57,1681,0,0,False
INV00005615,20250204,ST004,PRD003,1681,39,71,59,1732,0,0,False
INV00005616,20250205,ST004,PRD003,1732,47,63,70,1772,0,0,False
INV00005617,20250206,ST004,PRD003,1772,44,53,56,1813,0,0,False
INV00005618,20250207,ST004,PRD003,1813,22,39,35,1839,0,0,False
INV00005619,20250208,ST004,PRD003,1839,82,85,73,1933,0,0,False
INV00005620,20250209,ST004,PRD003,1933,49,94,89,1987,0,0,False
INV00005621,20250210,ST004,PRD003,1987,65,83,72,2063,0,0,False
INV00005622,20250211,ST004,PRD003,2063,36,62,67,2094,0,0,False
INV00005623,20250212,ST004,PRD003,2094,55,60,68,2141,0,0,False
INV00005624,20250213,ST004,PRD003,2141,23,41,36,2169,0,0,False
INV00005625,20250214,ST004,PRD003,2169,40,40,43,2206,0,0,False
INV00005626,20250215,ST004,PRD003,2206,52,85,83,2260,0,0,False
INV00005627,20250216,ST004,PRD003,2260,47,60,62,2305,0,0,False
INV00005628,20250217,ST004,PRD003,2305,41,42,50,2338,0,0,False
INV00005629,20250218,ST004,PRD003,2338,22,29,34,2355,0,0,False
INV00005630,20250219,ST004,PRD003,2355,26,36,34,2383,0,0,False
INV00005631,20250220,ST004,PRD003,2383,39,74,57,2439,0,0,False
INV00005632,20250221,ST004,PRD003,2439,42,68,57,2492,0,0,False
INV00005633,20250222,ST004,PRD003,2492,41,70,78,2525,0,0,False
INV00005634,20250223,ST004,PRD003,2525,73,97,81,2614,0,0,False
INV00005635,20250224,ST004,PRD003,2614,39,67,56,2664,0,0,False
INV00005636,20250225,ST004,PRD003,2664,34,59,58,2699,0,0,False
INV00005637,20250226,ST004,PRD003,2699,56,75,68,2762,0,0,False
INV00005638,20250227,ST004,PRD003,2762,34,43,43,2796,0,0,False
INV00005639,20250228,ST004,PRD003,2796,66,71,64,2869,0,0,False
INV00005640,20250301,ST004,PRD003,2869,34,48,52,2899,0,0,False
INV00005641,20250302,ST004,PRD003,2899,56,97,79,2973,0,0,False
INV00005642,20250303,ST004,PRD003,2973,22,36,36,2995,0,0,False
INV00005643,20250304,ST004,PRD003,2995,67,74,63,3073,0,0,False
INV00005644,20250305,ST004,PRD003,3073,107,94,92,3182,0,0,False
INV00005645,20250306,ST004,PRD003,3182,70,73,62,3263,0,0,False
INV00005646,20250307,ST004,PRD003,3263,37,46,41,3305,0,0,False
INV00005647,20250308,ST004,PRD003,3305,50,71,56,3370,0,0,False
INV00005648,20250309,ST004,PRD003,3370,27,52,41,3408,0,0,False
INV00005649,20250310,ST004,PRD003,3408,50,69,64,3463,0,0,False
INV00005650,20250311,ST004,PRD003,3463,62,66,72,3519,0,0,False
INV00005651,20250312,ST004,PRD003,3519,47,41,43,3564,0,0,False
INV00005652,20250313,ST004,PRD003,3564,31,60,48,3607,0,0,False
INV00005653,20250314,ST004,PRD003,3607,36,55,43,3655,0,0,False
INV00005654,20250315,ST004,PRD003,3655,73,108,89,3747,0,0,False
INV00005655,20250316,ST004,PRD003,3747,54,112,105,3808,0,0,False
INV00005656,20250317,ST004,PRD003,3808,26,29,32,3831,0,0,False
INV00005657,20250318,ST004,PRD003,3831,81,86,73,3925,0,0,False
INV00005658,20250319,ST004,PRD003,3925,30,52,45,3962,0,0,False
INV00005659,20250320,ST004,PRD003,3962,28,44,35,3999,0,0,False
INV00005660,20250321,ST004,PRD003,3999,41,81,62,4059,0,0,False
INV00005661,20250322,ST004,PRD003,4059,75,72,65,4141,0,0,False
INV00005662,20250323,ST004,PRD003,4141,50,40,43,4188,0,0,False
INV00005663,20250324,ST004,PRD003,4188,56,44,49,4239,0,0,False
INV00005664,20250325,ST004,PRD003,4239,73,80,65,4327,0,0,False
INV00005665,20250326,ST004,PRD003,4327,49,75,62,4389,0,0,False
INV00005666,20250327,ST004,PRD003,4389,44,83,83,4433,0,0,False
INV00005667,20250328,ST004,PRD003,4433,39,39,33,4478,0,0,False
INV00005668,20250329,ST004,PRD003,4478,55,57,54,4536,0,0,False
INV00005669,20250330,ST004,PRD003,4536,37,43,43,4573,0,0,False
INV00005670,20250331,ST004,PRD003,4573,34,42,43,4606,0,0,False
INV00005671,20250101,ST004,PRD004,22,68,75,81,84,0,0,False
INV00005672,20250102,ST004,PRD004,84,72,73,68,161,0,0,False
INV00005673,20250103,ST004,PRD004,161,35,40,33,203,0,0,False
INV00005674,20250104,ST004,PRD004,203,53,72,65,263,0,0,False
INV00005675,20250105,ST004,PRD004,263,45,72,67,313,0,0,False
INV00005676,20250106,ST004,PRD004,313,63,93,71,398,0,0,False
INV00005677,20250107,ST004,PRD004,398,20,38,39,417,0,0,False
INV00005678,20250108,ST004,PRD004,417,83,77,82,495,0,0,False
INV00005679,20250109,ST004,PRD004,495,34,33,29,533,0,0,False
INV00005680,20250110,ST004,PRD004,533,27,57,46,571,0,0,False
INV00005681,20250111,ST004,PRD004,571,34,44,48,601,0,0,False
INV00005682,20250112,ST004,PRD004,601,83,94,87,691,0,0,False
INV00005683,20250113,ST004,PRD004,691,19,34,34,710,0,0,False
INV00005684,20250114,ST004,PRD004,710,37,57,44,760,0,0,False
INV00005685,20250115,ST004,PRD004,760,29,37,41,785,0,0,False
INV00005686,20250116,ST004,PRD004,785,69,72,70,856,0,0,False
INV00005687,20250117,ST004,PRD004,856,36,28,33,887,0,0,False
INV00005688,20250118,ST004,PRD004,887,55,52,54,940,0,0,False
INV00005689,20250119,ST004,PRD004,940,42,107,82,1007,0,0,False
INV00005690,20250120,ST004,PRD004,1007,70,92,86,1083,0,0,False
INV00005691,20250121,ST004,PRD004,1083,55,56,53,1141,0,0,False
INV00005692,20250122,ST004,PRD004,1141,59,63,53,1210,0,0,False
INV00005693,20250123,ST004,PRD004,1210,64,94,82,1286,0,0,False
INV00005694,20250124,ST004,PRD004,1286,59,68,56,1357,0,0,False
INV00005695,20250125,ST004,PRD004,1357,49,76,65,1417,0,0,False
INV00005696,20250126,ST004,PRD004,1417,38,43,46,1452,0,0,False
INV00005697,20250127,ST004,PRD004,1452,44,56,47,1505,0,0,False
INV00005698,20250128,ST004,PRD004,1505,55,46,50,1556,0,0,False
INV00005699,20250129,ST004,PRD004,1556,37,65,67,1591,0,0,False
INV00005700,20250130,ST004,PRD004,1591,79,76,70,1676,0,0,False
INV00005701,20250131,ST004,PRD004,1676,42,62,57,1723,0,0,False
INV00005702,20250201,ST004,PRD004,1723,26,52,49,1752,0,0,False
INV00005703,20250202,ST004,PRD004,1752,42,55,52,1797,0,0,False
INV00005704,20250203,ST004,PRD004,1797,39,76,57,1855,0,0,False
INV00005705,20250204,ST004,PRD004,1855,84,66,72,1933,0,0,False
INV00005706,20250205,ST004,PRD004,1933,46,46,52,1973,0,0,False
INV00005707,20250206,ST004,PRD004,1973,76,76,72,2053,0,0,False
INV00005708,20250207,ST004,PRD004,2053,41,40,39,2095,0,0,False
INV00005709,20250208,ST004,PRD004,2095,37,55,67,2120,0,0,False
INV00005710,20250209,ST004,PRD004,2120,80,73,72,2201,0,0,False
INV00005711,20250210,ST004,PRD004,2201,69,87,68,2289,0,0,False
INV00005712,20250211,ST004,PRD004,2289,18,34,33,2308,0,0,False
INV00005713,20250212,ST004,PRD004,2308,80,86,69,2405,0,0,False
INV00005714,20250213,ST004,PRD004,2405,78,93,80,2496,0,0,False
INV00005715,20250214,ST004,PRD004,2496,37,38,33,2538,0,0,False
INV00005716,20250215,ST004,PRD004,2538,29,63,51,2579,0,0,False
INV00005717,20250216,ST004,PRD004,2579,70,85,92,2642,0,0,False
INV00005718,20250217,ST004,PRD004,2642,69,85,74,2722,0,0,False
INV00005719,20250218,ST004,PRD004,2722,51,71,68,2776,0,0,False
INV00005720,20250219,ST004,PRD004,2776,24,37,38,2799,0,0,False
INV00005721,20250220,ST004,PRD004,2799,80,104,90,2893,0,0,False
INV00005722,20250221,ST004,PRD004,2893,33,69,60,2935,0,0,False
INV00005723,20250222,ST004,PRD004,2935,65,74,65,3009,0,0,False
INV00005724,20250223,ST004,PRD004,3009,42,77,66,3062,0,0,False
INV00005725,20250224,ST004,PRD004,3062,97,90,82,3167,0,0,False
INV00005726,20250225,ST004,PRD004,3167,35,53,52,3203,0,0,False
INV00005727,20250226,ST004,PRD004,3203,32,64,55,3244,0,0,False
INV00005728,20250227,ST004,PRD004,3244,33,35,39,3273,0,0,False
INV00005729,20250228,ST004,PRD004,3273,84,92,73,3376,0,0,False
INV00005730,20250301,ST004,PRD004,3376,63,82,69,3452,0,0,False
INV00005731,20250302,ST004,PRD004,3452,76,71,65,3534,0,0,False
INV00005732,20250303,ST004,PRD004,3534,35,51,54,3566,0,0,False
INV00005733,20250304,ST004,PRD004,3566,40,42,39,3609,0,0,False
INV00005734,20250305,ST004,PRD004,3609,43,76,66,3662,0,0,False
INV00005735,20250306,ST004,PRD004,3662,34,52,45,3703,0,0,False
INV00005736,20250307,ST004,PRD004,3703,44,64,64,3747,0,0,False
INV00005737,20250308,ST004,PRD004,3747,75,79,77,3824,0,0,False
INV00005738,20250309,ST004,PRD004,3824,31,48,44,3859,0,0,False
INV00005739,20250310,ST004,PRD004,3859,29,52,53,3887,0,0,False
INV00005740,20250311,ST004,PRD004,3887,35,54,47,3929,0,0,False
INV00005741,20250312,ST004,PRD004,3929,58,64,69,3982,0,0,False
INV00005742,20250313,ST004,PRD004,3982,36,40,41,4017,0,0,False
INV00005743,20250314,ST004,PRD004,4017,29,49,49,4046,0,0,False
INV00005744,20250315,ST004,PRD004,4046,108,123,108,4169,0,0,False
INV00005745,20250316,ST004,PRD004,4169,73,73,75,4240,0,0,False
INV00005746,20250317,ST004,PRD004,4240,47,59,54,4292,0,0,False
INV00005747,20250318,ST004,PRD004,4292,42,67,60,4341,0,0,False
INV00005748,20250319,ST004,PRD004,4341,58,53,62,4390,0,0,False
INV00005749,20250320,ST004,PRD004,4390,77,76,73,4470,0,0,False
INV00005750,20250321,ST004,PRD004,4470,53,47,46,4524,0,0,False
INV00005751,20250322,ST004,PRD004,4524,60,66,56,4594,0,0,False
INV00005752,20250323,ST004,PRD004,4594,65,60,56,4663,0,0,False
INV00005753,20250324,ST004,PRD004,4663,36,87,66,4720,0,0,False
INV00005754,20250325,ST004,PRD004,4720,65,68,58,4795,0,0,False
INV00005755,20250326,ST004,PRD004,4795,41,43,50,4829,0,0,False
INV00005756,20250327,ST004,PRD004,4829,38,68,68,4867,0,0,False
INV00005757,20250328,ST004,PRD004,4867,58,54,51,4928,0,0,False
INV00005758,20250329,ST004,PRD004,4928,51,80,73,4986,0,0,False
INV00005759,20250330,ST004,PRD004,4986,131,105,112,5110,0,0,False
INV00005760,20250331,ST004,PRD004,5110,18,37,32,5133,0,0,False
INV00005761,20250101,ST004,PRD005,18,23,52,40,53,0,0,False
INV00005762,20250102,ST004,PRD005,53,35,73,58,103,0,0,False
INV00005763,20250103,ST004,PRD005,103,17,23,28,115,0,0,False
INV00005764,20250104,ST004,PRD005,115,50,72,78,159,0,0,False
INV00005765,20250105,ST004,PRD005,159,126,119,108,296,0,0,False
INV00005766,20250106,ST004,PRD005,296,37,67,72,328,0,0,False
INV00005767,20250107,ST004,PRD005,328,37,60,47,378,0,0,False
INV00005768,20250108,ST004,PRD005,378,53,62,54,439,0,0,False
INV00005769,20250109,ST004,PRD005,439,100,92,87,544,0,0,False
INV00005770,20250110,ST004,PRD005,544,37,47,44,584,0,0,False
INV00005771,20250111,ST004,PRD005,584,52,78,65,649,0,0,False
INV00005772,20250112,ST004,PRD005,649,54,67,53,717,0,0,False
INV00005773,20250113,ST004,PRD005,717,46,92,90,765,0,0,False
INV00005774,20250114,ST004,PRD005,765,61,113,96,843,0,0,False
INV00005775,20250115,ST004,PRD005,843,29,71,57,886,0,0,False
INV00005776,20250116,ST004,PRD005,886,49,48,46,937,0,0,False
INV00005777,20250117,ST004,PRD005,937,88,77,81,1021,0,0,False
INV00005778,20250118,ST004,PRD005,1021,83,92,96,1100,0,0,False
INV00005779,20250119,ST004,PRD005,1100,57,83,78,1162,0,0,False
INV00005780,20250120,ST004,PRD005,1162,36,50,40,1208,0,0,False
INV00005781,20250121,ST004,PRD005,1208,61,82,64,1287,0,0,False
INV00005782,20250122,ST004,PRD005,1287,64,69,61,1359,0,0,False
INV00005783,20250123,ST004,PRD005,1359,61,82,73,1429,0,0,False
INV00005784,20250124,ST004,PRD005,1429,48,46,50,1473,0,0,False
INV00005785,20250125,ST004,PRD005,1473,83,102,95,1563,0,0,False
INV00005786,20250126,ST004,PRD005,1563,44,48,50,1605,0,0,False
INV00005787,20250127,ST004,PRD005,1605,46,60,56,1655,0,0,False
INV00005788,20250128,ST004,PRD005,1655,31,39,35,1690,0,0,False
INV00005789,20250129,ST004,PRD005,1690,54,43,48,1739,0,0,False
INV00005790,20250130,ST004,PRD005,1739,43,69,60,1791,0,0,False
INV00005791,20250131,ST004,PRD005,1791,98,117,93,1913,0,0,False
INV00005792,20250201,ST004,PRD005,1913,27,35,41,1934,0,0,False
INV00005793,20250202,ST004,PRD005,1934,46,59,60,1979,0,0,False
INV00005794,20250203,ST004,PRD005,1979,25,32,36,2000,0,0,False
INV00005795,20250204,ST004,PRD005,2000,88,97,81,2104,0,0,False
INV00005796,20250205,ST004,PRD005,2104,27,44,44,2131,0,0,False
INV00005797,20250206,ST004,PRD005,2131,41,76,58,2190,0,0,False
INV00005798,20250207,ST004,PRD005,2190,55,55,47,2253,0,0,False
INV00005799,20250208,ST004,PRD005,2253,53,57,57,2306,0,0,False
INV00005800,20250209,ST004,PRD005,2306,30,64,49,2351,0,0,False
INV00005801,20250210,ST004,PRD005,2351,48,50,55,2394,0,0,False
INV00005802,20250211,ST004,PRD005,2394,29,60,47,2436,0,0,False
INV00005803,20250212,ST004,PRD005,2436,37,54,60,2467,0,0,False
INV00005804,20250213,ST004,PRD005,2467,43,52,43,2519,0,0,False
INV00005805,20250214,ST004,PRD005,2519,51,53,45,2578,0,0,False
INV00005806,20250215,ST004,PRD005,2578,121,128,115,2712,0,0,False
INV00005807,20250216,ST004,PRD005,2712,64,104,104,2776,0,0,False
INV00005808,20250217,ST004,PRD005,2776,23,35,40,2794,0,0,False
INV00005809,20250218,ST004,PRD005,2794,47,48,39,2850,0,0,False
INV00005810,20250219,ST004,PRD005,2850,49,51,54,2896,0,0,False
INV00005811,20250220,ST004,PRD005,2896,44,58,55,2943,0,0,False
INV00005812,20250221,ST004,PRD005,2943,25,34,33,2969,0,0,False
INV00005813,20250222,ST004,PRD005,2969,26,41,40,2996,0,0,False
INV00005814,20250223,ST004,PRD005,2996,64,68,64,3064,0,0,False
INV00005815,20250224,ST004,PRD005,3064,64,72,66,3134,0,0,False
INV00005816,20250225,ST004,PRD005,3134,81,79,68,3226,0,0,False
INV00005817,20250226,ST004,PRD005,3226,32,62,53,3267,0,0,False
INV00005818,20250227,ST004,PRD005,3267,37,51,45,3310,0,0,False
INV00005819,20250228,ST004,PRD005,3310,108,102,91,3429,0,0,False
INV00005820,20250301,ST004,PRD005,3429,93,88,106,3504,0,0,False
INV00005821,20250302,ST004,PRD005,3504,33,55,56,3536,0,0,False
INV00005822,20250303,ST004,PRD005,3536,17,38,32,3559,0,0,False
INV00005823,20250304,ST004,PRD005,3559,52,40,45,3606,0,0,False
INV00005824,20250305,ST004,PRD005,3606,45,38,43,3646,0,0,False
INV00005825,20250306,ST004,PRD005,3646,101,101,87,3761,0,0,False
INV00005826,20250307,ST004,PRD005,3761,101,107,88,3881,0,0,False
INV00005827,20250308,ST004,PRD005,3881,69,123,114,3959,0,0,False
INV00005828,20250309,ST004,PRD005,3959,75,80,64,4050,0,0,False
INV00005829,20250310,ST004,PRD005,4050,49,69,56,4112,0,0,False
INV00005830,20250311,ST004,PRD005,4112,52,71,61,4174,0,0,False
INV00005831,20250312,ST004,PRD005,4174,75,92,79,4262,0,0,False
INV00005832,20250313,ST004,PRD005,4262,35,59,50,4306,0,0,False
INV00005833,20250314,ST004,PRD005,4306,89,97,79,4413,0,0,False
INV00005834,20250315,ST004,PRD005,4413,100,85,85,4513,0,0,False
INV00005835,20250316,ST004,PRD005,4513,44,46,43,4560,0,0,False
INV00005836,20250317,ST004,PRD005,4560,92,93,77,4668,0,0,False
INV00005837,20250318,ST004,PRD005,4668,47,60,49,4726,0,0,False
INV00005838,20250319,ST004,PRD005,4726,43,34,41,4762,0,0,False
INV00005839,20250320,ST004,PRD005,4762,42,40,42,4802,0,0,False
INV00005840,20250321,ST004,PRD005,4802,42,33,37,4840,0,0,False
INV00005841,20250322,ST004,PRD005,4840,74,116,101,4929,0,0,False
INV00005842,20250323,ST004,PRD005,4929,66,111,114,4992,0,0,False
INV00005843,20250324,ST004,PRD005,4992,43,50,51,5034,0,0,False
INV00005844,20250325,ST004,PRD005,5034,39,65,73,5065,0,0,False
INV00005845,20250326,ST004,PRD005,5065,41,42,42,5106,0,0,False
INV00005846,20250327,ST004,PRD005,5106,33,58,57,5140,0,0,False
INV00005847,20250328,ST004,PRD005,5140,26,50,50,5166,0,0,False
INV00005848,20250329,ST004,PRD005,5166,77,79,83,5239,0,0,False
INV00005849,20250330,ST004,PRD005,5239,24,35,37,5261,0,0,False
INV00005850,20250331,ST004,PRD005,5261,35,50,46,5300,0,0,False
INV00005851,20250101,ST004,PRD006,20,20,35,38,37,0,0,False
INV00005852,20250102,ST004,PRD006,37,59,72,62,106,0,0,False
INV00005853,20250103,ST004,PRD006,106,44,45,48,147,0,0,False
INV00005854,20250104,ST004,PRD006,147,42,69,64,194,0,0,False
INV00005855,20250105,ST004,PRD006,194,83,74,72,279,0,0,False
INV00005856,20250106,ST004,PRD006,279,30,49,43,315,0,0,False
INV00005857,20250107,ST004,PRD006,315,17,38,33,337,0,0,False
INV00005858,20250108,ST004,PRD006,337,59,71,67,400,0,0,False
INV00005859,20250109,ST004,PRD006,400,47,67,58,456,0,0,False
INV00005860,20250110,ST004,PRD006,456,49,59,50,514,0,0,False
INV00005861,20250111,ST004,PRD006,514,31,65,55,555,0,0,False
INV00005862,20250112,ST004,PRD006,555,45,44,52,592,0,0,False
INV00005863,20250113,ST004,PRD006,592,29,47,46,622,0,0,False
INV00005864,20250114,ST004,PRD006,622,33,47,45,657,0,0,False
INV00005865,20250115,ST004,PRD006,657,59,76,64,728,0,0,False
INV00005866,20250116,ST004,PRD006,728,70,56,60,794,0,0,False
INV00005867,20250117,ST004,PRD006,794,57,53,50,854,0,0,False
INV00005868,20250118,ST004,PRD006,854,39,58,52,899,0,0,False
INV00005869,20250119,ST004,PRD006,899,26,42,43,924,0,0,False
INV00005870,20250120,ST004,PRD006,924,52,51,47,980,0,0,False
INV00005871,20250121,ST004,PRD006,980,27,46,36,1017,0,0,False
INV00005872,20250122,ST004,PRD006,1017,40,56,53,1060,0,0,False
INV00005873,20250123,ST004,PRD006,1060,23,34,33,1084,0,0,False
INV00005874,20250124,ST004,PRD006,1084,35,40,47,1112,0,0,False
INV00005875,20250125,ST004,PRD006,1112,60,45,51,1166,0,0,False
INV00005876,20250126,ST004,PRD006,1166,91,92,82,1267,0,0,False
INV00005877,20250127,ST004,PRD006,1267,29,59,51,1304,0,0,False
INV00005878,20250128,ST004,PRD006,1304,56,54,55,1359,0,0,False
INV00005879,20250129,ST004,PRD006,1359,44,64,54,1413,0,0,False
INV00005880,20250130,ST004,PRD006,1413,70,68,59,1492,0,0,False
INV00005881,20250131,ST004,PRD006,1492,31,31,29,1525,0,0,False
INV00005882,20250201,ST004,PRD006,1525,37,58,53,1567,0,0,False
INV00005883,20250202,ST004,PRD006,1567,77,65,72,1637,0,0,False
INV00005884,20250203,ST004,PRD006,1637,63,63,53,1710,0,0,False
INV00005885,20250204,ST004,PRD006,1710,22,30,28,1734,0,0,False
INV00005886,20250205,ST004,PRD006,1734,33,32,29,1770,0,0,False
INV00005887,20250206,ST004,PRD006,1770,24,47,40,1801,0,0,False
INV00005888,20250207,ST004,PRD006,1801,62,66,68,1861,0,0,False
INV00005889,20250208,ST004,PRD006,1861,37,63,66,1895,0,0,False
INV00005890,20250209,ST004,PRD006,1895,36,60,56,1935,0,0,False
INV00005891,20250210,ST004,PRD006,1935,50,51,60,1976,0,0,False
INV00005892,20250211,ST004,PRD006,1976,45,38,41,2018,0,0,False
INV00005893,20250212,ST004,PRD006,2018,61,56,51,2084,0,0,False
INV00005894,20250213,ST004,PRD006,2084,16,34,30,2104,0,0,False
INV00005895,20250214,ST004,PRD006,2104,48,38,41,2149,0,0,False
INV00005896,20250215,ST004,PRD006,2149,55,61,53,2212,0,0,False
INV00005897,20250216,ST004,PRD006,2212,31,72,55,2260,0,0,False
INV00005898,20250217,ST004,PRD006,2260,35,49,44,2300,0,0,False
INV00005899,20250218,ST004,PRD006,2300,81,79,71,2389,0,0,False
INV00005900,20250219,ST004,PRD006,2389,31,39,39,2420,0,0,False
INV00005901,20250220,ST004,PRD006,2420,28,32,31,2449,0,0,False
INV00005902,20250221,ST004,PRD006,2449,43,47,43,2496,0,0,False
INV00005903,20250222,ST004,PRD006,2496,80,95,78,2593,0,0,False
INV00005904,20250223,ST004,PRD006,2593,38,71,64,2638,0,0,False
INV00005905,20250224,ST004,PRD006,2638,37,56,59,2672,0,0,False
INV00005906,20250225,ST004,PRD006,2672,21,34,28,2699,0,0,False
INV00005907,20250226,ST004,PRD006,2699,41,42,46,2736,0,0,False
INV00005908,20250227,ST004,PRD006,2736,28,45,52,2757,0,0,False
INV00005909,20250228,ST004,PRD006,2757,29,26,27,2785,0,0,False
INV00005910,20250301,ST004,PRD006,2785,89,77,82,2869,0,0,False
INV00005911,20250302,ST004,PRD006,2869,67,115,94,2957,0,0,False
INV00005912,20250303,ST004,PRD006,2957,44,63,49,3015,0,0,False
INV00005913,20250304,ST004,PRD006,3015,23,31,28,3041,0,0,False
INV00005914,20250305,ST004,PRD006,3041,31,53,59,3066,0,0,False
INV00005915,20250306,ST004,PRD006,3066,26,46,52,3086,0,0,False
INV00005916,20250307,ST004,PRD006,3086,26,46,38,3120,0,0,False
INV00005917,20250308,ST004,PRD006,3120,53,51,45,3179,0,0,False
INV00005918,20250309,ST004,PRD006,3179,91,72,84,3258,0,0,False
INV00005919,20250310,ST004,PRD006,3258,47,63,57,3311,0,0,False
INV00005920,20250311,ST004,PRD006,3311,42,41,44,3350,0,0,False
INV00005921,20250312,ST004,PRD006,3350,64,56,57,3413,0,0,False
INV00005922,20250313,ST004,PRD006,3413,37,47,47,3450,0,0,False
INV00005923,20250314,ST004,PRD006,3450,34,44,40,3488,0,0,False
INV00005924,20250315,ST004,PRD006,3488,64,73,65,3560,0,0,False
INV00005925,20250316,ST004,PRD006,3560,45,60,67,3598,0,0,False
INV00005926,20250317,ST004,PRD006,3598,19,32,32,3617,0,0,False
INV00005927,20250318,ST004,PRD006,3617,64,103,92,3692,0,0,False
INV00005928,20250319,ST004,PRD006,3692,60,57,50,3759,0,0,False
INV00005929,20250320,ST004,PRD006,3759,38,63,70,3790,0,0,False
INV00005930,20250321,ST004,PRD006,3790,46,44,45,3835,0,0,False
INV00005931,20250322,ST004,PRD006,3835,29,41,32,3873,0,0,False
INV00005932,20250323,ST004,PRD006,3873,32,39,36,3908,0,0,False
INV00005933,20250324,ST004,PRD006,3908,64,67,58,3981,0,0,False
INV00005934,20250325,ST004,PRD006,3981,55,75,59,4052,0,0,False
INV00005935,20250326,ST004,PRD006,4052,30,37,36,4083,0,0,False
INV00005936,20250327,ST004,PRD006,4083,37,51,38,4133,0,0,False
INV00005937,20250328,ST004,PRD006,4133,38,67,65,4173,0,0,False
INV00005938,20250329,ST004,PRD006,4173,63,73,73,4236,0,0,False
INV00005939,20250330,ST004,PRD006,4236,53,63,59,4293,0,0,False
INV00005940,20250331,ST004,PRD006,4293,73,78,67,4377,0,0,False
INV00005941,20250101,ST004,PRD007,15,53,76,58,86,0,0,False
INV00005942,20250102,ST004,PRD007,86,30,56,50,122,0,0,False
INV00005943,20250103,ST004,PRD007,122,49,64,60,175,0,0,False
INV00005944,20250104,ST004,PRD007,175,45,55,46,229,0,0,False
INV00005945,20250105,ST004,PRD007,229,36,43,48,260,0,0,False
INV00005946,20250106,ST004,PRD007,260,23,40,43,280,0,0,False
INV00005947,20250107,ST004,PRD007,280,17,24,23,298,0,0,False
INV00005948,20250108,ST004,PRD007,298,31,34,33,330,0,0,False
INV00005949,20250109,ST004,PRD007,330,42,42,36,378,0,0,False
INV00005950,20250110,ST004,PRD007,378,20,33,38,393,0,0,False
INV00005951,20250111,ST004,PRD007,393,25,30,35,413,0,0,False
INV00005952,20250112,ST004,PRD007,413,62,71,65,481,0,0,False
INV00005953,20250113,ST004,PRD007,481,39,78,71,527,0,0,False
INV00005954,20250114,ST004,PRD007,527,43,80,67,583,0,0,False
INV00005955,20250115,ST004,PRD007,583,56,54,60,633,0,0,False
INV00005956,20250116,ST004,PRD007,633,51,57,49,692,0,0,False
INV00005957,20250117,ST004,PRD007,692,51,55,56,742,0,0,False
INV00005958,20250118,ST004,PRD007,742,40,71,65,788,0,0,False
INV00005959,20250119,ST004,PRD007,788,44,71,60,843,0,0,False
INV00005960,20250120,ST004,PRD007,843,19,28,26,864,0,0,False
INV00005961,20250121,ST004,PRD007,864,62,65,57,934,0,0,False
INV00005962,20250122,ST004,PRD007,934,42,45,40,981,0,0,False
INV00005963,20250123,ST004,PRD007,981,40,56,58,1019,0,0,False
INV00005964,20250124,ST004,PRD007,1019,56,59,57,1077,0,0,False
INV00005965,20250125,ST004,PRD007,1077,40,57,53,1121,0,0,False
INV00005966,20250126,ST004,PRD007,1121,59,61,68,1173,0,0,False
INV00005967,20250127,ST004,PRD007,1173,49,87,66,1243,0,0,False
INV00005968,20250128,ST004,PRD007,1243,23,43,39,1270,0,0,False
INV00005969,20250129,ST004,PRD007,1270,21,37,36,1292,0,0,False
INV00005970,20250130,ST004,PRD007,1292,35,66,50,1343,0,0,False
INV00005971,20250131,ST004,PRD007,1343,39,43,37,1388,0,0,False
INV00005972,20250201,ST004,PRD007,1388,50,69,63,1444,0,0,False
INV00005973,20250202,ST004,PRD007,1444,40,41,35,1490,0,0,False
INV00005974,20250203,ST004,PRD007,1490,26,48,42,1522,0,0,False
INV00005975,20250204,ST004,PRD007,1522,23,38,36,1547,0,0,False
INV00005976,20250205,ST004,PRD007,1547,49,48,58,1586,0,0,False
INV00005977,20250206,ST004,PRD007,1586,69,73,64,1664,0,0,False
INV00005978,20250207,ST004,PRD007,1664,52,48,49,1715,0,0,False
INV00005979,20250208,ST004,PRD007,1715,68,93,76,1800,0,0,False
INV00005980,20250209,ST004,PRD007,1800,46,56,47,1855,0,0,False
INV00005981,20250210,ST004,PRD007,1855,63,68,54,1932,0,0,False
INV00005982,20250211,ST004,PRD007,1932,40,34,37,1969,0,0,False
INV00005983,20250212,ST004,PRD007,1969,67,65,67,2034,0,0,False
INV00005984,20250213,ST004,PRD007,2034,56,65,56,2099,0,0,False
INV00005985,20250214,ST004,PRD007,2099,70,80,66,2183,0,0,False
INV00005986,20250215,ST004,PRD007,2183,40,61,50,2234,0,0,False
INV00005987,20250216,ST004,PRD007,2234,43,33,38,2272,0,0,False
INV00005988,20250217,ST004,PRD007,2272,21,46,36,2303,0,0,False
INV00005989,20250218,ST004,PRD007,2303,17,25,28,2317,0,0,False
INV00005990,20250219,ST004,PRD007,2317,14,31,27,2335,0,0,False
INV00005991,20250220,ST004,PRD007,2335,53,86,71,2403,0,0,False
INV00005992,20250221,ST004,PRD007,2403,34,35,35,2437,0,0,False
INV00005993,20250222,ST004,PRD007,2437,44,73,74,2480,0,0,False
INV00005994,20250223,ST004,PRD007,2480,73,92,90,2555,0,0,False
INV00005995,20250224,ST004,PRD007,2555,35,31,29,2592,0,0,False
INV00005996,20250225,ST004,PRD007,2592,29,34,33,2622,0,0,False
INV00005997,20250226,ST004,PRD007,2622,45,36,38,2665,0,0,False
INV00005998,20250227,ST004,PRD007,2665,33,53,53,2698,0,0,False
INV00005999,20250228,ST004,PRD007,2698,36,50,50,2734,0,0,False
INV00006000,20250301,ST004,PRD007,2734,83,91,81,2827,0,0,False
INV00006001,20250302,ST004,PRD007,2827,23,41,39,2852,0,0,False
INV00006002,20250303,ST004,PRD007,2852,22,45,38,2881,0,0,False
INV00006003,20250304,ST004,PRD007,2881,33,42,33,2923,0,0,False
INV00006004,20250305,ST004,PRD007,2923,52,50,53,2972,0,0,False
INV00006005,20250306,ST004,PRD007,2972,38,54,53,3011,0,0,False
INV00006006,20250307,ST004,PRD007,3011,46,85,71,3071,0,0,False
INV00006007,20250308,ST004,PRD007,3071,87,78,73,3163,0,0,False
INV00006008,20250309,ST004,PRD007,3163,29,40,36,3196,0,0,False
INV00006009,20250310,ST004,PRD007,3196,51,44,49,3242,0,0,False
INV00006010,20250311,ST004,PRD007,3242,27,47,47,3269,0,0,False
INV00006011,20250312,ST004,PRD007,3269,17,44,34,3296,0,0,False
INV00006012,20250313,ST004,PRD007,3296,60,77,71,3362,0,0,False
INV00006013,20250314,ST004,PRD007,3362,34,42,42,3396,0,0,False
INV00006014,20250315,ST004,PRD007,3396,36,63,56,3439,0,0,False
INV00006015,20250316,ST004,PRD007,3439,19,40,37,3461,0,0,False
INV00006016,20250317,ST004,PRD007,3461,30,31,31,3491,0,0,False
INV00006017,20250318,ST004,PRD007,3491,45,44,49,3531,0,0,False
INV00006018,20250319,ST004,PRD007,3531,24,26,29,3552,0,0,False
INV00006019,20250320,ST004,PRD007,3552,43,47,38,3604,0,0,False
INV00006020,20250321,ST004,PRD007,3604,17,30,33,3618,0,0,False
INV00006021,20250322,ST004,PRD007,3618,51,90,72,3687,0,0,False
INV00006022,20250323,ST004,PRD007,3687,21,52,42,3718,0,0,False
INV00006023,20250324,ST004,PRD007,3718,27,51,48,3748,0,0,False
INV00006024,20250325,ST004,PRD007,3748,28,44,47,3773,0,0,False
INV00006025,20250326,ST004,PRD007,3773,33,31,36,3801,0,0,False
INV00006026,20250327,ST004,PRD007,3801,62,74,68,3869,0,0,False
INV00006027,20250328,ST004,PRD007,3869,31,48,48,3900,0,0,False
INV00006028,20250329,ST004,PRD007,3900,53,70,55,3968,0,0,False
INV00006029,20250330,ST004,PRD007,3968,36,70,69,4005,0,0,False
INV00006030,20250331,ST004,PRD007,4005,22,33,37,4023,0,0,False
INV00006031,20250101,ST004,PRD008,18,58,45,50,71,0,0,False
INV00006032,20250102,ST004,PRD008,71,39,67,52,125,0,0,False
INV00006033,20250103,ST004,PRD008,125,29,58,48,164,0,0,False
INV00006034,20250104,ST004,PRD008,164,29,39,34,198,0,0,False
INV00006035,20250105,ST004,PRD008,198,61,70,60,269,0,0,False
INV00006036,20250106,ST004,PRD008,269,19,35,28,295,0,0,False
INV00006037,20250107,ST004,PRD008,295,31,38,35,329,0,0,False
INV00006038,20250108,ST004,PRD008,329,23,49,40,361,0,0,False
INV00006039,20250109,ST004,PRD008,361,25,30,28,388,0,0,False
INV00006040,20250110,ST004,PRD008,388,31,58,60,417,0,0,False
INV00006041,20250111,ST004,PRD008,417,47,69,72,461,0,0,False
INV00006042,20250112,ST004,PRD008,461,27,47,42,493,0,0,False
INV00006043,20250113,ST004,PRD008,493,25,38,36,520,0,0,False
INV00006044,20250114,ST004,PRD008,520,36,32,32,556,0,0,False
INV00006045,20250115,ST004,PRD008,556,28,42,32,594,0,0,False
INV00006046,20250116,ST004,PRD008,594,57,46,48,649,0,0,False
INV00006047,20250117,ST004,PRD008,649,44,84,77,700,0,0,False
INV00006048,20250118,ST004,PRD008,700,45,77,70,752,0,0,False
INV00006049,20250119,ST004,PRD008,752,36,48,42,794,0,0,False
INV00006050,20250120,ST004,PRD008,794,43,48,43,842,0,0,False
INV00006051,20250121,ST004,PRD008,842,33,55,43,887,0,0,False
INV00006052,20250122,ST004,PRD008,887,45,54,49,937,0,0,False
INV00006053,20250123,ST004,PRD008,937,44,52,55,978,0,0,False
INV00006054,20250124,ST004,PRD008,978,53,54,45,1040,0,0,False
INV00006055,20250125,ST004,PRD008,1040,29,52,46,1075,0,0,False
INV00006056,20250126,ST004,PRD008,1075,53,78,71,1135,0,0,False
INV00006057,20250127,ST004,PRD008,1135,46,55,60,1176,0,0,False
INV00006058,20250128,ST004,PRD008,1176,28,39,43,1200,0,0,False
INV00006059,20250129,ST004,PRD008,1200,27,37,41,1223,0,0,False
INV00006060,20250130,ST004,PRD008,1223,19,33,32,1243,0,0,False
INV00006061,20250131,ST004,PRD008,1243,38,30,32,1279,0,0,False
INV00006062,20250201,ST004,PRD008,1279,40,76,69,1326,0,0,False
INV00006063,20250202,ST004,PRD008,1326,31,63,53,1367,0,0,False
INV00006064,20250203,ST004,PRD008,1367,35,59,58,1403,0,0,False
INV00006065,20250204,ST004,PRD008,1403,32,33,31,1437,0,0,False
INV00006066,20250205,ST004,PRD008,1437,49,49,49,1486,0,0,False
INV00006067,20250206,ST004,PRD008,1486,36,34,40,1516,0,0,False
INV00006068,20250207,ST004,PRD008,1516,21,38,40,1535,0,0,False
INV00006069,20250208,ST004,PRD008,1535,25,31,34,1557,0,0,False
INV00006070,20250209,ST004,PRD008,1557,20,42,35,1584,0,0,False
INV00006071,20250210,ST004,PRD008,1584,45,71,64,1636,0,0,False
INV00006072,20250211,ST004,PRD008,1636,37,35,40,1668,0,0,False
INV00006073,20250212,ST004,PRD008,1668,34,55,48,1709,0,0,False
INV00006074,20250213,ST004,PRD008,1709,78,65,66,1786,0,0,False
INV00006075,20250214,ST004,PRD008,1786,42,60,52,1836,0,0,False
INV00006076,20250215,ST004,PRD008,1836,41,52,46,1883,0,0,False
INV00006077,20250216,ST004,PRD008,1883,39,53,55,1920,0,0,False
INV00006078,20250217,ST004,PRD008,1920,66,59,60,1985,0,0,False
INV00006079,20250218,ST004,PRD008,1985,49,75,77,2032,0,0,False
INV00006080,20250219,ST004,PRD008,2032,14,29,26,2049,0,0,False
INV00006081,20250220,ST004,PRD008,2049,72,56,66,2111,0,0,False
INV00006082,20250221,ST004,PRD008,2111,31,32,37,2137,0,0,False
INV00006083,20250222,ST004,PRD008,2137,58,69,59,2205,0,0,False
INV00006084,20250223,ST004,PRD008,2205,45,78,72,2256,0,0,False
INV00006085,20250224,ST004,PRD008,2256,32,28,27,2289,0,0,False
INV00006086,20250225,ST004,PRD008,2289,25,36,30,2320,0,0,False
INV00006087,20250226,ST004,PRD008,2320,24,41,41,2344,0,0,False
INV00006088,20250227,ST004,PRD008,2344,40,58,50,2392,0,0,False
INV00006089,20250228,ST004,PRD008,2392,22,30,23,2421,0,0,False
INV00006090,20250301,ST004,PRD008,2421,18,37,33,2443,0,0,False
INV00006091,20250302,ST004,PRD008,2443,38,83,63,2501,0,0,False
INV00006092,20250303,ST004,PRD008,2501,52,61,66,2548,0,0,False
INV00006093,20250304,ST004,PRD008,2548,64,74,70,2616,0,0,False
INV00006094,20250305,ST004,PRD008,2616,25,58,44,2655,0,0,False
INV00006095,20250306,ST004,PRD008,2655,50,44,44,2705,0,0,False
INV00006096,20250307,ST004,PRD008,2705,40,40,34,2751,0,0,False
INV00006097,20250308,ST004,PRD008,2751,38,72,70,2791,0,0,False
INV00006098,20250309,ST004,PRD008,2791,90,77,76,2882,0,0,False
INV00006099,20250310,ST004,PRD008,2882,34,44,46,2914,0,0,False
INV00006100,20250311,ST004,PRD008,2914,34,41,37,2952,0,0,False
INV00006101,20250312,ST004,PRD008,2952,43,46,36,3005,0,0,False
INV00006102,20250313,ST004,PRD008,3005,33,61,56,3043,0,0,False
INV00006103,20250314,ST004,PRD008,3043,46,51,42,3098,0,0,False
INV00006104,20250315,ST004,PRD008,3098,78,103,77,3202,0,0,False
INV00006105,20250316,ST004,PRD008,3202,43,75,62,3258,0,0,False
INV00006106,20250317,ST004,PRD008,3258,31,34,31,3292,0,0,False
INV00006107,20250318,ST004,PRD008,3292,74,98,82,3382,0,0,False
INV00006108,20250319,ST004,PRD008,3382,45,68,65,3430,0,0,False
INV00006109,20250320,ST004,PRD008,3430,60,65,57,3498,0,0,False
INV00006110,20250321,ST004,PRD008,3498,48,46,50,3542,0,0,False
INV00006111,20250322,ST004,PRD008,3542,62,67,80,3591,0,0,False
INV00006112,20250323,ST004,PRD008,3591,67,88,81,3665,0,0,False
INV00006113,20250324,ST004,PRD008,3665,59,58,64,3718,0,0,False
INV00006114,20250325,ST004,PRD008,3718,26,40,33,3751,0,0,False
INV00006115,20250326,ST004,PRD008,3751,50,66,60,3807,0,0,False
INV00006116,20250327,ST004,PRD008,3807,43,80,62,3868,0,0,False
INV00006117,20250328,ST004,PRD008,3868,96,96,93,3967,0,0,False
INV00006118,20250329,ST004,PRD008,3967,39,62,67,4001,0,0,False
INV00006119,20250330,ST004,PRD008,4001,53,76,79,4051,0,0,False
INV00006120,20250331,ST004,PRD008,4051,25,29,30,4075,0,0,False
INV00006121,20250101,ST004,PRD009,30,26,20,22,54,0,0,False
INV00006122,20250102,ST004,PRD009,54,14,26,26,68,0,0,False
INV00006123,20250103,ST004,PRD009,68,39,36,38,105,0,0,False
INV00006124,20250104,ST004,PRD009,105,31,29,29,136,0,0,False
INV00006125,20250105,ST004,PRD009,136,17,23,20,156,0,0,False
INV00006126,20250106,ST004,PRD009,156,10,19,20,165,0,0,False
INV00006127,20250107,ST004,PRD009,165,19,31,30,185,0,0,False
INV00006128,20250108,ST004,PRD009,185,27,36,29,219,0,0,False
INV00006129,20250109,ST004,PRD009,219,25,41,34,251,0,0,False
INV00006130,20250110,ST004,PRD009,251,19,32,27,275,0,0,False
INV00006131,20250111,ST004,PRD009,275,19,24,20,298,0,0,False
INV00006132,20250112,ST004,PRD009,298,33,33,32,332,0,0,False
INV00006133,20250113,ST004,PRD009,332,28,24,29,355,0,0,False
INV00006134,20250114,ST004,PRD009,355,19,21,22,373,0,0,False
INV00006135,20250115,ST004,PRD009,373,28,42,33,410,0,0,False
INV00006136,20250116,ST004,PRD009,410,13,16,16,423,0,0,False
INV00006137,20250117,ST004,PRD009,423,25,39,35,452,0,0,False
INV00006138,20250118,ST004,PRD009,452,22,29,26,477,0,0,False
INV00006139,20250119,ST004,PRD009,477,32,37,37,509,0,0,False
INV00006140,20250120,ST004,PRD009,509,24,23,27,529,0,0,False
INV00006141,20250121,ST004,PRD009,529,47,54,44,586,0,0,False
INV00006142,20250122,ST004,PRD009,586,32,42,37,623,0,0,False
INV00006143,20250123,ST004,PRD009,623,11,24,21,637,0,0,False
INV00006144,20250124,ST004,PRD009,637,41,37,40,675,0,0,False
INV00006145,20250125,ST004,PRD009,675,63,54,53,739,0,0,False
INV00006146,20250126,ST004,PRD009,739,56,49,50,794,0,0,False
INV00006147,20250127,ST004,PRD009,794,23,52,40,829,0,0,False
INV00006148,20250128,ST004,PRD009,829,24,29,29,853,0,0,False
INV00006149,20250129,ST004,PRD009,853,52,49,47,907,0,0,False
INV00006150,20250130,ST004,PRD009,907,34,53,42,952,0,0,False
INV00006151,20250131,ST004,PRD009,952,12,25,23,966,0,0,False
INV00006152,20250201,ST004,PRD009,966,24,34,39,985,0,0,False
INV00006153,20250202,ST004,PRD009,985,25,30,26,1014,0,0,False
INV00006154,20250203,ST004,PRD009,1014,27,22,26,1037,0,0,False
INV00006155,20250204,ST004,PRD009,1037,26,28,23,1068,0,0,False
INV00006156,20250205,ST004,PRD009,1068,15,25,25,1083,0,0,False
INV00006157,20250206,ST004,PRD009,1083,16,17,20,1096,0,0,False
INV00006158,20250207,ST004,PRD009,1096,14,25,20,1115,0,0,False
INV00006159,20250208,ST004,PRD009,1115,35,40,45,1145,0,0,False
INV00006160,20250209,ST004,PRD009,1145,22,24,21,1170,0,0,False
INV00006161,20250210,ST004,PRD009,1170,25,30,28,1197,0,0,False
INV00006162,20250211,ST004,PRD009,1197,24,31,29,1223,0,0,False
INV00006163,20250212,ST004,PRD009,1223,15,19,17,1240,0,0,False
INV00006164,20250213,ST004,PRD009,1240,26,37,30,1273,0,0,False
INV00006165,20250214,ST004,PRD009,1273,26,39,31,1307,0,0,False
INV00006166,20250215,ST004,PRD009,1307,15,17,17,1322,0,0,False
INV00006167,20250216,ST004,PRD009,1322,20,34,33,1343,0,0,False
INV00006168,20250217,ST004,PRD009,1343,14,25,26,1356,0,0,False
INV00006169,20250218,ST004,PRD009,1356,15,25,22,1374,0,0,False
INV00006170,20250219,ST004,PRD009,1374,13,16,14,1389,0,0,False
INV00006171,20250220,ST004,PRD009,1389,18,24,23,1408,0,0,False
INV00006172,20250221,ST004,PRD009,1408,18,23,18,1431,0,0,False
INV00006173,20250222,ST004,PRD009,1431,33,29,32,1461,0,0,False
INV00006174,20250223,ST004,PRD009,1461,18,27,26,1480,0,0,False
INV00006175,20250224,ST004,PRD009,1480,26,60,47,1519,0,0,False
INV00006176,20250225,ST004,PRD009,1519,22,27,24,1544,0,0,False
INV00006177,20250226,ST004,PRD009,1544,13,26,22,1561,0,0,False
INV00006178,20250227,ST004,PRD009,1561,16,25,21,1581,0,0,False
INV00006179,20250228,ST004,PRD009,1581,43,46,40,1630,0,0,False
INV00006180,20250301,ST004,PRD009,1630,46,49,51,1674,0,0,False
INV00006181,20250302,ST004,PRD009,1674,41,43,40,1718,0,0,False
INV00006182,20250303,ST004,PRD009,1718,36,47,38,1763,0,0,False
INV00006183,20250304,ST004,PRD009,1763,15,19,19,1778,0,0,False
INV00006184,20250305,ST004,PRD009,1778,19,26,24,1799,0,0,False
INV00006185,20250306,ST004,PRD009,1799,30,25,25,1829,0,0,False
INV00006186,20250307,ST004,PRD009,1829,21,31,27,1854,0,0,False
INV00006187,20250308,ST004,PRD009,1854,23,46,42,1881,0,0,False
INV00006188,20250309,ST004,PRD009,1881,19,32,28,1904,0,0,False
INV00006189,20250310,ST004,PRD009,1904,14,22,21,1919,0,0,False
INV00006190,20250311,ST004,PRD009,1919,19,32,27,1943,0,0,False
INV00006191,20250312,ST004,PRD009,1943,14,33,25,1965,0,0,False
INV00006192,20250313,ST004,PRD009,1965,42,54,43,2018,0,0,False
INV00006193,20250314,ST004,PRD009,2018,21,20,19,2040,0,0,False
INV00006194,20250315,ST004,PRD009,2040,22,32,38,2056,0,0,False
INV00006195,20250316,ST004,PRD009,2056,27,57,44,2096,0,0,False
INV00006196,20250317,ST004,PRD009,2096,25,28,28,2121,0,0,False
INV00006197,20250318,ST004,PRD009,2121,27,54,51,2151,0,0,False
INV00006198,20250319,ST004,PRD009,2151,29,32,30,2182,0,0,False
INV00006199,20250320,ST004,PRD009,2182,37,44,46,2217,0,0,False
INV00006200,20250321,ST004,PRD009,2217,32,38,37,2250,0,0,False
INV00006201,20250322,ST004,PRD009,2250,32,42,40,2284,0,0,False
INV00006202,20250323,ST004,PRD009,2284,24,47,47,2308,0,0,False
INV00006203,20250324,ST004,PRD009,2308,27,33,33,2335,0,0,False
INV00006204,20250325,ST004,PRD009,2335,11,18,21,2343,0,0,False
INV00006205,20250326,ST004,PRD009,2343,23,32,32,2366,0,0,False
INV00006206,20250327,ST004,PRD009,2366,40,57,45,2418,0,0,False
INV00006207,20250328,ST004,PRD009,2418,27,48,37,2456,0,0,False
INV00006208,20250329,ST004,PRD009,2456,17,36,30,2479,0,0,False
INV00006209,20250330,ST004,PRD009,2479,45,52,53,2523,0,0,False
INV00006210,20250331,ST004,PRD009,2523,31,34,32,2556,0,0,False
INV00006211,20250101,ST004,PRD010,16,21,33,29,41,0,0,False
INV00006212,20250102,ST004,PRD010,41,13,16,15,55,0,0,False
INV00006213,20250103,ST004,PRD010,55,13,15,13,70,0,0,False
INV00006214,20250104,ST004,PRD010,70,31,42,42,101,0,0,False
INV00006215,20250105,ST004,PRD010,101,23,30,25,129,0,0,False
INV00006216,20250106,ST004,PRD010,129,24,33,32,154,0,0,False
INV00006217,20250107,ST004,PRD010,154,17,24,21,174,0,0,False
INV00006218,20250108,ST004,PRD010,174,18,20,21,191,0,0,False
INV00006219,20250109,ST004,PRD010,191,33,26,30,220,0,0,False
INV00006220,20250110,ST004,PRD010,220,40,44,38,266,0,0,False
INV00006221,20250111,ST004,PRD010,266,28,26,26,294,0,0,False
INV00006222,20250112,ST004,PRD010,294,21,29,24,320,0,0,False
INV00006223,20250113,ST004,PRD010,320,21,36,30,347,0,0,False
INV00006224,20250114,ST004,PRD010,347,13,25,25,360,0,0,False
INV00006225,20250115,ST004,PRD010,360,25,26,21,390,0,0,False
INV00006226,20250116,ST004,PRD010,390,30,48,38,430,0,0,False
INV00006227,20250117,ST004,PRD010,430,19,26,29,446,0,0,False
INV00006228,20250118,ST004,PRD010,446,37,39,36,486,0,0,False
INV00006229,20250119,ST004,PRD010,486,21,37,37,507,0,0,False
INV00006230,20250120,ST004,PRD010,507,26,22,24,531,0,0,False
INV00006231,20250121,ST004,PRD010,531,8,17,14,542,0,0,False
INV00006232,20250122,ST004,PRD010,542,18,29,25,564,0,0,False
INV00006233,20250123,ST004,PRD010,564,20,40,36,588,0,0,False
INV00006234,20250124,ST004,PRD010,588,20,21,19,610,0,0,False
INV00006235,20250125,ST004,PRD010,610,32,46,39,649,0,0,False
INV00006236,20250126,ST004,PRD010,649,23,39,36,675,0,0,False
INV00006237,20250127,ST004,PRD010,675,36,40,34,717,0,0,False
INV00006238,20250128,ST004,PRD010,717,29,37,30,753,0,0,False
INV00006239,20250129,ST004,PRD010,753,19,34,27,779,0,0,False
INV00006240,20250130,ST004,PRD010,779,33,36,31,817,0,0,False
INV00006241,20250131,ST004,PRD010,817,14,19,18,832,0,0,False
INV00006242,20250201,ST004,PRD010,832,29,33,33,861,0,0,False
INV00006243,20250202,ST004,PRD010,861,15,20,24,872,0,0,False
INV00006244,20250203,ST004,PRD010,872,12,17,15,886,0,0,False
INV00006245,20250204,ST004,PRD010,886,27,25,29,909,0,0,False
INV00006246,20250205,ST004,PRD010,909,25,32,30,936,0,0,False
INV00006247,20250206,ST004,PRD010,936,28,31,27,968,0,0,False
INV00006248,20250207,ST004,PRD010,968,13,23,20,984,0,0,False
INV00006249,20250208,ST004,PRD010,984,15,31,29,1001,0,0,False
INV00006250,20250209,ST004,PRD010,1001,21,19,21,1020,0,0,False
INV00006251,20250210,ST004,PRD010,1020,43,50,39,1074,0,0,False
INV00006252,20250211,ST004,PRD010,1074,13,13,14,1086,0,0,False
INV00006253,20250212,ST004,PRD010,1086,26,50,40,1122,0,0,False
INV00006254,20250213,ST004,PRD010,1122,25,19,21,1145,0,0,False
INV00006255,20250214,ST004,PRD010,1145,18,20,18,1165,0,0,False
INV00006256,20250215,ST004,PRD010,1165,20,26,24,1187,0,0,False
INV00006257,20250216,ST004,PRD010,1187,58,68,50,1263,0,0,False
INV00006258,20250217,ST004,PRD010,1263,17,23,19,1284,0,0,False
INV00006259,20250218,ST004,PRD010,1284,39,43,42,1324,0,0,False
INV00006260,20250219,ST004,PRD010,1324,18,22,17,1347,0,0,False
INV00006261,20250220,ST004,PRD010,1347,34,51,42,1390,0,0,False
INV00006262,20250221,ST004,PRD010,1390,29,38,32,1425,0,0,False
INV00006263,20250222,ST004,PRD010,1425,23,21,24,1445,0,0,False
INV00006264,20250223,ST004,PRD010,1445,27,31,31,1472,0,0,False
INV00006265,20250224,ST004,PRD010,1472,29,47,38,1510,0,0,False
INV00006266,20250225,ST004,PRD010,1510,11,17,18,1520,0,0,False
INV00006267,20250226,ST004,PRD010,1520,15,29,25,1539,0,0,False
INV00006268,20250227,ST004,PRD010,1539,24,28,24,1567,0,0,False
INV00006269,20250228,ST004,PRD010,1567,18,30,26,1589,0,0,False
INV00006270,20250301,ST004,PRD010,1589,36,44,45,1624,0,0,False
INV00006271,20250302,ST004,PRD010,1624,15,21,21,1639,0,0,False
INV00006272,20250303,ST004,PRD010,1639,22,20,20,1661,0,0,False
INV00006273,20250304,ST004,PRD010,1661,10,17,19,1669,0,0,False
INV00006274,20250305,ST004,PRD010,1669,20,29,31,1687,0,0,False
INV00006275,20250306,ST004,PRD010,1687,15,18,19,1701,0,0,False
INV00006276,20250307,ST004,PRD010,1701,17,20,16,1722,0,0,False
INV00006277,20250308,ST004,PRD010,1722,27,25,28,1746,0,0,False
INV00006278,20250309,ST004,PRD010,1746,17,25,25,1763,0,0,False
INV00006279,20250310,ST004,PRD010,1763,28,34,30,1795,0,0,False
INV00006280,20250311,ST004,PRD010,1795,15,17,19,1808,0,0,False
INV00006281,20250312,ST004,PRD010,1808,23,49,40,1840,0,0,False
INV00006282,20250313,ST004,PRD010,1840,32,58,51,1879,0,0,False
INV00006283,20250314,ST004,PRD010,1879,22,42,32,1911,0,0,False
INV00006284,20250315,ST004,PRD010,1911,44,41,41,1955,0,0,False
INV00006285,20250316,ST004,PRD010,1955,26,27,31,1977,0,0,False
INV00006286,20250317,ST004,PRD010,1977,15,17,17,1992,0,0,False
INV00006287,20250318,ST004,PRD010,1992,22,34,27,2021,0,0,False
INV00006288,20250319,ST004,PRD010,2021,14,18,15,2038,0,0,False
INV00006289,20250320,ST004,PRD010,2038,15,36,29,2060,0,0,False
INV00006290,20250321,ST004,PRD010,2060,11,17,18,2070,0,0,False
INV00006291,20250322,ST004,PRD010,2070,20,34,34,2090,0,0,False
INV00006292,20250323,ST004,PRD010,2090,16,27,23,2110,0,0,False
INV00006293,20250324,ST004,PRD010,2110,16,15,15,2126,0,0,False
INV00006294,20250325,ST004,PRD010,2126,12,12,12,2138,0,0,False
INV00006295,20250326,ST004,PRD010,2138,13,20,21,2150,0,0,False
INV00006296,20250327,ST004,PRD010,2150,20,23,18,2175,0,0,False
INV00006297,20250328,ST004,PRD010,2175,51,46,43,2229,0,0,False
INV00006298,20250329,ST004,PRD010,2229,21,32,25,2257,0,0,False
INV00006299,20250330,ST004,PRD010,2257,13,24,26,2268,0,0,False
INV00006300,20250331,ST004,PRD010,2268,20,17,18,2287,0,0,False
INV00006301,20250101,ST004,PRD011,12,26,38,36,40,0,0,False
INV00006302,20250102,ST004,PRD011,40,13,22,19,56,0,0,False
INV00006303,20250103,ST004,PRD011,56,23,56,43,92,0,0,False
INV00006304,20250104,ST004,PRD011,92,35,37,30,134,0,0,False
INV00006305,20250105,ST004,PRD011,134,44,47,39,186,0,0,False
INV00006306,20250106,ST004,PRD011,186,16,20,17,205,0,0,False
INV00006307,20250107,ST004,PRD011,205,24,22,21,230,0,0,False
INV00006308,20250108,ST004,PRD011,230,18,27,23,252,0,0,False
INV00006309,20250109,ST004,PRD011,252,23,20,21,274,0,0,False
INV00006310,20250110,ST004,PRD011,274,33,32,30,309,0,0,False
INV00006311,20250111,ST004,PRD011,309,19,30,29,329,0,0,False
INV00006312,20250112,ST004,PRD011,329,40,46,44,371,0,0,False
INV00006313,20250113,ST004,PRD011,371,17,19,20,387,0,0,False
INV00006314,20250114,ST004,PRD011,387,16,30,28,405,0,0,False
INV00006315,20250115,ST004,PRD011,405,41,53,43,456,0,0,False
INV00006316,20250116,ST004,PRD011,456,18,23,20,477,0,0,False
INV00006317,20250117,ST004,PRD011,477,29,29,28,507,0,0,False
INV00006318,20250118,ST004,PRD011,507,16,22,18,527,0,0,False
INV00006319,20250119,ST004,PRD011,527,25,26,29,549,0,0,False
INV00006320,20250120,ST004,PRD011,549,19,31,34,565,0,0,False
INV00006321,20250121,ST004,PRD011,565,28,32,30,595,0,0,False
INV00006322,20250122,ST004,PRD011,595,24,25,23,621,0,0,False
INV00006323,20250123,ST004,PRD011,621,20,33,28,646,0,0,False
INV00006324,20250124,ST004,PRD011,646,28,29,26,677,0,0,False
INV00006325,20250125,ST004,PRD011,677,27,30,27,707,0,0,False
INV00006326,20250126,ST004,PRD011,707,49,39,46,749,0,0,False
INV00006327,20250127,ST004,PRD011,749,32,28,31,778,0,0,False
INV00006328,20250128,ST004,PRD011,778,25,26,22,807,0,0,False
INV00006329,20250129,ST004,PRD011,807,26,35,40,828,0,0,False
INV00006330,20250130,ST004,PRD011,828,11,20,19,840,0,0,False
INV00006331,20250131,ST004,PRD011,840,24,38,37,865,0,0,False
INV00006332,20250201,ST004,PRD011,865,42,64,60,911,0,0,False
INV00006333,20250202,ST004,PRD011,911,29,35,37,938,0,0,False
INV00006334,20250203,ST004,PRD011,938,46,55,42,997,0,0,False
INV00006335,20250204,ST004,PRD011,997,14,30,26,1015,0,0,False
INV00006336,20250205,ST004,PRD011,1015,24,24,27,1036,0,0,False
INV00006337,20250206,ST004,PRD011,1036,45,45,45,1081,0,0,False
INV00006338,20250207,ST004,PRD011,1081,10,21,18,1094,0,0,False
INV00006339,20250208,ST004,PRD011,1094,16,22,18,1114,0,0,False
INV00006340,20250209,ST004,PRD011,1114,22,32,27,1141,0,0,False
INV00006341,20250210,ST004,PRD011,1141,15,19,23,1152,0,0,False
INV00006342,20250211,ST004,PRD011,1152,20,28,29,1171,0,0,False
INV00006343,20250212,ST004,PRD011,1171,38,41,36,1214,0,0,False
INV00006344,20250213,ST004,PRD011,1214,20,38,33,1239,0,0,False
INV00006345,20250214,ST004,PRD011,1239,31,37,37,1270,0,0,False
INV00006346,20250215,ST004,PRD011,1270,40,51,53,1308,0,0,False
INV00006347,20250216,ST004,PRD011,1308,30,46,42,1342,0,0,False
INV00006348,20250217,ST004,PRD011,1342,46,53,48,1393,0,0,False
INV00006349,20250218,ST004,PRD011,1393,41,39,36,1437,0,0,False
INV00006350,20250219,ST004,PRD011,1437,8,16,16,1445,0,0,False
INV00006351,20250220,ST004,PRD011,1445,33,40,32,1486,0,0,False
INV00006352,20250221,ST004,PRD011,1486,42,50,40,1538,0,0,False
INV00006353,20250222,ST004,PRD011,1538,22,41,40,1561,0,0,False
INV00006354,20250223,ST004,PRD011,1561,66,67,58,1636,0,0,False
INV00006355,20250224,ST004,PRD011,1636,43,48,44,1683,0,0,False
INV00006356,20250225,ST004,PRD011,1683,31,46,46,1714,0,0,False
INV00006357,20250226,ST004,PRD011,1714,19,26,25,1734,0,0,False
INV00006358,20250227,ST004,PRD011,1734,23,30,24,1763,0,0,False
INV00006359,20250228,ST004,PRD011,1763,37,35,37,1798,0,0,False
INV00006360,20250301,ST004,PRD011,1798,26,32,23,1833,0,0,False
INV00006361,20250302,ST004,PRD011,1833,21,24,21,1857,0,0,False
INV00006362,20250303,ST004,PRD011,1857,21,31,24,1885,0,0,False
INV00006363,20250304,ST004,PRD011,1885,21,32,31,1907,0,0,False
INV00006364,20250305,ST004,PRD011,1907,31,46,38,1946,0,0,False
INV00006365,20250306,ST004,PRD011,1946,11,24,22,1959,0,0,False
INV00006366,20250307,ST004,PRD011,1959,23,23,20,1985,0,0,False
INV00006367,20250308,ST004,PRD011,1985,43,45,37,2036,0,0,False
INV00006368,20250309,ST004,PRD011,2036,39,39,34,2080,0,0,False
INV00006369,20250310,ST004,PRD011,2080,17,25,24,2098,0,0,False
INV00006370,20250311,ST004,PRD011,2098,45,46,39,2150,0,0,False
INV00006371,20250312,ST004,PRD011,2150,23,23,22,2174,0,0,False
INV00006372,20250313,ST004,PRD011,2174,18,26,25,2193,0,0,False
INV00006373,20250314,ST004,PRD011,2193,30,31,27,2227,0,0,False
INV00006374,20250315,ST004,PRD011,2227,21,33,34,2247,0,0,False
INV00006375,20250316,ST004,PRD011,2247,25,36,31,2277,0,0,False
INV00006376,20250317,ST004,PRD011,2277,25,43,34,2311,0,0,False
INV00006377,20250318,ST004,PRD011,2311,21,26,20,2338,0,0,False
INV00006378,20250319,ST004,PRD011,2338,23,26,24,2363,0,0,False
INV00006379,20250320,ST004,PRD011,2363,34,35,32,2400,0,0,False
INV00006380,20250321,ST004,PRD011,2400,17,28,25,2420,0,0,False
INV00006381,20250322,ST004,PRD011,2420,18,38,32,2444,0,0,False
INV00006382,20250323,ST004,PRD011,2444,62,53,59,2500,0,0,False
INV00006383,20250324,ST004,PRD011,2500,41,58,49,2550,0,0,False
INV00006384,20250325,ST004,PRD011,2550,39,40,38,2591,0,0,False
INV00006385,20250326,ST004,PRD011,2591,45,48,39,2645,0,0,False
INV00006386,20250327,ST004,PRD011,2645,31,38,42,2672,0,0,False
INV00006387,20250328,ST004,PRD011,2672,21,24,26,2691,0,0,False
INV00006388,20250329,ST004,PRD011,2691,46,38,40,2735,0,0,False
INV00006389,20250330,ST004,PRD011,2735,31,55,55,2766,0,0,False
INV00006390,20250331,ST004,PRD011,2766,22,42,36,2794,0,0,False
INV00006391,20250101,ST004,PRD012,18,41,50,48,61,0,0,False
INV00006392,20250102,ST004,PRD012,61,24,27,32,80,0,0,False
INV00006393,20250103,ST004,PRD012,80,27,25,29,103,0,0,False
INV00006394,20250104,ST004,PRD012,103,30,28,28,133,0,0,False
INV00006395,20250105,ST004,PRD012,133,51,63,50,197,0,0,False
INV00006396,20250106,ST004,PRD012,197,29,37,36,227,0,0,False
INV00006397,20250107,ST004,PRD012,227,12,29,24,244,0,0,False
INV00006398,20250108,ST004,PRD012,244,17,30,31,260,0,0,False
INV00006399,20250109,ST004,PRD012,260,22,25,23,284,0,0,False
INV00006400,20250110,ST004,PRD012,284,57,78,61,358,0,0,False
INV00006401,20250111,ST004,PRD012,358,71,82,67,444,0,0,False
INV00006402,20250112,ST004,PRD012,444,31,43,52,466,0,0,False
INV00006403,20250113,ST004,PRD012,466,30,38,39,495,0,0,False
INV00006404,20250114,ST004,PRD012,495,35,42,37,535,0,0,False
INV00006405,20250115,ST004,PRD012,535,22,27,30,554,0,0,False
INV00006406,20250116,ST004,PRD012,554,30,64,54,594,0,0,False
INV00006407,20250117,ST004,PRD012,594,26,50,42,628,0,0,False
INV00006408,20250118,ST004,PRD012,628,34,43,39,666,0,0,False
INV00006409,20250119,ST004,PRD012,666,59,63,50,738,0,0,False
INV00006410,20250120,ST004,PRD012,738,59,58,55,800,0,0,False
INV00006411,20250121,ST004,PRD012,800,30,24,29,825,0,0,False
INV00006412,20250122,ST004,PRD012,825,47,42,43,871,0,0,False
INV00006413,20250123,ST004,PRD012,871,47,49,48,919,0,0,False
INV00006414,20250124,ST004,PRD012,919,34,28,32,949,0,0,False
INV00006415,20250125,ST004,PRD012,949,28,38,39,976,0,0,False
INV00006416,20250126,ST004,PRD012,976,48,57,57,1024,0,0,False
INV00006417,20250127,ST004,PRD012,1024,25,22,25,1046,0,0,False
INV00006418,20250128,ST004,PRD012,1046,18,26,27,1063,0,0,False
INV00006419,20250129,ST004,PRD012,1063,24,30,24,1093,0,0,False
INV00006420,20250130,ST004,PRD012,1093,38,34,35,1130,0,0,False
INV00006421,20250131,ST004,PRD012,1130,42,43,40,1175,0,0,False
INV00006422,20250201,ST004,PRD012,1175,26,44,41,1204,0,0,False
INV00006423,20250202,ST004,PRD012,1204,55,92,69,1282,0,0,False
INV00006424,20250203,ST004,PRD012,1282,14,26,23,1299,0,0,False
INV00006425,20250204,ST004,PRD012,1299,19,19,17,1320,0,0,False
INV00006426,20250205,ST004,PRD012,1320,34,34,29,1359,0,0,False
INV00006427,20250206,ST004,PRD012,1359,47,43,42,1407,0,0,False
INV00006428,20250207,ST004,PRD012,1407,29,37,44,1429,0,0,False
INV00006429,20250208,ST004,PRD012,1429,49,51,42,1487,0,0,False
INV00006430,20250209,ST004,PRD012,1487,48,49,42,1542,0,0,False
INV00006431,20250210,ST004,PRD012,1542,28,33,29,1574,0,0,False
INV00006432,20250211,ST004,PRD012,1574,28,35,30,1607,0,0,False
INV00006433,20250212,ST004,PRD012,1607,22,23,19,1633,0,0,False
INV00006434,20250213,ST004,PRD012,1633,27,27,23,1664,0,0,False
INV00006435,20250214,ST004,PRD012,1664,15,26,23,1682,0,0,False
INV00006436,20250215,ST004,PRD012,1682,25,26,25,1708,0,0,False
INV00006437,20250216,ST004,PRD012,1708,24,41,39,1734,0,0,False
INV00006438,20250217,ST004,PRD012,1734,19,30,24,1759,0,0,False
INV00006439,20250218,ST004,PRD012,1759,38,44,48,1793,0,0,False
INV00006440,20250219,ST004,PRD012,1793,36,55,53,1831,0,0,False
INV00006441,20250220,ST004,PRD012,1831,21,41,37,1856,0,0,False
INV00006442,20250221,ST004,PRD012,1856,29,40,38,1887,0,0,False
INV00006443,20250222,ST004,PRD012,1887,84,69,72,1968,0,0,False
INV00006444,20250223,ST004,PRD012,1968,37,82,63,2024,0,0,False
INV00006445,20250224,ST004,PRD012,2024,49,61,49,2085,0,0,False
INV00006446,20250225,ST004,PRD012,2085,24,30,30,2109,0,0,False
INV00006447,20250226,ST004,PRD012,2109,51,55,45,2170,0,0,False
INV00006448,20250227,ST004,PRD012,2170,20,24,24,2190,0,0,False
INV00006449,20250228,ST004,PRD012,2190,44,46,45,2235,0,0,False
INV00006450,20250301,ST004,PRD012,2235,14,24,24,2249,0,0,False
INV00006451,20250302,ST004,PRD012,2249,71,85,71,2334,0,0,False
INV00006452,20250303,ST004,PRD012,2334,20,27,32,2349,0,0,False
INV00006453,20250304,ST004,PRD012,2349,19,18,17,2369,0,0,False
INV00006454,20250305,ST004,PRD012,2369,30,33,29,2403,0,0,False
INV00006455,20250306,ST004,PRD012,2403,19,28,27,2423,0,0,False
INV00006456,20250307,ST004,PRD012,2423,23,24,27,2443,0,0,False
INV00006457,20250308,ST004,PRD012,2443,21,39,36,2467,0,0,False
INV00006458,20250309,ST004,PRD012,2467,52,50,47,2522,0,0,False
INV00006459,20250310,ST004,PRD012,2522,26,26,28,2546,0,0,False
INV00006460,20250311,ST004,PRD012,2546,41,40,34,2593,0,0,False
INV00006461,20250312,ST004,PRD012,2593,28,44,40,2625,0,0,False
INV00006462,20250313,ST004,PRD012,2625,37,38,38,2662,0,0,False
INV00006463,20250314,ST004,PRD012,2662,19,25,24,2682,0,0,False
INV00006464,20250315,ST004,PRD012,2682,24,35,31,2710,0,0,False
INV00006465,20250316,ST004,PRD012,2710,16,31,26,2731,0,0,False
INV00006466,20250317,ST004,PRD012,2731,18,25,25,2749,0,0,False
INV00006467,20250318,ST004,PRD012,2749,23,36,34,2774,0,0,False
INV00006468,20250319,ST004,PRD012,2774,52,74,56,2844,0,0,False
INV00006469,20250320,ST004,PRD012,2844,53,40,47,2890,0,0,False
INV00006470,20250321,ST004,PRD012,2890,46,65,60,2941,0,0,False
INV00006471,20250322,ST004,PRD012,2941,68,65,69,3005,0,0,False
INV00006472,20250323,ST004,PRD012,3005,30,36,37,3034,0,0,False
INV00006473,20250324,ST004,PRD012,3034,16,38,31,3057,0,0,False
INV00006474,20250325,ST004,PRD012,3057,25,44,42,3084,0,0,False
INV00006475,20250326,ST004,PRD012,3084,38,55,52,3125,0,0,False
INV00006476,20250327,ST004,PRD012,3125,34,39,35,3163,0,0,False
INV00006477,20250328,ST004,PRD012,3163,36,34,37,3196,0,0,False
INV00006478,20250329,ST004,PRD012,3196,50,52,50,3248,0,0,False
INV00006479,20250330,ST004,PRD012,3248,29,26,29,3274,0,0,False
INV00006480,20250331,ST004,PRD012,3274,37,35,36,3310,0,0,False
INV00006481,20250101,ST004,PRD013,18,28,51,51,46,0,0,False
INV00006482,20250102,ST004,PRD013,46,17,21,19,65,0,0,False
INV00006483,20250103,ST004,PRD013,65,18,34,33,84,0,0,False
INV00006484,20250104,ST004,PRD013,84,62,57,54,149,0,0,False
INV00006485,20250105,ST004,PRD013,149,26,30,31,174,0,0,False
INV00006486,20250106,ST004,PRD013,174,21,30,28,197,0,0,False
INV00006487,20250107,ST004,PRD013,197,24,31,26,226,0,0,False
INV00006488,20250108,ST004,PRD013,226,20,24,21,249,0,0,False
INV00006489,20250109,ST004,PRD013,249,31,38,29,289,0,0,False
INV00006490,20250110,ST004,PRD013,289,43,49,43,338,0,0,False
INV00006491,20250111,ST004,PRD013,338,31,36,29,376,0,0,False
INV00006492,20250112,ST004,PRD013,376,15,33,30,394,0,0,False
INV00006493,20250113,ST004,PRD013,394,26,36,30,426,0,0,False
INV00006494,20250114,ST004,PRD013,426,31,40,40,457,0,0,False
INV00006495,20250115,ST004,PRD013,457,46,34,39,498,0,0,False
INV00006496,20250116,ST004,PRD013,498,23,24,24,521,0,0,False
INV00006497,20250117,ST004,PRD013,521,13,22,22,534,0,0,False
INV00006498,20250118,ST004,PRD013,534,35,26,31,564,0,0,False
INV00006499,20250119,ST004,PRD013,564,17,32,32,581,0,0,False
INV00006500,20250120,ST004,PRD013,581,16,22,25,594,0,0,False
INV00006501,20250121,ST004,PRD013,594,29,43,47,619,0,0,False
INV00006502,20250122,ST004,PRD013,619,29,39,34,653,0,0,False
INV00006503,20250123,ST004,PRD013,653,28,46,38,689,0,0,False
INV00006504,20250124,ST004,PRD013,689,36,55,44,736,0,0,False
INV00006505,20250125,ST004,PRD013,736,29,55,51,769,0,0,False
INV00006506,20250126,ST004,PRD013,769,52,59,52,828,0,0,False
INV00006507,20250127,ST004,PRD013,828,40,66,50,884,0,0,False
INV00006508,20250128,ST004,PRD013,884,23,28,33,902,0,0,False
INV00006509,20250129,ST004,PRD013,902,27,40,37,932,0,0,False
INV00006510,20250130,ST004,PRD013,932,51,56,43,996,0,0,False
INV00006511,20250131,ST004,PRD013,996,19,18,22,1011,0,0,False
INV00006512,20250201,ST004,PRD013,1011,53,38,45,1057,0,0,False
INV00006513,20250202,ST004,PRD013,1057,38,73,55,1113,0,0,False
INV00006514,20250203,ST004,PRD013,1113,32,52,43,1154,0,0,False
INV00006515,20250204,ST004,PRD013,1154,22,26,27,1175,0,0,False
INV00006516,20250205,ST004,PRD013,1175,69,68,61,1251,0,0,False
INV00006517,20250206,ST004,PRD013,1251,34,52,49,1288,0,0,False
INV00006518,20250207,ST004,PRD013,1288,28,24,26,1314,0,0,False
INV00006519,20250208,ST004,PRD013,1314,59,63,51,1385,0,0,False
INV00006520,20250209,ST004,PRD013,1385,25,29,29,1410,0,0,False
INV00006521,20250210,ST004,PRD013,1410,27,42,34,1445,0,0,False
INV00006522,20250211,ST004,PRD013,1445,18,26,29,1460,0,0,False
INV00006523,20250212,ST004,PRD013,1460,59,50,58,1511,0,0,False
INV00006524,20250213,ST004,PRD013,1511,27,29,32,1535,0,0,False
INV00006525,20250214,ST004,PRD013,1535,28,22,24,1561,0,0,False
INV00006526,20250215,ST004,PRD013,1561,39,42,44,1598,0,0,False
INV00006527,20250216,ST004,PRD013,1598,34,37,30,1639,0,0,False
INV00006528,20250217,ST004,PRD013,1639,57,68,60,1704,0,0,False
INV00006529,20250218,ST004,PRD013,1704,18,20,22,1720,0,0,False
INV00006530,20250219,ST004,PRD013,1720,25,39,40,1744,0,0,False
INV00006531,20250220,ST004,PRD013,1744,14,26,26,1758,0,0,False
INV00006532,20250221,ST004,PRD013,1758,23,38,37,1782,0,0,False
INV00006533,20250222,ST004,PRD013,1782,34,47,41,1822,0,0,False
INV00006534,20250223,ST004,PRD013,1822,15,33,25,1845,0,0,False
INV00006535,20250224,ST004,PRD013,1845,26,29,32,1868,0,0,False
INV00006536,20250225,ST004,PRD013,1868,30,63,51,1910,0,0,False
INV00006537,20250226,ST004,PRD013,1910,42,34,37,1949,0,0,False
INV00006538,20250227,ST004,PRD013,1949,27,31,32,1975,0,0,False
INV00006539,20250228,ST004,PRD013,1975,21,32,26,2002,0,0,False
INV00006540,20250301,ST004,PRD013,2002,30,31,25,2038,0,0,False
INV00006541,20250302,ST004,PRD013,2038,45,59,50,2092,0,0,False
INV00006542,20250303,ST004,PRD013,2092,21,25,26,2112,0,0,False
INV00006543,20250304,ST004,PRD013,2112,12,21,20,2125,0,0,False
INV00006544,20250305,ST004,PRD013,2125,21,24,21,2149,0,0,False
INV00006545,20250306,ST004,PRD013,2149,27,49,44,2181,0,0,False
INV00006546,20250307,ST004,PRD013,2181,32,53,43,2223,0,0,False
INV00006547,20250308,ST004,PRD013,2223,32,66,50,2271,0,0,False
INV00006548,20250309,ST004,PRD013,2271,30,43,43,2301,0,0,False
INV00006549,20250310,ST004,PRD013,2301,28,34,26,2337,0,0,False
INV00006550,20250311,ST004,PRD013,2337,59,61,58,2399,0,0,False
INV00006551,20250312,ST004,PRD013,2399,53,65,49,2468,0,0,False
INV00006552,20250313,ST004,PRD013,2468,29,40,32,2505,0,0,False
INV00006553,20250314,ST004,PRD013,2505,32,33,33,2537,0,0,False
INV00006554,20250315,ST004,PRD013,2537,39,69,60,2585,0,0,False
INV00006555,20250316,ST004,PRD013,2585,76,64,63,2662,0,0,False
INV00006556,20250317,ST004,PRD013,2662,27,69,54,2704,0,0,False
INV00006557,20250318,ST004,PRD013,2704,32,31,31,2736,0,0,False
INV00006558,20250319,ST004,PRD013,2736,19,28,30,2753,0,0,False
INV00006559,20250320,ST004,PRD013,2753,39,37,34,2795,0,0,False
INV00006560,20250321,ST004,PRD013,2795,17,27,26,2813,0,0,False
INV00006561,20250322,ST004,PRD013,2813,43,65,51,2870,0,0,False
INV00006562,20250323,ST004,PRD013,2870,37,69,65,2911,0,0,False
INV00006563,20250324,ST004,PRD013,2911,31,42,42,2942,0,0,False
INV00006564,20250325,ST004,PRD013,2942,22,38,32,2970,0,0,False
INV00006565,20250326,ST004,PRD013,2970,38,36,32,3012,0,0,False
INV00006566,20250327,ST004,PRD013,3012,35,52,59,3040,0,0,False
INV00006567,20250328,ST004,PRD013,3040,29,39,38,3070,0,0,False
INV00006568,20250329,ST004,PRD013,3070,38,35,33,3110,0,0,False
INV00006569,20250330,ST004,PRD013,3110,29,55,51,3143,0,0,False
INV00006570,20250331,ST004,PRD013,3143,29,39,40,3171,0,0,False
INV00006571,20250101,ST004,PRD014,10,15,31,27,29,0,0,False
INV00006572,20250102,ST004,PRD014,29,41,47,38,79,0,0,False
INV00006573,20250103,ST004,PRD014,79,23,30,24,108,0,0,False
INV00006574,20250104,ST004,PRD014,108,19,28,23,132,0,0,False
INV00006575,20250105,ST004,PRD014,132,18,18,15,153,0,0,False
INV00006576,20250106,ST004,PRD014,153,21,28,23,179,0,0,False
INV00006577,20250107,ST004,PRD014,179,19,49,37,210,0,0,False
INV00006578,20250108,ST004,PRD014,210,24,25,20,239,0,0,False
INV00006579,20250109,ST004,PRD014,239,29,33,30,271,0,0,False
INV00006580,20250110,ST004,PRD014,271,21,22,18,296,0,0,False
INV00006581,20250111,ST004,PRD014,296,25,41,34,328,0,0,False
INV00006582,20250112,ST004,PRD014,328,29,28,29,356,0,0,False
INV00006583,20250113,ST004,PRD014,356,19,20,19,376,0,0,False
INV00006584,20250114,ST004,PRD014,376,23,23,20,402,0,0,False
INV00006585,20250115,ST004,PRD014,402,12,17,13,418,0,0,False
INV00006586,20250116,ST004,PRD014,418,29,48,44,451,0,0,False
INV00006587,20250117,ST004,PRD014,451,11,22,20,464,0,0,False
INV00006588,20250118,ST004,PRD014,464,24,24,25,487,0,0,False
INV00006589,20250119,ST004,PRD014,487,20,32,28,511,0,0,False
INV00006590,20250120,ST004,PRD014,511,9,21,17,524,0,0,False
INV00006591,20250121,ST004,PRD014,524,16,38,29,549,0,0,False
INV00006592,20250122,ST004,PRD014,549,27,24,23,577,0,0,False
INV00006593,20250123,ST004,PRD014,577,21,25,27,596,0,0,False
INV00006594,20250124,ST004,PRD014,596,26,32,34,620,0,0,False
INV00006595,20250125,ST004,PRD014,620,27,48,43,652,0,0,False
INV00006596,20250126,ST004,PRD014,652,65,69,55,731,0,0,False
INV00006597,20250127,ST004,PRD014,731,51,51,46,787,0,0,False
INV00006598,20250128,ST004,PRD014,787,20,43,35,815,0,0,False
INV00006599,20250129,ST004,PRD014,815,22,20,20,837,0,0,False
INV00006600,20250130,ST004,PRD014,837,13,20,21,849,0,0,False
INV00006601,20250131,ST004,PRD014,849,31,31,30,881,0,0,False
INV00006602,20250201,ST004,PRD014,881,24,32,35,902,0,0,False
INV00006603,20250202,ST004,PRD014,902,61,68,59,972,0,0,False
INV00006604,20250203,ST004,PRD014,972,20,22,21,993,0,0,False
INV00006605,20250204,ST004,PRD014,993,20,43,35,1021,0,0,False
INV00006606,20250205,ST004,PRD014,1021,33,38,39,1053,0,0,False
INV00006607,20250206,ST004,PRD014,1053,15,22,19,1071,0,0,False
INV00006608,20250207,ST004,PRD014,1071,33,30,31,1103,0,0,False
INV00006609,20250208,ST004,PRD014,1103,13,18,18,1116,0,0,False
INV00006610,20250209,ST004,PRD014,1116,41,46,42,1161,0,0,False
INV00006611,20250210,ST004,PRD014,1161,14,25,24,1176,0,0,False
INV00006612,20250211,ST004,PRD014,1176,35,47,36,1222,0,0,False
INV00006613,20250212,ST004,PRD014,1222,42,32,39,1257,0,0,False
INV00006614,20250213,ST004,PRD014,1257,23,31,27,1284,0,0,False
INV00006615,20250214,ST004,PRD014,1284,29,37,35,1315,0,0,False
INV00006616,20250215,ST004,PRD014,1315,50,54,45,1374,0,0,False
INV00006617,20250216,ST004,PRD014,1374,35,37,42,1404,0,0,False
INV00006618,20250217,ST004,PRD014,1404,29,30,32,1431,0,0,False
INV00006619,20250218,ST004,PRD014,1431,24,33,30,1458,0,0,False
INV00006620,20250219,ST004,PRD014,1458,42,52,41,1511,0,0,False
INV00006621,20250220,ST004,PRD014,1511,45,45,42,1559,0,0,False
INV00006622,20250221,ST004,PRD014,1559,28,33,30,1590,0,0,False
INV00006623,20250222,ST004,PRD014,1590,31,35,38,1618,0,0,False
INV00006624,20250223,ST004,PRD014,1618,22,34,28,1646,0,0,False
INV00006625,20250224,ST004,PRD014,1646,16,40,30,1672,0,0,False
INV00006626,20250225,ST004,PRD014,1672,17,21,23,1687,0,0,False
INV00006627,20250226,ST004,PRD014,1687,45,56,54,1734,0,0,False
INV00006628,20250227,ST004,PRD014,1734,27,45,41,1765,0,0,False
INV00006629,20250228,ST004,PRD014,1765,25,27,26,1791,0,0,False
INV00006630,20250301,ST004,PRD014,1791,31,60,51,1831,0,0,False
INV00006631,20250302,ST004,PRD014,1831,26,33,31,1859,0,0,False
INV00006632,20250303,ST004,PRD014,1859,32,32,34,1889,0,0,False
INV00006633,20250304,ST004,PRD014,1889,29,34,33,1919,0,0,False
INV00006634,20250305,ST004,PRD014,1919,18,25,26,1936,0,0,False
INV00006635,20250306,ST004,PRD014,1936,40,55,49,1982,0,0,False
INV00006636,20250307,ST004,PRD014,1982,27,26,24,2011,0,0,False
INV00006637,20250308,ST004,PRD014,2011,28,30,34,2035,0,0,False
INV00006638,20250309,ST004,PRD014,2035,27,51,44,2069,0,0,False
INV00006639,20250310,ST004,PRD014,2069,14,21,23,2081,0,0,False
INV00006640,20250311,ST004,PRD014,2081,53,54,47,2141,0,0,False
INV00006641,20250312,ST004,PRD014,2141,28,26,26,2169,0,0,False
INV00006642,20250313,ST004,PRD014,2169,34,46,39,2210,0,0,False
INV00006643,20250314,ST004,PRD014,2210,17,28,24,2231,0,0,False
INV00006644,20250315,ST004,PRD014,2231,18,40,33,2256,0,0,False
INV00006645,20250316,ST004,PRD014,2256,14,27,26,2271,0,0,False
INV00006646,20250317,ST004,PRD014,2271,16,25,30,2282,0,0,False
INV00006647,20250318,ST004,PRD014,2282,9,15,16,2290,0,0,False
INV00006648,20250319,ST004,PRD014,2290,18,24,22,2310,0,0,False
INV00006649,20250320,ST004,PRD014,2310,18,36,32,2332,0,0,False
INV00006650,20250321,ST004,PRD014,2332,25,29,26,2360,0,0,False
INV00006651,20250322,ST004,PRD014,2360,41,42,46,2397,0,0,False
INV00006652,20250323,ST004,PRD014,2397,18,28,26,2417,0,0,False
INV00006653,20250324,ST004,PRD014,2417,14,18,20,2429,0,0,False
INV00006654,20250325,ST004,PRD014,2429,20,32,35,2446,0,0,False
INV00006655,20250326,ST004,PRD014,2446,21,27,25,2469,0,0,False
INV00006656,20250327,ST004,PRD014,2469,17,36,30,2492,0,0,False
INV00006657,20250328,ST004,PRD014,2492,43,40,45,2530,0,0,False
INV00006658,20250329,ST004,PRD014,2530,18,23,28,2543,0,0,False
INV00006659,20250330,ST004,PRD014,2543,27,47,43,2574,0,0,False
INV00006660,20250331,ST004,PRD014,2574,38,47,49,2610,0,0,False
INV00006661,20250101,ST004,PRD015,12,21,25,27,31,0,0,False
INV00006662,20250102,ST004,PRD015,31,39,43,39,74,0,0,False
INV00006663,20250103,ST004,PRD015,74,17,25,23,93,0,0,False
INV00006664,20250104,ST004,PRD015,93,42,43,42,136,0,0,False
INV00006665,20250105,ST004,PRD015,136,56,72,54,210,0,0,False
INV00006666,20250106,ST004,PRD015,210,22,23,27,228,0,0,False
INV00006667,20250107,ST004,PRD015,228,43,41,40,272,0,0,False
INV00006668,20250108,ST004,PRD015,272,33,56,44,317,0,0,False
INV00006669,20250109,ST004,PRD015,317,22,17,19,337,0,0,False
INV00006670,20250110,ST004,PRD015,337,33,40,31,379,0,0,False
INV00006671,20250111,ST004,PRD015,379,31,53,48,415,0,0,False
INV00006672,20250112,ST004,PRD015,415,20,33,36,432,0,0,False
INV00006673,20250113,ST004,PRD015,432,52,48,44,488,0,0,False
INV00006674,20250114,ST004,PRD015,488,33,41,48,514,0,0,False
INV00006675,20250115,ST004,PRD015,514,49,65,50,578,0,0,False
INV00006676,20250116,ST004,PRD015,578,35,49,43,619,0,0,False
INV00006677,20250117,ST004,PRD015,619,17,44,33,647,0,0,False
INV00006678,20250118,ST004,PRD015,647,20,29,26,670,0,0,False
INV00006679,20250119,ST004,PRD015,670,22,57,43,706,0,0,False
INV00006680,20250120,ST004,PRD015,706,37,42,39,746,0,0,False
INV00006681,20250121,ST004,PRD015,746,24,27,29,768,0,0,False
INV00006682,20250122,ST004,PRD015,768,43,52,55,808,0,0,False
INV00006683,20250123,ST004,PRD015,808,36,33,38,839,0,0,False
INV00006684,20250124,ST004,PRD015,839,36,39,35,879,0,0,False
INV00006685,20250125,ST004,PRD015,879,34,39,34,918,0,0,False
INV00006686,20250126,ST004,PRD015,918,37,57,52,960,0,0,False
INV00006687,20250127,ST004,PRD015,960,45,38,42,1001,0,0,False
INV00006688,20250128,ST004,PRD015,1001,31,36,33,1035,0,0,False
INV00006689,20250129,ST004,PRD015,1035,49,59,50,1093,0,0,False
INV00006690,20250130,ST004,PRD015,1093,43,41,37,1140,0,0,False
INV00006691,20250131,ST004,PRD015,1140,33,33,34,1172,0,0,False
INV00006692,20250201,ST004,PRD015,1172,36,42,34,1216,0,0,False
INV00006693,20250202,ST004,PRD015,1216,28,42,49,1237,0,0,False
INV00006694,20250203,ST004,PRD015,1237,27,51,45,1270,0,0,False
INV00006695,20250204,ST004,PRD015,1270,18,36,29,1295,0,0,False
INV00006696,20250205,ST004,PRD015,1295,29,24,27,1321,0,0,False
INV00006697,20250206,ST004,PRD015,1321,36,35,36,1356,0,0,False
INV00006698,20250207,ST004,PRD015,1356,16,33,26,1379,0,0,False
INV00006699,20250208,ST004,PRD015,1379,29,47,56,1399,0,0,False
INV00006700,20250209,ST004,PRD015,1399,49,69,58,1459,0,0,False
INV00006701,20250210,ST004,PRD015,1459,22,43,36,1488,0,0,False
INV00006702,20250211,ST004,PRD015,1488,15,20,22,1501,0,0,False
INV00006703,20250212,ST004,PRD015,1501,28,29,26,1532,0,0,False
INV00006704,20250213,ST004,PRD015,1532,40,40,36,1576,0,0,False
INV00006705,20250214,ST004,PRD015,1576,35,39,40,1610,0,0,False
INV00006706,20250215,ST004,PRD015,1610,25,42,45,1632,0,0,False
INV00006707,20250216,ST004,PRD015,1632,53,45,51,1679,0,0,False
INV00006708,20250217,ST004,PRD015,1679,16,28,27,1696,0,0,False
INV00006709,20250218,ST004,PRD015,1696,18,25,23,1716,0,0,False
INV00006710,20250219,ST004,PRD015,1716,16,31,28,1735,0,0,False
INV00006711,20250220,ST004,PRD015,1735,54,57,48,1798,0,0,False
INV00006712,20250221,ST004,PRD015,1798,35,41,34,1840,0,0,False
INV00006713,20250222,ST004,PRD015,1840,30,45,37,1878,0,0,False
INV00006714,20250223,ST004,PRD015,1878,34,45,41,1916,0,0,False
INV00006715,20250224,ST004,PRD015,1916,16,44,32,1944,0,0,False
INV00006716,20250225,ST004,PRD015,1944,31,36,38,1973,0,0,False
INV00006717,20250226,ST004,PRD015,1973,20,26,30,1989,0,0,False
INV00006718,20250227,ST004,PRD015,1989,16,25,23,2007,0,0,False
INV00006719,20250228,ST004,PRD015,2007,33,32,31,2041,0,0,False
INV00006720,20250301,ST004,PRD015,2041,48,66,62,2093,0,0,False
INV00006721,20250302,ST004,PRD015,2093,37,46,50,2126,0,0,False
INV00006722,20250303,ST004,PRD015,2126,21,36,36,2147,0,0,False
INV00006723,20250304,ST004,PRD015,2147,39,38,36,2188,0,0,False
INV00006724,20250305,ST004,PRD015,2188,39,60,48,2239,0,0,False
INV00006725,20250306,ST004,PRD015,2239,16,22,20,2257,0,0,False
INV00006726,20250307,ST004,PRD015,2257,25,34,29,2287,0,0,False
INV00006727,20250308,ST004,PRD015,2287,50,62,55,2344,0,0,False
INV00006728,20250309,ST004,PRD015,2344,31,37,31,2381,0,0,False
INV00006729,20250310,ST004,PRD015,2381,38,33,32,2420,0,0,False
INV00006730,20250311,ST004,PRD015,2420,20,44,38,2446,0,0,False
INV00006731,20250312,ST004,PRD015,2446,30,40,38,2478,0,0,False
INV00006732,20250313,ST004,PRD015,2478,21,22,25,2496,0,0,False
INV00006733,20250314,ST004,PRD015,2496,46,39,46,2535,0,0,False
INV00006734,20250315,ST004,PRD015,2535,32,29,28,2568,0,0,False
INV00006735,20250316,ST004,PRD015,2568,40,41,35,2614,0,0,False
INV00006736,20250317,ST004,PRD015,2614,45,40,41,2658,0,0,False
INV00006737,20250318,ST004,PRD015,2658,24,36,36,2682,0,0,False
INV00006738,20250319,ST004,PRD015,2682,11,27,21,2699,0,0,False
INV00006739,20250320,ST004,PRD015,2699,20,42,39,2722,0,0,False
INV00006740,20250321,ST004,PRD015,2722,29,32,32,2751,0,0,False
INV00006741,20250322,ST004,PRD015,2751,25,36,28,2784,0,0,False
INV00006742,20250323,ST004,PRD015,2784,27,45,39,2817,0,0,False
INV00006743,20250324,ST004,PRD015,2817,52,61,55,2875,0,0,False
INV00006744,20250325,ST004,PRD015,2875,26,27,23,2905,0,0,False
INV00006745,20250326,ST004,PRD015,2905,11,23,19,2920,0,0,False
INV00006746,20250327,ST004,PRD015,2920,42,54,45,2971,0,0,False
INV00006747,20250328,ST004,PRD015,2971,21,22,22,2992,0,0,False
INV00006748,20250329,ST004,PRD015,2992,16,23,20,3011,0,0,False
INV00006749,20250330,ST004,PRD015,3011,23,29,28,3035,0,0,False
INV00006750,20250331,ST004,PRD015,3035,31,56,50,3072,0,0,False
INV00006751,20250101,ST004,PRD016,16,10,16,12,30,0,0,False
INV00006752,20250102,ST004,PRD016,30,12,20,15,47,0,0,False
INV00006753,20250103,ST004,PRD016,47,12,17,14,62,0,0,False
INV00006754,20250104,ST004,PRD016,62,18,22,20,82,0,0,False
INV00006755,20250105,ST004,PRD016,82,16,20,16,102,0,0,False
INV00006756,20250106,ST004,PRD016,102,19,17,17,121,0,0,False
INV00006757,20250107,ST004,PRD016,121,23,22,21,145,0,0,False
INV00006758,20250108,ST004,PRD016,145,19,23,19,168,0,0,False
INV00006759,20250109,ST004,PRD016,168,18,23,22,187,0,0,False
INV00006760,20250110,ST004,PRD016,187,13,13,12,201,0,0,False
INV00006761,20250111,ST004,PRD016,201,20,21,20,222,0,0,False
INV00006762,20250112,ST004,PRD016,222,21,27,27,243,0,0,False
INV00006763,20250113,ST004,PRD016,243,15,23,19,262,0,0,False
INV00006764,20250114,ST004,PRD016,262,14,11,12,275,0,0,False
INV00006765,20250115,ST004,PRD016,275,14,15,15,289,0,0,False
INV00006766,20250116,ST004,PRD016,289,13,21,17,306,0,0,False
INV00006767,20250117,ST004,PRD016,306,11,14,13,318,0,0,False
INV00006768,20250118,ST004,PRD016,318,25,22,21,344,0,0,False
INV00006769,20250119,ST004,PRD016,344,8,15,13,354,0,0,False
INV00006770,20250120,ST004,PRD016,354,8,12,13,361,0,0,False
INV00006771,20250121,ST004,PRD016,361,16,21,16,382,0,0,False
INV00006772,20250122,ST004,PRD016,382,19,31,34,398,0,0,False
INV00006773,20250123,ST004,PRD016,398,13,20,15,416,0,0,False
INV00006774,20250124,ST004,PRD016,416,15,21,24,428,0,0,False
INV00006775,20250125,ST004,PRD016,428,14,19,23,438,0,0,False
INV00006776,20250126,ST004,PRD016,438,18,26,21,461,0,0,False
INV00006777,20250127,ST004,PRD016,461,21,24,20,486,0,0,False
INV00006778,20250128,ST004,PRD016,486,34,34,29,525,0,0,False
INV00006779,20250129,ST004,PRD016,525,13,14,15,537,0,0,False
INV00006780,20250130,ST004,PRD016,537,15,24,22,554,0,0,False
INV00006781,20250131,ST004,PRD016,554,15,20,17,572,0,0,False
INV00006782,20250201,ST004,PRD016,572,20,17,17,592,0,0,False
INV00006783,20250202,ST004,PRD016,592,12,18,16,606,0,0,False
INV00006784,20250203,ST004,PRD016,606,13,17,19,617,0,0,False
INV00006785,20250204,ST004,PRD016,617,19,22,19,639,0,0,False
INV00006786,20250205,ST004,PRD016,639,9,14,14,648,0,0,False
INV00006787,20250206,ST004,PRD016,648,15,13,14,662,0,0,False
INV00006788,20250207,ST004,PRD016,662,18,21,21,680,0,0,False
INV00006789,20250208,ST004,PRD016,680,24,29,23,710,0,0,False
INV00006790,20250209,ST004,PRD016,710,11,17,15,723,0,0,False
INV00006791,20250210,ST004,PRD016,723,14,27,25,739,0,0,False
INV00006792,20250211,ST004,PRD016,739,17,31,26,761,0,0,False
INV00006793,20250212,ST004,PRD016,761,28,31,31,789,0,0,False
INV00006794,20250213,ST004,PRD016,789,18,23,22,808,0,0,False
INV00006795,20250214,ST004,PRD016,808,19,18,16,829,0,0,False
INV00006796,20250215,ST004,PRD016,829,19,20,18,850,0,0,False
INV00006797,20250216,ST004,PRD016,850,43,40,41,892,0,0,False
INV00006798,20250217,ST004,PRD016,892,15,16,14,909,0,0,False
INV00006799,20250218,ST004,PRD016,909,21,29,24,935,0,0,False
INV00006800,20250219,ST004,PRD016,935,27,27,24,965,0,0,False
INV00006801,20250220,ST004,PRD016,965,25,21,23,988,0,0,False
INV00006802,20250221,ST004,PRD016,988,23,20,21,1010,0,0,False
INV00006803,20250222,ST004,PRD016,1010,16,16,17,1025,0,0,False
INV00006804,20250223,ST004,PRD016,1025,13,27,22,1043,0,0,False
INV00006805,20250224,ST004,PRD016,1043,7,14,14,1050,0,0,False
INV00006806,20250225,ST004,PRD016,1050,34,30,29,1085,0,0,False
INV00006807,20250226,ST004,PRD016,1085,30,28,28,1115,0,0,False
INV00006808,20250227,ST004,PRD016,1115,20,15,17,1133,0,0,False
INV00006809,20250228,ST004,PRD016,1133,28,25,27,1159,0,0,False
INV00006810,20250301,ST004,PRD016,1159,32,34,27,1198,0,0,False
INV00006811,20250302,ST004,PRD016,1198,37,38,35,1238,0,0,False
INV00006812,20250303,ST004,PRD016,1238,14,17,15,1254,0,0,False
INV00006813,20250304,ST004,PRD016,1254,20,19,18,1275,0,0,False
INV00006814,20250305,ST004,PRD016,1275,11,21,19,1288,0,0,False
INV00006815,20250306,ST004,PRD016,1288,25,24,28,1309,0,0,False
INV00006816,20250307,ST004,PRD016,1309,13,16,15,1323,0,0,False
INV00006817,20250308,ST004,PRD016,1323,11,21,18,1337,0,0,False
INV00006818,20250309,ST004,PRD016,1337,14,22,24,1349,0,0,False
INV00006819,20250310,ST004,PRD016,1349,15,27,24,1367,0,0,False
INV00006820,20250311,ST004,PRD016,1367,7,11,9,1376,0,0,False
INV00006821,20250312,ST004,PRD016,1376,15,13,15,1389,0,0,False
INV00006822,20250313,ST004,PRD016,1389,19,18,19,1407,0,0,False
INV00006823,20250314,ST004,PRD016,1407,17,19,16,1427,0,0,False
INV00006824,20250315,ST004,PRD016,1427,23,27,27,1450,0,0,False
INV00006825,20250316,ST004,PRD016,1450,27,25,24,1478,0,0,False
INV00006826,20250317,ST004,PRD016,1478,6,11,10,1485,0,0,False
INV00006827,20250318,ST004,PRD016,1485,10,13,13,1495,0,0,False
INV00006828,20250319,ST004,PRD016,1495,10,8,9,1504,0,0,False
INV00006829,20250320,ST004,PRD016,1504,20,29,34,1519,0,0,False
INV00006830,20250321,ST004,PRD016,1519,15,24,23,1535,0,0,False
INV00006831,20250322,ST004,PRD016,1535,22,20,19,1558,0,0,False
INV00006832,20250323,ST004,PRD016,1558,16,15,15,1574,0,0,False
INV00006833,20250324,ST004,PRD016,1574,15,37,29,1597,0,0,False
INV00006834,20250325,ST004,PRD016,1597,29,25,27,1624,0,0,False
INV00006835,20250326,ST004,PRD016,1624,21,29,25,1649,0,0,False
INV00006836,20250327,ST004,PRD016,1649,11,21,16,1665,0,0,False
INV00006837,20250328,ST004,PRD016,1665,14,20,22,1677,0,0,False
INV00006838,20250329,ST004,PRD016,1677,19,25,28,1693,0,0,False
INV00006839,20250330,ST004,PRD016,1693,22,26,22,1719,0,0,False
INV00006840,20250331,ST004,PRD016,1719,10,16,13,1732,0,0,False
INV00006841,20250101,ST004,PRD017,30,28,31,29,60,0,0,False
INV00006842,20250102,ST004,PRD017,60,5,10,8,67,0,0,False
INV00006843,20250103,ST004,PRD017,67,12,12,12,79,0,0,False
INV00006844,20250104,ST004,PRD017,79,10,13,13,89,0,0,False
INV00006845,20250105,ST004,PRD017,89,17,34,26,114,0,0,False
INV00006846,20250106,ST004,PRD017,114,31,32,29,148,0,0,False
INV00006847,20250107,ST004,PRD017,148,25,43,32,184,0,0,False
INV00006848,20250108,ST004,PRD017,184,9,10,11,192,0,0,False
INV00006849,20250109,ST004,PRD017,192,17,22,21,210,0,0,False
INV00006850,20250110,ST004,PRD017,210,24,26,22,238,0,0,False
INV00006851,20250111,ST004,PRD017,238,24,19,23,258,0,0,False
INV00006852,20250112,ST004,PRD017,258,11,16,15,270,0,0,False
INV00006853,20250113,ST004,PRD017,270,18,38,34,292,0,0,False
INV00006854,20250114,ST004,PRD017,292,16,35,27,316,0,0,False
INV00006855,20250115,ST004,PRD017,316,7,17,14,326,0,0,False
INV00006856,20250116,ST004,PRD017,326,37,41,35,369,0,0,False
INV00006857,20250117,ST004,PRD017,369,21,18,18,390,0,0,False
INV00006858,20250118,ST004,PRD017,390,6,12,10,398,0,0,False
INV00006859,20250119,ST004,PRD017,398,12,18,16,412,0,0,False
INV00006860,20250120,ST004,PRD017,412,15,14,13,428,0,0,False
INV00006861,20250121,ST004,PRD017,428,18,28,30,444,0,0,False
INV00006862,20250122,ST004,PRD017,444,9,20,17,456,0,0,False
INV00006863,20250123,ST004,PRD017,456,17,15,16,472,0,0,False
INV00006864,20250124,ST004,PRD017,472,26,29,27,500,0,0,False
INV00006865,20250125,ST004,PRD017,500,36,40,38,538,0,0,False
INV00006866,20250126,ST004,PRD017,538,25,26,22,567,0,0,False
INV00006867,20250127,ST004,PRD017,567,12,21,23,577,0,0,False
INV00006868,20250128,ST004,PRD017,577,19,24,20,600,0,0,False
INV00006869,20250129,ST004,PRD017,600,22,21,22,621,0,0,False
INV00006870,20250130,ST004,PRD017,621,28,30,29,650,0,0,False
INV00006871,20250131,ST004,PRD017,650,22,32,26,678,0,0,False
INV00006872,20250201,ST004,PRD017,678,11,20,16,693,0,0,False
INV00006873,20250202,ST004,PRD017,693,9,12,12,702,0,0,False
INV00006874,20250203,ST004,PRD017,702,15,13,15,715,0,0,False
INV00006875,20250204,ST004,PRD017,715,12,12,13,726,0,0,False
INV00006876,20250205,ST004,PRD017,726,10,14,14,736,0,0,False
INV00006877,20250206,ST004,PRD017,736,22,22,22,758,0,0,False
INV00006878,20250207,ST004,PRD017,758,24,29,21,790,0,0,False
INV00006879,20250208,ST004,PRD017,790,15,35,29,811,0,0,False
INV00006880,20250209,ST004,PRD017,811,26,46,38,845,0,0,False
INV00006881,20250210,ST004,PRD017,845,14,16,16,859,0,0,False
INV00006882,20250211,ST004,PRD017,859,26,25,23,887,0,0,False
INV00006883,20250212,ST004,PRD017,887,25,27,25,914,0,0,False
INV00006884,20250213,ST004,PRD017,914,18,20,22,930,0,0,False
INV00006885,20250214,ST004,PRD017,930,8,14,12,940,0,0,False
INV00006886,20250215,ST004,PRD017,940,19,28,21,966,0,0,False
INV00006887,20250216,ST004,PRD017,966,36,29,34,997,0,0,False
INV00006888,20250217,ST004,PRD017,997,20,27,21,1023,0,0,False
INV00006889,20250218,ST004,PRD017,1023,14,13,14,1036,0,0,False
INV00006890,20250219,ST004,PRD017,1036,19,18,17,1056,0,0,False
INV00006891,20250220,ST004,PRD017,1056,28,32,27,1089,0,0,False
INV00006892,20250221,ST004,PRD017,1089,16,24,20,1109,0,0,False
INV00006893,20250222,ST004,PRD017,1109,11,15,17,1118,0,0,False
INV00006894,20250223,ST004,PRD017,1118,23,35,32,1144,0,0,False
INV00006895,20250224,ST004,PRD017,1144,8,17,16,1153,0,0,False
INV00006896,20250225,ST004,PRD017,1153,15,26,21,1173,0,0,False
INV00006897,20250226,ST004,PRD017,1173,21,21,21,1194,0,0,False
INV00006898,20250227,ST004,PRD017,1194,23,26,23,1220,0,0,False
INV00006899,20250228,ST004,PRD017,1220,12,23,20,1235,0,0,False
INV00006900,20250301,ST004,PRD017,1235,38,39,32,1280,0,0,False
INV00006901,20250302,ST004,PRD017,1280,15,26,22,1299,0,0,False
INV00006902,20250303,ST004,PRD017,1299,9,16,16,1308,0,0,False
INV00006903,20250304,ST004,PRD017,1308,12,13,14,1319,0,0,False
INV00006904,20250305,ST004,PRD017,1319,26,37,30,1352,0,0,False
INV00006905,20250306,ST004,PRD017,1352,23,25,22,1378,0,0,False
INV00006906,20250307,ST004,PRD017,1378,12,21,20,1391,0,0,False
INV00006907,20250308,ST004,PRD017,1391,11,21,21,1402,0,0,False
INV00006908,20250309,ST004,PRD017,1402,18,21,17,1424,0,0,False
INV00006909,20250310,ST004,PRD017,1424,11,13,12,1436,0,0,False
INV00006910,20250311,ST004,PRD017,1436,15,22,22,1451,0,0,False
INV00006911,20250312,ST004,PRD017,1451,20,22,19,1474,0,0,False
INV00006912,20250313,ST004,PRD017,1474,16,16,16,1490,0,0,False
INV00006913,20250314,ST004,PRD017,1490,15,17,13,1509,0,0,False
INV00006914,20250315,ST004,PRD017,1509,8,16,13,1520,0,0,False
INV00006915,20250316,ST004,PRD017,1520,16,38,30,1544,0,0,False
INV00006916,20250317,ST004,PRD017,1544,16,26,21,1565,0,0,False
INV00006917,20250318,ST004,PRD017,1565,16,20,17,1584,0,0,False
INV00006918,20250319,ST004,PRD017,1584,13,18,18,1597,0,0,False
INV00006919,20250320,ST004,PRD017,1597,9,18,17,1607,0,0,False
INV00006920,20250321,ST004,PRD017,1607,24,21,25,1627,0,0,False
INV00006921,20250322,ST004,PRD017,1627,15,24,25,1641,0,0,False
INV00006922,20250323,ST004,PRD017,1641,23,32,32,1664,0,0,False
INV00006923,20250324,ST004,PRD017,1664,22,27,22,1691,0,0,False
INV00006924,20250325,ST004,PRD017,1691,16,25,20,1712,0,0,False
INV00006925,20250326,ST004,PRD017,1712,21,15,18,1730,0,0,False
INV00006926,20250327,ST004,PRD017,1730,27,23,25,1755,0,0,False
INV00006927,20250328,ST004,PRD017,1755,19,15,16,1773,0,0,False
INV00006928,20250329,ST004,PRD017,1773,27,30,30,1800,0,0,False
INV00006929,20250330,ST004,PRD017,1800,29,29,26,1832,0,0,False
INV00006930,20250331,ST004,PRD017,1832,12,14,13,1845,0,0,False
INV00006931,20250101,ST004,PRD018,27,32,26,29,56,0,0,False
INV00006932,20250102,ST004,PRD018,56,8,15,12,67,0,0,False
INV00006933,20250103,ST004,PRD018,67,13,24,19,85,0,0,False
INV00006934,20250104,ST004,PRD018,85,38,51,39,135,0,0,False
INV00006935,20250105,ST004,PRD018,135,27,27,25,164,0,0,False
INV00006936,20250106,ST004,PRD018,164,14,18,16,180,0,0,False
INV00006937,20250107,ST004,PRD018,180,10,19,17,192,0,0,False
INV00006938,20250108,ST004,PRD018,192,16,20,21,207,0,0,False
INV00006939,20250109,ST004,PRD018,207,19,18,19,225,0,0,False
INV00006940,20250110,ST004,PRD018,225,17,33,30,245,0,0,False
INV00006941,20250111,ST004,PRD018,245,20,22,23,264,0,0,False
INV00006942,20250112,ST004,PRD018,264,25,42,39,292,0,0,False
INV00006943,20250113,ST004,PRD018,292,32,34,31,327,0,0,False
INV00006944,20250114,ST004,PRD018,327,19,27,23,350,0,0,False
INV00006945,20250115,ST004,PRD018,350,18,34,30,372,0,0,False
INV00006946,20250116,ST004,PRD018,372,32,43,40,407,0,0,False
INV00006947,20250117,ST004,PRD018,407,19,33,24,435,0,0,False
INV00006948,20250118,ST004,PRD018,435,12,23,21,449,0,0,False
INV00006949,20250119,ST004,PRD018,449,26,33,32,476,0,0,False
INV00006950,20250120,ST004,PRD018,476,15,23,25,489,0,0,False
INV00006951,20250121,ST004,PRD018,489,12,17,19,499,0,0,False
INV00006952,20250122,ST004,PRD018,499,19,33,34,517,0,0,False
INV00006953,20250123,ST004,PRD018,517,21,23,22,539,0,0,False
INV00006954,20250124,ST004,PRD018,539,13,16,16,552,0,0,False
INV00006955,20250125,ST004,PRD018,552,36,50,40,598,0,0,False
INV00006956,20250126,ST004,PRD018,598,29,37,28,636,0,0,False
INV00006957,20250127,ST004,PRD018,636,27,28,24,667,0,0,False
INV00006958,20250128,ST004,PRD018,667,21,19,23,684,0,0,False
INV00006959,20250129,ST004,PRD018,684,15,16,16,699,0,0,False
INV00006960,20250130,ST004,PRD018,699,24,24,20,727,0,0,False
INV00006961,20250131,ST004,PRD018,727,16,19,16,746,0,0,False
INV00006962,20250201,ST004,PRD018,746,31,25,27,775,0,0,False
INV00006963,20250202,ST004,PRD018,775,20,26,20,801,0,0,False
INV00006964,20250203,ST004,PRD018,801,17,21,22,817,0,0,False
INV00006965,20250204,ST004,PRD018,817,14,20,23,828,0,0,False
INV00006966,20250205,ST004,PRD018,828,20,28,23,853,0,0,False
INV00006967,20250206,ST004,PRD018,853,21,27,25,876,0,0,False
INV00006968,20250207,ST004,PRD018,876,13,19,16,892,0,0,False
INV00006969,20250208,ST004,PRD018,892,33,25,28,922,0,0,False
INV00006970,20250209,ST004,PRD018,922,30,43,35,960,0,0,False
INV00006971,20250210,ST004,PRD018,960,22,25,25,982,0,0,False
INV00006972,20250211,ST004,PRD018,982,16,16,16,998,0,0,False
INV00006973,20250212,ST004,PRD018,998,17,24,21,1018,0,0,False
INV00006974,20250213,ST004,PRD018,1018,9,19,18,1028,0,0,False
INV00006975,20250214,ST004,PRD018,1028,21,36,35,1050,0,0,False
INV00006976,20250215,ST004,PRD018,1050,23,32,26,1079,0,0,False
INV00006977,20250216,ST004,PRD018,1079,42,35,37,1119,0,0,False
INV00006978,20250217,ST004,PRD018,1119,14,25,24,1134,0,0,False
INV00006979,20250218,ST004,PRD018,1134,20,20,18,1156,0,0,False
INV00006980,20250219,ST004,PRD018,1156,20,35,34,1177,0,0,False
INV00006981,20250220,ST004,PRD018,1177,24,30,31,1200,0,0,False
INV00006982,20250221,ST004,PRD018,1200,11,17,15,1213,0,0,False
INV00006983,20250222,ST004,PRD018,1213,27,29,31,1238,0,0,False
INV00006984,20250223,ST004,PRD018,1238,8,13,14,1245,0,0,False
INV00006985,20250224,ST004,PRD018,1245,15,23,21,1262,0,0,False
INV00006986,20250225,ST004,PRD018,1262,22,32,29,1287,0,0,False
INV00006987,20250226,ST004,PRD018,1287,22,40,31,1318,0,0,False
INV00006988,20250227,ST004,PRD018,1318,13,29,25,1335,0,0,False
INV00006989,20250228,ST004,PRD018,1335,16,27,26,1352,0,0,False
INV00006990,20250301,ST004,PRD018,1352,46,40,44,1394,0,0,False
INV00006991,20250302,ST004,PRD018,1394,14,20,18,1410,0,0,False
INV00006992,20250303,ST004,PRD018,1410,31,35,27,1449,0,0,False
INV00006993,20250304,ST004,PRD018,1449,14,22,19,1466,0,0,False
INV00006994,20250305,ST004,PRD018,1466,10,16,15,1477,0,0,False
INV00006995,20250306,ST004,PRD018,1477,13,24,21,1493,0,0,False
INV00006996,20250307,ST004,PRD018,1493,24,26,24,1519,0,0,False
INV00006997,20250308,ST004,PRD018,1519,18,34,36,1535,0,0,False
INV00006998,20250309,ST004,PRD018,1535,36,41,41,1571,0,0,False
INV00006999,20250310,ST004,PRD018,1571,13,25,23,1586,0,0,False
INV00007000,20250311,ST004,PRD018,1586,14,23,26,1597,0,0,False
INV00007001,20250312,ST004,PRD018,1597,13,15,15,1610,0,0,False
INV00007002,20250313,ST004,PRD018,1610,11,18,16,1623,0,0,False
INV00007003,20250314,ST004,PRD018,1623,16,20,19,1640,0,0,False
INV00007004,20250315,ST004,PRD018,1640,20,34,27,1667,0,0,False
INV00007005,20250316,ST004,PRD018,1667,26,41,34,1700,0,0,False
INV00007006,20250317,ST004,PRD018,1700,31,31,29,1733,0,0,False
INV00007007,20250318,ST004,PRD018,1733,23,20,21,1755,0,0,False
INV00007008,20250319,ST004,PRD018,1755,8,16,14,1765,0,0,False
INV00007009,20250320,ST004,PRD018,1765,18,32,30,1785,0,0,False
INV00007010,20250321,ST004,PRD018,1785,23,20,24,1804,0,0,False
INV00007011,20250322,ST004,PRD018,1804,45,56,44,1861,0,0,False
INV00007012,20250323,ST004,PRD018,1861,25,29,26,1889,0,0,False
INV00007013,20250324,ST004,PRD018,1889,7,12,12,1896,0,0,False
INV00007014,20250325,ST004,PRD018,1896,21,21,21,1917,0,0,False
INV00007015,20250326,ST004,PRD018,1917,9,15,16,1925,0,0,False
INV00007016,20250327,ST004,PRD018,1925,18,19,19,1943,0,0,False
INV00007017,20250328,ST004,PRD018,1943,12,13,13,1955,0,0,False
INV00007018,20250329,ST004,PRD018,1955,22,33,28,1982,0,0,False
INV00007019,20250330,ST004,PRD018,1982,26,24,23,2009,0,0,False
INV00007020,20250331,ST004,PRD018,2009,13,20,18,2024,0,0,False
INV00007021,20250101,ST004,PRD019,11,21,19,18,33,0,0,False
INV00007022,20250102,ST004,PRD019,33,17,19,15,54,0,0,False
INV00007023,20250103,ST004,PRD019,54,33,33,33,87,0,0,False
INV00007024,20250104,ST004,PRD019,87,30,34,32,119,0,0,False
INV00007025,20250105,ST004,PRD019,119,27,22,24,144,0,0,False
INV00007026,20250106,ST004,PRD019,144,25,26,25,170,0,0,False
INV00007027,20250107,ST004,PRD019,170,15,17,17,185,0,0,False
INV00007028,20250108,ST004,PRD019,185,30,25,28,212,0,0,False
INV00007029,20250109,ST004,PRD019,212,19,19,19,231,0,0,False
INV00007030,20250110,ST004,PRD019,231,32,34,36,261,0,0,False
INV00007031,20250111,ST004,PRD019,261,10,18,17,272,0,0,False
INV00007032,20250112,ST004,PRD019,272,14,16,16,286,0,0,False
INV00007033,20250113,ST004,PRD019,286,16,23,25,300,0,0,False
INV00007034,20250114,ST004,PRD019,300,18,23,19,322,0,0,False
INV00007035,20250115,ST004,PRD019,322,16,20,18,340,0,0,False
INV00007036,20250116,ST004,PRD019,340,14,25,27,352,0,0,False
INV00007037,20250117,ST004,PRD019,352,23,26,26,375,0,0,False
INV00007038,20250118,ST004,PRD019,375,25,43,40,403,0,0,False
INV00007039,20250119,ST004,PRD019,403,20,20,24,419,0,0,False
INV00007040,20250120,ST004,PRD019,419,29,25,26,447,0,0,False
INV00007041,20250121,ST004,PRD019,447,13,27,22,465,0,0,False
INV00007042,20250122,ST004,PRD019,465,42,48,36,519,0,0,False
INV00007043,20250123,ST004,PRD019,519,21,35,33,542,0,0,False
INV00007044,20250124,ST004,PRD019,542,14,27,27,556,0,0,False
INV00007045,20250125,ST004,PRD019,556,25,28,24,585,0,0,False
INV00007046,20250126,ST004,PRD019,585,13,20,20,598,0,0,False
INV00007047,20250127,ST004,PRD019,598,20,18,20,616,0,0,False
INV00007048,20250128,ST004,PRD019,616,41,42,37,662,0,0,False
INV00007049,20250129,ST004,PRD019,662,21,33,26,690,0,0,False
INV00007050,20250130,ST004,PRD019,690,33,27,31,719,0,0,False
INV00007051,20250131,ST004,PRD019,719,15,15,16,733,0,0,False
INV00007052,20250201,ST004,PRD019,733,20,23,25,751,0,0,False
INV00007053,20250202,ST004,PRD019,751,16,34,31,770,0,0,False
INV00007054,20250203,ST004,PRD019,770,33,35,30,808,0,0,False
INV00007055,20250204,ST004,PRD019,808,9,22,18,821,0,0,False
INV00007056,20250205,ST004,PRD019,821,19,32,24,848,0,0,False
INV00007057,20250206,ST004,PRD019,848,11,15,14,860,0,0,False
INV00007058,20250207,ST004,PRD019,860,31,32,28,895,0,0,False
INV00007059,20250208,ST004,PRD019,895,9,14,13,905,0,0,False
INV00007060,20250209,ST004,PRD019,905,13,23,19,922,0,0,False
INV00007061,20250210,ST004,PRD019,922,9,19,15,935,0,0,False
INV00007062,20250211,ST004,PRD019,935,17,29,29,952,0,0,False
INV00007063,20250212,ST004,PRD019,952,17,28,28,969,0,0,False
INV00007064,20250213,ST004,PRD019,969,20,29,34,984,0,0,False
INV00007065,20250214,ST004,PRD019,984,10,18,15,997,0,0,False
INV00007066,20250215,ST004,PRD019,997,11,19,20,1007,0,0,False
INV00007067,20250216,ST004,PRD019,1007,24,43,34,1040,0,0,False
INV00007068,20250217,ST004,PRD019,1040,29,32,37,1064,0,0,False
INV00007069,20250218,ST004,PRD019,1064,12,22,19,1079,0,0,False
INV00007070,20250219,ST004,PRD019,1079,22,21,24,1098,0,0,False
INV00007071,20250220,ST004,PRD019,1098,23,32,32,1121,0,0,False
INV00007072,20250221,ST004,PRD019,1121,9,18,18,1130,0,0,False
INV00007073,20250222,ST004,PRD019,1130,24,53,45,1162,0,0,False
INV00007074,20250223,ST004,PRD019,1162,29,38,37,1192,0,0,False
INV00007075,20250224,ST004,PRD019,1192,23,40,32,1223,0,0,False
INV00007076,20250225,ST004,PRD019,1223,12,16,15,1236,0,0,False
INV00007077,20250226,ST004,PRD019,1236,16,23,22,1253,0,0,False
INV00007078,20250227,ST004,PRD019,1253,30,35,39,1279,0,0,False
INV00007079,20250228,ST004,PRD019,1279,31,30,29,1311,0,0,False
INV00007080,20250301,ST004,PRD019,1311,24,53,41,1347,0,0,False
INV00007081,20250302,ST004,PRD019,1347,29,39,45,1370,0,0,False
INV00007082,20250303,ST004,PRD019,1370,26,33,25,1404,0,0,False
INV00007083,20250304,ST004,PRD019,1404,30,33,33,1434,0,0,False
INV00007084,20250305,ST004,PRD019,1434,16,17,19,1448,0,0,False
INV00007085,20250306,ST004,PRD019,1448,16,17,16,1465,0,0,False
INV00007086,20250307,ST004,PRD019,1465,20,29,26,1488,0,0,False
INV00007087,20250308,ST004,PRD019,1488,15,23,25,1501,0,0,False
INV00007088,20250309,ST004,PRD019,1501,27,57,49,1536,0,0,False
INV00007089,20250310,ST004,PRD019,1536,35,55,42,1584,0,0,False
INV00007090,20250311,ST004,PRD019,1584,20,23,25,1602,0,0,False
INV00007091,20250312,ST004,PRD019,1602,23,33,27,1631,0,0,False
INV00007092,20250313,ST004,PRD019,1631,14,16,18,1643,0,0,False
INV00007093,20250314,ST004,PRD019,1643,15,28,23,1663,0,0,False
INV00007094,20250315,ST004,PRD019,1663,19,19,17,1684,0,0,False
INV00007095,20250316,ST004,PRD019,1684,23,39,33,1713,0,0,False
INV00007096,20250317,ST004,PRD019,1713,38,40,32,1759,0,0,False
INV00007097,20250318,ST004,PRD019,1759,28,30,29,1788,0,0,False
INV00007098,20250319,ST004,PRD019,1788,22,31,32,1809,0,0,False
INV00007099,20250320,ST004,PRD019,1809,15,20,17,1827,0,0,False
INV00007100,20250321,ST004,PRD019,1827,31,37,30,1865,0,0,False
INV00007101,20250322,ST004,PRD019,1865,16,27,22,1886,0,0,False
INV00007102,20250323,ST004,PRD019,1886,24,29,30,1909,0,0,False
INV00007103,20250324,ST004,PRD019,1909,12,22,22,1921,0,0,False
INV00007104,20250325,ST004,PRD019,1921,18,23,19,1943,0,0,False
INV00007105,20250326,ST004,PRD019,1943,17,31,26,1965,0,0,False
INV00007106,20250327,ST004,PRD019,1965,26,23,22,1992,0,0,False
INV00007107,20250328,ST004,PRD019,1992,19,30,25,2016,0,0,False
INV00007108,20250329,ST004,PRD019,2016,33,24,28,2045,0,0,False
INV00007109,20250330,ST004,PRD019,2045,30,32,29,2078,0,0,False
INV00007110,20250331,ST004,PRD019,2078,19,28,22,2103,0,0,False
INV00007111,20250101,ST004,PRD020,23,19,15,16,41,0,0,False
INV00007112,20250102,ST004,PRD020,41,26,26,29,64,0,0,False
INV00007113,20250103,ST004,PRD020,64,21,45,39,91,0,0,False
INV00007114,20250104,ST004,PRD020,91,16,14,15,106,0,0,False
INV00007115,20250105,ST004,PRD020,106,38,35,32,147,0,0,False
INV00007116,20250106,ST004,PRD020,147,16,19,17,165,0,0,False
INV00007117,20250107,ST004,PRD020,165,17,23,18,187,0,0,False
INV00007118,20250108,ST004,PRD020,187,14,25,23,203,0,0,False
INV00007119,20250109,ST004,PRD020,203,17,38,31,227,0,0,False
INV00007120,20250110,ST004,PRD020,227,38,37,33,269,0,0,False
INV00007121,20250111,ST004,PRD020,269,14,24,20,287,0,0,False
INV00007122,20250112,ST004,PRD020,287,9,15,14,297,0,0,False
INV00007123,20250113,ST004,PRD020,297,14,15,14,312,0,0,False
INV00007124,20250114,ST004,PRD020,312,30,28,25,345,0,0,False
INV00007125,20250115,ST004,PRD020,345,44,41,40,390,0,0,False
INV00007126,20250116,ST004,PRD020,390,15,29,23,411,0,0,False
INV00007127,20250117,ST004,PRD020,411,23,23,21,436,0,0,False
INV00007128,20250118,ST004,PRD020,436,20,32,29,459,0,0,False
INV00007129,20250119,ST004,PRD020,459,30,59,49,499,0,0,False
INV00007130,20250120,ST004,PRD020,499,21,22,24,518,0,0,False
INV00007131,20250121,ST004,PRD020,518,8,14,15,525,0,0,False
INV00007132,20250122,ST004,PRD020,525,23,40,40,548,0,0,False
INV00007133,20250123,ST004,PRD020,548,20,21,20,569,0,0,False
INV00007134,20250124,ST004,PRD020,569,36,35,33,607,0,0,False
INV00007135,20250125,ST004,PRD020,607,18,21,18,628,0,0,False
INV00007136,20250126,ST004,PRD020,628,23,24,19,656,0,0,False
INV00007137,20250127,ST004,PRD020,656,45,42,40,703,0,0,False
INV00007138,20250128,ST004,PRD020,703,25,45,39,734,0,0,False
INV00007139,20250129,ST004,PRD020,734,18,27,21,758,0,0,False
INV00007140,20250130,ST004,PRD020,758,36,35,34,795,0,0,False
INV00007141,20250131,ST004,PRD020,795,32,33,29,831,0,0,False
INV00007142,20250201,ST004,PRD020,831,37,41,32,877,0,0,False
INV00007143,20250202,ST004,PRD020,877,32,39,34,914,0,0,False
INV00007144,20250203,ST004,PRD020,914,26,25,22,943,0,0,False
INV00007145,20250204,ST004,PRD020,943,15,15,15,958,0,0,False
INV00007146,20250205,ST004,PRD020,958,22,31,32,979,0,0,False
INV00007147,20250206,ST004,PRD020,979,15,20,16,998,0,0,False
INV00007148,20250207,ST004,PRD020,998,19,27,26,1018,0,0,False
INV00007149,20250208,ST004,PRD020,1018,14,21,21,1032,0,0,False
INV00007150,20250209,ST004,PRD020,1032,41,36,35,1074,0,0,False
INV00007151,20250210,ST004,PRD020,1074,18,26,25,1093,0,0,False
INV00007152,20250211,ST004,PRD020,1093,35,33,31,1130,0,0,False
INV00007153,20250212,ST004,PRD020,1130,12,24,21,1145,0,0,False
INV00007154,20250213,ST004,PRD020,1145,26,24,23,1172,0,0,False
INV00007155,20250214,ST004,PRD020,1172,15,20,16,1191,0,0,False
INV00007156,20250215,ST004,PRD020,1191,12,24,24,1203,0,0,False
INV00007157,20250216,ST004,PRD020,1203,23,44,45,1225,0,0,False
INV00007158,20250217,ST004,PRD020,1225,13,23,21,1240,0,0,False
INV00007159,20250218,ST004,PRD020,1240,29,34,33,1270,0,0,False
INV00007160,20250219,ST004,PRD020,1270,17,16,17,1286,0,0,False
INV00007161,20250220,ST004,PRD020,1286,22,29,26,1311,0,0,False
INV00007162,20250221,ST004,PRD020,1311,16,21,21,1327,0,0,False
INV00007163,20250222,ST004,PRD020,1327,18,30,33,1342,0,0,False
INV00007164,20250223,ST004,PRD020,1342,51,54,46,1401,0,0,False
INV00007165,20250224,ST004,PRD020,1401,20,26,21,1426,0,0,False
INV00007166,20250225,ST004,PRD020,1426,34,33,39,1454,0,0,False
INV00007167,20250226,ST004,PRD020,1454,25,20,22,1477,0,0,False
INV00007168,20250227,ST004,PRD020,1477,28,24,26,1503,0,0,False
INV00007169,20250228,ST004,PRD020,1503,18,21,22,1520,0,0,False
INV00007170,20250301,ST004,PRD020,1520,28,52,48,1552,0,0,False
INV00007171,20250302,ST004,PRD020,1552,31,30,26,1587,0,0,False
INV00007172,20250303,ST004,PRD020,1587,23,32,30,1612,0,0,False
INV00007173,20250304,ST004,PRD020,1612,21,24,23,1634,0,0,False
INV00007174,20250305,ST004,PRD020,1634,27,42,35,1668,0,0,False
INV00007175,20250306,ST004,PRD020,1668,24,18,22,1688,0,0,False
INV00007176,20250307,ST004,PRD020,1688,24,27,22,1717,0,0,False
INV00007177,20250308,ST004,PRD020,1717,44,39,37,1763,0,0,False
INV00007178,20250309,ST004,PRD020,1763,10,18,17,1774,0,0,False
INV00007179,20250310,ST004,PRD020,1774,22,30,29,1797,0,0,False
INV00007180,20250311,ST004,PRD020,1797,17,23,27,1810,0,0,False
INV00007181,20250312,ST004,PRD020,1810,16,31,32,1825,0,0,False
INV00007182,20250313,ST004,PRD020,1825,24,23,24,1848,0,0,False
INV00007183,20250314,ST004,PRD020,1848,14,12,14,1860,0,0,False
INV00007184,20250315,ST004,PRD020,1860,32,35,33,1894,0,0,False
INV00007185,20250316,ST004,PRD020,1894,40,48,40,1942,0,0,False
INV00007186,20250317,ST004,PRD020,1942,18,27,29,1958,0,0,False
INV00007187,20250318,ST004,PRD020,1958,20,18,19,1977,0,0,False
INV00007188,20250319,ST004,PRD020,1977,24,33,26,2008,0,0,False
INV00007189,20250320,ST004,PRD020,2008,20,17,19,2026,0,0,False
INV00007190,20250321,ST004,PRD020,2026,7,10,11,2032,0,0,False
INV00007191,20250322,ST004,PRD020,2032,55,50,46,2091,0,0,False
INV00007192,20250323,ST004,PRD020,2091,39,35,33,2132,0,0,False
INV00007193,20250324,ST004,PRD020,2132,8,20,16,2144,0,0,False
INV00007194,20250325,ST004,PRD020,2144,22,26,26,2166,0,0,False
INV00007195,20250326,ST004,PRD020,2166,23,28,23,2194,0,0,False
INV00007196,20250327,ST004,PRD020,2194,37,35,40,2226,0,0,False
INV00007197,20250328,ST004,PRD020,2226,14,33,28,2245,0,0,False
INV00007198,20250329,ST004,PRD020,2245,31,34,26,2284,0,0,False
INV00007199,20250330,ST004,PRD020,2284,27,31,28,2314,0,0,False
INV00007200,20250331,ST004,PRD020,2314,11,20,19,2326,0,0,False
INV00007201,20250101,ST005,PRD001,18,44,45,49,58,0,0,False
INV00007202,20250102,ST005,PRD001,58,48,65,57,114,0,0,False
INV00007203,20250103,ST005,PRD001,114,49,56,55,164,0,0,False
INV00007204,20250104,ST005,PRD001,164,38,48,40,210,0,0,False
INV00007205,20250105,ST005,PRD001,210,59,77,66,280,0,0,False
INV00007206,20250106,ST005,PRD001,280,24,26,25,305,0,0,False
INV00007207,20250107,ST005,PRD001,305,43,46,48,346,0,0,False
INV00007208,20250108,ST005,PRD001,346,38,78,70,392,0,0,False
INV00007209,20250109,ST005,PRD001,392,24,47,41,422,0,0,False
INV00007210,20250110,ST005,PRD001,422,26,42,47,443,0,0,False
INV00007211,20250111,ST005,PRD001,443,37,50,55,475,0,0,False
INV00007212,20250112,ST005,PRD001,475,32,45,36,516,0,0,False
INV00007213,20250113,ST005,PRD001,516,40,61,61,556,0,0,False
INV00007214,20250114,ST005,PRD001,556,30,36,35,587,0,0,False
INV00007215,20250115,ST005,PRD001,587,67,61,64,651,0,0,False
INV00007216,20250116,ST005,PRD001,651,31,62,49,695,0,0,False
INV00007217,20250117,ST005,PRD001,695,41,50,42,744,0,0,False
INV00007218,20250118,ST005,PRD001,744,74,76,62,832,0,0,False
INV00007219,20250119,ST005,PRD001,832,54,58,55,889,0,0,False
INV00007220,20250120,ST005,PRD001,889,28,28,32,913,0,0,False
INV00007221,20250121,ST005,PRD001,913,32,49,47,947,0,0,False
INV00007222,20250122,ST005,PRD001,947,40,46,45,988,0,0,False
INV00007223,20250123,ST005,PRD001,988,42,60,51,1039,0,0,False
INV00007224,20250124,ST005,PRD001,1039,36,39,31,1083,0,0,False
INV00007225,20250125,ST005,PRD001,1083,35,37,37,1118,0,0,False
INV00007226,20250126,ST005,PRD001,1118,42,38,36,1162,0,0,False
INV00007227,20250127,ST005,PRD001,1162,24,49,45,1190,0,0,False
INV00007228,20250128,ST005,PRD001,1190,54,51,47,1248,0,0,False
INV00007229,20250129,ST005,PRD001,1248,27,32,34,1273,0,0,False
INV00007230,20250130,ST005,PRD001,1273,30,24,25,1302,0,0,False
INV00007231,20250131,ST005,PRD001,1302,33,55,47,1343,0,0,False
INV00007232,20250201,ST005,PRD001,1343,58,60,59,1402,0,0,False
INV00007233,20250202,ST005,PRD001,1402,60,85,73,1474,0,0,False
INV00007234,20250203,ST005,PRD001,1474,32,46,43,1509,0,0,False
INV00007235,20250204,ST005,PRD001,1509,73,66,71,1577,0,0,False
INV00007236,20250205,ST005,PRD001,1577,37,38,33,1619,0,0,False
INV00007237,20250206,ST005,PRD001,1619,29,47,44,1651,0,0,False
INV00007238,20250207,ST005,PRD001,1651,44,74,63,1706,0,0,False
INV00007239,20250208,ST005,PRD001,1706,43,59,54,1754,0,0,False
INV00007240,20250209,ST005,PRD001,1754,58,77,71,1818,0,0,False
INV00007241,20250210,ST005,PRD001,1818,19,39,37,1839,0,0,False
INV00007242,20250211,ST005,PRD001,1839,22,30,35,1856,0,0,False
INV00007243,20250212,ST005,PRD001,1856,25,41,44,1878,0,0,False
INV00007244,20250213,ST005,PRD001,1878,35,46,39,1920,0,0,False
INV00007245,20250214,ST005,PRD001,1920,38,67,74,1951,0,0,False
INV00007246,20250215,ST005,PRD001,1951,30,35,30,1986,0,0,False
INV00007247,20250216,ST005,PRD001,1986,78,81,66,2079,0,0,False
INV00007248,20250217,ST005,PRD001,2079,27,36,34,2108,0,0,False
INV00007249,20250218,ST005,PRD001,2108,33,57,59,2139,0,0,False
INV00007250,20250219,ST005,PRD001,2139,33,46,49,2169,0,0,False
INV00007251,20250220,ST005,PRD001,2169,34,66,56,2213,0,0,False
INV00007252,20250221,ST005,PRD001,2213,24,33,34,2236,0,0,False
INV00007253,20250222,ST005,PRD001,2236,50,56,53,2289,0,0,False
INV00007254,20250223,ST005,PRD001,2289,24,41,43,2311,0,0,False
INV00007255,20250224,ST005,PRD001,2311,46,56,55,2358,0,0,False
INV00007256,20250225,ST005,PRD001,2358,62,58,58,2420,0,0,False
INV00007257,20250226,ST005,PRD001,2420,36,39,39,2456,0,0,False
INV00007258,20250227,ST005,PRD001,2456,53,49,57,2501,0,0,False
INV00007259,20250228,ST005,PRD001,2501,34,45,46,2534,0,0,False
INV00007260,20250301,ST005,PRD001,2534,24,44,35,2567,0,0,False
INV00007261,20250302,ST005,PRD001,2567,21,38,36,2590,0,0,False
INV00007262,20250303,ST005,PRD001,2590,21,27,32,2606,0,0,False
INV00007263,20250304,ST005,PRD001,2606,30,47,40,2643,0,0,False
INV00007264,20250305,ST005,PRD001,2643,30,63,56,2680,0,0,False
INV00007265,20250306,ST005,PRD001,2680,36,46,49,2713,0,0,False
INV00007266,20250307,ST005,PRD001,2713,55,59,52,2775,0,0,False
INV00007267,20250308,ST005,PRD001,2775,55,42,47,2825,0,0,False
INV00007268,20250309,ST005,PRD001,2825,38,32,36,2859,0,0,False
INV00007269,20250310,ST005,PRD001,2859,55,60,59,2915,0,0,False
INV00007270,20250311,ST005,PRD001,2915,59,57,57,2974,0,0,False
INV00007271,20250312,ST005,PRD001,2974,52,55,55,3026,0,0,False
INV00007272,20250313,ST005,PRD001,3026,33,36,36,3059,0,0,False
INV00007273,20250314,ST005,PRD001,3059,26,60,47,3098,0,0,False
INV00007274,20250315,ST005,PRD001,3098,40,79,73,3144,0,0,False
INV00007275,20250316,ST005,PRD001,3144,26,61,49,3182,0,0,False
INV00007276,20250317,ST005,PRD001,3182,40,68,55,3235,0,0,False
INV00007277,20250318,ST005,PRD001,3235,39,38,36,3276,0,0,False
INV00007278,20250319,ST005,PRD001,3276,32,66,58,3316,0,0,False
INV00007279,20250320,ST005,PRD001,3316,23,35,39,3335,0,0,False
INV00007280,20250321,ST005,PRD001,3335,48,54,42,3395,0,0,False
INV00007281,20250322,ST005,PRD001,3395,30,44,37,3432,0,0,False
INV00007282,20250323,ST005,PRD001,3432,60,108,84,3516,0,0,False
INV00007283,20250324,ST005,PRD001,3516,39,41,42,3554,0,0,False
INV00007284,20250325,ST005,PRD001,3554,27,49,50,3580,0,0,False
INV00007285,20250326,ST005,PRD001,3580,36,36,37,3615,0,0,False
INV00007286,20250327,ST005,PRD001,3615,55,54,62,3662,0,0,False
INV00007287,20250328,ST005,PRD001,3662,18,24,26,3678,0,0,False
INV00007288,20250329,ST005,PRD001,3678,39,50,51,3716,0,0,False
INV00007289,20250330,ST005,PRD001,3716,46,74,81,3755,0,0,False
INV00007290,20250331,ST005,PRD001,3755,30,37,29,3793,0,0,False
INV00007291,20250101,ST005,PRD002,17,66,61,60,84,0,0,False
INV00007292,20250102,ST005,PRD002,84,30,33,29,118,0,0,False
INV00007293,20250103,ST005,PRD002,118,31,35,33,151,0,0,False
INV00007294,20250104,ST005,PRD002,151,42,58,51,200,0,0,False
INV00007295,20250105,ST005,PRD002,200,40,62,48,254,0,0,False
INV00007296,20250106,ST005,PRD002,254,32,46,40,292,0,0,False
INV00007297,20250107,ST005,PRD002,292,29,37,31,327,0,0,False
INV00007298,20250108,ST005,PRD002,327,29,44,50,350,0,0,False
INV00007299,20250109,ST005,PRD002,350,42,47,44,395,0,0,False
INV00007300,20250110,ST005,PRD002,395,51,45,52,439,0,0,False
INV00007301,20250111,ST005,PRD002,439,29,48,56,460,0,0,False
INV00007302,20250112,ST005,PRD002,460,69,88,80,537,0,0,False
INV00007303,20250113,ST005,PRD002,537,39,47,43,580,0,0,False
INV00007304,20250114,ST005,PRD002,580,38,66,66,618,0,0,False
INV00007305,20250115,ST005,PRD002,618,20,54,40,652,0,0,False
INV00007306,20250116,ST005,PRD002,652,26,32,26,684,0,0,False
INV00007307,20250117,ST005,PRD002,684,45,45,49,725,0,0,False
INV00007308,20250118,ST005,PRD002,725,39,43,36,771,0,0,False
INV00007309,20250119,ST005,PRD002,771,52,44,46,821,0,0,False
INV00007310,20250120,ST005,PRD002,821,36,61,61,857,0,0,False
INV00007311,20250121,ST005,PRD002,857,41,57,48,907,0,0,False
INV00007312,20250122,ST005,PRD002,907,37,45,50,939,0,0,False
INV00007313,20250123,ST005,PRD002,939,50,56,60,985,0,0,False
INV00007314,20250124,ST005,PRD002,985,33,43,35,1026,0,0,False
INV00007315,20250125,ST005,PRD002,1026,30,55,47,1064,0,0,False
INV00007316,20250126,ST005,PRD002,1064,34,68,57,1109,0,0,False
INV00007317,20250127,ST005,PRD002,1109,30,56,56,1139,0,0,False
INV00007318,20250128,ST005,PRD002,1139,38,57,65,1169,0,0,False
INV00007319,20250129,ST005,PRD002,1169,44,53,48,1218,0,0,False
INV00007320,20250130,ST005,PRD002,1218,32,44,37,1257,0,0,False
INV00007321,20250131,ST005,PRD002,1257,40,43,42,1298,0,0,False
INV00007322,20250201,ST005,PRD002,1298,38,55,51,1340,0,0,False
INV00007323,20250202,ST005,PRD002,1340,46,51,51,1386,0,0,False
INV00007324,20250203,ST005,PRD002,1386,51,67,58,1446,0,0,False
INV00007325,20250204,ST005,PRD002,1446,22,40,36,1472,0,0,False
INV00007326,20250205,ST005,PRD002,1472,38,45,46,1509,0,0,False
INV00007327,20250206,ST005,PRD002,1509,31,41,34,1547,0,0,False
INV00007328,20250207,ST005,PRD002,1547,34,51,48,1584,0,0,False
INV00007329,20250208,ST005,PRD002,1584,90,97,76,1695,0,0,False
INV00007330,20250209,ST005,PRD002,1695,34,37,39,1727,0,0,False
INV00007331,20250210,ST005,PRD002,1727,47,59,49,1784,0,0,False
INV00007332,20250211,ST005,PRD002,1784,20,34,33,1805,0,0,False
INV00007333,20250212,ST005,PRD002,1805,19,29,28,1825,0,0,False
INV00007334,20250213,ST005,PRD002,1825,63,67,59,1896,0,0,False
INV00007335,20250214,ST005,PRD002,1896,57,58,64,1947,0,0,False
INV00007336,20250215,ST005,PRD002,1947,19,43,35,1974,0,0,False
INV00007337,20250216,ST005,PRD002,1974,57,82,77,2036,0,0,False
INV00007338,20250217,ST005,PRD002,2036,44,33,37,2076,0,0,False
INV00007339,20250218,ST005,PRD002,2076,33,42,35,2116,0,0,False
INV00007340,20250219,ST005,PRD002,2116,41,60,64,2153,0,0,False
INV00007341,20250220,ST005,PRD002,2153,31,70,57,2197,0,0,False
INV00007342,20250221,ST005,PRD002,2197,30,59,47,2239,0,0,False
INV00007343,20250222,ST005,PRD002,2239,31,45,37,2278,0,0,False
INV00007344,20250223,ST005,PRD002,2278,49,68,50,2345,0,0,False
INV00007345,20250224,ST005,PRD002,2345,20,19,24,2360,0,0,False
INV00007346,20250225,ST005,PRD002,2360,34,38,35,2397,0,0,False
INV00007347,20250226,ST005,PRD002,2397,35,31,32,2431,0,0,False
INV00007348,20250227,ST005,PRD002,2431,44,56,49,2482,0,0,False
INV00007349,20250228,ST005,PRD002,2482,34,42,46,2512,0,0,False
INV00007350,20250301,ST005,PRD002,2512,40,74,57,2569,0,0,False
INV00007351,20250302,ST005,PRD002,2569,34,55,47,2611,0,0,False
INV00007352,20250303,ST005,PRD002,2611,35,61,61,2646,0,0,False
INV00007353,20250304,ST005,PRD002,2646,51,58,46,2709,0,0,False
INV00007354,20250305,ST005,PRD002,2709,42,45,37,2759,0,0,False
INV00007355,20250306,ST005,PRD002,2759,35,49,41,2802,0,0,False
INV00007356,20250307,ST005,PRD002,2802,58,61,51,2870,0,0,False
INV00007357,20250308,ST005,PRD002,2870,62,69,65,2936,0,0,False
INV00007358,20250309,ST005,PRD002,2936,53,47,54,2982,0,0,False
INV00007359,20250310,ST005,PRD002,2982,25,30,30,3007,0,0,False
INV00007360,20250311,ST005,PRD002,3007,29,42,44,3034,0,0,False
INV00007361,20250312,ST005,PRD002,3034,33,48,39,3076,0,0,False
INV00007362,20250313,ST005,PRD002,3076,40,50,39,3127,0,0,False
INV00007363,20250314,ST005,PRD002,3127,57,48,53,3179,0,0,False
INV00007364,20250315,ST005,PRD002,3179,77,85,72,3269,0,0,False
INV00007365,20250316,ST005,PRD002,3269,37,44,49,3301,0,0,False
INV00007366,20250317,ST005,PRD002,3301,33,43,42,3335,0,0,False
INV00007367,20250318,ST005,PRD002,3335,72,70,67,3410,0,0,False
INV00007368,20250319,ST005,PRD002,3410,21,47,41,3437,0,0,False
INV00007369,20250320,ST005,PRD002,3437,35,66,70,3468,0,0,False
INV00007370,20250321,ST005,PRD002,3468,34,45,45,3502,0,0,False
INV00007371,20250322,ST005,PRD002,3502,76,110,85,3603,0,0,False
INV00007372,20250323,ST005,PRD002,3603,25,48,41,3635,0,0,False
INV00007373,20250324,ST005,PRD002,3635,17,21,21,3652,0,0,False
INV00007374,20250325,ST005,PRD002,3652,26,29,28,3679,0,0,False
INV00007375,20250326,ST005,PRD002,3679,72,81,63,3769,0,0,False
INV00007376,20250327,ST005,PRD002,3769,18,21,24,3784,0,0,False
INV00007377,20250328,ST005,PRD002,3784,59,60,50,3853,0,0,False
INV00007378,20250329,ST005,PRD002,3853,36,67,56,3900,0,0,False
INV00007379,20250330,ST005,PRD002,3900,20,31,29,3922,0,0,False
INV00007380,20250331,ST005,PRD002,3922,24,44,37,3953,0,0,False
INV00007381,20250101,ST005,PRD003,18,35,40,35,58,0,0,False
INV00007382,20250102,ST005,PRD003,58,32,45,43,92,0,0,False
INV00007383,20250103,ST005,PRD003,92,30,43,34,131,0,0,False
INV00007384,20250104,ST005,PRD003,131,25,47,40,163,0,0,False
INV00007385,20250105,ST005,PRD003,163,15,26,29,175,0,0,False
INV00007386,20250106,ST005,PRD003,175,35,34,32,212,0,0,False
INV00007387,20250107,ST005,PRD003,212,68,68,60,288,0,0,False
INV00007388,20250108,ST005,PRD003,288,26,66,50,330,0,0,False
INV00007389,20250109,ST005,PRD003,330,29,29,30,358,0,0,False
INV00007390,20250110,ST005,PRD003,358,29,44,38,393,0,0,False
INV00007391,20250111,ST005,PRD003,393,53,65,50,461,0,0,False
INV00007392,20250112,ST005,PRD003,461,28,59,48,500,0,0,False
INV00007393,20250113,ST005,PRD003,500,69,60,60,569,0,0,False
INV00007394,20250114,ST005,PRD003,569,32,59,45,615,0,0,False
INV00007395,20250115,ST005,PRD003,615,33,54,49,653,0,0,False
INV00007396,20250116,ST005,PRD003,653,37,32,35,687,0,0,False
INV00007397,20250117,ST005,PRD003,687,43,48,45,733,0,0,False
INV00007398,20250118,ST005,PRD003,733,83,87,72,831,0,0,False
INV00007399,20250119,ST005,PRD003,831,103,97,87,944,0,0,False
INV00007400,20250120,ST005,PRD003,944,75,71,63,1027,0,0,False
INV00007401,20250121,ST005,PRD003,1027,46,53,41,1085,0,0,False
INV00007402,20250122,ST005,PRD003,1085,43,39,39,1128,0,0,False
INV00007403,20250123,ST005,PRD003,1128,22,42,41,1151,0,0,False
INV00007404,20250124,ST005,PRD003,1151,29,63,48,1195,0,0,False
INV00007405,20250125,ST005,PRD003,1195,64,65,56,1268,0,0,False
INV00007406,20250126,ST005,PRD003,1268,32,31,30,1301,0,0,False
INV00007407,20250127,ST005,PRD003,1301,20,35,32,1324,0,0,False
INV00007408,20250128,ST005,PRD003,1324,19,26,25,1344,0,0,False
INV00007409,20250129,ST005,PRD003,1344,22,38,29,1375,0,0,False
INV00007410,20250130,ST005,PRD003,1375,25,30,27,1403,0,0,False
INV00007411,20250131,ST005,PRD003,1403,33,31,28,1439,0,0,False
INV00007412,20250201,ST005,PRD003,1439,28,55,42,1480,0,0,False
INV00007413,20250202,ST005,PRD003,1480,37,61,70,1508,0,0,False
INV00007414,20250203,ST005,PRD003,1508,39,42,42,1547,0,0,False
INV00007415,20250204,ST005,PRD003,1547,25,44,39,1577,0,0,False
INV00007416,20250205,ST005,PRD003,1577,49,61,56,1631,0,0,False
INV00007417,20250206,ST005,PRD003,1631,48,44,46,1677,0,0,False
INV00007418,20250207,ST005,PRD003,1677,19,30,26,1700,0,0,False
INV00007419,20250208,ST005,PRD003,1700,39,84,73,1750,0,0,False
INV00007420,20250209,ST005,PRD003,1750,58,71,55,1824,0,0,False
INV00007421,20250210,ST005,PRD003,1824,46,48,41,1877,0,0,False
INV00007422,20250211,ST005,PRD003,1877,56,56,51,1938,0,0,False
INV00007423,20250212,ST005,PRD003,1938,60,67,51,2014,0,0,False
INV00007424,20250213,ST005,PRD003,2014,68,75,61,2096,0,0,False
INV00007425,20250214,ST005,PRD003,2096,32,55,49,2134,0,0,False
INV00007426,20250215,ST005,PRD003,2134,33,60,60,2167,0,0,False
INV00007427,20250216,ST005,PRD003,2167,60,85,72,2240,0,0,False
INV00007428,20250217,ST005,PRD003,2240,26,26,27,2265,0,0,False
INV00007429,20250218,ST005,PRD003,2265,22,44,40,2291,0,0,False
INV00007430,20250219,ST005,PRD003,2291,20,23,23,2311,0,0,False
INV00007431,20250220,ST005,PRD003,2311,60,54,58,2367,0,0,False
INV00007432,20250221,ST005,PRD003,2367,38,38,40,2403,0,0,False
INV00007433,20250222,ST005,PRD003,2403,37,42,43,2439,0,0,False
INV00007434,20250223,ST005,PRD003,2439,48,55,56,2486,0,0,False
INV00007435,20250224,ST005,PRD003,2486,29,42,35,2522,0,0,False
INV00007436,20250225,ST005,PRD003,2522,27,37,37,2549,0,0,False
INV00007437,20250226,ST005,PRD003,2549,35,56,46,2594,0,0,False
INV00007438,20250227,ST005,PRD003,2594,36,36,37,2629,0,0,False
INV00007439,20250228,ST005,PRD003,2629,42,56,42,2685,0,0,False
INV00007440,20250301,ST005,PRD003,2685,33,42,39,2721,0,0,False
INV00007441,20250302,ST005,PRD003,2721,45,85,65,2786,0,0,False
INV00007442,20250303,ST005,PRD003,2786,29,46,37,2824,0,0,False
INV00007443,20250304,ST005,PRD003,2824,38,37,33,2866,0,0,False
INV00007444,20250305,ST005,PRD003,2866,35,34,38,2897,0,0,False
INV00007445,20250306,ST005,PRD003,2897,24,57,45,2933,0,0,False
INV00007446,20250307,ST005,PRD003,2933,28,40,43,2958,0,0,False
INV00007447,20250308,ST005,PRD003,2958,33,48,52,2987,0,0,False
INV00007448,20250309,ST005,PRD003,2987,52,48,47,3040,0,0,False
INV00007449,20250310,ST005,PRD003,3040,29,36,37,3068,0,0,False
INV00007450,20250311,ST005,PRD003,3068,20,33,28,3093,0,0,False
INV00007451,20250312,ST005,PRD003,3093,56,58,50,3157,0,0,False
INV00007452,20250313,ST005,PRD003,3157,25,28,28,3182,0,0,False
INV00007453,20250314,ST005,PRD003,3182,64,68,55,3259,0,0,False
INV00007454,20250315,ST005,PRD003,3259,43,67,56,3313,0,0,False
INV00007455,20250316,ST005,PRD003,3313,43,47,49,3354,0,0,False
INV00007456,20250317,ST005,PRD003,3354,35,65,59,3395,0,0,False
INV00007457,20250318,ST005,PRD003,3395,20,42,36,3421,0,0,False
INV00007458,20250319,ST005,PRD003,3421,43,60,53,3471,0,0,False
INV00007459,20250320,ST005,PRD003,3471,34,52,45,3512,0,0,False
INV00007460,20250321,ST005,PRD003,3512,41,46,45,3554,0,0,False
INV00007461,20250322,ST005,PRD003,3554,33,41,40,3588,0,0,False
INV00007462,20250323,ST005,PRD003,3588,70,80,75,3663,0,0,False
INV00007463,20250324,ST005,PRD003,3663,28,33,35,3689,0,0,False
INV00007464,20250325,ST005,PRD003,3689,35,46,42,3728,0,0,False
INV00007465,20250326,ST005,PRD003,3728,45,53,57,3769,0,0,False
INV00007466,20250327,ST005,PRD003,3769,46,41,43,3813,0,0,False
INV00007467,20250328,ST005,PRD003,3813,44,73,61,3869,0,0,False
INV00007468,20250329,ST005,PRD003,3869,38,53,50,3910,0,0,False
INV00007469,20250330,ST005,PRD003,3910,36,52,57,3941,0,0,False
INV00007470,20250331,ST005,PRD003,3941,39,56,59,3977,0,0,False
INV00007471,20250101,ST005,PRD004,30,17,29,30,46,0,0,False
INV00007472,20250102,ST005,PRD004,46,57,51,50,104,0,0,False
INV00007473,20250103,ST005,PRD004,104,37,50,52,139,0,0,False
INV00007474,20250104,ST005,PRD004,139,50,63,59,193,0,0,False
INV00007475,20250105,ST005,PRD004,193,68,71,77,255,0,0,False
INV00007476,20250106,ST005,PRD004,255,34,66,62,293,0,0,False
INV00007477,20250107,ST005,PRD004,293,21,35,30,319,0,0,False
INV00007478,20250108,ST005,PRD004,319,33,56,50,358,0,0,False
INV00007479,20250109,ST005,PRD004,358,37,65,63,397,0,0,False
INV00007480,20250110,ST005,PRD004,397,38,57,50,442,0,0,False
INV00007481,20250111,ST005,PRD004,442,49,56,56,491,0,0,False
INV00007482,20250112,ST005,PRD004,491,30,37,41,517,0,0,False
INV00007483,20250113,ST005,PRD004,517,56,58,58,573,0,0,False
INV00007484,20250114,ST005,PRD004,573,18,26,27,590,0,0,False
INV00007485,20250115,ST005,PRD004,590,58,67,57,658,0,0,False
INV00007486,20250116,ST005,PRD004,658,32,32,31,691,0,0,False
INV00007487,20250117,ST005,PRD004,691,64,70,59,766,0,0,False
INV00007488,20250118,ST005,PRD004,766,27,40,43,790,0,0,False
INV00007489,20250119,ST005,PRD004,790,40,39,43,826,0,0,False
INV00007490,20250120,ST005,PRD004,826,20,31,34,843,0,0,False
INV00007491,20250121,ST005,PRD004,843,34,39,31,885,0,0,False
INV00007492,20250122,ST005,PRD004,885,30,32,30,917,0,0,False
INV00007493,20250123,ST005,PRD004,917,55,76,63,985,0,0,False
INV00007494,20250124,ST005,PRD004,985,27,44,39,1017,0,0,False
INV00007495,20250125,ST005,PRD004,1017,78,85,75,1105,0,0,False
INV00007496,20250126,ST005,PRD004,1105,23,33,33,1128,0,0,False
INV00007497,20250127,ST005,PRD004,1128,22,36,30,1156,0,0,False
INV00007498,20250128,ST005,PRD004,1156,50,42,42,1206,0,0,False
INV00007499,20250129,ST005,PRD004,1206,49,49,42,1262,0,0,False
INV00007500,20250130,ST005,PRD004,1262,51,38,47,1304,0,0,False
INV00007501,20250131,ST005,PRD004,1304,71,75,69,1381,0,0,False
INV00007502,20250201,ST005,PRD004,1381,35,60,68,1408,0,0,False
INV00007503,20250202,ST005,PRD004,1408,50,44,52,1450,0,0,False
INV00007504,20250203,ST005,PRD004,1450,33,28,28,1483,0,0,False
INV00007505,20250204,ST005,PRD004,1483,80,63,69,1557,0,0,False
INV00007506,20250205,ST005,PRD004,1557,38,42,34,1603,0,0,False
INV00007507,20250206,ST005,PRD004,1603,35,49,53,1634,0,0,False
INV00007508,20250207,ST005,PRD004,1634,49,55,49,1689,0,0,False
INV00007509,20250208,ST005,PRD004,1689,28,39,43,1713,0,0,False
INV00007510,20250209,ST005,PRD004,1713,39,59,59,1752,0,0,False
INV00007511,20250210,ST005,PRD004,1752,67,79,74,1824,0,0,False
INV00007512,20250211,ST005,PRD004,1824,33,36,37,1856,0,0,False
INV00007513,20250212,ST005,PRD004,1856,39,48,47,1896,0,0,False
INV00007514,20250213,ST005,PRD004,1896,39,34,36,1933,0,0,False
INV00007515,20250214,ST005,PRD004,1933,24,33,33,1957,0,0,False
INV00007516,20250215,ST005,PRD004,1957,32,64,58,1995,0,0,False
INV00007517,20250216,ST005,PRD004,1995,71,70,65,2071,0,0,False
INV00007518,20250217,ST005,PRD004,2071,30,37,37,2101,0,0,False
INV00007519,20250218,ST005,PRD004,2101,44,42,38,2149,0,0,False
INV00007520,20250219,ST005,PRD004,2149,42,51,53,2189,0,0,False
INV00007521,20250220,ST005,PRD004,2189,39,47,48,2227,0,0,False
INV00007522,20250221,ST005,PRD004,2227,60,61,55,2293,0,0,False
INV00007523,20250222,ST005,PRD004,2293,20,38,39,2312,0,0,False
INV00007524,20250223,ST005,PRD004,2312,27,50,46,2343,0,0,False
INV00007525,20250224,ST005,PRD004,2343,30,24,27,2370,0,0,False
INV00007526,20250225,ST005,PRD004,2370,37,57,52,2412,0,0,False
INV00007527,20250226,ST005,PRD004,2412,56,51,55,2464,0,0,False
INV00007528,20250227,ST005,PRD004,2464,49,53,58,2508,0,0,False
INV00007529,20250228,ST005,PRD004,2508,43,47,45,2553,0,0,False
INV00007530,20250301,ST005,PRD004,2553,34,54,45,2596,0,0,False
INV00007531,20250302,ST005,PRD004,2596,32,56,48,2636,0,0,False
INV00007532,20250303,ST005,PRD004,2636,21,30,26,2661,0,0,False
INV00007533,20250304,ST005,PRD004,2661,44,40,43,2702,0,0,False
INV00007534,20250305,ST005,PRD004,2702,57,51,55,2755,0,0,False
INV00007535,20250306,ST005,PRD004,2755,26,26,26,2781,0,0,False
INV00007536,20250307,ST005,PRD004,2781,25,45,35,2816,0,0,False
INV00007537,20250308,ST005,PRD004,2816,32,33,35,2846,0,0,False
INV00007538,20250309,ST005,PRD004,2846,51,62,57,2902,0,0,False
INV00007539,20250310,ST005,PRD004,2902,18,32,35,2917,0,0,False
INV00007540,20250311,ST005,PRD004,2917,32,61,53,2957,0,0,False
INV00007541,20250312,ST005,PRD004,2957,38,34,32,2997,0,0,False
INV00007542,20250313,ST005,PRD004,2997,35,29,29,3032,0,0,False
INV00007543,20250314,ST005,PRD004,3032,56,57,62,3083,0,0,False
INV00007544,20250315,ST005,PRD004,3083,81,88,76,3176,0,0,False
INV00007545,20250316,ST005,PRD004,3176,41,41,36,3222,0,0,False
INV00007546,20250317,ST005,PRD004,3222,40,46,44,3264,0,0,False
INV00007547,20250318,ST005,PRD004,3264,25,41,32,3298,0,0,False
INV00007548,20250319,ST005,PRD004,3298,38,42,49,3329,0,0,False
INV00007549,20250320,ST005,PRD004,3329,42,39,36,3374,0,0,False
INV00007550,20250321,ST005,PRD004,3374,14,28,25,3391,0,0,False
INV00007551,20250322,ST005,PRD004,3391,28,36,36,3419,0,0,False
INV00007552,20250323,ST005,PRD004,3419,67,72,81,3477,0,0,False
INV00007553,20250324,ST005,PRD004,3477,34,46,47,3510,0,0,False
INV00007554,20250325,ST005,PRD004,3510,41,46,35,3562,0,0,False
INV00007555,20250326,ST005,PRD004,3562,35,32,37,3592,0,0,False
INV00007556,20250327,ST005,PRD004,3592,35,51,49,3629,0,0,False
INV00007557,20250328,ST005,PRD004,3629,21,37,34,3653,0,0,False
INV00007558,20250329,ST005,PRD004,3653,59,83,61,3734,0,0,False
INV00007559,20250330,ST005,PRD004,3734,34,62,55,3775,0,0,False
INV00007560,20250331,ST005,PRD004,3775,55,48,51,3827,0,0,False
INV00007561,20250101,ST005,PRD005,29,24,26,29,50,0,0,False
INV00007562,20250102,ST005,PRD005,50,14,21,22,63,0,0,False
INV00007563,20250103,ST005,PRD005,63,25,54,45,97,0,0,False
INV00007564,20250104,ST005,PRD005,97,77,65,66,173,0,0,False
INV00007565,20250105,ST005,PRD005,173,48,79,68,232,0,0,False
INV00007566,20250106,ST005,PRD005,232,21,26,31,248,0,0,False
INV00007567,20250107,ST005,PRD005,248,39,46,41,292,0,0,False
INV00007568,20250108,ST005,PRD005,292,14,30,26,310,0,0,False
INV00007569,20250109,ST005,PRD005,310,22,39,40,331,0,0,False
INV00007570,20250110,ST005,PRD005,331,39,43,45,368,0,0,False
INV00007571,20250111,ST005,PRD005,368,44,68,71,409,0,0,False
INV00007572,20250112,ST005,PRD005,409,42,45,38,458,0,0,False
INV00007573,20250113,ST005,PRD005,458,22,25,28,477,0,0,False
INV00007574,20250114,ST005,PRD005,477,31,64,51,521,0,0,False
INV00007575,20250115,ST005,PRD005,521,22,45,38,550,0,0,False
INV00007576,20250116,ST005,PRD005,550,32,47,36,593,0,0,False
INV00007577,20250117,ST005,PRD005,593,33,41,40,627,0,0,False
INV00007578,20250118,ST005,PRD005,627,33,61,60,661,0,0,False
INV00007579,20250119,ST005,PRD005,661,39,37,33,704,0,0,False
INV00007580,20250120,ST005,PRD005,704,52,52,47,761,0,0,False
INV00007581,20250121,ST005,PRD005,761,30,50,51,790,0,0,False
INV00007582,20250122,ST005,PRD005,790,28,41,43,816,0,0,False
INV00007583,20250123,ST005,PRD005,816,45,50,56,855,0,0,False
INV00007584,20250124,ST005,PRD005,855,37,40,37,895,0,0,False
INV00007585,20250125,ST005,PRD005,895,29,37,35,926,0,0,False
INV00007586,20250126,ST005,PRD005,926,66,86,72,1006,0,0,False
INV00007587,20250127,ST005,PRD005,1006,41,30,35,1042,0,0,False
INV00007588,20250128,ST005,PRD005,1042,32,41,35,1080,0,0,False
INV00007589,20250129,ST005,PRD005,1080,37,45,43,1119,0,0,False
INV00007590,20250130,ST005,PRD005,1119,32,35,33,1153,0,0,False
INV00007591,20250131,ST005,PRD005,1153,32,48,46,1187,0,0,False
INV00007592,20250201,ST005,PRD005,1187,20,49,39,1217,0,0,False
INV00007593,20250202,ST005,PRD005,1217,49,105,82,1289,0,0,False
INV00007594,20250203,ST005,PRD005,1289,16,26,29,1302,0,0,False
INV00007595,20250204,ST005,PRD005,1302,58,81,75,1366,0,0,False
INV00007596,20250205,ST005,PRD005,1366,37,47,35,1415,0,0,False
INV00007597,20250206,ST005,PRD005,1415,32,34,37,1444,0,0,False
INV00007598,20250207,ST005,PRD005,1444,32,25,28,1473,0,0,False
INV00007599,20250208,ST005,PRD005,1473,45,36,40,1514,0,0,False
INV00007600,20250209,ST005,PRD005,1514,43,57,52,1562,0,0,False
INV00007601,20250210,ST005,PRD005,1562,41,44,45,1602,0,0,False
INV00007602,20250211,ST005,PRD005,1602,34,39,33,1642,0,0,False
INV00007603,20250212,ST005,PRD005,1642,31,43,44,1672,0,0,False
INV00007604,20250213,ST005,PRD005,1672,60,68,54,1746,0,0,False
INV00007605,20250214,ST005,PRD005,1746,26,29,32,1769,0,0,False
INV00007606,20250215,ST005,PRD005,1769,56,52,57,1820,0,0,False
INV00007607,20250216,ST005,PRD005,1820,63,57,63,1877,0,0,False
INV00007608,20250217,ST005,PRD005,1877,30,40,43,1904,0,0,False
INV00007609,20250218,ST005,PRD005,1904,44,46,47,1947,0,0,False
INV00007610,20250219,ST005,PRD005,1947,27,34,25,1983,0,0,False
INV00007611,20250220,ST005,PRD005,1983,33,50,53,2013,0,0,False
INV00007612,20250221,ST005,PRD005,2013,27,36,40,2036,0,0,False
INV00007613,20250222,ST005,PRD005,2036,71,63,63,2107,0,0,False
INV00007614,20250223,ST005,PRD005,2107,53,55,52,2163,0,0,False
INV00007615,20250224,ST005,PRD005,2163,59,65,72,2215,0,0,False
INV00007616,20250225,ST005,PRD005,2215,43,36,38,2256,0,0,False
INV00007617,20250226,ST005,PRD005,2256,29,46,46,2285,0,0,False
INV00007618,20250227,ST005,PRD005,2285,43,54,48,2334,0,0,False
INV00007619,20250228,ST005,PRD005,2334,34,50,44,2374,0,0,False
INV00007620,20250301,ST005,PRD005,2374,38,38,33,2417,0,0,False
INV00007621,20250302,ST005,PRD005,2417,40,74,60,2471,0,0,False
INV00007622,20250303,ST005,PRD005,2471,58,56,52,2533,0,0,False
INV00007623,20250304,ST005,PRD005,2533,28,38,40,2559,0,0,False
INV00007624,20250305,ST005,PRD005,2559,62,80,66,2635,0,0,False
INV00007625,20250306,ST005,PRD005,2635,32,54,46,2675,0,0,False
INV00007626,20250307,ST005,PRD005,2675,43,40,38,2720,0,0,False
INV00007627,20250308,ST005,PRD005,2720,39,40,39,2760,0,0,False
INV00007628,20250309,ST005,PRD005,2760,54,49,54,2809,0,0,False
INV00007629,20250310,ST005,PRD005,2809,16,24,25,2824,0,0,False
INV00007630,20250311,ST005,PRD005,2824,49,54,58,2869,0,0,False
INV00007631,20250312,ST005,PRD005,2869,62,46,52,2925,0,0,False
INV00007632,20250313,ST005,PRD005,2925,43,60,49,2979,0,0,False
INV00007633,20250314,ST005,PRD005,2979,69,52,58,3042,0,0,False
INV00007634,20250315,ST005,PRD005,3042,24,51,44,3073,0,0,False
INV00007635,20250316,ST005,PRD005,3073,24,43,41,3099,0,0,False
INV00007636,20250317,ST005,PRD005,3099,33,38,32,3138,0,0,False
INV00007637,20250318,ST005,PRD005,3138,22,34,30,3164,0,0,False
INV00007638,20250319,ST005,PRD005,3164,32,38,39,3195,0,0,False
INV00007639,20250320,ST005,PRD005,3195,21,28,31,3213,0,0,False
INV00007640,20250321,ST005,PRD005,3213,25,32,29,3241,0,0,False
INV00007641,20250322,ST005,PRD005,3241,33,40,40,3274,0,0,False
INV00007642,20250323,ST005,PRD005,3274,23,42,41,3298,0,0,False
INV00007643,20250324,ST005,PRD005,3298,47,43,48,3340,0,0,False
INV00007644,20250325,ST005,PRD005,3340,30,30,29,3371,0,0,False
INV00007645,20250326,ST005,PRD005,3371,37,55,48,3415,0,0,False
INV00007646,20250327,ST005,PRD005,3415,52,57,51,3473,0,0,False
INV00007647,20250328,ST005,PRD005,3473,43,54,39,3531,0,0,False
INV00007648,20250329,ST005,PRD005,3531,57,67,73,3582,0,0,False
INV00007649,20250330,ST005,PRD005,3582,21,48,41,3610,0,0,False
INV00007650,20250331,ST005,PRD005,3610,18,30,31,3627,0,0,False
INV00007651,20250101,ST005,PRD006,14,23,40,32,45,0,0,False
INV00007652,20250102,ST005,PRD006,45,52,57,51,103,0,0,False
INV00007653,20250103,ST005,PRD006,103,19,26,23,125,0,0,False
INV00007654,20250104,ST005,PRD006,125,23,45,42,151,0,0,False
INV00007655,20250105,ST005,PRD006,151,29,30,33,177,0,0,False
INV00007656,20250106,ST005,PRD006,177,20,27,30,194,0,0,False
INV00007657,20250107,ST005,PRD006,194,37,31,32,230,0,0,False
INV00007658,20250108,ST005,PRD006,230,20,44,34,260,0,0,False
INV00007659,20250109,ST005,PRD006,260,19,18,18,279,0,0,False
INV00007660,20250110,ST005,PRD006,279,34,33,31,315,0,0,False
INV00007661,20250111,ST005,PRD006,315,29,59,47,356,0,0,False
INV00007662,20250112,ST005,PRD006,356,19,36,38,373,0,0,False
INV00007663,20250113,ST005,PRD006,373,26,59,46,412,0,0,False
INV00007664,20250114,ST005,PRD006,412,23,36,32,439,0,0,False
INV00007665,20250115,ST005,PRD006,439,21,29,24,465,0,0,False
INV00007666,20250116,ST005,PRD006,465,44,48,57,500,0,0,False
INV00007667,20250117,ST005,PRD006,500,16,37,28,525,0,0,False
INV00007668,20250118,ST005,PRD006,525,38,48,37,574,0,0,False
INV00007669,20250119,ST005,PRD006,574,32,38,33,611,0,0,False
INV00007670,20250120,ST005,PRD006,611,19,28,32,626,0,0,False
INV00007671,20250121,ST005,PRD006,626,33,52,44,667,0,0,False
INV00007672,20250122,ST005,PRD006,667,25,39,39,692,0,0,False
INV00007673,20250123,ST005,PRD006,692,28,54,53,721,0,0,False
INV00007674,20250124,ST005,PRD006,721,53,53,54,773,0,0,False
INV00007675,20250125,ST005,PRD006,773,17,31,26,795,0,0,False
INV00007676,20250126,ST005,PRD006,795,42,45,43,839,0,0,False
INV00007677,20250127,ST005,PRD006,839,58,63,53,907,0,0,False
INV00007678,20250128,ST005,PRD006,907,40,34,37,944,0,0,False
INV00007679,20250129,ST005,PRD006,944,30,31,32,973,0,0,False
INV00007680,20250130,ST005,PRD006,973,44,53,44,1026,0,0,False
INV00007681,20250131,ST005,PRD006,1026,32,29,28,1059,0,0,False
INV00007682,20250201,ST005,PRD006,1059,25,37,32,1089,0,0,False
INV00007683,20250202,ST005,PRD006,1089,36,62,50,1137,0,0,False
INV00007684,20250203,ST005,PRD006,1137,23,54,43,1171,0,0,False
INV00007685,20250204,ST005,PRD006,1171,13,32,26,1190,0,0,False
INV00007686,20250205,ST005,PRD006,1190,36,38,35,1229,0,0,False
INV00007687,20250206,ST005,PRD006,1229,38,35,37,1265,0,0,False
INV00007688,20250207,ST005,PRD006,1265,38,33,33,1303,0,0,False
INV00007689,20250208,ST005,PRD006,1303,42,58,55,1348,0,0,False
INV00007690,20250209,ST005,PRD006,1348,23,38,34,1375,0,0,False
INV00007691,20250210,ST005,PRD006,1375,19,40,34,1400,0,0,False
INV00007692,20250211,ST005,PRD006,1400,28,30,35,1423,0,0,False
INV00007693,20250212,ST005,PRD006,1423,31,33,26,1461,0,0,False
INV00007694,20250213,ST005,PRD006,1461,24,35,33,1487,0,0,False
INV00007695,20250214,ST005,PRD006,1487,23,43,37,1516,0,0,False
INV00007696,20250215,ST005,PRD006,1516,34,41,35,1556,0,0,False
INV00007697,20250216,ST005,PRD006,1556,29,53,44,1594,0,0,False
INV00007698,20250217,ST005,PRD006,1594,38,40,34,1638,0,0,False
INV00007699,20250218,ST005,PRD006,1638,37,33,35,1673,0,0,False
INV00007700,20250219,ST005,PRD006,1673,29,27,27,1702,0,0,False
INV00007701,20250220,ST005,PRD006,1702,16,28,26,1720,0,0,False
INV00007702,20250221,ST005,PRD006,1720,13,19,21,1731,0,0,False
INV00007703,20250222,ST005,PRD006,1731,27,32,34,1756,0,0,False
INV00007704,20250223,ST005,PRD006,1756,18,26,31,1769,0,0,False
INV00007705,20250224,ST005,PRD006,1769,30,41,41,1799,0,0,False
INV00007706,20250225,ST005,PRD006,1799,38,55,43,1849,0,0,False
INV00007707,20250226,ST005,PRD006,1849,26,38,41,1872,0,0,False
INV00007708,20250227,ST005,PRD006,1872,16,31,25,1894,0,0,False
INV00007709,20250228,ST005,PRD006,1894,28,32,32,1922,0,0,False
INV00007710,20250301,ST005,PRD006,1922,41,34,35,1962,0,0,False
INV00007711,20250302,ST005,PRD006,1962,27,57,47,1999,0,0,False
INV00007712,20250303,ST005,PRD006,1999,24,47,37,2033,0,0,False
INV00007713,20250304,ST005,PRD006,2033,28,40,38,2063,0,0,False
INV00007714,20250305,ST005,PRD006,2063,21,39,33,2090,0,0,False
INV00007715,20250306,ST005,PRD006,2090,32,45,41,2126,0,0,False
INV00007716,20250307,ST005,PRD006,2126,43,72,59,2182,0,0,False
INV00007717,20250308,ST005,PRD006,2182,45,68,58,2237,0,0,False
INV00007718,20250309,ST005,PRD006,2237,43,49,52,2277,0,0,False
INV00007719,20250310,ST005,PRD006,2277,19,29,34,2291,0,0,False
INV00007720,20250311,ST005,PRD006,2291,52,62,49,2356,0,0,False
INV00007721,20250312,ST005,PRD006,2356,28,25,29,2380,0,0,False
INV00007722,20250313,ST005,PRD006,2380,36,52,47,2421,0,0,False
INV00007723,20250314,ST005,PRD006,2421,29,46,53,2443,0,0,False
INV00007724,20250315,ST005,PRD006,2443,33,52,50,2478,0,0,False
INV00007725,20250316,ST005,PRD006,2478,33,50,46,2515,0,0,False
INV00007726,20250317,ST005,PRD006,2515,28,29,31,2541,0,0,False
INV00007727,20250318,ST005,PRD006,2541,38,40,32,2587,0,0,False
INV00007728,20250319,ST005,PRD006,2587,17,26,30,2600,0,0,False
INV00007729,20250320,ST005,PRD006,2600,25,32,29,2628,0,0,False
INV00007730,20250321,ST005,PRD006,2628,39,41,33,2675,0,0,False
INV00007731,20250322,ST005,PRD006,2675,24,19,22,2696,0,0,False
INV00007732,20250323,ST005,PRD006,2696,16,23,25,2710,0,0,False
INV00007733,20250324,ST005,PRD006,2710,46,33,39,2750,0,0,False
INV00007734,20250325,ST005,PRD006,2750,38,38,41,2785,0,0,False
INV00007735,20250326,ST005,PRD006,2785,43,36,36,2828,0,0,False
INV00007736,20250327,ST005,PRD006,2828,36,34,36,2862,0,0,False
INV00007737,20250328,ST005,PRD006,2862,33,39,34,2900,0,0,False
INV00007738,20250329,ST005,PRD006,2900,46,43,39,2950,0,0,False
INV00007739,20250330,ST005,PRD006,2950,46,44,47,2993,0,0,False
INV00007740,20250331,ST005,PRD006,2993,31,37,43,3018,0,0,False
INV00007741,20250101,ST005,PRD007,30,32,34,31,65,0,0,False
INV00007742,20250102,ST005,PRD007,65,25,30,25,95,0,0,False
INV00007743,20250103,ST005,PRD007,95,53,56,45,159,0,0,False
INV00007744,20250104,ST005,PRD007,159,23,23,24,181,0,0,False
INV00007745,20250105,ST005,PRD007,181,12,28,22,199,0,0,False
INV00007746,20250106,ST005,PRD007,199,14,26,27,212,0,0,False
INV00007747,20250107,ST005,PRD007,212,42,35,37,252,0,0,False
INV00007748,20250108,ST005,PRD007,252,34,45,42,289,0,0,False
INV00007749,20250109,ST005,PRD007,289,37,42,43,325,0,0,False
INV00007750,20250110,ST005,PRD007,325,29,31,28,357,0,0,False
INV00007751,20250111,ST005,PRD007,357,21,24,25,377,0,0,False
INV00007752,20250112,ST005,PRD007,377,42,41,42,418,0,0,False
INV00007753,20250113,ST005,PRD007,418,16,32,32,434,0,0,False
INV00007754,20250114,ST005,PRD007,434,26,60,50,470,0,0,False
INV00007755,20250115,ST005,PRD007,470,30,34,29,505,0,0,False
INV00007756,20250116,ST005,PRD007,505,16,35,28,528,0,0,False
INV00007757,20250117,ST005,PRD007,528,16,26,24,546,0,0,False
INV00007758,20250118,ST005,PRD007,546,42,55,52,591,0,0,False
INV00007759,20250119,ST005,PRD007,591,20,35,30,616,0,0,False
INV00007760,20250120,ST005,PRD007,616,24,58,43,655,0,0,False
INV00007761,20250121,ST005,PRD007,655,23,35,38,675,0,0,False
INV00007762,20250122,ST005,PRD007,675,25,28,29,699,0,0,False
INV00007763,20250123,ST005,PRD007,699,30,47,47,729,0,0,False
INV00007764,20250124,ST005,PRD007,729,15,21,20,745,0,0,False
INV00007765,20250125,ST005,PRD007,745,41,42,43,785,0,0,False
INV00007766,20250126,ST005,PRD007,785,22,40,33,814,0,0,False
INV00007767,20250127,ST005,PRD007,814,44,51,44,865,0,0,False
INV00007768,20250128,ST005,PRD007,865,45,43,38,915,0,0,False
INV00007769,20250129,ST005,PRD007,915,22,28,27,938,0,0,False
INV00007770,20250130,ST005,PRD007,938,50,54,45,997,0,0,False
INV00007771,20250131,ST005,PRD007,997,24,37,41,1017,0,0,False
INV00007772,20250201,ST005,PRD007,1017,38,70,52,1073,0,0,False
INV00007773,20250202,ST005,PRD007,1073,37,37,35,1112,0,0,False
INV00007774,20250203,ST005,PRD007,1112,13,27,24,1128,0,0,False
INV00007775,20250204,ST005,PRD007,1128,20,23,19,1152,0,0,False
INV00007776,20250205,ST005,PRD007,1152,23,36,29,1182,0,0,False
INV00007777,20250206,ST005,PRD007,1182,18,19,17,1202,0,0,False
INV00007778,20250207,ST005,PRD007,1202,44,46,43,1249,0,0,False
INV00007779,20250208,ST005,PRD007,1249,28,40,42,1275,0,0,False
INV00007780,20250209,ST005,PRD007,1275,40,46,39,1322,0,0,False
INV00007781,20250210,ST005,PRD007,1322,29,47,39,1359,0,0,False
INV00007782,20250211,ST005,PRD007,1359,28,54,44,1397,0,0,False
INV00007783,20250212,ST005,PRD007,1397,11,21,21,1408,0,0,False
INV00007784,20250213,ST005,PRD007,1408,27,22,24,1433,0,0,False
INV00007785,20250214,ST005,PRD007,1433,38,36,32,1475,0,0,False
INV00007786,20250215,ST005,PRD007,1475,59,57,56,1535,0,0,False
INV00007787,20250216,ST005,PRD007,1535,34,33,34,1568,0,0,False
INV00007788,20250217,ST005,PRD007,1568,26,41,40,1595,0,0,False
INV00007789,20250218,ST005,PRD007,1595,50,48,45,1648,0,0,False
INV00007790,20250219,ST005,PRD007,1648,38,42,44,1684,0,0,False
INV00007791,20250220,ST005,PRD007,1684,19,39,31,1711,0,0,False
INV00007792,20250221,ST005,PRD007,1711,17,19,18,1729,0,0,False
INV00007793,20250222,ST005,PRD007,1729,20,36,36,1749,0,0,False
INV00007794,20250223,ST005,PRD007,1749,21,22,25,1767,0,0,False
INV00007795,20250224,ST005,PRD007,1767,43,44,37,1817,0,0,False
INV00007796,20250225,ST005,PRD007,1817,14,28,26,1833,0,0,False
INV00007797,20250226,ST005,PRD007,1833,31,26,26,1864,0,0,False
INV00007798,20250227,ST005,PRD007,1864,54,50,47,1921,0,0,False
INV00007799,20250228,ST005,PRD007,1921,14,27,23,1939,0,0,False
INV00007800,20250301,ST005,PRD007,1939,16,27,25,1957,0,0,False
INV00007801,20250302,ST005,PRD007,1957,54,65,61,2015,0,0,False
INV00007802,20250303,ST005,PRD007,2015,35,34,33,2051,0,0,False
INV00007803,20250304,ST005,PRD007,2051,28,40,44,2075,0,0,False
INV00007804,20250305,ST005,PRD007,2075,18,18,21,2090,0,0,False
INV00007805,20250306,ST005,PRD007,2090,23,32,29,2116,0,0,False
INV00007806,20250307,ST005,PRD007,2116,20,26,24,2138,0,0,False
INV00007807,20250308,ST005,PRD007,2138,31,66,50,2185,0,0,False
INV00007808,20250309,ST005,PRD007,2185,40,68,62,2231,0,0,False
INV00007809,20250310,ST005,PRD007,2231,17,25,21,2252,0,0,False
INV00007810,20250311,ST005,PRD007,2252,28,36,30,2286,0,0,False
INV00007811,20250312,ST005,PRD007,2286,27,51,38,2326,0,0,False
INV00007812,20250313,ST005,PRD007,2326,55,68,61,2388,0,0,False
INV00007813,20250314,ST005,PRD007,2388,45,44,38,2439,0,0,False
INV00007814,20250315,ST005,PRD007,2439,25,38,39,2463,0,0,False
INV00007815,20250316,ST005,PRD007,2463,63,71,57,2540,0,0,False
INV00007816,20250317,ST005,PRD007,2540,23,28,27,2564,0,0,False
INV00007817,20250318,ST005,PRD007,2564,52,56,45,2627,0,0,False
INV00007818,20250319,ST005,PRD007,2627,44,51,58,2664,0,0,False
INV00007819,20250320,ST005,PRD007,2664,31,37,41,2691,0,0,False
INV00007820,20250321,ST005,PRD007,2691,34,41,41,2725,0,0,False
INV00007821,20250322,ST005,PRD007,2725,29,34,36,2752,0,0,False
INV00007822,20250323,ST005,PRD007,2752,51,65,55,2813,0,0,False
INV00007823,20250324,ST005,PRD007,2813,18,26,22,2835,0,0,False
INV00007824,20250325,ST005,PRD007,2835,29,57,48,2873,0,0,False
INV00007825,20250326,ST005,PRD007,2873,28,31,24,2908,0,0,False
INV00007826,20250327,ST005,PRD007,2908,35,47,42,2948,0,0,False
INV00007827,20250328,ST005,PRD007,2948,27,31,26,2980,0,0,False
INV00007828,20250329,ST005,PRD007,2980,55,67,69,3033,0,0,False
INV00007829,20250330,ST005,PRD007,3033,13,28,23,3051,0,0,False
INV00007830,20250331,ST005,PRD007,3051,27,26,24,3080,0,0,False
INV00007831,20250101,ST005,PRD008,19,45,56,49,71,0,0,False
INV00007832,20250102,ST005,PRD008,71,23,36,38,92,0,0,False
INV00007833,20250103,ST005,PRD008,92,44,45,44,137,0,0,False
INV00007834,20250104,ST005,PRD008,137,22,34,33,160,0,0,False
INV00007835,20250105,ST005,PRD008,160,44,52,53,203,0,0,False
INV00007836,20250106,ST005,PRD008,203,33,36,40,232,0,0,False
INV00007837,20250107,ST005,PRD008,232,26,31,34,255,0,0,False
INV00007838,20250108,ST005,PRD008,255,37,43,40,295,0,0,False
INV00007839,20250109,ST005,PRD008,295,20,48,37,326,0,0,False
INV00007840,20250110,ST005,PRD008,326,17,34,29,348,0,0,False
INV00007841,20250111,ST005,PRD008,348,27,35,33,377,0,0,False
INV00007842,20250112,ST005,PRD008,377,19,31,31,396,0,0,False
INV00007843,20250113,ST005,PRD008,396,22,30,34,414,0,0,False
INV00007844,20250114,ST005,PRD008,414,22,38,44,430,0,0,False
INV00007845,20250115,ST005,PRD008,430,37,41,43,465,0,0,False
INV00007846,20250116,ST005,PRD008,465,42,41,42,506,0,0,False
INV00007847,20250117,ST005,PRD008,506,24,33,29,534,0,0,False
INV00007848,20250118,ST005,PRD008,534,75,77,65,621,0,0,False
INV00007849,20250119,ST005,PRD008,621,38,32,33,658,0,0,False
INV00007850,20250120,ST005,PRD008,658,48,41,41,706,0,0,False
INV00007851,20250121,ST005,PRD008,706,23,32,30,731,0,0,False
INV00007852,20250122,ST005,PRD008,731,30,36,36,761,0,0,False
INV00007853,20250123,ST005,PRD008,761,20,22,21,782,0,0,False
INV00007854,20250124,ST005,PRD008,782,35,42,38,821,0,0,False
INV00007855,20250125,ST005,PRD008,821,30,36,38,849,0,0,False
INV00007856,20250126,ST005,PRD008,849,31,71,58,893,0,0,False
INV00007857,20250127,ST005,PRD008,893,60,59,52,960,0,0,False
INV00007858,20250128,ST005,PRD008,960,34,53,44,1003,0,0,False
INV00007859,20250129,ST005,PRD008,1003,33,41,37,1040,0,0,False
INV00007860,20250130,ST005,PRD008,1040,28,46,44,1070,0,0,False
INV00007861,20250131,ST005,PRD008,1070,34,46,42,1108,0,0,False
INV00007862,20250201,ST005,PRD008,1108,32,49,47,1142,0,0,False
INV00007863,20250202,ST005,PRD008,1142,71,72,62,1223,0,0,False
INV00007864,20250203,ST005,PRD008,1223,29,30,29,1253,0,0,False
INV00007865,20250204,ST005,PRD008,1253,33,33,38,1281,0,0,False
INV00007866,20250205,ST005,PRD008,1281,25,27,30,1303,0,0,False
INV00007867,20250206,ST005,PRD008,1303,19,20,19,1323,0,0,False
INV00007868,20250207,ST005,PRD008,1323,32,39,32,1362,0,0,False
INV00007869,20250208,ST005,PRD008,1362,48,59,50,1419,0,0,False
INV00007870,20250209,ST005,PRD008,1419,32,27,28,1450,0,0,False
INV00007871,20250210,ST005,PRD008,1450,37,41,36,1492,0,0,False
INV00007872,20250211,ST005,PRD008,1492,29,42,44,1519,0,0,False
INV00007873,20250212,ST005,PRD008,1519,16,38,30,1543,0,0,False
INV00007874,20250213,ST005,PRD008,1543,38,34,36,1579,0,0,False
INV00007875,20250214,ST005,PRD008,1579,29,27,31,1604,0,0,False
INV00007876,20250215,ST005,PRD008,1604,51,55,52,1658,0,0,False
INV00007877,20250216,ST005,PRD008,1658,46,54,47,1711,0,0,False
INV00007878,20250217,ST005,PRD008,1711,37,41,39,1750,0,0,False
INV00007879,20250218,ST005,PRD008,1750,27,45,39,1783,0,0,False
INV00007880,20250219,ST005,PRD008,1783,25,37,31,1814,0,0,False
INV00007881,20250220,ST005,PRD008,1814,35,42,36,1855,0,0,False
INV00007882,20250221,ST005,PRD008,1855,19,29,28,1875,0,0,False
INV00007883,20250222,ST005,PRD008,1875,43,49,47,1920,0,0,False
INV00007884,20250223,ST005,PRD008,1920,48,42,41,1969,0,0,False
INV00007885,20250224,ST005,PRD008,1969,44,42,40,2015,0,0,False
INV00007886,20250225,ST005,PRD008,2015,15,30,29,2031,0,0,False
INV00007887,20250226,ST005,PRD008,2031,33,30,32,2062,0,0,False
INV00007888,20250227,ST005,PRD008,2062,26,34,27,2095,0,0,False
INV00007889,20250228,ST005,PRD008,2095,40,39,35,2139,0,0,False
INV00007890,20250301,ST005,PRD008,2139,35,54,45,2183,0,0,False
INV00007891,20250302,ST005,PRD008,2183,30,37,33,2217,0,0,False
INV00007892,20250303,ST005,PRD008,2217,24,21,21,2241,0,0,False
INV00007893,20250304,ST005,PRD008,2241,14,16,16,2255,0,0,False
INV00007894,20250305,ST005,PRD008,2255,27,52,43,2291,0,0,False
INV00007895,20250306,ST005,PRD008,2291,41,50,52,2330,0,0,False
INV00007896,20250307,ST005,PRD008,2330,26,29,24,2361,0,0,False
INV00007897,20250308,ST005,PRD008,2361,26,45,39,2393,0,0,False
INV00007898,20250309,ST005,PRD008,2393,26,38,36,2421,0,0,False
INV00007899,20250310,ST005,PRD008,2421,28,26,24,2451,0,0,False
INV00007900,20250311,ST005,PRD008,2451,54,53,56,2502,0,0,False
INV00007901,20250312,ST005,PRD008,2502,18,27,24,2523,0,0,False
INV00007902,20250313,ST005,PRD008,2523,18,23,25,2539,0,0,False
INV00007903,20250314,ST005,PRD008,2539,40,45,51,2573,0,0,False
INV00007904,20250315,ST005,PRD008,2573,36,28,32,2605,0,0,False
INV00007905,20250316,ST005,PRD008,2605,65,74,64,2680,0,0,False
INV00007906,20250317,ST005,PRD008,2680,16,25,29,2692,0,0,False
INV00007907,20250318,ST005,PRD008,2692,33,31,35,2721,0,0,False
INV00007908,20250319,ST005,PRD008,2721,24,19,23,2741,0,0,False
INV00007909,20250320,ST005,PRD008,2741,20,23,27,2757,0,0,False
INV00007910,20250321,ST005,PRD008,2757,23,47,38,2789,0,0,False
INV00007911,20250322,ST005,PRD008,2789,70,60,68,2851,0,0,False
INV00007912,20250323,ST005,PRD008,2851,58,45,50,2904,0,0,False
INV00007913,20250324,ST005,PRD008,2904,41,61,53,2953,0,0,False
INV00007914,20250325,ST005,PRD008,2953,16,21,22,2968,0,0,False
INV00007915,20250326,ST005,PRD008,2968,63,46,53,3024,0,0,False
INV00007916,20250327,ST005,PRD008,3024,42,42,39,3069,0,0,False
INV00007917,20250328,ST005,PRD008,3069,13,24,25,3081,0,0,False
INV00007918,20250329,ST005,PRD008,3081,27,49,50,3107,0,0,False
INV00007919,20250330,ST005,PRD008,3107,57,63,58,3169,0,0,False
INV00007920,20250331,ST005,PRD008,3169,27,37,31,3202,0,0,False
INV00007921,20250101,ST005,PRD009,30,17,21,24,44,0,0,False
INV00007922,20250102,ST005,PRD009,44,21,29,26,68,0,0,False
INV00007923,20250103,ST005,PRD009,68,13,22,21,82,0,0,False
INV00007924,20250104,ST005,PRD009,82,15,32,23,106,0,0,False
INV00007925,20250105,ST005,PRD009,106,15,26,26,121,0,0,False
INV00007926,20250106,ST005,PRD009,121,16,17,19,135,0,0,False
INV00007927,20250107,ST005,PRD009,135,20,25,24,156,0,0,False
INV00007928,20250108,ST005,PRD009,156,9,18,15,168,0,0,False
INV00007929,20250109,ST005,PRD009,168,16,16,18,182,0,0,False
INV00007930,20250110,ST005,PRD009,182,12,24,19,199,0,0,False
INV00007931,20250111,ST005,PRD009,199,12,22,19,214,0,0,False
INV00007932,20250112,ST005,PRD009,214,30,31,29,246,0,0,False
INV00007933,20250113,ST005,PRD009,246,30,31,28,279,0,0,False
INV00007934,20250114,ST005,PRD009,279,18,33,29,301,0,0,False
INV00007935,20250115,ST005,PRD009,301,32,29,27,335,0,0,False
INV00007936,20250116,ST005,PRD009,335,22,25,20,362,0,0,False
INV00007937,20250117,ST005,PRD009,362,19,25,24,382,0,0,False
INV00007938,20250118,ST005,PRD009,382,26,26,23,411,0,0,False
INV00007939,20250119,ST005,PRD009,411,21,35,37,430,0,0,False
INV00007940,20250120,ST005,PRD009,430,14,17,15,446,0,0,False
INV00007941,20250121,ST005,PRD009,446,8,13,14,453,0,0,False
INV00007942,20250122,ST005,PRD009,453,11,25,19,470,0,0,False
INV00007943,20250123,ST005,PRD009,470,16,29,27,488,0,0,False
INV00007944,20250124,ST005,PRD009,488,8,17,15,498,0,0,False
INV00007945,20250125,ST005,PRD009,498,16,33,31,516,0,0,False
INV00007946,20250126,ST005,PRD009,516,13,16,19,526,0,0,False
INV00007947,20250127,ST005,PRD009,526,22,28,26,550,0,0,False
INV00007948,20250128,ST005,PRD009,550,12,15,12,565,0,0,False
INV00007949,20250129,ST005,PRD009,565,15,35,29,586,0,0,False
INV00007950,20250130,ST005,PRD009,586,13,21,19,601,0,0,False
INV00007951,20250131,ST005,PRD009,601,19,14,16,618,0,0,False
INV00007952,20250201,ST005,PRD009,618,20,19,21,636,0,0,False
INV00007953,20250202,ST005,PRD009,636,29,27,28,664,0,0,False
INV00007954,20250203,ST005,PRD009,664,17,37,32,686,0,0,False
INV00007955,20250204,ST005,PRD009,686,16,26,24,704,0,0,False
INV00007956,20250205,ST005,PRD009,704,16,18,15,723,0,0,False
INV00007957,20250206,ST005,PRD009,723,14,19,18,738,0,0,False
INV00007958,20250207,ST005,PRD009,738,24,33,28,767,0,0,False
INV00007959,20250208,ST005,PRD009,767,36,29,31,801,0,0,False
INV00007960,20250209,ST005,PRD009,801,10,17,14,814,0,0,False
INV00007961,20250210,ST005,PRD009,814,16,24,19,835,0,0,False
INV00007962,20250211,ST005,PRD009,835,29,28,28,864,0,0,False
INV00007963,20250212,ST005,PRD009,864,29,33,31,895,0,0,False
INV00007964,20250213,ST005,PRD009,895,21,27,29,914,0,0,False
INV00007965,20250214,ST005,PRD009,914,17,22,17,936,0,0,False
INV00007966,20250215,ST005,PRD009,936,22,27,30,955,0,0,False
INV00007967,20250216,ST005,PRD009,955,15,21,21,970,0,0,False
INV00007968,20250217,ST005,PRD009,970,9,15,14,980,0,0,False
INV00007969,20250218,ST005,PRD009,980,14,18,19,993,0,0,False
INV00007970,20250219,ST005,PRD009,993,18,27,23,1015,0,0,False
INV00007971,20250220,ST005,PRD009,1015,34,35,37,1047,0,0,False
INV00007972,20250221,ST005,PRD009,1047,33,37,28,1089,0,0,False
INV00007973,20250222,ST005,PRD009,1089,30,26,27,1118,0,0,False
INV00007974,20250223,ST005,PRD009,1118,34,33,32,1153,0,0,False
INV00007975,20250224,ST005,PRD009,1153,13,27,25,1168,0,0,False
INV00007976,20250225,ST005,PRD009,1168,24,22,22,1192,0,0,False
INV00007977,20250226,ST005,PRD009,1192,14,22,18,1210,0,0,False
INV00007978,20250227,ST005,PRD009,1210,23,24,21,1236,0,0,False
INV00007979,20250228,ST005,PRD009,1236,20,20,17,1259,0,0,False
INV00007980,20250301,ST005,PRD009,1259,22,40,42,1279,0,0,False
INV00007981,20250302,ST005,PRD009,1279,13,26,22,1296,0,0,False
INV00007982,20250303,ST005,PRD009,1296,23,27,26,1320,0,0,False
INV00007983,20250304,ST005,PRD009,1320,26,24,22,1348,0,0,False
INV00007984,20250305,ST005,PRD009,1348,17,19,17,1367,0,0,False
INV00007985,20250306,ST005,PRD009,1367,18,32,26,1391,0,0,False
INV00007986,20250307,ST005,PRD009,1391,17,22,21,1409,0,0,False
INV00007987,20250308,ST005,PRD009,1409,16,17,16,1426,0,0,False
INV00007988,20250309,ST005,PRD009,1426,32,30,29,1459,0,0,False
INV00007989,20250310,ST005,PRD009,1459,15,16,18,1472,0,0,False
INV00007990,20250311,ST005,PRD009,1472,42,37,44,1507,0,0,False
INV00007991,20250312,ST005,PRD009,1507,15,37,29,1530,0,0,False
INV00007992,20250313,ST005,PRD009,1530,28,30,30,1558,0,0,False
INV00007993,20250314,ST005,PRD009,1558,13,13,11,1573,0,0,False
INV00007994,20250315,ST005,PRD009,1573,33,42,45,1603,0,0,False
INV00007995,20250316,ST005,PRD009,1603,23,32,24,1634,0,0,False
INV00007996,20250317,ST005,PRD009,1634,20,21,18,1657,0,0,False
INV00007997,20250318,ST005,PRD009,1657,40,34,34,1697,0,0,False
INV00007998,20250319,ST005,PRD009,1697,16,15,16,1712,0,0,False
INV00007999,20250320,ST005,PRD009,1712,17,16,17,1728,0,0,False
INV00008000,20250321,ST005,PRD009,1728,17,27,26,1746,0,0,False
INV00008001,20250322,ST005,PRD009,1746,14,15,17,1758,0,0,False
INV00008002,20250323,ST005,PRD009,1758,15,14,15,1772,0,0,False
INV00008003,20250324,ST005,PRD009,1772,19,17,18,1790,0,0,False
INV00008004,20250325,ST005,PRD009,1790,12,19,16,1805,0,0,False
INV00008005,20250326,ST005,PRD009,1805,31,22,27,1831,0,0,False
INV00008006,20250327,ST005,PRD009,1831,15,15,13,1848,0,0,False
INV00008007,20250328,ST005,PRD009,1848,12,17,15,1862,0,0,False
INV00008008,20250329,ST005,PRD009,1862,42,47,44,1907,0,0,False
INV00008009,20250330,ST005,PRD009,1907,36,38,36,1945,0,0,False
INV00008010,20250331,ST005,PRD009,1945,14,24,24,1959,0,0,False
INV00008011,20250101,ST005,PRD010,22,11,16,16,33,0,0,False
INV00008012,20250102,ST005,PRD010,33,13,22,21,47,0,0,False
INV00008013,20250103,ST005,PRD010,47,7,13,12,55,0,0,False
INV00008014,20250104,ST005,PRD010,55,27,31,31,82,0,0,False
INV00008015,20250105,ST005,PRD010,82,14,15,15,96,0,0,False
INV00008016,20250106,ST005,PRD010,96,18,18,16,116,0,0,False
INV00008017,20250107,ST005,PRD010,116,15,17,18,130,0,0,False
INV00008018,20250108,ST005,PRD010,130,9,16,16,139,0,0,False
INV00008019,20250109,ST005,PRD010,139,19,20,18,160,0,0,False
INV00008020,20250110,ST005,PRD010,160,14,16,19,171,0,0,False
INV00008021,20250111,ST005,PRD010,171,20,24,21,194,0,0,False
INV00008022,20250112,ST005,PRD010,194,12,15,14,207,0,0,False
INV00008023,20250113,ST005,PRD010,207,20,19,18,228,0,0,False
INV00008024,20250114,ST005,PRD010,228,15,26,24,245,0,0,False
INV00008025,20250115,ST005,PRD010,245,16,19,20,260,0,0,False
INV00008026,20250116,ST005,PRD010,260,9,15,15,269,0,0,False
INV00008027,20250117,ST005,PRD010,269,11,11,11,280,0,0,False
INV00008028,20250118,ST005,PRD010,280,15,21,23,293,0,0,False
INV00008029,20250119,ST005,PRD010,293,10,14,15,302,0,0,False
INV00008030,20250120,ST005,PRD010,302,16,19,16,321,0,0,False
INV00008031,20250121,ST005,PRD010,321,11,13,11,334,0,0,False
INV00008032,20250122,ST005,PRD010,334,7,15,13,343,0,0,False
INV00008033,20250123,ST005,PRD010,343,10,13,13,353,0,0,False
INV00008034,20250124,ST005,PRD010,353,16,15,16,368,0,0,False
INV00008035,20250125,ST005,PRD010,368,18,27,29,384,0,0,False
INV00008036,20250126,ST005,PRD010,384,33,30,29,418,0,0,False
INV00008037,20250127,ST005,PRD010,418,20,18,18,438,0,0,False
INV00008038,20250128,ST005,PRD010,438,20,21,19,460,0,0,False
INV00008039,20250129,ST005,PRD010,460,13,18,20,471,0,0,False
INV00008040,20250130,ST005,PRD010,471,8,11,12,478,0,0,False
INV00008041,20250131,ST005,PRD010,478,8,8,9,485,0,0,False
INV00008042,20250201,ST005,PRD010,485,23,23,20,511,0,0,False
INV00008043,20250202,ST005,PRD010,511,9,18,15,523,0,0,False
INV00008044,20250203,ST005,PRD010,523,10,13,16,530,0,0,False
INV00008045,20250204,ST005,PRD010,530,8,8,9,537,0,0,False
INV00008046,20250205,ST005,PRD010,537,17,20,17,557,0,0,False
INV00008047,20250206,ST005,PRD010,557,10,19,17,569,0,0,False
INV00008048,20250207,ST005,PRD010,569,27,32,27,601,0,0,False
INV00008049,20250208,ST005,PRD010,601,28,23,25,627,0,0,False
INV00008050,20250209,ST005,PRD010,627,14,12,12,641,0,0,False
INV00008051,20250210,ST005,PRD010,641,9,11,9,652,0,0,False
INV00008052,20250211,ST005,PRD010,652,17,19,18,670,0,0,False
INV00008053,20250212,ST005,PRD010,670,27,24,28,693,0,0,False
INV00008054,20250213,ST005,PRD010,693,15,22,19,711,0,0,False
INV00008055,20250214,ST005,PRD010,711,22,26,22,737,0,0,False
INV00008056,20250215,ST005,PRD010,737,12,13,12,750,0,0,False
INV00008057,20250216,ST005,PRD010,750,13,21,17,767,0,0,False
INV00008058,20250217,ST005,PRD010,767,13,15,14,781,0,0,False
INV00008059,20250218,ST005,PRD010,781,16,23,18,802,0,0,False
INV00008060,20250219,ST005,PRD010,802,14,16,13,819,0,0,False
INV00008061,20250220,ST005,PRD010,819,10,9,9,829,0,0,False
INV00008062,20250221,ST005,PRD010,829,9,17,13,842,0,0,False
INV00008063,20250222,ST005,PRD010,842,23,44,40,869,0,0,False
INV00008064,20250223,ST005,PRD010,869,9,15,16,877,0,0,False
INV00008065,20250224,ST005,PRD010,877,10,22,18,891,0,0,False
INV00008066,20250225,ST005,PRD010,891,24,24,24,915,0,0,False
INV00008067,20250226,ST005,PRD010,915,17,17,15,934,0,0,False
INV00008068,20250227,ST005,PRD010,934,18,19,18,953,0,0,False
INV00008069,20250228,ST005,PRD010,953,11,21,19,966,0,0,False
INV00008070,20250301,ST005,PRD010,966,11,14,15,976,0,0,False
INV00008071,20250302,ST005,PRD010,976,24,26,22,1004,0,0,False
INV00008072,20250303,ST005,PRD010,1004,27,28,23,1036,0,0,False
INV00008073,20250304,ST005,PRD010,1036,30,39,33,1072,0,0,False
INV00008074,20250305,ST005,PRD010,1072,8,18,16,1082,0,0,False
INV00008075,20250306,ST005,PRD010,1082,4,8,8,1086,0,0,False
INV00008076,20250307,ST005,PRD010,1086,16,23,18,1107,0,0,False
INV00008077,20250308,ST005,PRD010,1107,23,19,21,1128,0,0,False
INV00008078,20250309,ST005,PRD010,1128,31,27,26,1160,0,0,False
INV00008079,20250310,ST005,PRD010,1160,16,20,22,1174,0,0,False
INV00008080,20250311,ST005,PRD010,1174,28,33,37,1198,0,0,False
INV00008081,20250312,ST005,PRD010,1198,10,12,10,1210,0,0,False
INV00008082,20250313,ST005,PRD010,1210,25,23,24,1234,0,0,False
INV00008083,20250314,ST005,PRD010,1234,16,23,19,1254,0,0,False
INV00008084,20250315,ST005,PRD010,1254,12,15,13,1268,0,0,False
INV00008085,20250316,ST005,PRD010,1268,16,28,24,1288,0,0,False
INV00008086,20250317,ST005,PRD010,1288,16,21,20,1305,0,0,False
INV00008087,20250318,ST005,PRD010,1305,11,16,13,1319,0,0,False
INV00008088,20250319,ST005,PRD010,1319,22,26,27,1340,0,0,False
INV00008089,20250320,ST005,PRD010,1340,7,12,11,1348,0,0,False
INV00008090,20250321,ST005,PRD010,1348,15,13,13,1363,0,0,False
INV00008091,20250322,ST005,PRD010,1363,18,21,17,1385,0,0,False
INV00008092,20250323,ST005,PRD010,1385,24,37,28,1418,0,0,False
INV00008093,20250324,ST005,PRD010,1418,16,25,19,1440,0,0,False
INV00008094,20250325,ST005,PRD010,1440,18,22,20,1460,0,0,False
INV00008095,20250326,ST005,PRD010,1460,7,11,12,1466,0,0,False
INV00008096,20250327,ST005,PRD010,1466,16,22,17,1487,0,0,False
INV00008097,20250328,ST005,PRD010,1487,18,20,17,1508,0,0,False
INV00008098,20250329,ST005,PRD010,1508,39,47,39,1555,0,0,False
INV00008099,20250330,ST005,PRD010,1555,29,41,32,1593,0,0,False
INV00008100,20250331,ST005,PRD010,1593,14,18,19,1606,0,0,False
INV00008101,20250101,ST005,PRD011,13,19,34,28,38,0,0,False
INV00008102,20250102,ST005,PRD011,38,22,23,20,63,0,0,False
INV00008103,20250103,ST005,PRD011,63,29,33,32,93,0,0,False
INV00008104,20250104,ST005,PRD011,93,24,31,25,123,0,0,False
INV00008105,20250105,ST005,PRD011,123,16,24,25,138,0,0,False
INV00008106,20250106,ST005,PRD011,138,11,20,16,153,0,0,False
INV00008107,20250107,ST005,PRD011,153,19,22,16,178,0,0,False
INV00008108,20250108,ST005,PRD011,178,10,20,18,190,0,0,False
INV00008109,20250109,ST005,PRD011,190,19,24,18,215,0,0,False
INV00008110,20250110,ST005,PRD011,215,16,23,27,227,0,0,False
INV00008111,20250111,ST005,PRD011,227,29,25,29,252,0,0,False
INV00008112,20250112,ST005,PRD011,252,21,22,19,276,0,0,False
INV00008113,20250113,ST005,PRD011,276,28,23,24,303,0,0,False
INV00008114,20250114,ST005,PRD011,303,11,21,17,318,0,0,False
INV00008115,20250115,ST005,PRD011,318,40,37,39,356,0,0,False
INV00008116,20250116,ST005,PRD011,356,25,24,22,383,0,0,False
INV00008117,20250117,ST005,PRD011,383,17,19,16,403,0,0,False
INV00008118,20250118,ST005,PRD011,403,36,39,33,445,0,0,False
INV00008119,20250119,ST005,PRD011,445,36,43,36,488,0,0,False
INV00008120,20250120,ST005,PRD011,488,22,35,31,514,0,0,False
INV00008121,20250121,ST005,PRD011,514,20,22,19,537,0,0,False
INV00008122,20250122,ST005,PRD011,537,15,16,13,555,0,0,False
INV00008123,20250123,ST005,PRD011,555,20,39,33,581,0,0,False
INV00008124,20250124,ST005,PRD011,581,16,31,31,597,0,0,False
INV00008125,20250125,ST005,PRD011,597,32,46,41,634,0,0,False
INV00008126,20250126,ST005,PRD011,634,19,23,24,652,0,0,False
INV00008127,20250127,ST005,PRD011,652,12,15,14,665,0,0,False
INV00008128,20250128,ST005,PRD011,665,25,44,34,700,0,0,False
INV00008129,20250129,ST005,PRD011,700,11,18,14,715,0,0,False
INV00008130,20250130,ST005,PRD011,715,18,38,32,739,0,0,False
INV00008131,20250131,ST005,PRD011,739,25,31,25,770,0,0,False
INV00008132,20250201,ST005,PRD011,770,20,30,28,792,0,0,False
INV00008133,20250202,ST005,PRD011,792,31,36,27,832,0,0,False
INV00008134,20250203,ST005,PRD011,832,28,33,28,865,0,0,False
INV00008135,20250204,ST005,PRD011,865,30,31,34,892,0,0,False
INV00008136,20250205,ST005,PRD011,892,21,46,37,922,0,0,False
INV00008137,20250206,ST005,PRD011,922,24,32,33,945,0,0,False
INV00008138,20250207,ST005,PRD011,945,28,27,27,973,0,0,False
INV00008139,20250208,ST005,PRD011,973,25,22,23,997,0,0,False
INV00008140,20250209,ST005,PRD011,997,15,38,28,1022,0,0,False
INV00008141,20250210,ST005,PRD011,1022,29,31,25,1057,0,0,False
INV00008142,20250211,ST005,PRD011,1057,16,24,22,1075,0,0,False
INV00008143,20250212,ST005,PRD011,1075,26,37,27,1111,0,0,False
INV00008144,20250213,ST005,PRD011,1111,11,14,12,1124,0,0,False
INV00008145,20250214,ST005,PRD011,1124,12,13,15,1134,0,0,False
INV00008146,20250215,ST005,PRD011,1134,21,32,25,1162,0,0,False
INV00008147,20250216,ST005,PRD011,1162,25,26,22,1191,0,0,False
INV00008148,20250217,ST005,PRD011,1191,10,20,16,1205,0,0,False
INV00008149,20250218,ST005,PRD011,1205,21,20,20,1226,0,0,False
INV00008150,20250219,ST005,PRD011,1226,10,15,16,1235,0,0,False
INV00008151,20250220,ST005,PRD011,1235,15,15,16,1249,0,0,False
INV00008152,20250221,ST005,PRD011,1249,18,22,24,1265,0,0,False
INV00008153,20250222,ST005,PRD011,1265,22,25,20,1292,0,0,False
INV00008154,20250223,ST005,PRD011,1292,18,28,31,1307,0,0,False
INV00008155,20250224,ST005,PRD011,1307,25,29,24,1337,0,0,False
INV00008156,20250225,ST005,PRD011,1337,23,19,21,1358,0,0,False
INV00008157,20250226,ST005,PRD011,1358,12,18,16,1372,0,0,False
INV00008158,20250227,ST005,PRD011,1372,30,26,25,1403,0,0,False
INV00008159,20250228,ST005,PRD011,1403,29,35,30,1437,0,0,False
INV00008160,20250301,ST005,PRD011,1437,8,15,13,1447,0,0,False
INV00008161,20250302,ST005,PRD011,1447,18,38,34,1469,0,0,False
INV00008162,20250303,ST005,PRD011,1469,25,38,33,1499,0,0,False
INV00008163,20250304,ST005,PRD011,1499,22,30,27,1524,0,0,False
INV00008164,20250305,ST005,PRD011,1524,17,16,15,1542,0,0,False
INV00008165,20250306,ST005,PRD011,1542,11,18,19,1552,0,0,False
INV00008166,20250307,ST005,PRD011,1552,28,38,32,1586,0,0,False
INV00008167,20250308,ST005,PRD011,1586,15,23,20,1604,0,0,False
INV00008168,20250309,ST005,PRD011,1604,15,21,19,1621,0,0,False
INV00008169,20250310,ST005,PRD011,1621,8,16,14,1631,0,0,False
INV00008170,20250311,ST005,PRD011,1631,20,18,20,1649,0,0,False
INV00008171,20250312,ST005,PRD011,1649,14,26,21,1668,0,0,False
INV00008172,20250313,ST005,PRD011,1668,18,33,31,1688,0,0,False
INV00008173,20250314,ST005,PRD011,1688,16,17,20,1701,0,0,False
INV00008174,20250315,ST005,PRD011,1701,20,34,28,1727,0,0,False
INV00008175,20250316,ST005,PRD011,1727,23,32,25,1757,0,0,False
INV00008176,20250317,ST005,PRD011,1757,7,14,11,1767,0,0,False
INV00008177,20250318,ST005,PRD011,1767,16,19,16,1786,0,0,False
INV00008178,20250319,ST005,PRD011,1786,23,22,22,1809,0,0,False
INV00008179,20250320,ST005,PRD011,1809,42,42,35,1858,0,0,False
INV00008180,20250321,ST005,PRD011,1858,27,34,28,1891,0,0,False
INV00008181,20250322,ST005,PRD011,1891,21,46,37,1921,0,0,False
INV00008182,20250323,ST005,PRD011,1921,29,39,35,1954,0,0,False
INV00008183,20250324,ST005,PRD011,1954,33,35,31,1991,0,0,False
INV00008184,20250325,ST005,PRD011,1991,22,33,29,2017,0,0,False
INV00008185,20250326,ST005,PRD011,2017,26,29,28,2044,0,0,False
INV00008186,20250327,ST005,PRD011,2044,20,29,25,2068,0,0,False
INV00008187,20250328,ST005,PRD011,2068,11,20,21,2078,0,0,False
INV00008188,20250329,ST005,PRD011,2078,16,31,27,2098,0,0,False
INV00008189,20250330,ST005,PRD011,2098,24,53,41,2134,0,0,False
INV00008190,20250331,ST005,PRD011,2134,28,28,29,2161,0,0,False
INV00008191,20250101,ST005,PRD012,26,24,44,37,57,0,0,False
INV00008192,20250102,ST005,PRD012,57,33,35,36,89,0,0,False
INV00008193,20250103,ST005,PRD012,89,54,51,45,149,0,0,False
INV00008194,20250104,ST005,PRD012,149,25,35,30,179,0,0,False
INV00008195,20250105,ST005,PRD012,179,23,21,23,200,0,0,False
INV00008196,20250106,ST005,PRD012,200,11,19,20,210,0,0,False
INV00008197,20250107,ST005,PRD012,210,42,55,46,261,0,0,False
INV00008198,20250108,ST005,PRD012,261,17,18,22,274,0,0,False
INV00008199,20250109,ST005,PRD012,274,42,46,35,327,0,0,False
INV00008200,20250110,ST005,PRD012,327,30,35,30,362,0,0,False
INV00008201,20250111,ST005,PRD012,362,30,43,42,393,0,0,False
INV00008202,20250112,ST005,PRD012,393,19,41,33,420,0,0,False
INV00008203,20250113,ST005,PRD012,420,21,32,29,444,0,0,False
INV00008204,20250114,ST005,PRD012,444,37,35,37,479,0,0,False
INV00008205,20250115,ST005,PRD012,479,32,35,29,517,0,0,False
INV00008206,20250116,ST005,PRD012,517,18,18,21,532,0,0,False
INV00008207,20250117,ST005,PRD012,532,35,46,45,568,0,0,False
INV00008208,20250118,ST005,PRD012,568,25,26,25,594,0,0,False
INV00008209,20250119,ST005,PRD012,594,19,25,24,614,0,0,False
INV00008210,20250120,ST005,PRD012,614,27,28,25,644,0,0,False
INV00008211,20250121,ST005,PRD012,644,43,42,41,688,0,0,False
INV00008212,20250122,ST005,PRD012,688,11,14,13,700,0,0,False
INV00008213,20250123,ST005,PRD012,700,21,45,38,728,0,0,False
INV00008214,20250124,ST005,PRD012,728,25,28,23,758,0,0,False
INV00008215,20250125,ST005,PRD012,758,38,47,43,800,0,0,False
INV00008216,20250126,ST005,PRD012,800,32,32,30,834,0,0,False
INV00008217,20250127,ST005,PRD012,834,24,28,25,861,0,0,False
INV00008218,20250128,ST005,PRD012,861,24,23,23,885,0,0,False
INV00008219,20250129,ST005,PRD012,885,10,19,15,899,0,0,False
INV00008220,20250130,ST005,PRD012,899,23,29,24,927,0,0,False
INV00008221,20250131,ST005,PRD012,927,13,24,23,941,0,0,False
INV00008222,20250201,ST005,PRD012,941,28,29,25,973,0,0,False
INV00008223,20250202,ST005,PRD012,973,36,36,36,1009,0,0,False
INV00008224,20250203,ST005,PRD012,1009,16,41,31,1035,0,0,False
INV00008225,20250204,ST005,PRD012,1035,19,26,23,1057,0,0,False
INV00008226,20250205,ST005,PRD012,1057,9,15,13,1068,0,0,False
INV00008227,20250206,ST005,PRD012,1068,20,49,37,1100,0,0,False
INV00008228,20250207,ST005,PRD012,1100,25,31,28,1128,0,0,False
INV00008229,20250208,ST005,PRD012,1128,27,28,28,1155,0,0,False
INV00008230,20250209,ST005,PRD012,1155,22,32,39,1170,0,0,False
INV00008231,20250210,ST005,PRD012,1170,29,47,43,1203,0,0,False
INV00008232,20250211,ST005,PRD012,1203,17,21,17,1224,0,0,False
INV00008233,20250212,ST005,PRD012,1224,23,44,41,1250,0,0,False
INV00008234,20250213,ST005,PRD012,1250,15,28,26,1267,0,0,False
INV00008235,20250214,ST005,PRD012,1267,19,31,27,1290,0,0,False
INV00008236,20250215,ST005,PRD012,1290,22,17,19,1310,0,0,False
INV00008237,20250216,ST005,PRD012,1310,14,27,22,1329,0,0,False
INV00008238,20250217,ST005,PRD012,1329,33,25,28,1359,0,0,False
INV00008239,20250218,ST005,PRD012,1359,24,24,25,1382,0,0,False
INV00008240,20250219,ST005,PRD012,1382,22,35,32,1407,0,0,False
INV00008241,20250220,ST005,PRD012,1407,12,21,22,1418,0,0,False
INV00008242,20250221,ST005,PRD012,1418,28,30,24,1452,0,0,False
INV00008243,20250222,ST005,PRD012,1452,39,30,34,1487,0,0,False
INV00008244,20250223,ST005,PRD012,1487,23,32,33,1509,0,0,False
INV00008245,20250224,ST005,PRD012,1509,33,46,38,1550,0,0,False
INV00008246,20250225,ST005,PRD012,1550,13,19,21,1561,0,0,False
INV00008247,20250226,ST005,PRD012,1561,25,39,30,1595,0,0,False
INV00008248,20250227,ST005,PRD012,1595,19,29,26,1617,0,0,False
INV00008249,20250228,ST005,PRD012,1617,26,21,23,1641,0,0,False
INV00008250,20250301,ST005,PRD012,1641,26,21,22,1666,0,0,False
INV00008251,20250302,ST005,PRD012,1666,38,38,41,1701,0,0,False
INV00008252,20250303,ST005,PRD012,1701,29,36,34,1732,0,0,False
INV00008253,20250304,ST005,PRD012,1732,30,29,31,1760,0,0,False
INV00008254,20250305,ST005,PRD012,1760,23,23,24,1782,0,0,False
INV00008255,20250306,ST005,PRD012,1782,6,13,12,1789,0,0,False
INV00008256,20250307,ST005,PRD012,1789,19,45,36,1817,0,0,False
INV00008257,20250308,ST005,PRD012,1817,16,29,26,1836,0,0,False
INV00008258,20250309,ST005,PRD012,1836,21,20,19,1858,0,0,False
INV00008259,20250310,ST005,PRD012,1858,16,23,25,1872,0,0,False
INV00008260,20250311,ST005,PRD012,1872,13,21,22,1884,0,0,False
INV00008261,20250312,ST005,PRD012,1884,27,32,31,1912,0,0,False
INV00008262,20250313,ST005,PRD012,1912,35,36,38,1945,0,0,False
INV00008263,20250314,ST005,PRD012,1945,27,41,39,1974,0,0,False
INV00008264,20250315,ST005,PRD012,1974,50,53,49,2028,0,0,False
INV00008265,20250316,ST005,PRD012,2028,21,27,27,2049,0,0,False
INV00008266,20250317,ST005,PRD012,2049,20,27,23,2073,0,0,False
INV00008267,20250318,ST005,PRD012,2073,10,17,14,2086,0,0,False
INV00008268,20250319,ST005,PRD012,2086,19,18,20,2103,0,0,False
INV00008269,20250320,ST005,PRD012,2103,9,19,15,2116,0,0,False
INV00008270,20250321,ST005,PRD012,2116,19,21,23,2133,0,0,False
INV00008271,20250322,ST005,PRD012,2133,29,26,25,2163,0,0,False
INV00008272,20250323,ST005,PRD012,2163,33,39,34,2201,0,0,False
INV00008273,20250324,ST005,PRD012,2201,22,17,19,2221,0,0,False
INV00008274,20250325,ST005,PRD012,2221,8,17,14,2232,0,0,False
INV00008275,20250326,ST005,PRD012,2232,18,32,28,2254,0,0,False
INV00008276,20250327,ST005,PRD012,2254,17,19,18,2272,0,0,False
INV00008277,20250328,ST005,PRD012,2272,25,35,36,2296,0,0,False
INV00008278,20250329,ST005,PRD012,2296,38,50,40,2344,0,0,False
INV00008279,20250330,ST005,PRD012,2344,24,32,25,2375,0,0,False
INV00008280,20250331,ST005,PRD012,2375,18,17,18,2392,0,0,False
INV00008281,20250101,ST005,PRD013,28,22,23,23,50,0,0,False
INV00008282,20250102,ST005,PRD013,50,26,24,24,76,0,0,False
INV00008283,20250103,ST005,PRD013,76,19,25,21,99,0,0,False
INV00008284,20250104,ST005,PRD013,99,26,34,33,126,0,0,False
INV00008285,20250105,ST005,PRD013,126,21,40,34,153,0,0,False
INV00008286,20250106,ST005,PRD013,153,33,23,28,181,0,0,False
INV00008287,20250107,ST005,PRD013,181,24,27,30,202,0,0,False
INV00008288,20250108,ST005,PRD013,202,16,27,31,214,0,0,False
INV00008289,20250109,ST005,PRD013,214,20,21,22,233,0,0,False
INV00008290,20250110,ST005,PRD013,233,12,19,21,243,0,0,False
INV00008291,20250111,ST005,PRD013,243,16,29,27,261,0,0,False
INV00008292,20250112,ST005,PRD013,261,23,34,40,278,0,0,False
INV00008293,20250113,ST005,PRD013,278,23,31,26,306,0,0,False
INV00008294,20250114,ST005,PRD013,306,17,39,32,330,0,0,False
INV00008295,20250115,ST005,PRD013,330,28,31,30,359,0,0,False
INV00008296,20250116,ST005,PRD013,359,20,27,26,380,0,0,False
INV00008297,20250117,ST005,PRD013,380,14,21,19,396,0,0,False
INV00008298,20250118,ST005,PRD013,396,18,35,26,423,0,0,False
INV00008299,20250119,ST005,PRD013,423,44,43,40,470,0,0,False
INV00008300,20250120,ST005,PRD013,470,14,24,22,486,0,0,False
INV00008301,20250121,ST005,PRD013,486,17,35,33,505,0,0,False
INV00008302,20250122,ST005,PRD013,505,18,21,23,521,0,0,False
INV00008303,20250123,ST005,PRD013,521,24,22,20,547,0,0,False
INV00008304,20250124,ST005,PRD013,547,21,29,28,569,0,0,False
INV00008305,20250125,ST005,PRD013,569,22,46,39,598,0,0,False
INV00008306,20250126,ST005,PRD013,598,40,33,35,636,0,0,False
INV00008307,20250127,ST005,PRD013,636,12,17,19,646,0,0,False
INV00008308,20250128,ST005,PRD013,646,23,29,23,675,0,0,False
INV00008309,20250129,ST005,PRD013,675,11,18,16,688,0,0,False
INV00008310,20250130,ST005,PRD013,688,28,30,26,720,0,0,False
INV00008311,20250131,ST005,PRD013,720,26,29,31,744,0,0,False
INV00008312,20250201,ST005,PRD013,744,20,22,23,763,0,0,False
INV00008313,20250202,ST005,PRD013,763,34,41,34,804,0,0,False
INV00008314,20250203,ST005,PRD013,804,29,31,26,838,0,0,False
INV00008315,20250204,ST005,PRD013,838,32,48,36,882,0,0,False
INV00008316,20250205,ST005,PRD013,882,21,23,23,903,0,0,False
INV00008317,20250206,ST005,PRD013,903,37,35,33,942,0,0,False
INV00008318,20250207,ST005,PRD013,942,17,30,28,961,0,0,False
INV00008319,20250208,ST005,PRD013,961,49,51,42,1019,0,0,False
INV00008320,20250209,ST005,PRD013,1019,19,29,25,1042,0,0,False
INV00008321,20250210,ST005,PRD013,1042,11,18,15,1056,0,0,False
INV00008322,20250211,ST005,PRD013,1056,29,31,28,1088,0,0,False
INV00008323,20250212,ST005,PRD013,1088,44,32,37,1127,0,0,False
INV00008324,20250213,ST005,PRD013,1127,18,23,21,1147,0,0,False
INV00008325,20250214,ST005,PRD013,1147,31,34,34,1178,0,0,False
INV00008326,20250215,ST005,PRD013,1178,34,29,31,1210,0,0,False
INV00008327,20250216,ST005,PRD013,1210,21,28,25,1234,0,0,False
INV00008328,20250217,ST005,PRD013,1234,11,16,18,1243,0,0,False
INV00008329,20250218,ST005,PRD013,1243,14,30,27,1260,0,0,False
INV00008330,20250219,ST005,PRD013,1260,33,42,38,1297,0,0,False
INV00008331,20250220,ST005,PRD013,1297,15,25,24,1313,0,0,False
INV00008332,20250221,ST005,PRD013,1313,20,31,34,1330,0,0,False
INV00008333,20250222,ST005,PRD013,1330,18,25,24,1349,0,0,False
INV00008334,20250223,ST005,PRD013,1349,26,34,26,1383,0,0,False
INV00008335,20250224,ST005,PRD013,1383,19,31,36,1397,0,0,False
INV00008336,20250225,ST005,PRD013,1397,20,22,20,1419,0,0,False
INV00008337,20250226,ST005,PRD013,1419,27,29,23,1452,0,0,False
INV00008338,20250227,ST005,PRD013,1452,19,21,19,1473,0,0,False
INV00008339,20250228,ST005,PRD013,1473,18,31,26,1496,0,0,False
INV00008340,20250301,ST005,PRD013,1496,29,36,31,1530,0,0,False
INV00008341,20250302,ST005,PRD013,1530,45,52,45,1582,0,0,False
INV00008342,20250303,ST005,PRD013,1582,19,33,30,1604,0,0,False
INV00008343,20250304,ST005,PRD013,1604,20,20,17,1627,0,0,False
INV00008344,20250305,ST005,PRD013,1627,24,20,23,1648,0,0,False
INV00008345,20250306,ST005,PRD013,1648,15,17,18,1662,0,0,False
INV00008346,20250307,ST005,PRD013,1662,16,25,23,1680,0,0,False
INV00008347,20250308,ST005,PRD013,1680,36,42,45,1713,0,0,False
INV00008348,20250309,ST005,PRD013,1713,30,28,26,1745,0,0,False
INV00008349,20250310,ST005,PRD013,1745,32,34,29,1782,0,0,False
INV00008350,20250311,ST005,PRD013,1782,39,40,36,1825,0,0,False
INV00008351,20250312,ST005,PRD013,1825,11,14,16,1834,0,0,False
INV00008352,20250313,ST005,PRD013,1834,43,46,39,1884,0,0,False
INV00008353,20250314,ST005,PRD013,1884,43,39,37,1929,0,0,False
INV00008354,20250315,ST005,PRD013,1929,24,34,30,1957,0,0,False
INV00008355,20250316,ST005,PRD013,1957,12,20,17,1972,0,0,False
INV00008356,20250317,ST005,PRD013,1972,14,27,24,1989,0,0,False
INV00008357,20250318,ST005,PRD013,1989,26,58,47,2026,0,0,False
INV00008358,20250319,ST005,PRD013,2026,35,36,35,2062,0,0,False
INV00008359,20250320,ST005,PRD013,2062,19,16,16,2081,0,0,False
INV00008360,20250321,ST005,PRD013,2081,11,19,18,2093,0,0,False
INV00008361,20250322,ST005,PRD013,2093,10,16,18,2101,0,0,False
INV00008362,20250323,ST005,PRD013,2101,36,37,35,2139,0,0,False
INV00008363,20250324,ST005,PRD013,2139,27,31,30,2167,0,0,False
INV00008364,20250325,ST005,PRD013,2167,26,39,31,2201,0,0,False
INV00008365,20250326,ST005,PRD013,2201,24,19,22,2222,0,0,False
INV00008366,20250327,ST005,PRD013,2222,22,20,19,2245,0,0,False
INV00008367,20250328,ST005,PRD013,2245,22,26,27,2266,0,0,False
INV00008368,20250329,ST005,PRD013,2266,14,17,16,2281,0,0,False
INV00008369,20250330,ST005,PRD013,2281,31,29,31,2310,0,0,False
INV00008370,20250331,ST005,PRD013,2310,16,18,19,2325,0,0,False
INV00008371,20250101,ST005,PRD014,26,18,22,18,48,0,0,False
INV00008372,20250102,ST005,PRD014,48,19,17,19,65,0,0,False
INV00008373,20250103,ST005,PRD014,65,26,32,30,93,0,0,False
INV00008374,20250104,ST005,PRD014,93,10,21,17,107,0,0,False
INV00008375,20250105,ST005,PRD014,107,19,46,37,135,0,0,False
INV00008376,20250106,ST005,PRD014,135,9,18,14,148,0,0,False
INV00008377,20250107,ST005,PRD014,148,29,34,27,184,0,0,False
INV00008378,20250108,ST005,PRD014,184,11,22,21,196,0,0,False
INV00008379,20250109,ST005,PRD014,196,22,31,27,222,0,0,False
INV00008380,20250110,ST005,PRD014,222,22,25,25,244,0,0,False
INV00008381,20250111,ST005,PRD014,244,16,22,21,261,0,0,False
INV00008382,20250112,ST005,PRD014,261,54,53,45,323,0,0,False
INV00008383,20250113,ST005,PRD014,323,13,13,13,336,0,0,False
INV00008384,20250114,ST005,PRD014,336,30,30,26,370,0,0,False
INV00008385,20250115,ST005,PRD014,370,30,23,25,398,0,0,False
INV00008386,20250116,ST005,PRD014,398,14,12,12,412,0,0,False
INV00008387,20250117,ST005,PRD014,412,13,14,13,426,0,0,False
INV00008388,20250118,ST005,PRD014,426,15,33,29,445,0,0,False
INV00008389,20250119,ST005,PRD014,445,26,29,32,468,0,0,False
INV00008390,20250120,ST005,PRD014,468,21,32,34,487,0,0,False
INV00008391,20250121,ST005,PRD014,487,12,11,10,500,0,0,False
INV00008392,20250122,ST005,PRD014,500,21,23,20,524,0,0,False
INV00008393,20250123,ST005,PRD014,524,18,21,16,547,0,0,False
INV00008394,20250124,ST005,PRD014,547,11,15,17,556,0,0,False
INV00008395,20250125,ST005,PRD014,556,30,37,39,584,0,0,False
INV00008396,20250126,ST005,PRD014,584,20,39,33,610,0,0,False
INV00008397,20250127,ST005,PRD014,610,16,21,21,626,0,0,False
INV00008398,20250128,ST005,PRD014,626,17,34,31,646,0,0,False
INV00008399,20250129,ST005,PRD014,646,29,34,34,675,0,0,False
INV00008400,20250130,ST005,PRD014,675,7,12,11,683,0,0,False
INV00008401,20250131,ST005,PRD014,683,26,19,22,706,0,0,False
INV00008402,20250201,ST005,PRD014,706,19,26,26,725,0,0,False
INV00008403,20250202,ST005,PRD014,725,29,25,30,749,0,0,False
INV00008404,20250203,ST005,PRD014,749,18,18,17,768,0,0,False
INV00008405,20250204,ST005,PRD014,768,19,22,17,792,0,0,False
INV00008406,20250205,ST005,PRD014,792,32,33,29,828,0,0,False
INV00008407,20250206,ST005,PRD014,828,20,33,29,852,0,0,False
INV00008408,20250207,ST005,PRD014,852,18,23,22,871,0,0,False
INV00008409,20250208,ST005,PRD014,871,25,36,37,895,0,0,False
INV00008410,20250209,ST005,PRD014,895,16,38,32,917,0,0,False
INV00008411,20250210,ST005,PRD014,917,27,30,29,945,0,0,False
INV00008412,20250211,ST005,PRD014,945,16,23,20,964,0,0,False
INV00008413,20250212,ST005,PRD014,964,39,34,34,1003,0,0,False
INV00008414,20250213,ST005,PRD014,1003,15,13,13,1018,0,0,False
INV00008415,20250214,ST005,PRD014,1018,39,32,33,1056,0,0,False
INV00008416,20250215,ST005,PRD014,1056,14,18,16,1072,0,0,False
INV00008417,20250216,ST005,PRD014,1072,29,28,26,1103,0,0,False
INV00008418,20250217,ST005,PRD014,1103,28,20,24,1127,0,0,False
INV00008419,20250218,ST005,PRD014,1127,24,19,21,1149,0,0,False
INV00008420,20250219,ST005,PRD014,1149,22,18,20,1169,0,0,False
INV00008421,20250220,ST005,PRD014,1169,14,24,25,1182,0,0,False
INV00008422,20250221,ST005,PRD014,1182,10,26,20,1198,0,0,False
INV00008423,20250222,ST005,PRD014,1198,37,46,45,1236,0,0,False
INV00008424,20250223,ST005,PRD014,1236,27,49,38,1274,0,0,False
INV00008425,20250224,ST005,PRD014,1274,18,36,32,1296,0,0,False
INV00008426,20250225,ST005,PRD014,1296,24,30,32,1318,0,0,False
INV00008427,20250226,ST005,PRD014,1318,17,18,17,1336,0,0,False
INV00008428,20250227,ST005,PRD014,1336,9,11,12,1344,0,0,False
INV00008429,20250228,ST005,PRD014,1344,10,16,19,1351,0,0,False
INV00008430,20250301,ST005,PRD014,1351,16,24,20,1371,0,0,False
INV00008431,20250302,ST005,PRD014,1371,12,18,19,1382,0,0,False
INV00008432,20250303,ST005,PRD014,1382,27,30,31,1408,0,0,False
INV00008433,20250304,ST005,PRD014,1408,23,18,20,1429,0,0,False
INV00008434,20250305,ST005,PRD014,1429,14,19,18,1444,0,0,False
INV00008435,20250306,ST005,PRD014,1444,31,24,27,1472,0,0,False
INV00008436,20250307,ST005,PRD014,1472,12,32,24,1492,0,0,False
INV00008437,20250308,ST005,PRD014,1492,28,31,27,1524,0,0,False
INV00008438,20250309,ST005,PRD014,1524,12,22,18,1540,0,0,False
INV00008439,20250310,ST005,PRD014,1540,28,33,34,1567,0,0,False
INV00008440,20250311,ST005,PRD014,1567,14,19,18,1582,0,0,False
INV00008441,20250312,ST005,PRD014,1582,26,47,35,1620,0,0,False
INV00008442,20250313,ST005,PRD014,1620,19,21,17,1643,0,0,False
INV00008443,20250314,ST005,PRD014,1643,32,43,36,1682,0,0,False
INV00008444,20250315,ST005,PRD014,1682,21,28,30,1701,0,0,False
INV00008445,20250316,ST005,PRD014,1701,20,20,17,1724,0,0,False
INV00008446,20250317,ST005,PRD014,1724,27,27,28,1750,0,0,False
INV00008447,20250318,ST005,PRD014,1750,14,20,17,1767,0,0,False
INV00008448,20250319,ST005,PRD014,1767,22,40,36,1793,0,0,False
INV00008449,20250320,ST005,PRD014,1793,28,30,27,1824,0,0,False
INV00008450,20250321,ST005,PRD014,1824,14,25,27,1836,0,0,False
INV00008451,20250322,ST005,PRD014,1836,36,37,32,1877,0,0,False
INV00008452,20250323,ST005,PRD014,1877,29,32,29,1909,0,0,False
INV00008453,20250324,ST005,PRD014,1909,14,34,25,1932,0,0,False
INV00008454,20250325,ST005,PRD014,1932,16,21,23,1946,0,0,False
INV00008455,20250326,ST005,PRD014,1946,18,33,30,1967,0,0,False
INV00008456,20250327,ST005,PRD014,1967,15,20,19,1983,0,0,False
INV00008457,20250328,ST005,PRD014,1983,8,15,11,1995,0,0,False
INV00008458,20250329,ST005,PRD014,1995,12,26,23,2010,0,0,False
INV00008459,20250330,ST005,PRD014,2010,16,16,17,2025,0,0,False
INV00008460,20250331,ST005,PRD014,2025,21,19,18,2047,0,0,False
INV00008461,20250101,ST005,PRD015,18,9,14,15,26,0,0,False
INV00008462,20250102,ST005,PRD015,26,24,36,28,58,0,0,False
INV00008463,20250103,ST005,PRD015,58,25,28,29,82,0,0,False
INV00008464,20250104,ST005,PRD015,82,28,31,29,112,0,0,False
INV00008465,20250105,ST005,PRD015,112,32,60,54,150,0,0,False
INV00008466,20250106,ST005,PRD015,150,29,31,28,182,0,0,False
INV00008467,20250107,ST005,PRD015,182,26,24,25,207,0,0,False
INV00008468,20250108,ST005,PRD015,207,28,39,36,238,0,0,False
INV00008469,20250109,ST005,PRD015,238,21,22,21,260,0,0,False
INV00008470,20250110,ST005,PRD015,260,15,15,15,275,0,0,False
INV00008471,20250111,ST005,PRD015,275,37,34,34,312,0,0,False
INV00008472,20250112,ST005,PRD015,312,17,29,29,329,0,0,False
INV00008473,20250113,ST005,PRD015,329,44,43,38,378,0,0,False
INV00008474,20250114,ST005,PRD015,378,25,22,24,401,0,0,False
INV00008475,20250115,ST005,PRD015,401,22,34,37,420,0,0,False
INV00008476,20250116,ST005,PRD015,420,14,21,19,436,0,0,False
INV00008477,20250117,ST005,PRD015,436,9,20,18,447,0,0,False
INV00008478,20250118,ST005,PRD015,447,22,30,22,477,0,0,False
INV00008479,20250119,ST005,PRD015,477,12,27,22,494,0,0,False
INV00008480,20250120,ST005,PRD015,494,24,20,22,516,0,0,False
INV00008481,20250121,ST005,PRD015,516,22,36,27,547,0,0,False
INV00008482,20250122,ST005,PRD015,547,19,21,21,566,0,0,False
INV00008483,20250123,ST005,PRD015,566,21,44,42,589,0,0,False
INV00008484,20250124,ST005,PRD015,589,18,28,22,613,0,0,False
INV00008485,20250125,ST005,PRD015,613,15,26,22,632,0,0,False
INV00008486,20250126,ST005,PRD015,632,19,41,34,658,0,0,False
INV00008487,20250127,ST005,PRD015,658,16,24,20,678,0,0,False
INV00008488,20250128,ST005,PRD015,678,17,16,18,693,0,0,False
INV00008489,20250129,ST005,PRD015,693,26,29,26,722,0,0,False
INV00008490,20250130,ST005,PRD015,722,18,32,29,743,0,0,False
INV00008491,20250131,ST005,PRD015,743,23,40,33,773,0,0,False
INV00008492,20250201,ST005,PRD015,773,27,46,46,800,0,0,False
INV00008493,20250202,ST005,PRD015,800,16,22,24,814,0,0,False
INV00008494,20250203,ST005,PRD015,814,29,31,29,845,0,0,False
INV00008495,20250204,ST005,PRD015,845,14,19,15,863,0,0,False
INV00008496,20250205,ST005,PRD015,863,28,35,35,891,0,0,False
INV00008497,20250206,ST005,PRD015,891,19,22,23,909,0,0,False
INV00008498,20250207,ST005,PRD015,909,25,24,24,934,0,0,False
INV00008499,20250208,ST005,PRD015,934,18,29,31,950,0,0,False
INV00008500,20250209,ST005,PRD015,950,26,24,26,974,0,0,False
INV00008501,20250210,ST005,PRD015,974,26,37,28,1009,0,0,False
INV00008502,20250211,ST005,PRD015,1009,16,32,26,1031,0,0,False
INV00008503,20250212,ST005,PRD015,1031,31,31,28,1065,0,0,False
INV00008504,20250213,ST005,PRD015,1065,28,28,30,1091,0,0,False
INV00008505,20250214,ST005,PRD015,1091,29,58,48,1130,0,0,False
INV00008506,20250215,ST005,PRD015,1130,25,51,43,1163,0,0,False
INV00008507,20250216,ST005,PRD015,1163,29,39,37,1194,0,0,False
INV00008508,20250217,ST005,PRD015,1194,26,38,38,1220,0,0,False
INV00008509,20250218,ST005,PRD015,1220,23,39,37,1245,0,0,False
INV00008510,20250219,ST005,PRD015,1245,16,27,27,1261,0,0,False
INV00008511,20250220,ST005,PRD015,1261,13,24,25,1273,0,0,False
INV00008512,20250221,ST005,PRD015,1273,24,42,38,1301,0,0,False
INV00008513,20250222,ST005,PRD015,1301,35,29,32,1333,0,0,False
INV00008514,20250223,ST005,PRD015,1333,25,42,32,1368,0,0,False
INV00008515,20250224,ST005,PRD015,1368,29,42,34,1405,0,0,False
INV00008516,20250225,ST005,PRD015,1405,22,25,22,1430,0,0,False
INV00008517,20250226,ST005,PRD015,1430,56,46,47,1485,0,0,False
INV00008518,20250227,ST005,PRD015,1485,20,31,30,1506,0,0,False
INV00008519,20250228,ST005,PRD015,1506,10,14,13,1517,0,0,False
INV00008520,20250301,ST005,PRD015,1517,21,44,38,1544,0,0,False
INV00008521,20250302,ST005,PRD015,1544,26,43,33,1580,0,0,False
INV00008522,20250303,ST005,PRD015,1580,7,13,13,1587,0,0,False
INV00008523,20250304,ST005,PRD015,1587,14,27,24,1604,0,0,False
INV00008524,20250305,ST005,PRD015,1604,22,38,29,1635,0,0,False
INV00008525,20250306,ST005,PRD015,1635,21,17,18,1655,0,0,False
INV00008526,20250307,ST005,PRD015,1655,33,36,33,1691,0,0,False
INV00008527,20250308,ST005,PRD015,1691,28,47,41,1725,0,0,False
INV00008528,20250309,ST005,PRD015,1725,36,34,32,1763,0,0,False
INV00008529,20250310,ST005,PRD015,1763,24,48,39,1796,0,0,False
INV00008530,20250311,ST005,PRD015,1796,11,21,22,1806,0,0,False
INV00008531,20250312,ST005,PRD015,1806,37,39,38,1844,0,0,False
INV00008532,20250313,ST005,PRD015,1844,17,25,24,1862,0,0,False
INV00008533,20250314,ST005,PRD015,1862,15,27,22,1882,0,0,False
INV00008534,20250315,ST005,PRD015,1882,27,39,39,1909,0,0,False
INV00008535,20250316,ST005,PRD015,1909,29,28,31,1935,0,0,False
INV00008536,20250317,ST005,PRD015,1935,14,21,17,1953,0,0,False
INV00008537,20250318,ST005,PRD015,1953,13,23,19,1970,0,0,False
INV00008538,20250319,ST005,PRD015,1970,25,37,30,2002,0,0,False
INV00008539,20250320,ST005,PRD015,2002,13,19,18,2016,0,0,False
INV00008540,20250321,ST005,PRD015,2016,16,32,28,2036,0,0,False
INV00008541,20250322,ST005,PRD015,2036,45,44,46,2079,0,0,False
INV00008542,20250323,ST005,PRD015,2079,27,24,28,2102,0,0,False
INV00008543,20250324,ST005,PRD015,2102,29,32,28,2135,0,0,False
INV00008544,20250325,ST005,PRD015,2135,18,26,30,2149,0,0,False
INV00008545,20250326,ST005,PRD015,2149,28,43,37,2183,0,0,False
INV00008546,20250327,ST005,PRD015,2183,15,12,14,2196,0,0,False
INV00008547,20250328,ST005,PRD015,2196,30,35,29,2232,0,0,False
INV00008548,20250329,ST005,PRD015,2232,37,38,41,2266,0,0,False
INV00008549,20250330,ST005,PRD015,2266,30,30,32,2294,0,0,False
INV00008550,20250331,ST005,PRD015,2294,15,21,22,2308,0,0,False
INV00008551,20250101,ST005,PRD016,18,6,10,10,24,0,0,False
INV00008552,20250102,ST005,PRD016,24,15,24,19,44,0,0,False
INV00008553,20250103,ST005,PRD016,44,21,22,19,68,0,0,False
INV00008554,20250104,ST005,PRD016,68,7,15,12,78,0,0,False
INV00008555,20250105,ST005,PRD016,78,25,24,25,102,0,0,False
INV00008556,20250106,ST005,PRD016,102,5,10,9,108,0,0,False
INV00008557,20250107,ST005,PRD016,108,11,11,12,118,0,0,False
INV00008558,20250108,ST005,PRD016,118,26,30,23,151,0,0,False
INV00008559,20250109,ST005,PRD016,151,13,15,14,165,0,0,False
INV00008560,20250110,ST005,PRD016,165,5,7,8,169,0,0,False
INV00008561,20250111,ST005,PRD016,169,21,25,21,194,0,0,False
INV00008562,20250112,ST005,PRD016,194,25,23,22,220,0,0,False
INV00008563,20250113,ST005,PRD016,220,8,18,15,231,0,0,False
INV00008564,20250114,ST005,PRD016,231,19,21,21,250,0,0,False
INV00008565,20250115,ST005,PRD016,250,12,14,16,260,0,0,False
INV00008566,20250116,ST005,PRD016,260,17,17,17,277,0,0,False
INV00008567,20250117,ST005,PRD016,277,19,17,16,297,0,0,False
INV00008568,20250118,ST005,PRD016,297,17,27,27,314,0,0,False
INV00008569,20250119,ST005,PRD016,314,12,15,12,329,0,0,False
INV00008570,20250120,ST005,PRD016,329,6,13,11,337,0,0,False
INV00008571,20250121,ST005,PRD016,337,14,25,22,354,0,0,False
INV00008572,20250122,ST005,PRD016,354,9,9,10,362,0,0,False
INV00008573,20250123,ST005,PRD016,362,7,11,11,369,0,0,False
INV00008574,20250124,ST005,PRD016,369,25,22,22,394,0,0,False
INV00008575,20250125,ST005,PRD016,394,10,9,9,404,0,0,False
INV00008576,20250126,ST005,PRD016,404,26,24,23,431,0,0,False
INV00008577,20250127,ST005,PRD016,431,25,22,21,457,0,0,False
INV00008578,20250128,ST005,PRD016,457,9,8,8,466,0,0,False
INV00008579,20250129,ST005,PRD016,466,12,13,15,476,0,0,False
INV00008580,20250130,ST005,PRD016,476,11,12,11,488,0,0,False
INV00008581,20250131,ST005,PRD016,488,20,21,18,511,0,0,False
INV00008582,20250201,ST005,PRD016,511,10,21,19,523,0,0,False
INV00008583,20250202,ST005,PRD016,523,16,20,20,539,0,0,False
INV00008584,20250203,ST005,PRD016,539,20,19,17,561,0,0,False
INV00008585,20250204,ST005,PRD016,561,9,11,10,571,0,0,False
INV00008586,20250205,ST005,PRD016,571,7,17,14,581,0,0,False
INV00008587,20250206,ST005,PRD016,581,12,12,13,592,0,0,False
INV00008588,20250207,ST005,PRD016,592,17,16,17,608,0,0,False
INV00008589,20250208,ST005,PRD016,608,12,24,20,624,0,0,False
INV00008590,20250209,ST005,PRD016,624,10,20,18,636,0,0,False
INV00008591,20250210,ST005,PRD016,636,12,16,13,651,0,0,False
INV00008592,20250211,ST005,PRD016,651,12,12,11,664,0,0,False
INV00008593,20250212,ST005,PRD016,664,20,20,20,684,0,0,False
INV00008594,20250213,ST005,PRD016,684,16,15,16,699,0,0,False
INV00008595,20250214,ST005,PRD016,699,18,31,23,725,0,0,False
INV00008596,20250215,ST005,PRD016,725,28,30,29,754,0,0,False
INV00008597,20250216,ST005,PRD016,754,21,17,19,773,0,0,False
INV00008598,20250217,ST005,PRD016,773,8,8,7,782,0,0,False
INV00008599,20250218,ST005,PRD016,782,9,13,14,790,0,0,False
INV00008600,20250219,ST005,PRD016,790,19,20,19,810,0,0,False
INV00008601,20250220,ST005,PRD016,810,10,11,13,818,0,0,False
INV00008602,20250221,ST005,PRD016,818,23,25,22,844,0,0,False
INV00008603,20250222,ST005,PRD016,844,9,15,12,856,0,0,False
INV00008604,20250223,ST005,PRD016,856,13,20,19,870,0,0,False
INV00008605,20250224,ST005,PRD016,870,6,12,9,879,0,0,False
INV00008606,20250225,ST005,PRD016,879,7,12,12,886,0,0,False
INV00008607,20250226,ST005,PRD016,886,13,19,20,898,0,0,False
INV00008608,20250227,ST005,PRD016,898,16,14,16,912,0,0,False
INV00008609,20250228,ST005,PRD016,912,15,12,13,926,0,0,False
INV00008610,20250301,ST005,PRD016,926,17,17,16,944,0,0,False
INV00008611,20250302,ST005,PRD016,944,11,16,14,957,0,0,False
INV00008612,20250303,ST005,PRD016,957,19,20,19,977,0,0,False
INV00008613,20250304,ST005,PRD016,977,14,15,16,990,0,0,False
INV00008614,20250305,ST005,PRD016,990,8,14,11,1001,0,0,False
INV00008615,20250306,ST005,PRD016,1001,14,21,21,1015,0,0,False
INV00008616,20250307,ST005,PRD016,1015,7,8,7,1023,0,0,False
INV00008617,20250308,ST005,PRD016,1023,20,25,23,1045,0,0,False
INV00008618,20250309,ST005,PRD016,1045,7,14,12,1054,0,0,False
INV00008619,20250310,ST005,PRD016,1054,7,14,13,1062,0,0,False
INV00008620,20250311,ST005,PRD016,1062,11,19,17,1075,0,0,False
INV00008621,20250312,ST005,PRD016,1075,4,8,8,1079,0,0,False
INV00008622,20250313,ST005,PRD016,1079,8,17,13,1091,0,0,False
INV00008623,20250314,ST005,PRD016,1091,25,21,22,1115,0,0,False
INV00008624,20250315,ST005,PRD016,1115,20,17,17,1135,0,0,False
INV00008625,20250316,ST005,PRD016,1135,13,17,19,1146,0,0,False
INV00008626,20250317,ST005,PRD016,1146,15,18,14,1165,0,0,False
INV00008627,20250318,ST005,PRD016,1165,18,21,19,1185,0,0,False
INV00008628,20250319,ST005,PRD016,1185,11,17,16,1197,0,0,False
INV00008629,20250320,ST005,PRD016,1197,16,15,15,1213,0,0,False
INV00008630,20250321,ST005,PRD016,1213,14,19,16,1230,0,0,False
INV00008631,20250322,ST005,PRD016,1230,11,24,22,1243,0,0,False
INV00008632,20250323,ST005,PRD016,1243,17,25,23,1262,0,0,False
INV00008633,20250324,ST005,PRD016,1262,10,12,11,1273,0,0,False
INV00008634,20250325,ST005,PRD016,1273,11,18,14,1288,0,0,False
INV00008635,20250326,ST005,PRD016,1288,11,17,19,1297,0,0,False
INV00008636,20250327,ST005,PRD016,1297,8,8,8,1305,0,0,False
INV00008637,20250328,ST005,PRD016,1305,21,23,24,1325,0,0,False
INV00008638,20250329,ST005,PRD016,1325,11,13,11,1338,0,0,False
INV00008639,20250330,ST005,PRD016,1338,16,26,20,1360,0,0,False
INV00008640,20250331,ST005,PRD016,1360,20,25,22,1383,0,0,False
INV00008641,20250101,ST005,PRD017,20,15,13,13,35,0,0,False
INV00008642,20250102,ST005,PRD017,35,8,8,8,43,0,0,False
INV00008643,20250103,ST005,PRD017,43,4,7,8,46,0,0,False
INV00008644,20250104,ST005,PRD017,46,13,24,18,65,0,0,False
INV00008645,20250105,ST005,PRD017,65,13,14,13,79,0,0,False
INV00008646,20250106,ST005,PRD017,79,13,16,19,89,0,0,False
INV00008647,20250107,ST005,PRD017,89,7,9,10,95,0,0,False
INV00008648,20250108,ST005,PRD017,95,8,15,15,103,0,0,False
INV00008649,20250109,ST005,PRD017,103,18,22,19,124,0,0,False
INV00008650,20250110,ST005,PRD017,124,29,27,26,154,0,0,False
INV00008651,20250111,ST005,PRD017,154,21,21,18,178,0,0,False
INV00008652,20250112,ST005,PRD017,178,25,30,27,206,0,0,False
INV00008653,20250113,ST005,PRD017,206,13,12,13,218,0,0,False
INV00008654,20250114,ST005,PRD017,218,9,10,9,228,0,0,False
INV00008655,20250115,ST005,PRD017,228,22,24,19,255,0,0,False
INV00008656,20250116,ST005,PRD017,255,7,14,11,265,0,0,False
INV00008657,20250117,ST005,PRD017,265,23,20,24,284,0,0,False
INV00008658,20250118,ST005,PRD017,284,31,37,34,318,0,0,False
INV00008659,20250119,ST005,PRD017,318,15,28,23,338,0,0,False
INV00008660,20250120,ST005,PRD017,338,8,10,10,346,0,0,False
INV00008661,20250121,ST005,PRD017,346,7,12,10,355,0,0,False
INV00008662,20250122,ST005,PRD017,355,11,15,17,364,0,0,False
INV00008663,20250123,ST005,PRD017,364,16,21,17,384,0,0,False
INV00008664,20250124,ST005,PRD017,384,11,11,10,396,0,0,False
INV00008665,20250125,ST005,PRD017,396,17,30,22,421,0,0,False
INV00008666,20250126,ST005,PRD017,421,17,22,21,439,0,0,False
INV00008667,20250127,ST005,PRD017,439,12,12,12,451,0,0,False
INV00008668,20250128,ST005,PRD017,451,14,18,17,466,0,0,False
INV00008669,20250129,ST005,PRD017,466,10,19,17,478,0,0,False
INV00008670,20250130,ST005,PRD017,478,8,11,9,488,0,0,False
INV00008671,20250131,ST005,PRD017,488,8,10,9,497,0,0,False
INV00008672,20250201,ST005,PRD017,497,10,13,12,508,0,0,False
INV00008673,20250202,ST005,PRD017,508,13,13,12,522,0,0,False
INV00008674,20250203,ST005,PRD017,522,14,27,22,541,0,0,False
INV00008675,20250204,ST005,PRD017,541,22,24,24,563,0,0,False
INV00008676,20250205,ST005,PRD017,563,26,21,22,588,0,0,False
INV00008677,20250206,ST005,PRD017,588,6,11,9,596,0,0,False
INV00008678,20250207,ST005,PRD017,596,18,31,26,619,0,0,False
INV00008679,20250208,ST005,PRD017,619,14,18,19,632,0,0,False
INV00008680,20250209,ST005,PRD017,632,15,13,13,647,0,0,False
INV00008681,20250210,ST005,PRD017,647,30,30,28,679,0,0,False
INV00008682,20250211,ST005,PRD017,679,15,20,15,699,0,0,False
INV00008683,20250212,ST005,PRD017,699,15,25,23,716,0,0,False
INV00008684,20250213,ST005,PRD017,716,8,15,14,725,0,0,False
INV00008685,20250214,ST005,PRD017,725,14,16,18,737,0,0,False
INV00008686,20250215,ST005,PRD017,737,15,19,18,753,0,0,False
INV00008687,20250216,ST005,PRD017,753,19,17,20,769,0,0,False
INV00008688,20250217,ST005,PRD017,769,16,20,21,784,0,0,False
INV00008689,20250218,ST005,PRD017,784,9,11,9,795,0,0,False
INV00008690,20250219,ST005,PRD017,795,11,18,19,805,0,0,False
INV00008691,20250220,ST005,PRD017,805,18,17,18,822,0,0,False
INV00008692,20250221,ST005,PRD017,822,12,24,24,834,0,0,False
INV00008693,20250222,ST005,PRD017,834,11,19,20,844,0,0,False
INV00008694,20250223,ST005,PRD017,844,16,27,21,866,0,0,False
INV00008695,20250224,ST005,PRD017,866,10,18,18,876,0,0,False
INV00008696,20250225,ST005,PRD017,876,6,10,11,881,0,0,False
INV00008697,20250226,ST005,PRD017,881,10,9,9,891,0,0,False
INV00008698,20250227,ST005,PRD017,891,12,12,10,905,0,0,False
INV00008699,20250228,ST005,PRD017,905,11,19,19,916,0,0,False
INV00008700,20250301,ST005,PRD017,916,25,28,24,945,0,0,False
INV00008701,20250302,ST005,PRD017,945,10,16,14,957,0,0,False
INV00008702,20250303,ST005,PRD017,957,21,20,18,980,0,0,False
INV00008703,20250304,ST005,PRD017,980,18,23,20,1001,0,0,False
INV00008704,20250305,ST005,PRD017,1001,15,17,14,1019,0,0,False
INV00008705,20250306,ST005,PRD017,1019,6,13,12,1026,0,0,False
INV00008706,20250307,ST005,PRD017,1026,23,26,22,1053,0,0,False
INV00008707,20250308,ST005,PRD017,1053,11,16,13,1067,0,0,False
INV00008708,20250309,ST005,PRD017,1067,11,11,10,1079,0,0,False
INV00008709,20250310,ST005,PRD017,1079,13,14,12,1094,0,0,False
INV00008710,20250311,ST005,PRD017,1094,12,21,21,1106,0,0,False
INV00008711,20250312,ST005,PRD017,1106,12,20,20,1118,0,0,False
INV00008712,20250313,ST005,PRD017,1118,21,24,20,1143,0,0,False
INV00008713,20250314,ST005,PRD017,1143,17,12,15,1157,0,0,False
INV00008714,20250315,ST005,PRD017,1157,18,21,17,1179,0,0,False
INV00008715,20250316,ST005,PRD017,1179,18,24,25,1196,0,0,False
INV00008716,20250317,ST005,PRD017,1196,6,8,7,1203,0,0,False
INV00008717,20250318,ST005,PRD017,1203,13,23,20,1219,0,0,False
INV00008718,20250319,ST005,PRD017,1219,9,10,10,1228,0,0,False
INV00008719,20250320,ST005,PRD017,1228,8,12,11,1237,0,0,False
INV00008720,20250321,ST005,PRD017,1237,11,12,12,1248,0,0,False
INV00008721,20250322,ST005,PRD017,1248,14,32,27,1267,0,0,False
INV00008722,20250323,ST005,PRD017,1267,8,18,16,1277,0,0,False
INV00008723,20250324,ST005,PRD017,1277,16,23,18,1298,0,0,False
INV00008724,20250325,ST005,PRD017,1298,9,17,16,1308,0,0,False
INV00008725,20250326,ST005,PRD017,1308,22,22,20,1332,0,0,False
INV00008726,20250327,ST005,PRD017,1332,7,10,9,1340,0,0,False
INV00008727,20250328,ST005,PRD017,1340,8,17,16,1349,0,0,False
INV00008728,20250329,ST005,PRD017,1349,10,16,15,1360,0,0,False
INV00008729,20250330,ST005,PRD017,1360,6,10,9,1367,0,0,False
INV00008730,20250331,ST005,PRD017,1367,15,25,20,1387,0,0,False
INV00008731,20250101,ST005,PRD018,21,27,31,28,51,0,0,False
INV00008732,20250102,ST005,PRD018,51,18,24,28,65,0,0,False
INV00008733,20250103,ST005,PRD018,65,18,17,16,84,0,0,False
INV00008734,20250104,ST005,PRD018,84,15,20,20,99,0,0,False
INV00008735,20250105,ST005,PRD018,99,28,30,25,132,0,0,False
INV00008736,20250106,ST005,PRD018,132,19,19,18,152,0,0,False
INV00008737,20250107,ST005,PRD018,152,9,19,15,165,0,0,False
INV00008738,20250108,ST005,PRD018,165,7,12,11,173,0,0,False
INV00008739,20250109,ST005,PRD018,173,6,12,11,180,0,0,False
INV00008740,20250110,ST005,PRD018,180,13,25,22,196,0,0,False
INV00008741,20250111,ST005,PRD018,196,23,22,20,221,0,0,False
INV00008742,20250112,ST005,PRD018,221,14,21,18,238,0,0,False
INV00008743,20250113,ST005,PRD018,238,30,39,32,275,0,0,False
INV00008744,20250114,ST005,PRD018,275,12,19,21,285,0,0,False
INV00008745,20250115,ST005,PRD018,285,17,18,15,305,0,0,False
INV00008746,20250116,ST005,PRD018,305,18,15,16,322,0,0,False
INV00008747,20250117,ST005,PRD018,322,16,13,14,337,0,0,False
INV00008748,20250118,ST005,PRD018,337,30,37,32,372,0,0,False
INV00008749,20250119,ST005,PRD018,372,16,32,26,394,0,0,False
INV00008750,20250120,ST005,PRD018,394,10,10,11,403,0,0,False
INV00008751,20250121,ST005,PRD018,403,17,18,18,420,0,0,False
INV00008752,20250122,ST005,PRD018,420,30,28,31,447,0,0,False
INV00008753,20250123,ST005,PRD018,447,10,17,16,458,0,0,False
INV00008754,20250124,ST005,PRD018,458,20,29,21,486,0,0,False
INV00008755,20250125,ST005,PRD018,486,24,34,34,510,0,0,False
INV00008756,20250126,ST005,PRD018,510,24,26,22,538,0,0,False
INV00008757,20250127,ST005,PRD018,538,18,28,24,560,0,0,False
INV00008758,20250128,ST005,PRD018,560,11,23,20,574,0,0,False
INV00008759,20250129,ST005,PRD018,574,24,20,21,597,0,0,False
INV00008760,20250130,ST005,PRD018,597,22,20,23,616,0,0,False
INV00008761,20250131,ST005,PRD018,616,24,20,21,639,0,0,False
INV00008762,20250201,ST005,PRD018,639,18,17,17,657,0,0,False
INV00008763,20250202,ST005,PRD018,657,14,16,14,673,0,0,False
INV00008764,20250203,ST005,PRD018,673,11,21,19,686,0,0,False
INV00008765,20250204,ST005,PRD018,686,7,16,13,696,0,0,False
INV00008766,20250205,ST005,PRD018,696,24,18,21,717,0,0,False
INV00008767,20250206,ST005,PRD018,717,11,16,18,726,0,0,False
INV00008768,20250207,ST005,PRD018,726,14,16,15,741,0,0,False
INV00008769,20250208,ST005,PRD018,741,12,23,17,759,0,0,False
INV00008770,20250209,ST005,PRD018,759,9,12,11,769,0,0,False
INV00008771,20250210,ST005,PRD018,769,22,27,22,796,0,0,False
INV00008772,20250211,ST005,PRD018,796,20,23,19,820,0,0,False
INV00008773,20250212,ST005,PRD018,820,20,23,24,839,0,0,False
INV00008774,20250213,ST005,PRD018,839,19,39,34,863,0,0,False
INV00008775,20250214,ST005,PRD018,863,14,17,16,878,0,0,False
INV00008776,20250215,ST005,PRD018,878,23,22,20,903,0,0,False
INV00008777,20250216,ST005,PRD018,903,8,13,12,912,0,0,False
INV00008778,20250217,ST005,PRD018,912,8,18,15,923,0,0,False
INV00008779,20250218,ST005,PRD018,923,20,15,17,941,0,0,False
INV00008780,20250219,ST005,PRD018,941,10,20,16,955,0,0,False
INV00008781,20250220,ST005,PRD018,955,9,15,12,967,0,0,False
INV00008782,20250221,ST005,PRD018,967,14,21,19,983,0,0,False
INV00008783,20250222,ST005,PRD018,983,13,18,16,998,0,0,False
INV00008784,20250223,ST005,PRD018,998,15,17,15,1015,0,0,False
INV00008785,20250224,ST005,PRD018,1015,8,9,10,1022,0,0,False
INV00008786,20250225,ST005,PRD018,1022,22,24,21,1047,0,0,False
INV00008787,20250226,ST005,PRD018,1047,10,14,13,1058,0,0,False
INV00008788,20250227,ST005,PRD018,1058,17,14,16,1073,0,0,False
INV00008789,20250228,ST005,PRD018,1073,27,30,28,1102,0,0,False
INV00008790,20250301,ST005,PRD018,1102,19,37,29,1129,0,0,False
INV00008791,20250302,ST005,PRD018,1129,18,27,23,1151,0,0,False
INV00008792,20250303,ST005,PRD018,1151,13,15,15,1164,0,0,False
INV00008793,20250304,ST005,PRD018,1164,9,12,10,1175,0,0,False
INV00008794,20250305,ST005,PRD018,1175,9,10,10,1184,0,0,False
INV00008795,20250306,ST005,PRD018,1184,24,26,22,1212,0,0,False
INV00008796,20250307,ST005,PRD018,1212,10,16,13,1225,0,0,False
INV00008797,20250308,ST005,PRD018,1225,9,10,10,1234,0,0,False
INV00008798,20250309,ST005,PRD018,1234,10,12,13,1243,0,0,False
INV00008799,20250310,ST005,PRD018,1243,9,10,10,1252,0,0,False
INV00008800,20250311,ST005,PRD018,1252,28,35,28,1287,0,0,False
INV00008801,20250312,ST005,PRD018,1287,16,19,16,1306,0,0,False
INV00008802,20250313,ST005,PRD018,1306,12,16,12,1322,0,0,False
INV00008803,20250314,ST005,PRD018,1322,9,15,14,1332,0,0,False
INV00008804,20250315,ST005,PRD018,1332,10,27,20,1349,0,0,False
INV00008805,20250316,ST005,PRD018,1349,26,23,22,1376,0,0,False
INV00008806,20250317,ST005,PRD018,1376,9,17,18,1384,0,0,False
INV00008807,20250318,ST005,PRD018,1384,17,18,19,1400,0,0,False
INV00008808,20250319,ST005,PRD018,1400,29,26,25,1430,0,0,False
INV00008809,20250320,ST005,PRD018,1430,25,28,22,1461,0,0,False
INV00008810,20250321,ST005,PRD018,1461,7,16,13,1471,0,0,False
INV00008811,20250322,ST005,PRD018,1471,8,10,11,1478,0,0,False
INV00008812,20250323,ST005,PRD018,1478,42,44,38,1526,0,0,False
INV00008813,20250324,ST005,PRD018,1526,14,16,13,1543,0,0,False
INV00008814,20250325,ST005,PRD018,1543,12,11,11,1555,0,0,False
INV00008815,20250326,ST005,PRD018,1555,9,18,13,1569,0,0,False
INV00008816,20250327,ST005,PRD018,1569,13,24,22,1584,0,0,False
INV00008817,20250328,ST005,PRD018,1584,12,10,11,1595,0,0,False
INV00008818,20250329,ST005,PRD018,1595,25,20,21,1619,0,0,False
INV00008819,20250330,ST005,PRD018,1619,35,28,31,1651,0,0,False
INV00008820,20250331,ST005,PRD018,1651,15,25,23,1668,0,0,False
INV00008821,20250101,ST005,PRD019,17,17,32,31,35,0,0,False
INV00008822,20250102,ST005,PRD019,35,14,26,24,51,0,0,False
INV00008823,20250103,ST005,PRD019,51,31,29,26,85,0,0,False
INV00008824,20250104,ST005,PRD019,85,28,31,28,116,0,0,False
INV00008825,20250105,ST005,PRD019,116,16,21,21,132,0,0,False
INV00008826,20250106,ST005,PRD019,132,9,20,17,144,0,0,False
INV00008827,20250107,ST005,PRD019,144,13,13,11,159,0,0,False
INV00008828,20250108,ST005,PRD019,159,17,23,23,176,0,0,False
INV00008829,20250109,ST005,PRD019,176,8,9,8,185,0,0,False
INV00008830,20250110,ST005,PRD019,185,21,25,22,209,0,0,False
INV00008831,20250111,ST005,PRD019,209,13,26,24,224,0,0,False
INV00008832,20250112,ST005,PRD019,224,39,39,36,266,0,0,False
INV00008833,20250113,ST005,PRD019,266,24,18,22,286,0,0,False
INV00008834,20250114,ST005,PRD019,286,7,14,14,293,0,0,False
INV00008835,20250115,ST005,PRD019,293,16,22,21,310,0,0,False
INV00008836,20250116,ST005,PRD019,310,16,27,28,325,0,0,False
INV00008837,20250117,ST005,PRD019,325,10,17,18,334,0,0,False
INV00008838,20250118,ST005,PRD019,334,20,27,22,359,0,0,False
INV00008839,20250119,ST005,PRD019,359,30,31,28,392,0,0,False
INV00008840,20250120,ST005,PRD019,392,12,21,20,405,0,0,False
INV00008841,20250121,ST005,PRD019,405,8,11,12,412,0,0,False
INV00008842,20250122,ST005,PRD019,412,29,29,28,442,0,0,False
INV00008843,20250123,ST005,PRD019,442,18,22,18,464,0,0,False
INV00008844,20250124,ST005,PRD019,464,21,21,21,485,0,0,False
INV00008845,20250125,ST005,PRD019,485,11,16,16,496,0,0,False
INV00008846,20250126,ST005,PRD019,496,20,25,25,516,0,0,False
INV00008847,20250127,ST005,PRD019,516,14,23,19,534,0,0,False
INV00008848,20250128,ST005,PRD019,534,15,13,14,548,0,0,False
INV00008849,20250129,ST005,PRD019,548,17,20,17,568,0,0,False
INV00008850,20250130,ST005,PRD019,568,18,29,25,590,0,0,False
INV00008851,20250131,ST005,PRD019,590,10,20,16,604,0,0,False
INV00008852,20250201,ST005,PRD019,604,27,30,24,637,0,0,False
INV00008853,20250202,ST005,PRD019,637,9,18,17,647,0,0,False
INV00008854,20250203,ST005,PRD019,647,28,29,27,677,0,0,False
INV00008855,20250204,ST005,PRD019,677,13,18,15,693,0,0,False
INV00008856,20250205,ST005,PRD019,693,7,15,14,701,0,0,False
INV00008857,20250206,ST005,PRD019,701,34,40,31,744,0,0,False
INV00008858,20250207,ST005,PRD019,744,11,12,11,756,0,0,False
INV00008859,20250208,ST005,PRD019,756,17,15,15,773,0,0,False
INV00008860,20250209,ST005,PRD019,773,15,15,17,786,0,0,False
INV00008861,20250210,ST005,PRD019,786,27,29,25,817,0,0,False
INV00008862,20250211,ST005,PRD019,817,17,16,15,835,0,0,False
INV00008863,20250212,ST005,PRD019,835,19,21,22,853,0,0,False
INV00008864,20250213,ST005,PRD019,853,19,18,19,871,0,0,False
INV00008865,20250214,ST005,PRD019,871,24,34,30,899,0,0,False
INV00008866,20250215,ST005,PRD019,899,20,28,32,915,0,0,False
INV00008867,20250216,ST005,PRD019,915,18,19,15,937,0,0,False
INV00008868,20250217,ST005,PRD019,937,14,16,16,951,0,0,False
INV00008869,20250218,ST005,PRD019,951,33,27,28,983,0,0,False
INV00008870,20250219,ST005,PRD019,983,17,35,29,1006,0,0,False
INV00008871,20250220,ST005,PRD019,1006,6,10,10,1012,0,0,False
INV00008872,20250221,ST005,PRD019,1012,25,31,27,1041,0,0,False
INV00008873,20250222,ST005,PRD019,1041,20,31,30,1062,0,0,False
INV00008874,20250223,ST005,PRD019,1062,9,14,15,1070,0,0,False
INV00008875,20250224,ST005,PRD019,1070,28,32,27,1103,0,0,False
INV00008876,20250225,ST005,PRD019,1103,10,11,11,1113,0,0,False
INV00008877,20250226,ST005,PRD019,1113,26,30,24,1145,0,0,False
INV00008878,20250227,ST005,PRD019,1145,17,14,16,1160,0,0,False
INV00008879,20250228,ST005,PRD019,1160,13,19,16,1176,0,0,False
INV00008880,20250301,ST005,PRD019,1176,13,17,18,1188,0,0,False
INV00008881,20250302,ST005,PRD019,1188,13,13,14,1200,0,0,False
INV00008882,20250303,ST005,PRD019,1200,16,18,15,1219,0,0,False
INV00008883,20250304,ST005,PRD019,1219,18,39,30,1246,0,0,False
INV00008884,20250305,ST005,PRD019,1246,18,16,17,1263,0,0,False
INV00008885,20250306,ST005,PRD019,1263,14,14,15,1276,0,0,False
INV00008886,20250307,ST005,PRD019,1276,15,29,24,1296,0,0,False
INV00008887,20250308,ST005,PRD019,1296,9,13,15,1303,0,0,False
INV00008888,20250309,ST005,PRD019,1303,15,27,27,1318,0,0,False
INV00008889,20250310,ST005,PRD019,1318,18,18,20,1334,0,0,False
INV00008890,20250311,ST005,PRD019,1334,24,24,22,1360,0,0,False
INV00008891,20250312,ST005,PRD019,1360,12,28,24,1376,0,0,False
INV00008892,20250313,ST005,PRD019,1376,13,21,18,1392,0,0,False
INV00008893,20250314,ST005,PRD019,1392,9,11,10,1402,0,0,False
INV00008894,20250315,ST005,PRD019,1402,20,42,37,1427,0,0,False
INV00008895,20250316,ST005,PRD019,1427,15,20,16,1446,0,0,False
INV00008896,20250317,ST005,PRD019,1446,21,24,20,1471,0,0,False
INV00008897,20250318,ST005,PRD019,1471,8,13,11,1481,0,0,False
INV00008898,20250319,ST005,PRD019,1481,24,35,27,1513,0,0,False
INV00008899,20250320,ST005,PRD019,1513,13,15,14,1527,0,0,False
INV00008900,20250321,ST005,PRD019,1527,5,10,9,1533,0,0,False
INV00008901,20250322,ST005,PRD019,1533,25,42,36,1564,0,0,False
INV00008902,20250323,ST005,PRD019,1564,46,42,39,1613,0,0,False
INV00008903,20250324,ST005,PRD019,1613,25,29,28,1639,0,0,False
INV00008904,20250325,ST005,PRD019,1639,9,10,10,1648,0,0,False
INV00008905,20250326,ST005,PRD019,1648,18,20,17,1669,0,0,False
INV00008906,20250327,ST005,PRD019,1669,7,13,13,1676,0,0,False
INV00008907,20250328,ST005,PRD019,1676,10,17,14,1689,0,0,False
INV00008908,20250329,ST005,PRD019,1689,15,13,13,1704,0,0,False
INV00008909,20250330,ST005,PRD019,1704,9,15,18,1710,0,0,False
INV00008910,20250331,ST005,PRD019,1710,11,17,15,1723,0,0,False
INV00008911,20250101,ST005,PRD020,19,19,22,16,44,0,0,False
INV00008912,20250102,ST005,PRD020,44,14,19,17,60,0,0,False
INV00008913,20250103,ST005,PRD020,60,15,20,21,74,0,0,False
INV00008914,20250104,ST005,PRD020,74,18,26,23,95,0,0,False
INV00008915,20250105,ST005,PRD020,95,17,30,23,119,0,0,False
INV00008916,20250106,ST005,PRD020,119,6,13,11,127,0,0,False
INV00008917,20250107,ST005,PRD020,127,25,23,26,149,0,0,False
INV00008918,20250108,ST005,PRD020,149,22,31,30,172,0,0,False
INV00008919,20250109,ST005,PRD020,172,23,20,20,195,0,0,False
INV00008920,20250110,ST005,PRD020,195,18,21,21,213,0,0,False
INV00008921,20250111,ST005,PRD020,213,22,32,26,241,0,0,False
INV00008922,20250112,ST005,PRD020,241,23,27,22,269,0,0,False
INV00008923,20250113,ST005,PRD020,269,9,22,18,282,0,0,False
INV00008924,20250114,ST005,PRD020,282,11,12,10,295,0,0,False
INV00008925,20250115,ST005,PRD020,295,16,17,19,309,0,0,False
INV00008926,20250116,ST005,PRD020,309,13,16,12,326,0,0,False
INV00008927,20250117,ST005,PRD020,326,11,21,21,337,0,0,False
INV00008928,20250118,ST005,PRD020,337,18,36,29,362,0,0,False
INV00008929,20250119,ST005,PRD020,362,21,23,21,385,0,0,False
INV00008930,20250120,ST005,PRD020,385,5,10,9,391,0,0,False
INV00008931,20250121,ST005,PRD020,391,20,23,21,413,0,0,False
INV00008932,20250122,ST005,PRD020,413,27,26,23,443,0,0,False
INV00008933,20250123,ST005,PRD020,443,8,12,12,451,0,0,False
INV00008934,20250124,ST005,PRD020,451,17,32,26,474,0,0,False
INV00008935,20250125,ST005,PRD020,474,31,40,32,513,0,0,False
INV00008936,20250126,ST005,PRD020,513,25,50,41,547,0,0,False
INV00008937,20250127,ST005,PRD020,547,30,37,30,584,0,0,False
INV00008938,20250128,ST005,PRD020,584,25,25,21,613,0,0,False
INV00008939,20250129,ST005,PRD020,613,14,16,16,627,0,0,False
INV00008940,20250130,ST005,PRD020,627,12,9,10,638,0,0,False
INV00008941,20250131,ST005,PRD020,638,9,11,10,648,0,0,False
INV00008942,20250201,ST005,PRD020,648,25,38,29,682,0,0,False
INV00008943,20250202,ST005,PRD020,682,26,27,25,710,0,0,False
INV00008944,20250203,ST005,PRD020,710,19,21,23,727,0,0,False
INV00008945,20250204,ST005,PRD020,727,17,31,29,746,0,0,False
INV00008946,20250205,ST005,PRD020,746,10,15,14,757,0,0,False
INV00008947,20250206,ST005,PRD020,757,9,10,10,766,0,0,False
INV00008948,20250207,ST005,PRD020,766,19,17,16,786,0,0,False
INV00008949,20250208,ST005,PRD020,786,11,24,20,801,0,0,False
INV00008950,20250209,ST005,PRD020,801,28,28,28,829,0,0,False
INV00008951,20250210,ST005,PRD020,829,22,23,22,852,0,0,False
INV00008952,20250211,ST005,PRD020,852,9,12,14,859,0,0,False
INV00008953,20250212,ST005,PRD020,859,18,15,15,877,0,0,False
INV00008954,20250213,ST005,PRD020,877,19,24,21,899,0,0,False
INV00008955,20250214,ST005,PRD020,899,18,16,15,918,0,0,False
INV00008956,20250215,ST005,PRD020,918,33,37,37,951,0,0,False
INV00008957,20250216,ST005,PRD020,951,37,38,31,995,0,0,False
INV00008958,20250217,ST005,PRD020,995,9,15,15,1004,0,0,False
INV00008959,20250218,ST005,PRD020,1004,9,18,17,1014,0,0,False
INV00008960,20250219,ST005,PRD020,1014,17,14,16,1029,0,0,False
INV00008961,20250220,ST005,PRD020,1029,22,27,30,1048,0,0,False
INV00008962,20250221,ST005,PRD020,1048,27,22,24,1073,0,0,False
INV00008963,20250222,ST005,PRD020,1073,23,26,22,1100,0,0,False
INV00008964,20250223,ST005,PRD020,1100,19,16,17,1118,0,0,False
INV00008965,20250224,ST005,PRD020,1118,8,8,9,1125,0,0,False
INV00008966,20250225,ST005,PRD020,1125,11,14,13,1137,0,0,False
INV00008967,20250226,ST005,PRD020,1137,14,26,22,1155,0,0,False
INV00008968,20250227,ST005,PRD020,1155,10,17,14,1168,0,0,False
INV00008969,20250228,ST005,PRD020,1168,9,19,17,1179,0,0,False
INV00008970,20250301,ST005,PRD020,1179,30,35,33,1211,0,0,False
INV00008971,20250302,ST005,PRD020,1211,9,13,12,1221,0,0,False
INV00008972,20250303,ST005,PRD020,1221,13,24,23,1235,0,0,False
INV00008973,20250304,ST005,PRD020,1235,16,15,16,1250,0,0,False
INV00008974,20250305,ST005,PRD020,1250,13,14,16,1261,0,0,False
INV00008975,20250306,ST005,PRD020,1261,25,23,21,1288,0,0,False
INV00008976,20250307,ST005,PRD020,1288,33,29,28,1322,0,0,False
INV00008977,20250308,ST005,PRD020,1322,21,22,20,1345,0,0,False
INV00008978,20250309,ST005,PRD020,1345,15,18,19,1359,0,0,False
INV00008979,20250310,ST005,PRD020,1359,24,20,21,1382,0,0,False
INV00008980,20250311,ST005,PRD020,1382,30,33,26,1419,0,0,False
INV00008981,20250312,ST005,PRD020,1419,17,15,14,1437,0,0,False
INV00008982,20250313,ST005,PRD020,1437,20,30,24,1463,0,0,False
INV00008983,20250314,ST005,PRD020,1463,12,17,16,1476,0,0,False
INV00008984,20250315,ST005,PRD020,1476,20,33,29,1500,0,0,False
INV00008985,20250316,ST005,PRD020,1500,18,21,23,1516,0,0,False
INV00008986,20250317,ST005,PRD020,1516,20,23,21,1538,0,0,False
INV00008987,20250318,ST005,PRD020,1538,14,16,14,1554,0,0,False
INV00008988,20250319,ST005,PRD020,1554,26,32,32,1580,0,0,False
INV00008989,20250320,ST005,PRD020,1580,21,29,25,1605,0,0,False
INV00008990,20250321,ST005,PRD020,1605,19,17,20,1621,0,0,False
INV00008991,20250322,ST005,PRD020,1621,26,42,36,1653,0,0,False
INV00008992,20250323,ST005,PRD020,1653,12,21,22,1664,0,0,False
INV00008993,20250324,ST005,PRD020,1664,18,27,23,1686,0,0,False
INV00008994,20250325,ST005,PRD020,1686,24,29,29,1710,0,0,False
INV00008995,20250326,ST005,PRD020,1710,22,20,20,1732,0,0,False
INV00008996,20250327,ST005,PRD020,1732,18,14,15,1749,0,0,False
INV00008997,20250328,ST005,PRD020,1749,9,15,17,1756,0,0,False
INV00008998,20250329,ST005,PRD020,1756,11,9,9,1767,0,0,False
INV00008999,20250330,ST005,PRD020,1767,12,22,23,1778,0,0,False
INV00009000,20250331,ST005,PRD020,1778,28,34,27,1813,0,0,False
